doy,month,hour,ghi_hourly_wm2
1,1,0,0.0
1,1,1,0.0
1,1,2,0.0
1,1,3,0.0
1,1,4,0.0
1,1,5,0.0
1,1,6,45.15
1,1,7,177.26
1,1,8,378.55
1,1,9,537.05
1,1,10,593.96
1,1,11,530.27
1,1,12,611.85
1,1,13,611.94
1,1,14,498.05
1,1,15,343.32
1,1,16,162.34
1,1,17,15.98
1,1,18,0.0
1,1,19,0.0
1,1,20,0.0
1,1,21,0.0
1,1,22,0.0
1,1,23,0.0
2,1,0,0.0
2,1,1,0.0
2,1,2,0.0
2,1,3,0.0
2,1,4,0.0
2,1,5,0.0
2,1,6,44.12
2,1,7,222.76
2,1,8,380.26
2,1,9,490.97
2,1,10,522.02
2,1,11,583.28
2,1,12,564.75
2,1,13,596.15
2,1,14,323.88
2,1,15,341.55
2,1,16,114.42
2,1,17,14.7
2,1,18,0.0
2,1,19,0.0
2,1,20,0.0
2,1,21,0.0
2,1,22,0.0
2,1,23,0.0
3,1,0,0.0
3,1,1,0.0
3,1,2,0.0
3,1,3,0.0
3,1,4,0.0
3,1,5,0.0
3,1,6,41.13
3,1,7,191.65
3,1,8,328.94
3,1,9,516.73
3,1,10,639.87
3,1,11,637.14
3,1,12,626.82
3,1,13,559.75
3,1,14,405.21
3,1,15,336.91
3,1,16,173.37
3,1,17,13.54
3,1,18,0.0
3,1,19,0.0
3,1,20,0.0
3,1,21,0.0
3,1,22,0.0
3,1,23,0.0
4,1,0,0.0
4,1,1,0.0
4,1,2,0.0
4,1,3,0.0
4,1,4,0.0
4,1,5,0.0
4,1,6,46.24
4,1,7,218.11
4,1,8,378.31
4,1,9,541.05
4,1,10,506.36
4,1,11,578.99
4,1,12,503.6
4,1,13,399.8
4,1,14,482.99
4,1,15,325.31
4,1,16,145.3
4,1,17,11.86
4,1,18,0.0
4,1,19,0.0
4,1,20,0.0
4,1,21,0.0
4,1,22,0.0
4,1,23,0.0
5,1,0,0.0
5,1,1,0.0
5,1,2,0.0
5,1,3,0.0
5,1,4,0.0
5,1,5,0.0
5,1,6,45.18
5,1,7,213.25
5,1,8,394.96
5,1,9,389.75
5,1,10,571.15
5,1,11,658.18
5,1,12,614.82
5,1,13,589.78
5,1,14,376.2
5,1,15,313.5
5,1,16,146.64
5,1,17,13.27
5,1,18,0.0
5,1,19,0.0
5,1,20,0.0
5,1,21,0.0
5,1,22,0.0
5,1,23,0.0
6,1,0,0.0
6,1,1,0.0
6,1,2,0.0
6,1,3,0.0
6,1,4,0.0
6,1,5,0.0
6,1,6,40.69
6,1,7,152.39
6,1,8,386.74
6,1,9,473.56
6,1,10,406.51
6,1,11,642.98
6,1,12,631.69
6,1,13,563.25
6,1,14,469.47
6,1,15,260.57
6,1,16,172.31
6,1,17,15.53
6,1,18,0.0
6,1,19,0.0
6,1,20,0.0
6,1,21,0.0
6,1,22,0.0
6,1,23,0.0
7,1,0,0.0
7,1,1,0.0
7,1,2,0.0
7,1,3,0.0
7,1,4,0.0
7,1,5,0.0
7,1,6,46.94
7,1,7,222.25
7,1,8,381.85
7,1,9,521.14
7,1,10,612.06
7,1,11,657.61
7,1,12,578.12
7,1,13,597.53
7,1,14,437.98
7,1,15,345.8
7,1,16,152.44
7,1,17,15.38
7,1,18,0.0
7,1,19,0.0
7,1,20,0.0
7,1,21,0.0
7,1,22,0.0
7,1,23,0.0
8,1,0,0.0
8,1,1,0.0
8,1,2,0.0
8,1,3,0.0
8,1,4,0.0
8,1,5,0.0
8,1,6,42.53
8,1,7,143.06
8,1,8,254.99
8,1,9,500.21
8,1,10,527.34
8,1,11,380.34
8,1,12,663.74
8,1,13,611.21
8,1,14,483.4
8,1,15,341.73
8,1,16,176.11
8,1,17,15.74
8,1,18,0.0
8,1,19,0.0
8,1,20,0.0
8,1,21,0.0
8,1,22,0.0
8,1,23,0.0
9,1,0,0.0
9,1,1,0.0
9,1,2,0.0
9,1,3,0.0
9,1,4,0.0
9,1,5,0.0
9,1,6,32.76
9,1,7,213.72
9,1,8,349.54
9,1,9,460.49
9,1,10,528.68
9,1,11,637.74
9,1,12,633.19
9,1,13,521.15
9,1,14,481.25
9,1,15,312.12
9,1,16,172.49
9,1,17,15.3
9,1,18,0.0
9,1,19,0.0
9,1,20,0.0
9,1,21,0.0
9,1,22,0.0
9,1,23,0.0
10,1,0,0.0
10,1,1,0.0
10,1,2,0.0
10,1,3,0.0
10,1,4,0.0
10,1,5,0.0
10,1,6,45.2
10,1,7,158.31
10,1,8,366.71
10,1,9,509.76
10,1,10,612.76
10,1,11,602.49
10,1,12,661.28
10,1,13,460.36
10,1,14,402.89
10,1,15,322.95
10,1,16,157.57
10,1,17,4.32
10,1,18,0.0
10,1,19,0.0
10,1,20,0.0
10,1,21,0.0
10,1,22,0.0
10,1,23,0.0
11,1,0,0.0
11,1,1,0.0
11,1,2,0.0
11,1,3,0.0
11,1,4,0.0
11,1,5,0.0
11,1,6,40.42
11,1,7,229.85
11,1,8,287.48
11,1,9,419.72
11,1,10,594.25
11,1,11,493.05
11,1,12,654.13
11,1,13,596.36
11,1,14,480.33
11,1,15,298.16
11,1,16,142.39
11,1,17,9.88
11,1,18,0.0
11,1,19,0.0
11,1,20,0.0
11,1,21,0.0
11,1,22,0.0
11,1,23,0.0
12,1,0,0.0
12,1,1,0.0
12,1,2,0.0
12,1,3,0.0
12,1,4,0.0
12,1,5,0.0
12,1,6,40.28
12,1,7,207.81
12,1,8,382.92
12,1,9,457.72
12,1,10,574.71
12,1,11,664.08
12,1,12,598.03
12,1,13,536.41
12,1,14,401.53
12,1,15,343.48
12,1,16,128.99
12,1,17,15.94
12,1,18,0.0
12,1,19,0.0
12,1,20,0.0
12,1,21,0.0
12,1,22,0.0
12,1,23,0.0
13,1,0,0.0
13,1,1,0.0
13,1,2,0.0
13,1,3,0.0
13,1,4,0.0
13,1,5,0.0
13,1,6,31.8
13,1,7,196.42
13,1,8,393.48
13,1,9,534.54
13,1,10,618.93
13,1,11,602.69
13,1,12,665.69
13,1,13,599.66
13,1,14,483.52
13,1,15,333.84
13,1,16,174.37
13,1,17,12.9
13,1,18,0.0
13,1,19,0.0
13,1,20,0.0
13,1,21,0.0
13,1,22,0.0
13,1,23,0.0
14,1,0,0.0
14,1,1,0.0
14,1,2,0.0
14,1,3,0.0
14,1,4,0.0
14,1,5,0.0
14,1,6,45.69
14,1,7,216.09
14,1,8,328.04
14,1,9,520.64
14,1,10,464.31
14,1,11,597.33
14,1,12,557.71
14,1,13,607.56
14,1,14,440.89
14,1,15,290.98
14,1,16,110.81
14,1,17,16.37
14,1,18,0.0
14,1,19,0.0
14,1,20,0.0
14,1,21,0.0
14,1,22,0.0
14,1,23,0.0
15,1,0,0.0
15,1,1,0.0
15,1,2,0.0
15,1,3,0.0
15,1,4,0.0
15,1,5,0.0
15,1,6,45.62
15,1,7,207.38
15,1,8,402.04
15,1,9,341.62
15,1,10,624.0
15,1,11,646.57
15,1,12,646.63
15,1,13,584.32
15,1,14,481.91
15,1,15,154.72
15,1,16,165.34
15,1,17,12.03
15,1,18,0.0
15,1,19,0.0
15,1,20,0.0
15,1,21,0.0
15,1,22,0.0
15,1,23,0.0
16,1,0,0.0
16,1,1,0.0
16,1,2,0.0
16,1,3,0.0
16,1,4,0.0
16,1,5,0.0
16,1,6,37.61
16,1,7,189.49
16,1,8,346.84
16,1,9,431.63
16,1,10,508.28
16,1,11,626.93
16,1,12,408.4
16,1,13,601.95
16,1,14,454.82
16,1,15,312.82
16,1,16,170.7
16,1,17,15.13
16,1,18,0.0
16,1,19,0.0
16,1,20,0.0
16,1,21,0.0
16,1,22,0.0
16,1,23,0.0
17,1,0,0.0
17,1,1,0.0
17,1,2,0.0
17,1,3,0.0
17,1,4,0.0
17,1,5,0.0
17,1,6,45.79
17,1,7,219.09
17,1,8,390.02
17,1,9,429.95
17,1,10,624.66
17,1,11,608.65
17,1,12,458.07
17,1,13,602.09
17,1,14,493.25
17,1,15,261.23
17,1,16,160.82
17,1,17,15.92
17,1,18,0.0
17,1,19,0.0
17,1,20,0.0
17,1,21,0.0
17,1,22,0.0
17,1,23,0.0
18,1,0,0.0
18,1,1,0.0
18,1,2,0.0
18,1,3,0.0
18,1,4,0.0
18,1,5,0.0
18,1,6,45.29
18,1,7,159.03
18,1,8,200.1
18,1,9,521.56
18,1,10,561.94
18,1,11,599.16
18,1,12,643.18
18,1,13,560.24
18,1,14,458.21
18,1,15,263.41
18,1,16,107.92
18,1,17,16.44
18,1,18,0.0
18,1,19,0.0
18,1,20,0.0
18,1,21,0.0
18,1,22,0.0
18,1,23,0.0
19,1,0,0.0
19,1,1,0.0
19,1,2,0.0
19,1,3,0.0
19,1,4,0.0
19,1,5,0.0
19,1,6,45.36
19,1,7,225.33
19,1,8,357.17
19,1,9,400.89
19,1,10,375.35
19,1,11,598.96
19,1,12,621.15
19,1,13,592.41
19,1,14,450.38
19,1,15,316.64
19,1,16,171.98
19,1,17,12.22
19,1,18,0.0
19,1,19,0.0
19,1,20,0.0
19,1,21,0.0
19,1,22,0.0
19,1,23,0.0
20,1,0,0.0
20,1,1,0.0
20,1,2,0.0
20,1,3,0.0
20,1,4,0.0
20,1,5,0.0
20,1,6,41.78
20,1,7,220.94
20,1,8,353.31
20,1,9,331.32
20,1,10,539.1
20,1,11,416.51
20,1,12,436.68
20,1,13,517.88
20,1,14,395.02
20,1,15,333.27
20,1,16,159.68
20,1,17,13.68
20,1,18,0.0
20,1,19,0.0
20,1,20,0.0
20,1,21,0.0
20,1,22,0.0
20,1,23,0.0
21,1,0,0.0
21,1,1,0.0
21,1,2,0.0
21,1,3,0.0
21,1,4,0.0
21,1,5,0.0
21,1,6,43.65
21,1,7,195.91
21,1,8,345.21
21,1,9,295.8
21,1,10,523.81
21,1,11,643.55
21,1,12,649.68
21,1,13,595.8
21,1,14,502.19
21,1,15,306.04
21,1,16,140.75
21,1,17,15.16
21,1,18,0.0
21,1,19,0.0
21,1,20,0.0
21,1,21,0.0
21,1,22,0.0
21,1,23,0.0
22,1,0,0.0
22,1,1,0.0
22,1,2,0.0
22,1,3,0.0
22,1,4,0.0
22,1,5,0.0
22,1,6,35.33
22,1,7,195.98
22,1,8,350.32
22,1,9,421.33
22,1,10,511.64
22,1,11,666.38
22,1,12,536.74
22,1,13,532.53
22,1,14,493.12
22,1,15,339.03
22,1,16,138.63
22,1,17,16.94
22,1,18,0.0
22,1,19,0.0
22,1,20,0.0
22,1,21,0.0
22,1,22,0.0
22,1,23,0.0
23,1,0,0.0
23,1,1,0.0
23,1,2,0.0
23,1,3,0.0
23,1,4,0.0
23,1,5,0.0
23,1,6,42.96
23,1,7,186.14
23,1,8,402.41
23,1,9,449.75
23,1,10,586.99
23,1,11,666.35
23,1,12,649.77
23,1,13,604.9
23,1,14,487.48
23,1,15,305.22
23,1,16,171.53
23,1,17,16.12
23,1,18,0.0
23,1,19,0.0
23,1,20,0.0
23,1,21,0.0
23,1,22,0.0
23,1,23,0.0
24,1,0,0.0
24,1,1,0.0
24,1,2,0.0
24,1,3,0.0
24,1,4,0.0
24,1,5,0.0
24,1,6,38.15
24,1,7,183.75
24,1,8,274.61
24,1,9,528.55
24,1,10,613.41
24,1,11,622.49
24,1,12,669.79
24,1,13,372.11
24,1,14,262.93
24,1,15,333.33
24,1,16,169.06
24,1,17,16.33
24,1,18,0.0
24,1,19,0.0
24,1,20,0.0
24,1,21,0.0
24,1,22,0.0
24,1,23,0.0
25,1,0,0.0
25,1,1,0.0
25,1,2,0.0
25,1,3,0.0
25,1,4,0.0
25,1,5,0.0
25,1,6,45.78
25,1,7,195.78
25,1,8,359.58
25,1,9,448.9
25,1,10,598.52
25,1,11,499.97
25,1,12,520.62
25,1,13,594.22
25,1,14,486.28
25,1,15,297.57
25,1,16,141.31
25,1,17,15.38
25,1,18,0.0
25,1,19,0.0
25,1,20,0.0
25,1,21,0.0
25,1,22,0.0
25,1,23,0.0
26,1,0,0.0
26,1,1,0.0
26,1,2,0.0
26,1,3,0.0
26,1,4,0.0
26,1,5,0.0
26,1,6,43.93
26,1,7,227.41
26,1,8,369.62
26,1,9,517.55
26,1,10,537.0
26,1,11,561.51
26,1,12,669.83
26,1,13,538.82
26,1,14,495.47
26,1,15,343.38
26,1,16,161.13
26,1,17,8.43
26,1,18,0.0
26,1,19,0.0
26,1,20,0.0
26,1,21,0.0
26,1,22,0.0
26,1,23,0.0
27,1,0,0.0
27,1,1,0.0
27,1,2,0.0
27,1,3,0.0
27,1,4,0.0
27,1,5,0.0
27,1,6,34.95
27,1,7,181.11
27,1,8,345.42
27,1,9,510.2
27,1,10,623.69
27,1,11,629.39
27,1,12,585.43
27,1,13,471.74
27,1,14,481.2
27,1,15,338.83
27,1,16,138.46
27,1,17,11.77
27,1,18,0.0
27,1,19,0.0
27,1,20,0.0
27,1,21,0.0
27,1,22,0.0
27,1,23,0.0
28,1,0,0.0
28,1,1,0.0
28,1,2,0.0
28,1,3,0.0
28,1,4,0.0
28,1,5,0.0
28,1,6,44.88
28,1,7,214.01
28,1,8,368.16
28,1,9,509.92
28,1,10,454.18
28,1,11,556.25
28,1,12,635.63
28,1,13,606.8
28,1,14,441.42
28,1,15,340.35
28,1,16,118.27
28,1,17,9.48
28,1,18,0.0
28,1,19,0.0
28,1,20,0.0
28,1,21,0.0
28,1,22,0.0
28,1,23,0.0
29,1,0,0.0
29,1,1,0.0
29,1,2,0.0
29,1,3,0.0
29,1,4,0.0
29,1,5,0.0
29,1,6,46.91
29,1,7,163.77
29,1,8,367.52
29,1,9,473.21
29,1,10,570.76
29,1,11,561.87
29,1,12,657.49
29,1,13,579.74
29,1,14,331.61
29,1,15,279.63
29,1,16,159.63
29,1,17,14.49
29,1,18,0.0
29,1,19,0.0
29,1,20,0.0
29,1,21,0.0
29,1,22,0.0
29,1,23,0.0
30,1,0,0.0
30,1,1,0.0
30,1,2,0.0
30,1,3,0.0
30,1,4,0.0
30,1,5,0.0
30,1,6,39.1
30,1,7,220.59
30,1,8,364.1
30,1,9,520.31
30,1,10,606.95
30,1,11,673.5
30,1,12,560.03
30,1,13,500.75
30,1,14,496.98
30,1,15,338.25
30,1,16,171.88
30,1,17,15.41
30,1,18,0.0
30,1,19,0.0
30,1,20,0.0
30,1,21,0.0
30,1,22,0.0
30,1,23,0.0
31,1,0,0.0
31,1,1,0.0
31,1,2,0.0
31,1,3,0.0
31,1,4,0.0
31,1,5,0.0
31,1,6,41.57
31,1,7,209.04
31,1,8,295.18
31,1,9,531.55
31,1,10,552.44
31,1,11,543.89
31,1,12,612.56
31,1,13,507.67
31,1,14,430.74
31,1,15,312.15
31,1,16,155.41
31,1,17,16.49
31,1,18,0.0
31,1,19,0.0
31,1,20,0.0
31,1,21,0.0
31,1,22,0.0
31,1,23,0.0
32,2,0,0.0
32,2,1,0.0
32,2,2,0.0
32,2,3,0.0
32,2,4,0.0
32,2,5,0.0
32,2,6,44.87
32,2,7,224.55
32,2,8,364.88
32,2,9,282.27
32,2,10,506.08
32,2,11,475.52
32,2,12,540.31
32,2,13,409.46
32,2,14,532.06
32,2,15,344.89
32,2,16,167.84
32,2,17,57.96
32,2,18,0.0
32,2,19,0.0
32,2,20,0.0
32,2,21,0.0
32,2,22,0.0
32,2,23,0.0
33,2,0,0.0
33,2,1,0.0
33,2,2,0.0
33,2,3,0.0
33,2,4,0.0
33,2,5,0.0
33,2,6,47.61
33,2,7,138.19
33,2,8,372.0
33,2,9,521.47
33,2,10,573.33
33,2,11,670.66
33,2,12,656.96
33,2,13,587.56
33,2,14,415.63
33,2,15,378.8
33,2,16,229.42
33,2,17,47.19
33,2,18,0.0
33,2,19,0.0
33,2,20,0.0
33,2,21,0.0
33,2,22,0.0
33,2,23,0.0
34,2,0,0.0
34,2,1,0.0
34,2,2,0.0
34,2,3,0.0
34,2,4,0.0
34,2,5,0.0
34,2,6,62.84
34,2,7,168.36
34,2,8,393.85
34,2,9,515.04
34,2,10,635.6
34,2,11,652.15
34,2,12,657.16
34,2,13,590.01
34,2,14,495.06
34,2,15,362.72
34,2,16,210.03
34,2,17,53.79
34,2,18,0.0
34,2,19,0.0
34,2,20,0.0
34,2,21,0.0
34,2,22,0.0
34,2,23,0.0
35,2,0,0.0
35,2,1,0.0
35,2,2,0.0
35,2,3,0.0
35,2,4,0.0
35,2,5,0.0
35,2,6,54.78
35,2,7,212.23
35,2,8,387.14
35,2,9,516.26
35,2,10,551.66
35,2,11,654.33
35,2,12,634.85
35,2,13,602.89
35,2,14,528.46
35,2,15,395.23
35,2,16,197.68
35,2,17,59.56
35,2,18,0.0
35,2,19,0.0
35,2,20,0.0
35,2,21,0.0
35,2,22,0.0
35,2,23,0.0
36,2,0,0.0
36,2,1,0.0
36,2,2,0.0
36,2,3,0.0
36,2,4,0.0
36,2,5,0.0
36,2,6,65.71
36,2,7,173.68
36,2,8,376.03
36,2,9,520.41
36,2,10,585.96
36,2,11,575.81
36,2,12,667.02
36,2,13,609.12
36,2,14,317.0
36,2,15,386.71
36,2,16,231.36
36,2,17,56.7
36,2,18,0.0
36,2,19,0.0
36,2,20,0.0
36,2,21,0.0
36,2,22,0.0
36,2,23,0.0
37,2,0,0.0
37,2,1,0.0
37,2,2,0.0
37,2,3,0.0
37,2,4,0.0
37,2,5,0.0
37,2,6,69.07
37,2,7,240.42
37,2,8,390.84
37,2,9,515.84
37,2,10,625.1
37,2,11,680.14
37,2,12,599.21
37,2,13,514.74
37,2,14,401.02
37,2,15,324.89
37,2,16,174.84
37,2,17,60.58
37,2,18,0.0
37,2,19,0.0
37,2,20,0.0
37,2,21,0.0
37,2,22,0.0
37,2,23,0.0
38,2,0,0.0
38,2,1,0.0
38,2,2,0.0
38,2,3,0.0
38,2,4,0.0
38,2,5,0.0
38,2,6,58.02
38,2,7,241.44
38,2,8,303.36
38,2,9,524.57
38,2,10,509.46
38,2,11,547.63
38,2,12,622.68
38,2,13,571.24
38,2,14,452.97
38,2,15,258.03
38,2,16,228.74
38,2,17,59.22
38,2,18,0.0
38,2,19,0.0
38,2,20,0.0
38,2,21,0.0
38,2,22,0.0
38,2,23,0.0
39,2,0,0.0
39,2,1,0.0
39,2,2,0.0
39,2,3,0.0
39,2,4,0.0
39,2,5,0.0
39,2,6,66.39
39,2,7,193.43
39,2,8,402.87
39,2,9,423.06
39,2,10,607.42
39,2,11,580.56
39,2,12,664.31
39,2,13,525.15
39,2,14,420.22
39,2,15,394.09
39,2,16,236.07
39,2,17,38.84
39,2,18,0.0
39,2,19,0.0
39,2,20,0.0
39,2,21,0.0
39,2,22,0.0
39,2,23,0.0
40,2,0,0.0
40,2,1,0.0
40,2,2,0.0
40,2,3,0.0
40,2,4,0.0
40,2,5,0.0
40,2,6,60.03
40,2,7,239.05
40,2,8,407.77
40,2,9,536.08
40,2,10,484.1
40,2,11,553.71
40,2,12,593.55
40,2,13,580.01
40,2,14,502.61
40,2,15,382.24
40,2,16,215.29
40,2,17,59.95
40,2,18,0.0
40,2,19,0.0
40,2,20,0.0
40,2,21,0.0
40,2,22,0.0
40,2,23,0.0
41,2,0,0.0
41,2,1,0.0
41,2,2,0.0
41,2,3,0.0
41,2,4,0.0
41,2,5,0.0
41,2,6,61.93
41,2,7,162.41
41,2,8,327.82
41,2,9,532.58
41,2,10,610.52
41,2,11,629.0
41,2,12,613.05
41,2,13,498.96
41,2,14,361.83
41,2,15,369.24
41,2,16,223.98
41,2,17,59.54
41,2,18,0.0
41,2,19,0.0
41,2,20,0.0
41,2,21,0.0
41,2,22,0.0
41,2,23,0.0
42,2,0,0.0
42,2,1,0.0
42,2,2,0.0
42,2,3,0.0
42,2,4,0.0
42,2,5,0.0
42,2,6,57.04
42,2,7,100.59
42,2,8,353.34
42,2,9,483.33
42,2,10,594.43
42,2,11,649.64
42,2,12,401.98
42,2,13,571.47
42,2,14,537.52
42,2,15,389.65
42,2,16,237.4
42,2,17,55.77
42,2,18,0.0
42,2,19,0.0
42,2,20,0.0
42,2,21,0.0
42,2,22,0.0
42,2,23,0.0
43,2,0,0.0
43,2,1,0.0
43,2,2,0.0
43,2,3,0.0
43,2,4,0.0
43,2,5,0.0
43,2,6,55.4
43,2,7,238.37
43,2,8,395.64
43,2,9,524.66
43,2,10,585.74
43,2,11,634.27
43,2,12,608.93
43,2,13,610.41
43,2,14,501.35
43,2,15,391.86
43,2,16,230.07
43,2,17,53.76
43,2,18,0.0
43,2,19,0.0
43,2,20,0.0
43,2,21,0.0
43,2,22,0.0
43,2,23,0.0
44,2,0,0.0
44,2,1,0.0
44,2,2,0.0
44,2,3,0.0
44,2,4,0.0
44,2,5,0.0
44,2,6,66.68
44,2,7,204.93
44,2,8,313.87
44,2,9,462.57
44,2,10,613.84
44,2,11,590.27
44,2,12,541.62
44,2,13,462.29
44,2,14,517.99
44,2,15,352.2
44,2,16,226.38
44,2,17,45.6
44,2,18,0.0
44,2,19,0.0
44,2,20,0.0
44,2,21,0.0
44,2,22,0.0
44,2,23,0.0
45,2,0,0.0
45,2,1,0.0
45,2,2,0.0
45,2,3,0.0
45,2,4,0.0
45,2,5,0.0
45,2,6,56.66
45,2,7,244.48
45,2,8,346.29
45,2,9,409.83
45,2,10,424.68
45,2,11,564.46
45,2,12,605.42
45,2,13,525.06
45,2,14,471.58
45,2,15,389.02
45,2,16,207.13
45,2,17,54.69
45,2,18,0.0
45,2,19,0.0
45,2,20,0.0
45,2,21,0.0
45,2,22,0.0
45,2,23,0.0
46,2,0,0.0
46,2,1,0.0
46,2,2,0.0
46,2,3,0.0
46,2,4,0.0
46,2,5,0.0
46,2,6,66.56
46,2,7,210.63
46,2,8,332.44
46,2,9,520.21
46,2,10,624.24
46,2,11,675.07
46,2,12,646.61
46,2,13,473.48
46,2,14,515.43
46,2,15,390.03
46,2,16,239.89
46,2,17,51.36
46,2,18,0.0
46,2,19,0.0
46,2,20,0.0
46,2,21,0.0
46,2,22,0.0
46,2,23,0.0
47,2,0,0.0
47,2,1,0.0
47,2,2,0.0
47,2,3,0.0
47,2,4,0.0
47,2,5,0.0
47,2,6,67.25
47,2,7,219.43
47,2,8,349.81
47,2,9,501.3
47,2,10,623.68
47,2,11,612.81
47,2,12,653.73
47,2,13,614.55
47,2,14,466.7
47,2,15,299.76
47,2,16,217.24
47,2,17,56.06
47,2,18,0.0
47,2,19,0.0
47,2,20,0.0
47,2,21,0.0
47,2,22,0.0
47,2,23,0.0
48,2,0,0.0
48,2,1,0.0
48,2,2,0.0
48,2,3,0.0
48,2,4,0.0
48,2,5,0.0
48,2,6,66.52
48,2,7,140.37
48,2,8,325.7
48,2,9,423.2
48,2,10,638.45
48,2,11,638.83
48,2,12,653.61
48,2,13,608.13
48,2,14,414.73
48,2,15,400.02
48,2,16,219.31
48,2,17,58.84
48,2,18,0.0
48,2,19,0.0
48,2,20,0.0
48,2,21,0.0
48,2,22,0.0
48,2,23,0.0
49,2,0,0.0
49,2,1,0.0
49,2,2,0.0
49,2,3,0.0
49,2,4,0.0
49,2,5,0.0
49,2,6,69.25
49,2,7,248.28
49,2,8,397.28
49,2,9,534.36
49,2,10,465.58
49,2,11,633.78
49,2,12,652.92
49,2,13,545.0
49,2,14,385.46
49,2,15,309.62
49,2,16,228.97
49,2,17,59.64
49,2,18,0.0
49,2,19,0.0
49,2,20,0.0
49,2,21,0.0
49,2,22,0.0
49,2,23,0.0
50,2,0,0.0
50,2,1,0.0
50,2,2,0.0
50,2,3,0.0
50,2,4,0.0
50,2,5,0.0
50,2,6,68.75
50,2,7,227.87
50,2,8,289.65
50,2,9,487.5
50,2,10,633.79
50,2,11,664.33
50,2,12,618.97
50,2,13,598.19
50,2,14,434.78
50,2,15,304.37
50,2,16,204.61
50,2,17,52.63
50,2,18,0.0
50,2,19,0.0
50,2,20,0.0
50,2,21,0.0
50,2,22,0.0
50,2,23,0.0
51,2,0,0.0
51,2,1,0.0
51,2,2,0.0
51,2,3,0.0
51,2,4,0.0
51,2,5,0.0
51,2,6,64.17
51,2,7,235.15
51,2,8,359.45
51,2,9,401.76
51,2,10,468.32
51,2,11,530.7
51,2,12,597.95
51,2,13,593.74
51,2,14,338.81
51,2,15,358.05
51,2,16,223.89
51,2,17,60.25
51,2,18,0.0
51,2,19,0.0
51,2,20,0.0
51,2,21,0.0
51,2,22,0.0
51,2,23,0.0
52,2,0,0.0
52,2,1,0.0
52,2,2,0.0
52,2,3,0.0
52,2,4,0.0
52,2,5,0.0
52,2,6,67.57
52,2,7,239.56
52,2,8,403.2
52,2,9,518.97
52,2,10,574.47
52,2,11,684.12
52,2,12,659.79
52,2,13,542.77
52,2,14,455.95
52,2,15,351.35
52,2,16,200.69
52,2,17,59.16
52,2,18,0.0
52,2,19,0.0
52,2,20,0.0
52,2,21,0.0
52,2,22,0.0
52,2,23,0.0
53,2,0,0.0
53,2,1,0.0
53,2,2,0.0
53,2,3,0.0
53,2,4,0.0
53,2,5,0.0
53,2,6,69.66
53,2,7,234.88
53,2,8,383.51
53,2,9,522.83
53,2,10,576.22
53,2,11,657.48
53,2,12,630.95
53,2,13,468.69
53,2,14,363.22
53,2,15,233.56
53,2,16,210.72
53,2,17,59.22
53,2,18,0.0
53,2,19,0.0
53,2,20,0.0
53,2,21,0.0
53,2,22,0.0
53,2,23,0.0
54,2,0,0.0
54,2,1,0.0
54,2,2,0.0
54,2,3,0.0
54,2,4,0.0
54,2,5,0.0
54,2,6,66.06
54,2,7,216.85
54,2,8,333.26
54,2,9,504.54
54,2,10,459.89
54,2,11,514.48
54,2,12,665.03
54,2,13,502.99
54,2,14,520.5
54,2,15,278.52
54,2,16,235.22
54,2,17,58.79
54,2,18,0.0
54,2,19,0.0
54,2,20,0.0
54,2,21,0.0
54,2,22,0.0
54,2,23,0.0
55,2,0,0.0
55,2,1,0.0
55,2,2,0.0
55,2,3,0.0
55,2,4,0.0
55,2,5,0.0
55,2,6,65.63
55,2,7,200.88
55,2,8,368.79
55,2,9,524.61
55,2,10,630.1
55,2,11,562.89
55,2,12,535.93
55,2,13,606.92
55,2,14,535.45
55,2,15,327.34
55,2,16,217.37
55,2,17,46.21
55,2,18,0.0
55,2,19,0.0
55,2,20,0.0
55,2,21,0.0
55,2,22,0.0
55,2,23,0.0
56,2,0,0.0
56,2,1,0.0
56,2,2,0.0
56,2,3,0.0
56,2,4,0.0
56,2,5,0.0
56,2,6,68.11
56,2,7,151.02
56,2,8,299.27
56,2,9,443.33
56,2,10,467.13
56,2,11,509.69
56,2,12,586.52
56,2,13,457.46
56,2,14,497.02
56,2,15,322.81
56,2,16,214.24
56,2,17,60.49
56,2,18,0.0
56,2,19,0.0
56,2,20,0.0
56,2,21,0.0
56,2,22,0.0
56,2,23,0.0
57,2,0,0.0
57,2,1,0.0
57,2,2,0.0
57,2,3,0.0
57,2,4,0.0
57,2,5,0.0
57,2,6,55.0
57,2,7,198.72
57,2,8,398.69
57,2,9,510.78
57,2,10,605.02
57,2,11,657.35
57,2,12,633.7
57,2,13,596.01
57,2,14,503.74
57,2,15,357.53
57,2,16,185.77
57,2,17,40.64
57,2,18,0.0
57,2,19,0.0
57,2,20,0.0
57,2,21,0.0
57,2,22,0.0
57,2,23,0.0
58,2,0,0.0
58,2,1,0.0
58,2,2,0.0
58,2,3,0.0
58,2,4,0.0
58,2,5,0.0
58,2,6,62.99
58,2,7,233.43
58,2,8,374.98
58,2,9,431.15
58,2,10,587.18
58,2,11,672.93
58,2,12,680.07
58,2,13,451.34
58,2,14,500.04
58,2,15,290.43
58,2,16,127.86
58,2,17,58.98
58,2,18,0.0
58,2,19,0.0
58,2,20,0.0
58,2,21,0.0
58,2,22,0.0
58,2,23,0.0
59,2,0,0.0
59,2,1,0.0
59,2,2,0.0
59,2,3,0.0
59,2,4,0.0
59,2,5,0.0
59,2,6,65.93
59,2,7,154.82
59,2,8,367.65
59,2,9,513.44
59,2,10,493.03
59,2,11,552.31
59,2,12,579.91
59,2,13,576.68
59,2,14,507.21
59,2,15,368.72
59,2,16,220.02
59,2,17,44.12
59,2,18,0.0
59,2,19,0.0
59,2,20,0.0
59,2,21,0.0
59,2,22,0.0
59,2,23,0.0
60,3,0,0.0
60,3,1,0.0
60,3,2,0.0
60,3,3,0.0
60,3,4,0.0
60,3,5,0.76
60,3,6,99.17
60,3,7,233.41
60,3,8,338.42
60,3,9,477.21
60,3,10,318.17
60,3,11,538.11
60,3,12,544.26
60,3,13,478.01
60,3,14,448.55
60,3,15,356.57
60,3,16,274.05
60,3,17,88.26
60,3,18,3.95
60,3,19,0.0
60,3,20,0.0
60,3,21,0.0
60,3,22,0.0
60,3,23,0.0
61,3,0,0.0
61,3,1,0.0
61,3,2,0.0
61,3,3,0.0
61,3,4,0.0
61,3,5,0.64
61,3,6,97.26
61,3,7,213.0
61,3,8,274.27
61,3,9,357.23
61,3,10,626.56
61,3,11,680.06
61,3,12,538.64
61,3,13,384.78
61,3,14,350.04
61,3,15,280.28
61,3,16,273.84
61,3,17,89.48
61,3,18,1.42
61,3,19,0.0
61,3,20,0.0
61,3,21,0.0
61,3,22,0.0
61,3,23,0.0
62,3,0,0.0
62,3,1,0.0
62,3,2,0.0
62,3,3,0.0
62,3,4,0.0
62,3,5,0.8
62,3,6,88.21
62,3,7,209.06
62,3,8,263.59
62,3,9,386.55
62,3,10,360.38
62,3,11,391.39
62,3,12,620.28
62,3,13,327.17
62,3,14,357.02
62,3,15,224.11
62,3,16,115.63
62,3,17,95.18
62,3,18,2.24
62,3,19,0.0
62,3,20,0.0
62,3,21,0.0
62,3,22,0.0
62,3,23,0.0
63,3,0,0.0
63,3,1,0.0
63,3,2,0.0
63,3,3,0.0
63,3,4,0.0
63,3,5,0.14
63,3,6,105.64
63,3,7,235.42
63,3,8,393.07
63,3,9,442.96
63,3,10,399.39
63,3,11,452.26
63,3,12,593.08
63,3,13,516.33
63,3,14,519.89
63,3,15,248.51
63,3,16,253.35
63,3,17,54.76
63,3,18,3.66
63,3,19,0.0
63,3,20,0.0
63,3,21,0.0
63,3,22,0.0
63,3,23,0.0
64,3,0,0.0
64,3,1,0.0
64,3,2,0.0
64,3,3,0.0
64,3,4,0.0
64,3,5,0.78
64,3,6,99.56
64,3,7,174.1
64,3,8,374.87
64,3,9,352.72
64,3,10,619.34
64,3,11,425.13
64,3,12,461.45
64,3,13,575.45
64,3,14,484.5
64,3,15,237.64
64,3,16,186.08
64,3,17,67.11
64,3,18,3.64
64,3,19,0.0
64,3,20,0.0
64,3,21,0.0
64,3,22,0.0
64,3,23,0.0
65,3,0,0.0
65,3,1,0.0
65,3,2,0.0
65,3,3,0.0
65,3,4,0.0
65,3,5,0.76
65,3,6,76.62
65,3,7,209.82
65,3,8,186.89
65,3,9,435.17
65,3,10,428.68
65,3,11,450.43
65,3,12,606.58
65,3,13,450.44
65,3,14,402.92
65,3,15,237.95
65,3,16,172.79
65,3,17,99.55
65,3,18,3.47
65,3,19,0.0
65,3,20,0.0
65,3,21,0.0
65,3,22,0.0
65,3,23,0.0
66,3,0,0.0
66,3,1,0.0
66,3,2,0.0
66,3,3,0.0
66,3,4,0.0
66,3,5,0.5
66,3,6,71.66
66,3,7,215.03
66,3,8,303.57
66,3,9,439.34
66,3,10,559.51
66,3,11,498.09
66,3,12,377.55
66,3,13,431.31
66,3,14,449.99
66,3,15,371.74
66,3,16,268.97
66,3,17,72.59
66,3,18,2.75
66,3,19,0.0
66,3,20,0.0
66,3,21,0.0
66,3,22,0.0
66,3,23,0.0
67,3,0,0.0
67,3,1,0.0
67,3,2,0.0
67,3,3,0.0
67,3,4,0.0
67,3,5,0.81
67,3,6,84.47
67,3,7,260.3
67,3,8,335.97
67,3,9,491.55
67,3,10,527.78
67,3,11,561.2
67,3,12,524.09
67,3,13,611.74
67,3,14,485.19
67,3,15,343.16
67,3,16,239.33
67,3,17,81.06
67,3,18,1.08
67,3,19,0.0
67,3,20,0.0
67,3,21,0.0
67,3,22,0.0
67,3,23,0.0
68,3,0,0.0
68,3,1,0.0
68,3,2,0.0
68,3,3,0.0
68,3,4,0.0
68,3,5,0.7
68,3,6,51.89
68,3,7,160.16
68,3,8,356.3
68,3,9,414.18
68,3,10,602.27
68,3,11,516.46
68,3,12,565.65
68,3,13,594.55
68,3,14,518.3
68,3,15,295.51
68,3,16,208.02
68,3,17,88.98
68,3,18,3.92
68,3,19,0.0
68,3,20,0.0
68,3,21,0.0
68,3,22,0.0
68,3,23,0.0
69,3,0,0.0
69,3,1,0.0
69,3,2,0.0
69,3,3,0.0
69,3,4,0.0
69,3,5,0.59
69,3,6,87.62
69,3,7,235.5
69,3,8,311.74
69,3,9,509.74
69,3,10,470.34
69,3,11,444.98
69,3,12,454.66
69,3,13,533.28
69,3,14,315.34
69,3,15,205.43
69,3,16,149.09
69,3,17,61.31
69,3,18,3.17
69,3,19,0.0
69,3,20,0.0
69,3,21,0.0
69,3,22,0.0
69,3,23,0.0
70,3,0,0.0
70,3,1,0.0
70,3,2,0.0
70,3,3,0.0
70,3,4,0.0
70,3,5,0.66
70,3,6,85.16
70,3,7,137.74
70,3,8,358.41
70,3,9,264.58
70,3,10,606.64
70,3,11,648.95
70,3,12,541.75
70,3,13,401.68
70,3,14,315.47
70,3,15,298.39
70,3,16,170.73
70,3,17,91.21
70,3,18,2.13
70,3,19,0.0
70,3,20,0.0
70,3,21,0.0
70,3,22,0.0
70,3,23,0.0
71,3,0,0.0
71,3,1,0.0
71,3,2,0.0
71,3,3,0.0
71,3,4,0.0
71,3,5,0.78
71,3,6,77.78
71,3,7,233.98
71,3,8,248.46
71,3,9,413.0
71,3,10,360.02
71,3,11,514.54
71,3,12,501.16
71,3,13,409.93
71,3,14,361.55
71,3,15,354.8
71,3,16,201.09
71,3,17,95.48
71,3,18,2.32
71,3,19,0.0
71,3,20,0.0
71,3,21,0.0
71,3,22,0.0
71,3,23,0.0
72,3,0,0.0
72,3,1,0.0
72,3,2,0.0
72,3,3,0.0
72,3,4,0.0
72,3,5,0.67
72,3,6,92.07
72,3,7,173.37
72,3,8,316.99
72,3,9,325.99
72,3,10,616.24
72,3,11,585.23
72,3,12,533.42
72,3,13,554.93
72,3,14,401.02
72,3,15,440.06
72,3,16,275.24
72,3,17,84.33
72,3,18,3.79
72,3,19,0.0
72,3,20,0.0
72,3,21,0.0
72,3,22,0.0
72,3,23,0.0
73,3,0,0.0
73,3,1,0.0
73,3,2,0.0
73,3,3,0.0
73,3,4,0.0
73,3,5,0.78
73,3,6,93.99
73,3,7,167.12
73,3,8,324.85
73,3,9,417.53
73,3,10,254.58
73,3,11,339.58
73,3,12,476.91
73,3,13,414.72
73,3,14,497.81
73,3,15,417.65
73,3,16,208.83
73,3,17,98.11
73,3,18,2.67
73,3,19,0.0
73,3,20,0.0
73,3,21,0.0
73,3,22,0.0
73,3,23,0.0
74,3,0,0.0
74,3,1,0.0
74,3,2,0.0
74,3,3,0.0
74,3,4,0.0
74,3,5,0.62
74,3,6,53.54
74,3,7,204.6
74,3,8,287.41
74,3,9,364.51
74,3,10,383.49
74,3,11,404.25
74,3,12,416.21
74,3,13,476.95
74,3,14,299.52
74,3,15,170.72
74,3,16,135.82
74,3,17,107.48
74,3,18,3.67
74,3,19,0.0
74,3,20,0.0
74,3,21,0.0
74,3,22,0.0
74,3,23,0.0
75,3,0,0.0
75,3,1,0.0
75,3,2,0.0
75,3,3,0.0
75,3,4,0.0
75,3,5,0.71
75,3,6,58.41
75,3,7,266.62
75,3,8,316.0
75,3,9,292.63
75,3,10,548.03
75,3,11,375.47
75,3,12,479.08
75,3,13,508.32
75,3,14,382.1
75,3,15,263.17
75,3,16,295.43
75,3,17,97.44
75,3,18,2.54
75,3,19,0.0
75,3,20,0.0
75,3,21,0.0
75,3,22,0.0
75,3,23,0.0
76,3,0,0.0
76,3,1,0.0
76,3,2,0.0
76,3,3,0.0
76,3,4,0.0
76,3,5,0.67
76,3,6,86.73
76,3,7,206.7
76,3,8,356.4
76,3,9,346.69
76,3,10,451.7
76,3,11,541.05
76,3,12,520.8
76,3,13,465.65
76,3,14,443.58
76,3,15,242.4
76,3,16,243.17
76,3,17,84.56
76,3,18,3.7
76,3,19,0.0
76,3,20,0.0
76,3,21,0.0
76,3,22,0.0
76,3,23,0.0
77,3,0,0.0
77,3,1,0.0
77,3,2,0.0
77,3,3,0.0
77,3,4,0.0
77,3,5,0.77
77,3,6,49.48
77,3,7,199.17
77,3,8,343.16
77,3,9,490.84
77,3,10,624.76
77,3,11,472.01
77,3,12,521.32
77,3,13,510.95
77,3,14,438.06
77,3,15,265.48
77,3,16,222.03
77,3,17,90.52
77,3,18,1.43
77,3,19,0.0
77,3,20,0.0
77,3,21,0.0
77,3,22,0.0
77,3,23,0.0
78,3,0,0.0
78,3,1,0.0
78,3,2,0.0
78,3,3,0.0
78,3,4,0.0
78,3,5,0.7
78,3,6,61.61
78,3,7,205.23
78,3,8,318.16
78,3,9,478.5
78,3,10,503.53
78,3,11,522.95
78,3,12,456.48
78,3,13,465.4
78,3,14,387.55
78,3,15,374.25
78,3,16,190.69
78,3,17,121.19
78,3,18,3.46
78,3,19,0.0
78,3,20,0.0
78,3,21,0.0
78,3,22,0.0
78,3,23,0.0
79,3,0,0.0
79,3,1,0.0
79,3,2,0.0
79,3,3,0.0
79,3,4,0.0
79,3,5,0.74
79,3,6,95.06
79,3,7,179.59
79,3,8,220.76
79,3,9,375.4
79,3,10,565.08
79,3,11,490.25
79,3,12,607.23
79,3,13,457.26
79,3,14,502.88
79,3,15,341.53
79,3,16,285.99
79,3,17,105.55
79,3,18,4.0
79,3,19,0.0
79,3,20,0.0
79,3,21,0.0
79,3,22,0.0
79,3,23,0.0
80,3,0,0.0
80,3,1,0.0
80,3,2,0.0
80,3,3,0.0
80,3,4,0.0
80,3,5,0.78
80,3,6,54.17
80,3,7,192.07
80,3,8,364.2
80,3,9,509.91
80,3,10,568.89
80,3,11,473.18
80,3,12,536.11
80,3,13,372.55
80,3,14,472.02
80,3,15,340.55
80,3,16,163.83
80,3,17,97.95
80,3,18,3.72
80,3,19,0.0
80,3,20,0.0
80,3,21,0.0
80,3,22,0.0
80,3,23,0.0
81,3,0,0.0
81,3,1,0.0
81,3,2,0.0
81,3,3,0.0
81,3,4,0.0
81,3,5,0.15
81,3,6,49.78
81,3,7,149.8
81,3,8,234.5
81,3,9,326.97
81,3,10,515.1
81,3,11,403.83
81,3,12,412.41
81,3,13,459.8
81,3,14,385.64
81,3,15,378.61
81,3,16,193.9
81,3,17,60.84
81,3,18,2.95
81,3,19,0.0
81,3,20,0.0
81,3,21,0.0
81,3,22,0.0
81,3,23,0.0
82,3,0,0.0
82,3,1,0.0
82,3,2,0.0
82,3,3,0.0
82,3,4,0.0
82,3,5,0.65
82,3,6,79.86
82,3,7,233.81
82,3,8,380.55
82,3,9,399.67
82,3,10,598.05
82,3,11,467.81
82,3,12,452.67
82,3,13,307.54
82,3,14,323.14
82,3,15,298.37
82,3,16,245.87
82,3,17,87.74
82,3,18,0.79
82,3,19,0.0
82,3,20,0.0
82,3,21,0.0
82,3,22,0.0
82,3,23,0.0
83,3,0,0.0
83,3,1,0.0
83,3,2,0.0
83,3,3,0.0
83,3,4,0.0
83,3,5,0.39
83,3,6,79.98
83,3,7,186.62
83,3,8,240.07
83,3,9,227.13
83,3,10,396.88
83,3,11,420.89
83,3,12,511.39
83,3,13,632.32
83,3,14,540.21
83,3,15,315.0
83,3,16,166.66
83,3,17,108.47
83,3,18,2.46
83,3,19,0.0
83,3,20,0.0
83,3,21,0.0
83,3,22,0.0
83,3,23,0.0
84,3,0,0.0
84,3,1,0.0
84,3,2,0.0
84,3,3,0.0
84,3,4,0.0
84,3,5,0.8
84,3,6,47.0
84,3,7,245.22
84,3,8,249.07
84,3,9,271.67
84,3,10,645.18
84,3,11,583.35
84,3,12,469.04
84,3,13,486.21
84,3,14,459.03
84,3,15,356.55
84,3,16,237.83
84,3,17,112.15
84,3,18,3.37
84,3,19,0.0
84,3,20,0.0
84,3,21,0.0
84,3,22,0.0
84,3,23,0.0
85,3,0,0.0
85,3,1,0.0
85,3,2,0.0
85,3,3,0.0
85,3,4,0.0
85,3,5,0.24
85,3,6,61.16
85,3,7,196.53
85,3,8,275.92
85,3,9,458.88
85,3,10,487.8
85,3,11,471.39
85,3,12,568.2
85,3,13,388.3
85,3,14,388.9
85,3,15,364.17
85,3,16,206.33
85,3,17,97.97
85,3,18,3.22
85,3,19,0.0
85,3,20,0.0
85,3,21,0.0
85,3,22,0.0
85,3,23,0.0
86,3,0,0.0
86,3,1,0.0
86,3,2,0.0
86,3,3,0.0
86,3,4,0.0
86,3,5,0.66
86,3,6,65.82
86,3,7,165.57
86,3,8,265.18
86,3,9,231.21
86,3,10,216.39
86,3,11,465.63
86,3,12,475.03
86,3,13,611.84
86,3,14,505.57
86,3,15,395.95
86,3,16,242.69
86,3,17,63.17
86,3,18,1.66
86,3,19,0.0
86,3,20,0.0
86,3,21,0.0
86,3,22,0.0
86,3,23,0.0
87,3,0,0.0
87,3,1,0.0
87,3,2,0.0
87,3,3,0.0
87,3,4,0.0
87,3,5,0.48
87,3,6,70.02
87,3,7,204.53
87,3,8,373.94
87,3,9,361.15
87,3,10,584.54
87,3,11,566.9
87,3,12,520.46
87,3,13,560.89
87,3,14,568.25
87,3,15,402.61
87,3,16,281.85
87,3,17,111.93
87,3,18,3.84
87,3,19,0.0
87,3,20,0.0
87,3,21,0.0
87,3,22,0.0
87,3,23,0.0
88,3,0,0.0
88,3,1,0.0
88,3,2,0.0
88,3,3,0.0
88,3,4,0.0
88,3,5,0.8
88,3,6,99.92
88,3,7,217.43
88,3,8,288.07
88,3,9,296.08
88,3,10,282.48
88,3,11,607.7
88,3,12,457.54
88,3,13,614.61
88,3,14,448.41
88,3,15,325.89
88,3,16,171.47
88,3,17,96.62
88,3,18,2.71
88,3,19,0.0
88,3,20,0.0
88,3,21,0.0
88,3,22,0.0
88,3,23,0.0
89,3,0,0.0
89,3,1,0.0
89,3,2,0.0
89,3,3,0.0
89,3,4,0.0
89,3,5,0.64
89,3,6,59.08
89,3,7,144.19
89,3,8,347.82
89,3,9,499.0
89,3,10,588.96
89,3,11,600.51
89,3,12,374.51
89,3,13,576.53
89,3,14,341.74
89,3,15,313.72
89,3,16,246.57
89,3,17,85.97
89,3,18,1.53
89,3,19,0.0
89,3,20,0.0
89,3,21,0.0
89,3,22,0.0
89,3,23,0.0
90,3,0,0.0
90,3,1,0.0
90,3,2,0.0
90,3,3,0.0
90,3,4,0.0
90,3,5,0.81
90,3,6,94.13
90,3,7,214.79
90,3,8,300.52
90,3,9,510.08
90,3,10,422.35
90,3,11,619.33
90,3,12,498.51
90,3,13,646.96
90,3,14,437.53
90,3,15,312.39
90,3,16,240.17
90,3,17,67.47
90,3,18,0.99
90,3,19,0.0
90,3,20,0.0
90,3,21,0.0
90,3,22,0.0
90,3,23,0.0
91,4,0,0.0
91,4,1,0.0
91,4,2,0.0
91,4,3,0.0
91,4,4,0.0
91,4,5,11.18
91,4,6,91.0
91,4,7,235.11
91,4,8,396.99
91,4,9,500.31
91,4,10,425.36
91,4,11,379.02
91,4,12,569.39
91,4,13,575.38
91,4,14,255.1
91,4,15,388.78
91,4,16,320.02
91,4,17,153.48
91,4,18,10.49
91,4,19,0.0
91,4,20,0.0
91,4,21,0.0
91,4,22,0.0
91,4,23,0.0
92,4,0,0.0
92,4,1,0.0
92,4,2,0.0
92,4,3,0.0
92,4,4,0.0
92,4,5,10.18
92,4,6,110.28
92,4,7,285.35
92,4,8,449.9
92,4,9,536.13
92,4,10,386.0
92,4,11,624.04
92,4,12,636.66
92,4,13,603.44
92,4,14,390.32
92,4,15,382.92
92,4,16,232.55
92,4,17,133.67
92,4,18,31.45
92,4,19,0.0
92,4,20,0.0
92,4,21,0.0
92,4,22,0.0
92,4,23,0.0
93,4,0,0.0
93,4,1,0.0
93,4,2,0.0
93,4,3,0.0
93,4,4,0.0
93,4,5,10.47
93,4,6,92.48
93,4,7,232.82
93,4,8,363.7
93,4,9,537.76
93,4,10,597.31
93,4,11,514.87
93,4,12,581.88
93,4,13,549.48
93,4,14,471.48
93,4,15,357.81
93,4,16,213.55
93,4,17,130.16
93,4,18,14.68
93,4,19,0.0
93,4,20,0.0
93,4,21,0.0
93,4,22,0.0
93,4,23,0.0
94,4,0,0.0
94,4,1,0.0
94,4,2,0.0
94,4,3,0.0
94,4,4,0.0
94,4,5,3.81
94,4,6,132.78
94,4,7,261.06
94,4,8,378.38
94,4,9,502.1
94,4,10,569.12
94,4,11,448.51
94,4,12,600.49
94,4,13,500.64
94,4,14,508.05
94,4,15,471.2
94,4,16,310.16
94,4,17,143.4
94,4,18,31.71
94,4,19,0.0
94,4,20,0.0
94,4,21,0.0
94,4,22,0.0
94,4,23,0.0
95,4,0,0.0
95,4,1,0.0
95,4,2,0.0
95,4,3,0.0
95,4,4,0.0
95,4,5,11.16
95,4,6,124.73
95,4,7,236.84
95,4,8,350.85
95,4,9,437.72
95,4,10,378.86
95,4,11,374.82
95,4,12,365.73
95,4,13,425.52
95,4,14,485.29
95,4,15,383.93
95,4,16,277.94
95,4,17,131.44
95,4,18,17.26
95,4,19,0.0
95,4,20,0.0
95,4,21,0.0
95,4,22,0.0
95,4,23,0.0
96,4,0,0.0
96,4,1,0.0
96,4,2,0.0
96,4,3,0.0
96,4,4,0.0
96,4,5,12.48
96,4,6,139.61
96,4,7,254.9
96,4,8,197.25
96,4,9,269.45
96,4,10,388.37
96,4,11,473.41
96,4,12,629.79
96,4,13,527.15
96,4,14,321.44
96,4,15,196.05
96,4,16,168.52
96,4,17,113.03
96,4,18,22.08
96,4,19,0.0
96,4,20,0.0
96,4,21,0.0
96,4,22,0.0
96,4,23,0.0
97,4,0,0.0
97,4,1,0.0
97,4,2,0.0
97,4,3,0.0
97,4,4,0.0
97,4,5,5.16
97,4,6,109.64
97,4,7,223.15
97,4,8,374.37
97,4,9,388.88
97,4,10,363.25
97,4,11,513.73
97,4,12,652.65
97,4,13,491.68
97,4,14,284.19
97,4,15,369.56
97,4,16,278.91
97,4,17,86.34
97,4,18,23.59
97,4,19,0.0
97,4,20,0.0
97,4,21,0.0
97,4,22,0.0
97,4,23,0.0
98,4,0,0.0
98,4,1,0.0
98,4,2,0.0
98,4,3,0.0
98,4,4,0.0
98,4,5,6.76
98,4,6,98.32
98,4,7,190.81
98,4,8,391.16
98,4,9,411.56
98,4,10,515.21
98,4,11,414.84
98,4,12,541.32
98,4,13,265.6
98,4,14,527.29
98,4,15,369.4
98,4,16,172.11
98,4,17,173.06
98,4,18,20.26
98,4,19,0.0
98,4,20,0.0
98,4,21,0.0
98,4,22,0.0
98,4,23,0.0
99,4,0,0.0
99,4,1,0.0
99,4,2,0.0
99,4,3,0.0
99,4,4,0.0
99,4,5,5.51
99,4,6,94.01
99,4,7,231.67
99,4,8,352.72
99,4,9,563.82
99,4,10,501.31
99,4,11,291.69
99,4,12,679.55
99,4,13,582.48
99,4,14,419.92
99,4,15,416.69
99,4,16,279.63
99,4,17,154.52
99,4,18,17.72
99,4,19,0.0
99,4,20,0.0
99,4,21,0.0
99,4,22,0.0
99,4,23,0.0
100,4,0,0.0
100,4,1,0.0
100,4,2,0.0
100,4,3,0.0
100,4,4,0.0
100,4,5,13.31
100,4,6,125.11
100,4,7,178.05
100,4,8,265.73
100,4,9,533.67
100,4,10,392.54
100,4,11,513.59
100,4,12,489.76
100,4,13,516.9
100,4,14,426.76
100,4,15,446.88
100,4,16,264.83
100,4,17,149.57
100,4,18,16.19
100,4,19,0.0
100,4,20,0.0
100,4,21,0.0
100,4,22,0.0
100,4,23,0.0
101,4,0,0.0
101,4,1,0.0
101,4,2,0.0
101,4,3,0.0
101,4,4,0.0
101,4,5,6.16
101,4,6,133.4
101,4,7,250.58
101,4,8,395.31
101,4,9,414.44
101,4,10,522.69
101,4,11,652.44
101,4,12,419.74
101,4,13,387.76
101,4,14,447.71
101,4,15,368.4
101,4,16,288.97
101,4,17,109.42
101,4,18,20.8
101,4,19,0.0
101,4,20,0.0
101,4,21,0.0
101,4,22,0.0
101,4,23,0.0
102,4,0,0.0
102,4,1,0.0
102,4,2,0.0
102,4,3,0.0
102,4,4,0.0
102,4,5,12.99
102,4,6,99.21
102,4,7,277.4
102,4,8,363.85
102,4,9,455.85
102,4,10,605.64
102,4,11,531.94
102,4,12,361.22
102,4,13,380.51
102,4,14,354.76
102,4,15,403.65
102,4,16,225.16
102,4,17,163.35
102,4,18,27.1
102,4,19,0.0
102,4,20,0.0
102,4,21,0.0
102,4,22,0.0
102,4,23,0.0
103,4,0,0.0
103,4,1,0.0
103,4,2,0.0
103,4,3,0.0
103,4,4,0.0
103,4,5,12.57
103,4,6,136.42
103,4,7,140.51
103,4,8,341.58
103,4,9,426.23
103,4,10,422.46
103,4,11,511.48
103,4,12,706.79
103,4,13,454.05
103,4,14,456.63
103,4,15,176.35
103,4,16,205.66
103,4,17,97.28
103,4,18,19.22
103,4,19,0.0
103,4,20,0.0
103,4,21,0.0
103,4,22,0.0
103,4,23,0.0
104,4,0,0.0
104,4,1,0.0
104,4,2,0.0
104,4,3,0.0
104,4,4,0.0
104,4,5,3.95
104,4,6,104.58
104,4,7,166.55
104,4,8,148.81
104,4,9,233.74
104,4,10,625.2
104,4,11,485.42
104,4,12,428.52
104,4,13,411.99
104,4,14,450.0
104,4,15,365.57
104,4,16,168.82
104,4,17,121.18
104,4,18,33.51
104,4,19,0.0
104,4,20,0.0
104,4,21,0.0
104,4,22,0.0
104,4,23,0.0
105,4,0,0.0
105,4,1,0.0
105,4,2,0.0
105,4,3,0.0
105,4,4,0.0
105,4,5,12.31
105,4,6,69.83
105,4,7,259.5
105,4,8,392.22
105,4,9,459.96
105,4,10,470.04
105,4,11,277.69
105,4,12,423.82
105,4,13,405.11
105,4,14,435.8
105,4,15,364.8
105,4,16,237.43
105,4,17,70.7
105,4,18,11.23
105,4,19,0.0
105,4,20,0.0
105,4,21,0.0
105,4,22,0.0
105,4,23,0.0
106,4,0,0.0
106,4,1,0.0
106,4,2,0.0
106,4,3,0.0
106,4,4,0.0
106,4,5,12.0
106,4,6,142.29
106,4,7,250.61
106,4,8,409.46
106,4,9,444.41
106,4,10,373.73
106,4,11,432.15
106,4,12,449.29
106,4,13,521.01
106,4,14,385.16
106,4,15,387.51
106,4,16,216.22
106,4,17,141.45
106,4,18,29.98
106,4,19,0.0
106,4,20,0.0
106,4,21,0.0
106,4,22,0.0
106,4,23,0.0
107,4,0,0.0
107,4,1,0.0
107,4,2,0.0
107,4,3,0.0
107,4,4,0.0
107,4,5,8.24
107,4,6,106.08
107,4,7,313.98
107,4,8,384.51
107,4,9,483.68
107,4,10,397.24
107,4,11,470.69
107,4,12,454.37
107,4,13,619.82
107,4,14,366.4
107,4,15,346.8
107,4,16,239.85
107,4,17,117.55
107,4,18,30.1
107,4,19,0.0
107,4,20,0.0
107,4,21,0.0
107,4,22,0.0
107,4,23,0.0
108,4,0,0.0
108,4,1,0.0
108,4,2,0.0
108,4,3,0.0
108,4,4,0.0
108,4,5,13.75
108,4,6,125.92
108,4,7,177.24
108,4,8,386.23
108,4,9,436.55
108,4,10,439.22
108,4,11,447.63
108,4,12,562.94
108,4,13,493.1
108,4,14,341.5
108,4,15,418.04
108,4,16,209.93
108,4,17,122.17
108,4,18,25.59
108,4,19,0.0
108,4,20,0.0
108,4,21,0.0
108,4,22,0.0
108,4,23,0.0
109,4,0,0.0
109,4,1,0.0
109,4,2,0.0
109,4,3,0.0
109,4,4,0.0
109,4,5,13.82
109,4,6,105.41
109,4,7,184.11
109,4,8,247.58
109,4,9,351.02
109,4,10,600.75
109,4,11,518.3
109,4,12,557.25
109,4,13,513.87
109,4,14,389.71
109,4,15,300.45
109,4,16,300.99
109,4,17,162.83
109,4,18,13.2
109,4,19,0.0
109,4,20,0.0
109,4,21,0.0
109,4,22,0.0
109,4,23,0.0
110,4,0,0.0
110,4,1,0.0
110,4,2,0.0
110,4,3,0.0
110,4,4,0.0
110,4,5,11.45
110,4,6,129.96
110,4,7,302.15
110,4,8,363.26
110,4,9,340.34
110,4,10,495.46
110,4,11,512.35
110,4,12,567.69
110,4,13,436.69
110,4,14,544.48
110,4,15,351.0
110,4,16,239.38
110,4,17,124.15
110,4,18,20.84
110,4,19,0.0
110,4,20,0.0
110,4,21,0.0
110,4,22,0.0
110,4,23,0.0
111,4,0,0.0
111,4,1,0.0
111,4,2,0.0
111,4,3,0.0
111,4,4,0.0
111,4,5,10.47
111,4,6,108.45
111,4,7,177.23
111,4,8,321.58
111,4,9,485.56
111,4,10,418.1
111,4,11,514.09
111,4,12,656.45
111,4,13,482.93
111,4,14,468.84
111,4,15,364.25
111,4,16,313.56
111,4,17,161.66
111,4,18,24.75
111,4,19,0.0
111,4,20,0.0
111,4,21,0.0
111,4,22,0.0
111,4,23,0.0
112,4,0,0.0
112,4,1,0.0
112,4,2,0.0
112,4,3,0.0
112,4,4,0.0
112,4,5,8.47
112,4,6,152.96
112,4,7,202.82
112,4,8,384.57
112,4,9,503.57
112,4,10,594.31
112,4,11,507.84
112,4,12,442.59
112,4,13,524.02
112,4,14,558.19
112,4,15,306.5
112,4,16,194.24
112,4,17,138.46
112,4,18,22.42
112,4,19,0.0
112,4,20,0.0
112,4,21,0.0
112,4,22,0.0
112,4,23,0.0
113,4,0,0.0
113,4,1,0.0
113,4,2,0.0
113,4,3,0.0
113,4,4,0.0
113,4,5,12.3
113,4,6,140.99
113,4,7,227.4
113,4,8,276.03
113,4,9,416.34
113,4,10,346.35
113,4,11,456.38
113,4,12,512.27
113,4,13,567.72
113,4,14,460.69
113,4,15,333.08
113,4,16,208.7
113,4,17,103.67
113,4,18,23.6
113,4,19,0.0
113,4,20,0.0
113,4,21,0.0
113,4,22,0.0
113,4,23,0.0
114,4,0,0.0
114,4,1,0.0
114,4,2,0.0
114,4,3,0.0
114,4,4,0.0
114,4,5,7.84
114,4,6,115.61
114,4,7,290.37
114,4,8,313.85
114,4,9,420.39
114,4,10,474.22
114,4,11,395.7
114,4,12,669.76
114,4,13,437.2
114,4,14,498.74
114,4,15,370.18
114,4,16,226.59
114,4,17,124.19
114,4,18,14.91
114,4,19,0.0
114,4,20,0.0
114,4,21,0.0
114,4,22,0.0
114,4,23,0.0
115,4,0,0.0
115,4,1,0.0
115,4,2,0.0
115,4,3,0.0
115,4,4,0.0
115,4,5,8.47
115,4,6,101.25
115,4,7,181.01
115,4,8,391.59
115,4,9,472.2
115,4,10,522.75
115,4,11,535.63
115,4,12,492.55
115,4,13,337.44
115,4,14,411.25
115,4,15,371.56
115,4,16,233.74
115,4,17,157.25
115,4,18,20.55
115,4,19,0.0
115,4,20,0.0
115,4,21,0.0
115,4,22,0.0
115,4,23,0.0
116,4,0,0.0
116,4,1,0.0
116,4,2,0.0
116,4,3,0.0
116,4,4,0.0
116,4,5,13.59
116,4,6,123.58
116,4,7,242.84
116,4,8,215.49
116,4,9,332.87
116,4,10,461.9
116,4,11,391.81
116,4,12,608.59
116,4,13,574.4
116,4,14,423.09
116,4,15,260.86
116,4,16,288.86
116,4,17,84.78
116,4,18,12.27
116,4,19,0.0
116,4,20,0.0
116,4,21,0.0
116,4,22,0.0
116,4,23,0.0
117,4,0,0.0
117,4,1,0.0
117,4,2,0.0
117,4,3,0.0
117,4,4,0.0
117,4,5,8.04
117,4,6,135.26
117,4,7,220.49
117,4,8,299.14
117,4,9,306.16
117,4,10,324.03
117,4,11,592.5
117,4,12,707.82
117,4,13,630.22
117,4,14,206.82
117,4,15,407.21
117,4,16,248.93
117,4,17,157.42
117,4,18,19.54
117,4,19,0.0
117,4,20,0.0
117,4,21,0.0
117,4,22,0.0
117,4,23,0.0
118,4,0,0.0
118,4,1,0.0
118,4,2,0.0
118,4,3,0.0
118,4,4,0.0
118,4,5,13.57
118,4,6,91.93
118,4,7,237.05
118,4,8,330.42
118,4,9,234.93
118,4,10,362.95
118,4,11,411.75
118,4,12,432.02
118,4,13,553.24
118,4,14,383.42
118,4,15,263.89
118,4,16,292.79
118,4,17,132.84
118,4,18,30.55
118,4,19,0.0
118,4,20,0.0
118,4,21,0.0
118,4,22,0.0
118,4,23,0.0
119,4,0,0.0
119,4,1,0.0
119,4,2,0.0
119,4,3,0.0
119,4,4,0.0
119,4,5,13.37
119,4,6,131.12
119,4,7,250.02
119,4,8,313.24
119,4,9,246.23
119,4,10,479.55
119,4,11,609.9
119,4,12,309.09
119,4,13,570.26
119,4,14,416.65
119,4,15,451.18
119,4,16,245.55
119,4,17,164.76
119,4,18,28.98
119,4,19,0.0
119,4,20,0.0
119,4,21,0.0
119,4,22,0.0
119,4,23,0.0
120,4,0,0.0
120,4,1,0.0
120,4,2,0.0
120,4,3,0.0
120,4,4,0.0
120,4,5,5.66
120,4,6,119.35
120,4,7,244.55
120,4,8,395.79
120,4,9,346.64
120,4,10,596.44
120,4,11,387.65
120,4,12,562.42
120,4,13,334.31
120,4,14,479.26
120,4,15,308.53
120,4,16,292.14
120,4,17,119.67
120,4,18,24.94
120,4,19,0.0
120,4,20,0.0
120,4,21,0.0
120,4,22,0.0
120,4,23,0.0
121,5,0,0.0
121,5,1,0.0
121,5,2,0.0
121,5,3,0.0
121,5,4,0.0
121,5,5,22.15
121,5,6,137.09
121,5,7,290.86
121,5,8,362.28
121,5,9,438.46
121,5,10,476.8
121,5,11,464.2
121,5,12,407.33
121,5,13,496.5
121,5,14,394.57
121,5,15,453.95
121,5,16,327.2
121,5,17,166.51
121,5,18,39.2
121,5,19,0.0
121,5,20,0.0
121,5,21,0.0
121,5,22,0.0
121,5,23,0.0
122,5,0,0.0
122,5,1,0.0
122,5,2,0.0
122,5,3,0.0
122,5,4,0.0
122,5,5,14.48
122,5,6,156.26
122,5,7,249.69
122,5,8,274.34
122,5,9,485.87
122,5,10,415.23
122,5,11,524.4
122,5,12,688.79
122,5,13,598.58
122,5,14,430.19
122,5,15,355.68
122,5,16,285.08
122,5,17,126.37
122,5,18,64.63
122,5,19,0.0
122,5,20,0.0
122,5,21,0.0
122,5,22,0.0
122,5,23,0.0
123,5,0,0.0
123,5,1,0.0
123,5,2,0.0
123,5,3,0.0
123,5,4,0.0
123,5,5,18.12
123,5,6,141.07
123,5,7,249.79
123,5,8,415.58
123,5,9,308.95
123,5,10,477.8
123,5,11,511.3
123,5,12,424.4
123,5,13,456.92
123,5,14,546.53
123,5,15,325.4
123,5,16,321.59
123,5,17,199.65
123,5,18,35.27
123,5,19,0.0
123,5,20,0.0
123,5,21,0.0
123,5,22,0.0
123,5,23,0.0
124,5,0,0.0
124,5,1,0.0
124,5,2,0.0
124,5,3,0.0
124,5,4,0.0
124,5,5,20.88
124,5,6,100.77
124,5,7,277.9
124,5,8,383.56
124,5,9,291.49
124,5,10,418.76
124,5,11,432.24
124,5,12,448.29
124,5,13,581.03
124,5,14,318.19
124,5,15,240.86
124,5,16,287.04
124,5,17,147.57
124,5,18,66.69
124,5,19,0.0
124,5,20,0.0
124,5,21,0.0
124,5,22,0.0
124,5,23,0.0
125,5,0,0.0
125,5,1,0.0
125,5,2,0.0
125,5,3,0.0
125,5,4,0.0
125,5,5,14.36
125,5,6,138.39
125,5,7,145.43
125,5,8,406.09
125,5,9,304.68
125,5,10,490.29
125,5,11,490.74
125,5,12,425.93
125,5,13,525.64
125,5,14,468.83
125,5,15,328.06
125,5,16,297.49
125,5,17,202.49
125,5,18,41.81
125,5,19,0.0
125,5,20,0.0
125,5,21,0.0
125,5,22,0.0
125,5,23,0.0
126,5,0,0.0
126,5,1,0.0
126,5,2,0.0
126,5,3,0.0
126,5,4,0.0
126,5,5,28.37
126,5,6,101.9
126,5,7,307.98
126,5,8,392.01
126,5,9,409.42
126,5,10,455.9
126,5,11,608.99
126,5,12,516.99
126,5,13,370.91
126,5,14,334.21
126,5,15,396.0
126,5,16,321.99
126,5,17,145.84
126,5,18,49.48
126,5,19,0.0
126,5,20,0.0
126,5,21,0.0
126,5,22,0.0
126,5,23,0.0
127,5,0,0.0
127,5,1,0.0
127,5,2,0.0
127,5,3,0.0
127,5,4,0.0
127,5,5,24.57
127,5,6,101.7
127,5,7,297.98
127,5,8,453.55
127,5,9,438.52
127,5,10,528.58
127,5,11,431.84
127,5,12,570.92
127,5,13,219.52
127,5,14,376.03
127,5,15,381.83
127,5,16,284.76
127,5,17,87.11
127,5,18,39.65
127,5,19,0.0
127,5,20,0.0
127,5,21,0.0
127,5,22,0.0
127,5,23,0.0
128,5,0,0.0
128,5,1,0.0
128,5,2,0.0
128,5,3,0.0
128,5,4,0.0
128,5,5,14.74
128,5,6,143.99
128,5,7,278.39
128,5,8,417.06
128,5,9,349.02
128,5,10,349.73
128,5,11,660.05
128,5,12,523.9
128,5,13,541.94
128,5,14,333.06
128,5,15,274.02
128,5,16,327.95
128,5,17,218.35
128,5,18,56.85
128,5,19,0.0
128,5,20,0.0
128,5,21,0.0
128,5,22,0.0
128,5,23,0.0
129,5,0,0.0
129,5,1,0.0
129,5,2,0.0
129,5,3,0.0
129,5,4,0.0
129,5,5,24.95
129,5,6,109.76
129,5,7,216.71
129,5,8,251.31
129,5,9,278.94
129,5,10,411.02
129,5,11,628.92
129,5,12,422.89
129,5,13,421.31
129,5,14,578.02
129,5,15,325.61
129,5,16,296.7
129,5,17,135.66
129,5,18,54.92
129,5,19,0.0
129,5,20,0.0
129,5,21,0.0
129,5,22,0.0
129,5,23,0.0
130,5,0,0.0
130,5,1,0.0
130,5,2,0.0
130,5,3,0.0
130,5,4,0.0
130,5,5,14.62
130,5,6,135.61
130,5,7,284.29
130,5,8,325.91
130,5,9,373.46
130,5,10,531.52
130,5,11,449.58
130,5,12,546.64
130,5,13,525.32
130,5,14,394.15
130,5,15,201.69
130,5,16,216.49
130,5,17,152.08
130,5,18,34.76
130,5,19,0.0
130,5,20,0.0
130,5,21,0.0
130,5,22,0.0
130,5,23,0.0
131,5,0,0.0
131,5,1,0.0
131,5,2,0.0
131,5,3,0.0
131,5,4,0.0
131,5,5,23.32
131,5,6,162.59
131,5,7,244.29
131,5,8,372.05
131,5,9,509.06
131,5,10,482.14
131,5,11,293.79
131,5,12,330.76
131,5,13,299.25
131,5,14,556.84
131,5,15,399.05
131,5,16,239.76
131,5,17,195.59
131,5,18,47.52
131,5,19,0.0
131,5,20,0.0
131,5,21,0.0
131,5,22,0.0
131,5,23,0.0
132,5,0,0.0
132,5,1,0.0
132,5,2,0.0
132,5,3,0.0
132,5,4,0.0
132,5,5,27.61
132,5,6,155.34
132,5,7,315.54
132,5,8,385.29
132,5,9,417.63
132,5,10,616.12
132,5,11,559.91
132,5,12,695.5
132,5,13,493.75
132,5,14,361.85
132,5,15,428.19
132,5,16,306.09
132,5,17,135.92
132,5,18,55.65
132,5,19,0.0
132,5,20,0.0
132,5,21,0.0
132,5,22,0.0
132,5,23,0.0
133,5,0,0.0
133,5,1,0.0
133,5,2,0.0
133,5,3,0.0
133,5,4,0.0
133,5,5,26.62
133,5,6,129.32
133,5,7,148.45
133,5,8,405.02
133,5,9,560.07
133,5,10,405.28
133,5,11,461.45
133,5,12,591.29
133,5,13,604.7
133,5,14,477.3
133,5,15,250.95
133,5,16,281.19
133,5,17,216.73
133,5,18,57.08
133,5,19,0.0
133,5,20,0.0
133,5,21,0.0
133,5,22,0.0
133,5,23,0.0
134,5,0,0.0
134,5,1,0.0
134,5,2,0.0
134,5,3,0.0
134,5,4,0.0
134,5,5,16.13
134,5,6,160.54
134,5,7,270.31
134,5,8,338.17
134,5,9,560.89
134,5,10,504.17
134,5,11,625.17
134,5,12,634.33
134,5,13,397.98
134,5,14,533.04
134,5,15,398.2
134,5,16,285.33
134,5,17,196.52
134,5,18,21.32
134,5,19,0.0
134,5,20,0.0
134,5,21,0.0
134,5,22,0.0
134,5,23,0.0
135,5,0,0.0
135,5,1,0.0
135,5,2,0.0
135,5,3,0.0
135,5,4,0.0
135,5,5,21.72
135,5,6,164.24
135,5,7,308.58
135,5,8,337.41
135,5,9,532.46
135,5,10,548.42
135,5,11,604.38
135,5,12,497.65
135,5,13,616.34
135,5,14,603.77
135,5,15,361.61
135,5,16,321.24
135,5,17,181.4
135,5,18,42.34
135,5,19,0.0
135,5,20,0.0
135,5,21,0.0
135,5,22,0.0
135,5,23,0.0
136,5,0,0.0
136,5,1,0.0
136,5,2,0.0
136,5,3,0.0
136,5,4,0.0
136,5,5,19.31
136,5,6,160.89
136,5,7,225.18
136,5,8,172.0
136,5,9,373.68
136,5,10,387.76
136,5,11,614.22
136,5,12,593.89
136,5,13,584.13
136,5,14,344.23
136,5,15,363.29
136,5,16,313.56
136,5,17,168.45
136,5,18,52.69
136,5,19,0.0
136,5,20,0.0
136,5,21,0.0
136,5,22,0.0
136,5,23,0.0
137,5,0,0.0
137,5,1,0.0
137,5,2,0.0
137,5,3,0.0
137,5,4,0.0
137,5,5,16.33
137,5,6,102.29
137,5,7,275.9
137,5,8,415.68
137,5,9,500.95
137,5,10,331.85
137,5,11,227.91
137,5,12,352.84
137,5,13,604.23
137,5,14,584.6
137,5,15,264.62
137,5,16,154.68
137,5,17,138.96
137,5,18,54.69
137,5,19,0.0
137,5,20,0.0
137,5,21,0.0
137,5,22,0.0
137,5,23,0.0
138,5,0,0.0
138,5,1,0.0
138,5,2,0.0
138,5,3,0.0
138,5,4,0.0
138,5,5,25.63
138,5,6,109.39
138,5,7,202.4
138,5,8,404.46
138,5,9,513.2
138,5,10,394.69
138,5,11,617.53
138,5,12,531.25
138,5,13,516.71
138,5,14,495.03
138,5,15,344.61
138,5,16,201.94
138,5,17,207.75
138,5,18,33.87
138,5,19,0.0
138,5,20,0.0
138,5,21,0.0
138,5,22,0.0
138,5,23,0.0
139,5,0,0.0
139,5,1,0.0
139,5,2,0.0
139,5,3,0.0
139,5,4,0.0
139,5,5,29.53
139,5,6,110.57
139,5,7,271.92
139,5,8,412.7
139,5,9,536.99
139,5,10,607.93
139,5,11,566.46
139,5,12,633.4
139,5,13,606.34
139,5,14,381.02
139,5,15,241.15
139,5,16,309.84
139,5,17,154.14
139,5,18,25.03
139,5,19,0.0
139,5,20,0.0
139,5,21,0.0
139,5,22,0.0
139,5,23,0.0
140,5,0,0.0
140,5,1,0.0
140,5,2,0.0
140,5,3,0.0
140,5,4,0.0
140,5,5,24.61
140,5,6,107.58
140,5,7,221.5
140,5,8,305.99
140,5,9,485.48
140,5,10,509.44
140,5,11,551.74
140,5,12,493.04
140,5,13,444.58
140,5,14,337.53
140,5,15,314.65
140,5,16,215.66
140,5,17,145.08
140,5,18,56.0
140,5,19,0.0
140,5,20,0.0
140,5,21,0.0
140,5,22,0.0
140,5,23,0.0
141,5,0,0.0
141,5,1,0.0
141,5,2,0.0
141,5,3,0.0
141,5,4,0.0
141,5,5,8.93
141,5,6,112.23
141,5,7,216.79
141,5,8,469.22
141,5,9,561.82
141,5,10,463.07
141,5,11,654.76
141,5,12,500.94
141,5,13,482.28
141,5,14,498.59
141,5,15,251.92
141,5,16,222.77
141,5,17,173.46
141,5,18,61.42
141,5,19,0.0
141,5,20,0.0
141,5,21,0.0
141,5,22,0.0
141,5,23,0.0
142,5,0,0.0
142,5,1,0.0
142,5,2,0.0
142,5,3,0.0
142,5,4,0.0
142,5,5,20.86
142,5,6,167.5
142,5,7,189.78
142,5,8,416.67
142,5,9,386.07
142,5,10,543.49
142,5,11,477.97
142,5,12,432.64
142,5,13,644.53
142,5,14,410.76
142,5,15,349.68
142,5,16,228.91
142,5,17,181.0
142,5,18,51.39
142,5,19,0.0
142,5,20,0.0
142,5,21,0.0
142,5,22,0.0
142,5,23,0.0
143,5,0,0.0
143,5,1,0.0
143,5,2,0.0
143,5,3,0.0
143,5,4,0.0
143,5,5,19.83
143,5,6,137.5
143,5,7,238.75
143,5,8,376.26
143,5,9,568.36
143,5,10,505.2
143,5,11,565.62
143,5,12,571.84
143,5,13,627.4
143,5,14,569.8
143,5,15,393.25
143,5,16,305.6
143,5,17,208.53
143,5,18,58.53
143,5,19,0.0
143,5,20,0.0
143,5,21,0.0
143,5,22,0.0
143,5,23,0.0
144,5,0,0.0
144,5,1,0.0
144,5,2,0.0
144,5,3,0.0
144,5,4,0.0
144,5,5,21.66
144,5,6,129.01
144,5,7,245.94
144,5,8,232.95
144,5,9,450.18
144,5,10,516.59
144,5,11,543.44
144,5,12,514.39
144,5,13,642.97
144,5,14,418.38
144,5,15,403.07
144,5,16,302.79
144,5,17,118.81
144,5,18,58.77
144,5,19,0.0
144,5,20,0.0
144,5,21,0.0
144,5,22,0.0
144,5,23,0.0
145,5,0,0.0
145,5,1,0.0
145,5,2,0.0
145,5,3,0.0
145,5,4,0.0
145,5,5,10.32
145,5,6,119.77
145,5,7,303.39
145,5,8,340.24
145,5,9,471.45
145,5,10,267.95
145,5,11,507.14
145,5,12,476.8
145,5,13,522.41
145,5,14,431.78
145,5,15,458.06
145,5,16,339.46
145,5,17,152.09
145,5,18,35.7
145,5,19,0.0
145,5,20,0.0
145,5,21,0.0
145,5,22,0.0
145,5,23,0.0
146,5,0,0.0
146,5,1,0.0
146,5,2,0.0
146,5,3,0.0
146,5,4,0.0
146,5,5,25.53
146,5,6,142.03
146,5,7,252.95
146,5,8,472.55
146,5,9,386.56
146,5,10,392.48
146,5,11,391.02
146,5,12,404.9
146,5,13,589.95
146,5,14,576.1
146,5,15,419.15
146,5,16,351.91
146,5,17,190.82
146,5,18,50.28
146,5,19,0.0
146,5,20,0.0
146,5,21,0.0
146,5,22,0.0
146,5,23,0.0
147,5,0,0.0
147,5,1,0.0
147,5,2,0.0
147,5,3,0.0
147,5,4,0.0
147,5,5,28.96
147,5,6,154.93
147,5,7,233.51
147,5,8,377.48
147,5,9,378.18
147,5,10,385.49
147,5,11,499.74
147,5,12,496.17
147,5,13,609.82
147,5,14,373.24
147,5,15,252.79
147,5,16,264.73
147,5,17,120.3
147,5,18,17.62
147,5,19,0.0
147,5,20,0.0
147,5,21,0.0
147,5,22,0.0
147,5,23,0.0
148,5,0,0.0
148,5,1,0.0
148,5,2,0.0
148,5,3,0.0
148,5,4,0.0
148,5,5,15.33
148,5,6,123.96
148,5,7,260.22
148,5,8,370.73
148,5,9,425.25
148,5,10,439.26
148,5,11,624.36
148,5,12,174.21
148,5,13,179.67
148,5,14,435.88
148,5,15,283.68
148,5,16,296.12
148,5,17,172.05
148,5,18,58.3
148,5,19,0.0
148,5,20,0.0
148,5,21,0.0
148,5,22,0.0
148,5,23,0.0
149,5,0,0.0
149,5,1,0.0
149,5,2,0.0
149,5,3,0.0
149,5,4,0.0
149,5,5,24.96
149,5,6,84.82
149,5,7,285.29
149,5,8,345.58
149,5,9,357.66
149,5,10,488.26
149,5,11,449.18
149,5,12,242.33
149,5,13,263.15
149,5,14,310.69
149,5,15,336.81
149,5,16,221.45
149,5,17,174.02
149,5,18,26.5
149,5,19,0.0
149,5,20,0.0
149,5,21,0.0
149,5,22,0.0
149,5,23,0.0
150,5,0,0.0
150,5,1,0.0
150,5,2,0.0
150,5,3,0.0
150,5,4,0.0
150,5,5,21.94
150,5,6,120.02
150,5,7,211.36
150,5,8,424.56
150,5,9,424.75
150,5,10,424.03
150,5,11,504.89
150,5,12,616.56
150,5,13,375.63
150,5,14,521.58
150,5,15,397.82
150,5,16,340.81
150,5,17,218.79
150,5,18,54.16
150,5,19,0.0
150,5,20,0.0
150,5,21,0.0
150,5,22,0.0
150,5,23,0.0
151,5,0,0.0
151,5,1,0.0
151,5,2,0.0
151,5,3,0.0
151,5,4,0.0
151,5,5,20.44
151,5,6,176.65
151,5,7,292.58
151,5,8,470.27
151,5,9,271.81
151,5,10,460.14
151,5,11,583.38
151,5,12,514.18
151,5,13,560.06
151,5,14,371.5
151,5,15,432.61
151,5,16,325.93
151,5,17,168.92
151,5,18,49.61
151,5,19,0.0
151,5,20,0.0
151,5,21,0.0
151,5,22,0.0
151,5,23,0.0
152,6,0,0.0
152,6,1,0.0
152,6,2,0.0
152,6,3,0.0
152,6,4,0.0
152,6,5,26.88
152,6,6,119.3
152,6,7,160.57
152,6,8,193.01
152,6,9,211.43
152,6,10,246.09
152,6,11,332.13
152,6,12,327.42
152,6,13,418.46
152,6,14,427.51
152,6,15,471.68
152,6,16,259.66
152,6,17,135.79
152,6,18,55.44
152,6,19,0.0
152,6,20,0.0
152,6,21,0.0
152,6,22,0.0
152,6,23,0.0
153,6,0,0.0
153,6,1,0.0
153,6,2,0.0
153,6,3,0.0
153,6,4,0.0
153,6,5,22.8
153,6,6,83.3
153,6,7,232.31
153,6,8,264.29
153,6,9,376.83
153,6,10,488.94
153,6,11,358.03
153,6,12,336.21
153,6,13,561.03
153,6,14,229.07
153,6,15,272.39
153,6,16,262.44
153,6,17,181.01
153,6,18,45.88
153,6,19,0.0
153,6,20,0.0
153,6,21,0.0
153,6,22,0.0
153,6,23,0.0
154,6,0,0.0
154,6,1,0.0
154,6,2,0.0
154,6,3,0.0
154,6,4,0.0
154,6,5,22.4
154,6,6,127.67
154,6,7,87.62
154,6,8,291.8
154,6,9,237.13
154,6,10,313.13
154,6,11,316.52
154,6,12,445.75
154,6,13,296.37
154,6,14,367.01
154,6,15,297.05
154,6,16,235.56
154,6,17,133.63
154,6,18,47.13
154,6,19,0.0
154,6,20,0.0
154,6,21,0.0
154,6,22,0.0
154,6,23,0.0
155,6,0,0.0
155,6,1,0.0
155,6,2,0.0
155,6,3,0.0
155,6,4,0.0
155,6,5,23.76
155,6,6,122.19
155,6,7,182.3
155,6,8,344.88
155,6,9,297.73
155,6,10,424.84
155,6,11,410.72
155,6,12,379.59
155,6,13,451.92
155,6,14,203.21
155,6,15,433.31
155,6,16,134.85
155,6,17,177.54
155,6,18,37.17
155,6,19,0.0
155,6,20,0.0
155,6,21,0.0
155,6,22,0.0
155,6,23,0.0
156,6,0,0.0
156,6,1,0.0
156,6,2,0.0
156,6,3,0.0
156,6,4,0.0
156,6,5,21.16
156,6,6,142.87
156,6,7,101.67
156,6,8,231.96
156,6,9,373.82
156,6,10,260.25
156,6,11,551.52
156,6,12,429.59
156,6,13,252.35
156,6,14,402.07
156,6,15,280.18
156,6,16,152.0
156,6,17,154.93
156,6,18,53.47
156,6,19,0.0
156,6,20,0.0
156,6,21,0.0
156,6,22,0.0
156,6,23,0.0
157,6,0,0.0
157,6,1,0.0
157,6,2,0.0
157,6,3,0.0
157,6,4,0.0
157,6,5,19.08
157,6,6,101.16
157,6,7,158.6
157,6,8,180.73
157,6,9,230.95
157,6,10,311.48
157,6,11,395.14
157,6,12,397.93
157,6,13,274.49
157,6,14,403.86
157,6,15,275.68
157,6,16,219.75
157,6,17,181.45
157,6,18,68.29
157,6,19,0.0
157,6,20,0.0
157,6,21,0.0
157,6,22,0.0
157,6,23,0.0
158,6,0,0.0
158,6,1,0.0
158,6,2,0.0
158,6,3,0.0
158,6,4,0.0
158,6,5,20.85
158,6,6,76.31
158,6,7,90.56
158,6,8,286.33
158,6,9,359.02
158,6,10,429.86
158,6,11,355.52
158,6,12,292.47
158,6,13,288.31
158,6,14,333.67
158,6,15,235.51
158,6,16,148.47
158,6,17,183.78
158,6,18,48.17
158,6,19,0.0
158,6,20,0.0
158,6,21,0.0
158,6,22,0.0
158,6,23,0.0
159,6,0,0.0
159,6,1,0.0
159,6,2,0.0
159,6,3,0.0
159,6,4,0.0
159,6,5,23.92
159,6,6,80.09
159,6,7,285.61
159,6,8,382.6
159,6,9,340.45
159,6,10,337.79
159,6,11,227.69
159,6,12,345.79
159,6,13,331.21
159,6,14,370.6
159,6,15,320.99
159,6,16,274.66
159,6,17,147.02
159,6,18,29.25
159,6,19,0.0
159,6,20,0.0
159,6,21,0.0
159,6,22,0.0
159,6,23,0.0
160,6,0,0.0
160,6,1,0.0
160,6,2,0.0
160,6,3,0.0
160,6,4,0.0
160,6,5,31.01
160,6,6,102.79
160,6,7,204.01
160,6,8,216.89
160,6,9,297.52
160,6,10,217.44
160,6,11,466.0
160,6,12,387.87
160,6,13,374.33
160,6,14,262.66
160,6,15,236.13
160,6,16,171.57
160,6,17,123.72
160,6,18,56.01
160,6,19,0.0
160,6,20,0.0
160,6,21,0.0
160,6,22,0.0
160,6,23,0.0
161,6,0,0.0
161,6,1,0.0
161,6,2,0.0
161,6,3,0.0
161,6,4,0.0
161,6,5,24.38
161,6,6,126.19
161,6,7,133.15
161,6,8,277.48
161,6,9,506.64
161,6,10,392.57
161,6,11,199.79
161,6,12,355.74
161,6,13,448.31
161,6,14,162.96
161,6,15,216.88
161,6,16,168.22
161,6,17,188.05
161,6,18,36.51
161,6,19,0.0
161,6,20,0.0
161,6,21,0.0
161,6,22,0.0
161,6,23,0.0
162,6,0,0.0
162,6,1,0.0
162,6,2,0.0
162,6,3,0.0
162,6,4,0.0
162,6,5,23.31
162,6,6,117.35
162,6,7,141.41
162,6,8,260.79
162,6,9,283.93
162,6,10,365.51
162,6,11,425.76
162,6,12,400.62
162,6,13,453.85
162,6,14,283.25
162,6,15,218.49
162,6,16,197.19
162,6,17,92.45
162,6,18,51.01
162,6,19,0.0
162,6,20,0.0
162,6,21,0.0
162,6,22,0.0
162,6,23,0.0
163,6,0,0.0
163,6,1,0.0
163,6,2,0.0
163,6,3,0.0
163,6,4,0.0
163,6,5,23.37
163,6,6,151.69
163,6,7,151.52
163,6,8,324.32
163,6,9,390.75
163,6,10,236.76
163,6,11,337.06
163,6,12,411.68
163,6,13,366.54
163,6,14,315.52
163,6,15,293.72
163,6,16,246.78
163,6,17,141.09
163,6,18,41.53
163,6,19,0.0
163,6,20,0.0
163,6,21,0.0
163,6,22,0.0
163,6,23,0.0
164,6,0,0.0
164,6,1,0.0
164,6,2,0.0
164,6,3,0.0
164,6,4,0.0
164,6,5,21.96
164,6,6,62.76
164,6,7,149.55
164,6,8,177.45
164,6,9,270.04
164,6,10,509.74
164,6,11,386.49
164,6,12,295.24
164,6,13,393.21
164,6,14,427.38
164,6,15,252.64
164,6,16,149.44
164,6,17,196.41
164,6,18,30.4
164,6,19,0.0
164,6,20,0.0
164,6,21,0.0
164,6,22,0.0
164,6,23,0.0
165,6,0,0.0
165,6,1,0.0
165,6,2,0.0
165,6,3,0.0
165,6,4,0.0
165,6,5,31.25
165,6,6,100.52
165,6,7,148.13
165,6,8,267.52
165,6,9,359.89
165,6,10,356.99
165,6,11,226.95
165,6,12,358.01
165,6,13,422.77
165,6,14,419.85
165,6,15,266.47
165,6,16,222.28
165,6,17,172.77
165,6,18,58.88
165,6,19,0.0
165,6,20,0.0
165,6,21,0.0
165,6,22,0.0
165,6,23,0.0
166,6,0,0.0
166,6,1,0.0
166,6,2,0.0
166,6,3,0.0
166,6,4,0.0
166,6,5,31.14
166,6,6,99.12
166,6,7,262.22
166,6,8,302.98
166,6,9,377.56
166,6,10,402.92
166,6,11,332.13
166,6,12,299.93
166,6,13,386.78
166,6,14,341.36
166,6,15,299.44
166,6,16,247.2
166,6,17,124.42
166,6,18,57.72
166,6,19,0.0
166,6,20,0.0
166,6,21,0.0
166,6,22,0.0
166,6,23,0.0
167,6,0,0.0
167,6,1,0.0
167,6,2,0.0
167,6,3,0.0
167,6,4,0.0
167,6,5,18.48
167,6,6,79.59
167,6,7,115.57
167,6,8,204.97
167,6,9,354.17
167,6,10,370.49
167,6,11,472.06
167,6,12,551.62
167,6,13,376.6
167,6,14,368.82
167,6,15,246.74
167,6,16,328.33
167,6,17,126.61
167,6,18,28.2
167,6,19,0.0
167,6,20,0.0
167,6,21,0.0
167,6,22,0.0
167,6,23,0.0
168,6,0,0.0
168,6,1,0.0
168,6,2,0.0
168,6,3,0.0
168,6,4,0.0
168,6,5,18.74
168,6,6,78.02
168,6,7,190.47
168,6,8,289.57
168,6,9,171.68
168,6,10,377.36
168,6,11,425.13
168,6,12,453.87
168,6,13,415.96
168,6,14,358.39
168,6,15,263.58
168,6,16,213.18
168,6,17,152.44
168,6,18,36.21
168,6,19,0.0
168,6,20,0.0
168,6,21,0.0
168,6,22,0.0
168,6,23,0.0
169,6,0,0.0
169,6,1,0.0
169,6,2,0.0
169,6,3,0.0
169,6,4,0.0
169,6,5,20.46
169,6,6,148.17
169,6,7,117.91
169,6,8,177.21
169,6,9,335.9
169,6,10,521.87
169,6,11,326.61
169,6,12,229.51
169,6,13,493.09
169,6,14,273.07
169,6,15,239.13
169,6,16,228.6
169,6,17,138.3
169,6,18,47.24
169,6,19,0.0
169,6,20,0.0
169,6,21,0.0
169,6,22,0.0
169,6,23,0.0
170,6,0,0.0
170,6,1,0.0
170,6,2,0.0
170,6,3,0.0
170,6,4,0.0
170,6,5,22.71
170,6,6,75.16
170,6,7,165.86
170,6,8,230.12
170,6,9,376.38
170,6,10,485.29
170,6,11,268.98
170,6,12,331.37
170,6,13,341.32
170,6,14,353.37
170,6,15,196.78
170,6,16,156.25
170,6,17,98.43
170,6,18,36.15
170,6,19,0.0
170,6,20,0.0
170,6,21,0.0
170,6,22,0.0
170,6,23,0.0
171,6,0,0.0
171,6,1,0.0
171,6,2,0.0
171,6,3,0.0
171,6,4,0.0
171,6,5,17.89
171,6,6,98.79
171,6,7,190.88
171,6,8,312.0
171,6,9,286.22
171,6,10,401.71
171,6,11,435.71
171,6,12,446.7
171,6,13,487.36
171,6,14,491.41
171,6,15,268.57
171,6,16,157.52
171,6,17,161.94
171,6,18,49.53
171,6,19,0.0
171,6,20,0.0
171,6,21,0.0
171,6,22,0.0
171,6,23,0.0
172,6,0,0.0
172,6,1,0.0
172,6,2,0.0
172,6,3,0.0
172,6,4,0.0
172,6,5,19.38
172,6,6,82.6
172,6,7,204.39
172,6,8,185.61
172,6,9,242.96
172,6,10,529.43
172,6,11,457.72
172,6,12,340.14
172,6,13,483.85
172,6,14,337.06
172,6,15,252.23
172,6,16,163.96
172,6,17,165.11
172,6,18,41.11
172,6,19,0.0
172,6,20,0.0
172,6,21,0.0
172,6,22,0.0
172,6,23,0.0
173,6,0,0.0
173,6,1,0.0
173,6,2,0.0
173,6,3,0.0
173,6,4,0.0
173,6,5,29.81
173,6,6,112.11
173,6,7,278.76
173,6,8,236.21
173,6,9,301.78
173,6,10,284.97
173,6,11,351.21
173,6,12,255.77
173,6,13,367.12
173,6,14,312.08
173,6,15,171.27
173,6,16,233.59
173,6,17,111.5
173,6,18,46.1
173,6,19,0.0
173,6,20,0.0
173,6,21,0.0
173,6,22,0.0
173,6,23,0.0
174,6,0,0.0
174,6,1,0.0
174,6,2,0.0
174,6,3,0.0
174,6,4,0.0
174,6,5,19.91
174,6,6,95.72
174,6,7,173.62
174,6,8,233.8
174,6,9,307.83
174,6,10,462.9
174,6,11,229.31
174,6,12,201.98
174,6,13,249.81
174,6,14,256.4
174,6,15,231.31
174,6,16,173.59
174,6,17,89.82
174,6,18,35.46
174,6,19,0.0
174,6,20,0.0
174,6,21,0.0
174,6,22,0.0
174,6,23,0.0
175,6,0,0.0
175,6,1,0.0
175,6,2,0.0
175,6,3,0.0
175,6,4,0.0
175,6,5,22.68
175,6,6,80.36
175,6,7,162.34
175,6,8,233.72
175,6,9,392.7
175,6,10,304.17
175,6,11,233.63
175,6,12,456.11
175,6,13,404.8
175,6,14,246.61
175,6,15,340.48
175,6,16,231.62
175,6,17,89.44
175,6,18,35.03
175,6,19,0.0
175,6,20,0.0
175,6,21,0.0
175,6,22,0.0
175,6,23,0.0
176,6,0,0.0
176,6,1,0.0
176,6,2,0.0
176,6,3,0.0
176,6,4,0.0
176,6,5,16.46
176,6,6,111.95
176,6,7,155.7
176,6,8,367.73
176,6,9,392.14
176,6,10,216.34
176,6,11,376.5
176,6,12,381.45
176,6,13,259.2
176,6,14,174.89
176,6,15,321.86
176,6,16,203.63
176,6,17,176.54
176,6,18,46.43
176,6,19,0.0
176,6,20,0.0
176,6,21,0.0
176,6,22,0.0
176,6,23,0.0
177,6,0,0.0
177,6,1,0.0
177,6,2,0.0
177,6,3,0.0
177,6,4,0.0
177,6,5,17.03
177,6,6,97.83
177,6,7,200.46
177,6,8,239.45
177,6,9,172.3
177,6,10,244.43
177,6,11,277.64
177,6,12,516.37
177,6,13,200.69
177,6,14,463.36
177,6,15,278.31
177,6,16,194.18
177,6,17,184.53
177,6,18,47.65
177,6,19,0.0
177,6,20,0.0
177,6,21,0.0
177,6,22,0.0
177,6,23,0.0
178,6,0,0.0
178,6,1,0.0
178,6,2,0.0
178,6,3,0.0
178,6,4,0.0
178,6,5,38.48
178,6,6,129.09
178,6,7,204.25
178,6,8,261.27
178,6,9,206.02
178,6,10,334.34
178,6,11,336.41
178,6,12,230.85
178,6,13,430.98
178,6,14,413.25
178,6,15,448.31
178,6,16,146.67
178,6,17,162.57
178,6,18,33.01
178,6,19,0.0
178,6,20,0.0
178,6,21,0.0
178,6,22,0.0
178,6,23,0.0
179,6,0,0.0
179,6,1,0.0
179,6,2,0.0
179,6,3,0.0
179,6,4,0.0
179,6,5,16.58
179,6,6,77.39
179,6,7,199.78
179,6,8,296.76
179,6,9,322.33
179,6,10,333.21
179,6,11,424.47
179,6,12,336.41
179,6,13,320.6
179,6,14,283.65
179,6,15,381.97
179,6,16,167.46
179,6,17,135.16
179,6,18,46.19
179,6,19,0.0
179,6,20,0.0
179,6,21,0.0
179,6,22,0.0
179,6,23,0.0
180,6,0,0.0
180,6,1,0.0
180,6,2,0.0
180,6,3,0.0
180,6,4,0.0
180,6,5,27.79
180,6,6,98.97
180,6,7,144.73
180,6,8,328.49
180,6,9,330.01
180,6,10,301.19
180,6,11,234.85
180,6,12,399.06
180,6,13,254.38
180,6,14,443.98
180,6,15,180.34
180,6,16,224.73
180,6,17,82.06
180,6,18,51.55
180,6,19,0.0
180,6,20,0.0
180,6,21,0.0
180,6,22,0.0
180,6,23,0.0
181,6,0,0.0
181,6,1,0.0
181,6,2,0.0
181,6,3,0.0
181,6,4,0.0
181,6,5,32.75
181,6,6,109.27
181,6,7,164.09
181,6,8,231.91
181,6,9,310.18
181,6,10,235.11
181,6,11,313.9
181,6,12,374.37
181,6,13,294.17
181,6,14,375.73
181,6,15,268.45
181,6,16,283.38
181,6,17,108.34
181,6,18,32.25
181,6,19,0.0
181,6,20,0.0
181,6,21,0.0
181,6,22,0.0
181,6,23,0.0
182,7,0,0.0
182,7,1,0.0
182,7,2,0.0
182,7,3,0.0
182,7,4,0.0
182,7,5,16.15
182,7,6,141.49
182,7,7,245.69
182,7,8,175.24
182,7,9,373.13
182,7,10,510.43
182,7,11,394.96
182,7,12,490.45
182,7,13,260.06
182,7,14,316.41
182,7,15,255.74
182,7,16,241.09
182,7,17,82.5
182,7,18,47.16
182,7,19,0.5
182,7,20,0.0
182,7,21,0.0
182,7,22,0.0
182,7,23,0.0
183,7,0,0.0
183,7,1,0.0
183,7,2,0.0
183,7,3,0.0
183,7,4,0.0
183,7,5,8.2
183,7,6,96.71
183,7,7,159.52
183,7,8,244.58
183,7,9,296.23
183,7,10,515.98
183,7,11,409.11
183,7,12,395.39
183,7,13,187.14
183,7,14,217.22
183,7,15,280.31
183,7,16,232.83
183,7,17,62.41
183,7,18,67.82
183,7,19,0.8
183,7,20,0.0
183,7,21,0.0
183,7,22,0.0
183,7,23,0.0
184,7,0,0.0
184,7,1,0.0
184,7,2,0.0
184,7,3,0.0
184,7,4,0.0
184,7,5,14.81
184,7,6,49.47
184,7,7,191.7
184,7,8,189.28
184,7,9,228.82
184,7,10,319.09
184,7,11,363.29
184,7,12,428.98
184,7,13,461.43
184,7,14,156.14
184,7,15,265.69
184,7,16,155.2
184,7,17,129.81
184,7,18,67.1
184,7,19,0.26
184,7,20,0.0
184,7,21,0.0
184,7,22,0.0
184,7,23,0.0
185,7,0,0.0
185,7,1,0.0
185,7,2,0.0
185,7,3,0.0
185,7,4,0.0
185,7,5,24.85
185,7,6,67.12
185,7,7,198.08
185,7,8,283.97
185,7,9,311.02
185,7,10,274.13
185,7,11,349.0
185,7,12,317.73
185,7,13,224.64
185,7,14,377.46
185,7,15,334.12
185,7,16,184.21
185,7,17,131.86
185,7,18,23.49
185,7,19,0.57
185,7,20,0.0
185,7,21,0.0
185,7,22,0.0
185,7,23,0.0
186,7,0,0.0
186,7,1,0.0
186,7,2,0.0
186,7,3,0.0
186,7,4,0.0
186,7,5,9.92
186,7,6,111.17
186,7,7,163.06
186,7,8,311.52
186,7,9,335.16
186,7,10,283.44
186,7,11,463.52
186,7,12,536.12
186,7,13,283.99
186,7,14,352.26
186,7,15,186.83
186,7,16,142.6
186,7,17,121.86
186,7,18,44.82
186,7,19,0.27
186,7,20,0.0
186,7,21,0.0
186,7,22,0.0
186,7,23,0.0
187,7,0,0.0
187,7,1,0.0
187,7,2,0.0
187,7,3,0.0
187,7,4,0.0
187,7,5,22.75
187,7,6,55.88
187,7,7,134.03
187,7,8,304.78
187,7,9,324.41
187,7,10,272.08
187,7,11,494.36
187,7,12,337.08
187,7,13,326.39
187,7,14,252.61
187,7,15,220.28
187,7,16,138.88
187,7,17,75.81
187,7,18,54.97
187,7,19,0.41
187,7,20,0.0
187,7,21,0.0
187,7,22,0.0
187,7,23,0.0
188,7,0,0.0
188,7,1,0.0
188,7,2,0.0
188,7,3,0.0
188,7,4,0.0
188,7,5,24.55
188,7,6,121.21
188,7,7,228.09
188,7,8,138.24
188,7,9,399.81
188,7,10,430.48
188,7,11,381.69
188,7,12,380.48
188,7,13,378.17
188,7,14,341.0
188,7,15,385.18
188,7,16,139.6
188,7,17,146.14
188,7,18,51.8
188,7,19,0.35
188,7,20,0.0
188,7,21,0.0
188,7,22,0.0
188,7,23,0.0
189,7,0,0.0
189,7,1,0.0
189,7,2,0.0
189,7,3,0.0
189,7,4,0.0
189,7,5,19.51
189,7,6,64.89
189,7,7,261.3
189,7,8,232.33
189,7,9,331.08
189,7,10,451.71
189,7,11,389.3
189,7,12,242.73
189,7,13,328.09
189,7,14,265.63
189,7,15,330.47
189,7,16,194.28
189,7,17,156.65
189,7,18,54.22
189,7,19,0.45
189,7,20,0.0
189,7,21,0.0
189,7,22,0.0
189,7,23,0.0
190,7,0,0.0
190,7,1,0.0
190,7,2,0.0
190,7,3,0.0
190,7,4,0.0
190,7,5,23.79
190,7,6,127.82
190,7,7,129.25
190,7,8,323.43
190,7,9,355.06
190,7,10,423.58
190,7,11,408.65
190,7,12,301.19
190,7,13,469.45
190,7,14,313.93
190,7,15,224.99
190,7,16,298.37
190,7,17,118.4
190,7,18,81.89
190,7,19,0.68
190,7,20,0.0
190,7,21,0.0
190,7,22,0.0
190,7,23,0.0
191,7,0,0.0
191,7,1,0.0
191,7,2,0.0
191,7,3,0.0
191,7,4,0.0
191,7,5,24.81
191,7,6,74.76
191,7,7,183.51
191,7,8,198.1
191,7,9,369.45
191,7,10,306.2
191,7,11,360.31
191,7,12,403.42
191,7,13,449.67
191,7,14,282.0
191,7,15,334.27
191,7,16,227.1
191,7,17,65.07
191,7,18,61.03
191,7,19,0.08
191,7,20,0.0
191,7,21,0.0
191,7,22,0.0
191,7,23,0.0
192,7,0,0.0
192,7,1,0.0
192,7,2,0.0
192,7,3,0.0
192,7,4,0.0
192,7,5,27.81
192,7,6,89.92
192,7,7,167.18
192,7,8,302.82
192,7,9,289.81
192,7,10,210.48
192,7,11,418.08
192,7,12,364.28
192,7,13,354.68
192,7,14,197.18
192,7,15,245.8
192,7,16,247.51
192,7,17,111.51
192,7,18,35.98
192,7,19,0.61
192,7,20,0.0
192,7,21,0.0
192,7,22,0.0
192,7,23,0.0
193,7,0,0.0
193,7,1,0.0
193,7,2,0.0
193,7,3,0.0
193,7,4,0.0
193,7,5,13.59
193,7,6,121.32
193,7,7,229.61
193,7,8,287.5
193,7,9,194.58
193,7,10,495.61
193,7,11,454.47
193,7,12,452.34
193,7,13,337.8
193,7,14,425.59
193,7,15,250.96
193,7,16,247.06
193,7,17,201.64
193,7,18,87.28
193,7,19,0.57
193,7,20,0.0
193,7,21,0.0
193,7,22,0.0
193,7,23,0.0
194,7,0,0.0
194,7,1,0.0
194,7,2,0.0
194,7,3,0.0
194,7,4,0.0
194,7,5,12.21
194,7,6,93.92
194,7,7,157.42
194,7,8,311.53
194,7,9,406.36
194,7,10,340.21
194,7,11,225.13
194,7,12,431.62
194,7,13,480.18
194,7,14,171.06
194,7,15,325.14
194,7,16,220.78
194,7,17,96.47
194,7,18,36.8
194,7,19,0.97
194,7,20,0.0
194,7,21,0.0
194,7,22,0.0
194,7,23,0.0
195,7,0,0.0
195,7,1,0.0
195,7,2,0.0
195,7,3,0.0
195,7,4,0.0
195,7,5,32.7
195,7,6,105.73
195,7,7,135.94
195,7,8,177.79
195,7,9,273.64
195,7,10,330.68
195,7,11,508.52
195,7,12,530.41
195,7,13,326.02
195,7,14,422.69
195,7,15,215.31
195,7,16,198.17
195,7,17,102.37
195,7,18,65.92
195,7,19,0.9
195,7,20,0.0
195,7,21,0.0
195,7,22,0.0
195,7,23,0.0
196,7,0,0.0
196,7,1,0.0
196,7,2,0.0
196,7,3,0.0
196,7,4,0.0
196,7,5,25.01
196,7,6,75.88
196,7,7,238.37
196,7,8,145.7
196,7,9,333.11
196,7,10,268.52
196,7,11,532.69
196,7,12,341.32
196,7,13,347.03
196,7,14,259.85
196,7,15,236.76
196,7,16,211.33
196,7,17,117.56
196,7,18,35.98
196,7,19,0.27
196,7,20,0.0
196,7,21,0.0
196,7,22,0.0
196,7,23,0.0
197,7,0,0.0
197,7,1,0.0
197,7,2,0.0
197,7,3,0.0
197,7,4,0.0
197,7,5,14.67
197,7,6,43.17
197,7,7,215.37
197,7,8,211.43
197,7,9,288.58
197,7,10,416.42
197,7,11,444.0
197,7,12,400.76
197,7,13,392.57
197,7,14,336.47
197,7,15,171.19
197,7,16,193.66
197,7,17,109.29
197,7,18,44.59
197,7,19,0.23
197,7,20,0.0
197,7,21,0.0
197,7,22,0.0
197,7,23,0.0
198,7,0,0.0
198,7,1,0.0
198,7,2,0.0
198,7,3,0.0
198,7,4,0.0
198,7,5,25.92
198,7,6,131.54
198,7,7,229.07
198,7,8,254.52
198,7,9,273.07
198,7,10,270.96
198,7,11,365.74
198,7,12,500.19
198,7,13,411.62
198,7,14,373.5
198,7,15,149.66
198,7,16,171.53
198,7,17,166.94
198,7,18,71.46
198,7,19,0.25
198,7,20,0.0
198,7,21,0.0
198,7,22,0.0
198,7,23,0.0
199,7,0,0.0
199,7,1,0.0
199,7,2,0.0
199,7,3,0.0
199,7,4,0.0
199,7,5,23.09
199,7,6,107.02
199,7,7,221.47
199,7,8,218.77
199,7,9,300.27
199,7,10,298.41
199,7,11,513.92
199,7,12,365.57
199,7,13,379.63
199,7,14,382.88
199,7,15,220.59
199,7,16,250.43
199,7,17,93.81
199,7,18,65.79
199,7,19,0.28
199,7,20,0.0
199,7,21,0.0
199,7,22,0.0
199,7,23,0.0
200,7,0,0.0
200,7,1,0.0
200,7,2,0.0
200,7,3,0.0
200,7,4,0.0
200,7,5,14.85
200,7,6,121.12
200,7,7,158.62
200,7,8,298.74
200,7,9,207.81
200,7,10,329.84
200,7,11,491.04
200,7,12,317.28
200,7,13,467.95
200,7,14,296.79
200,7,15,228.89
200,7,16,284.28
200,7,17,144.46
200,7,18,62.14
200,7,19,0.23
200,7,20,0.0
200,7,21,0.0
200,7,22,0.0
200,7,23,0.0
201,7,0,0.0
201,7,1,0.0
201,7,2,0.0
201,7,3,0.0
201,7,4,0.0
201,7,5,20.75
201,7,6,73.1
201,7,7,183.93
201,7,8,222.77
201,7,9,193.89
201,7,10,466.16
201,7,11,488.04
201,7,12,235.36
201,7,13,450.38
201,7,14,284.3
201,7,15,168.53
201,7,16,263.41
201,7,17,174.04
201,7,18,43.25
201,7,19,0.93
201,7,20,0.0
201,7,21,0.0
201,7,22,0.0
201,7,23,0.0
202,7,0,0.0
202,7,1,0.0
202,7,2,0.0
202,7,3,0.0
202,7,4,0.0
202,7,5,21.06
202,7,6,99.45
202,7,7,155.06
202,7,8,126.49
202,7,9,319.73
202,7,10,288.23
202,7,11,435.22
202,7,12,455.79
202,7,13,445.1
202,7,14,329.95
202,7,15,231.02
202,7,16,108.84
202,7,17,149.27
202,7,18,54.21
202,7,19,0.2
202,7,20,0.0
202,7,21,0.0
202,7,22,0.0
202,7,23,0.0
203,7,0,0.0
203,7,1,0.0
203,7,2,0.0
203,7,3,0.0
203,7,4,0.0
203,7,5,10.89
203,7,6,113.15
203,7,7,92.29
203,7,8,258.12
203,7,9,227.69
203,7,10,183.25
203,7,11,306.77
203,7,12,396.08
203,7,13,388.96
203,7,14,216.21
203,7,15,337.24
203,7,16,210.15
203,7,17,95.49
203,7,18,35.52
203,7,19,0.23
203,7,20,0.0
203,7,21,0.0
203,7,22,0.0
203,7,23,0.0
204,7,0,0.0
204,7,1,0.0
204,7,2,0.0
204,7,3,0.0
204,7,4,0.0
204,7,5,30.21
204,7,6,140.71
204,7,7,159.82
204,7,8,203.52
204,7,9,388.79
204,7,10,334.28
204,7,11,314.47
204,7,12,368.56
204,7,13,279.57
204,7,14,295.85
204,7,15,329.43
204,7,16,112.1
204,7,17,109.71
204,7,18,37.18
204,7,19,0.25
204,7,20,0.0
204,7,21,0.0
204,7,22,0.0
204,7,23,0.0
205,7,0,0.0
205,7,1,0.0
205,7,2,0.0
205,7,3,0.0
205,7,4,0.0
205,7,5,28.41
205,7,6,129.89
205,7,7,229.19
205,7,8,251.73
205,7,9,481.38
205,7,10,311.93
205,7,11,372.83
205,7,12,315.75
205,7,13,431.52
205,7,14,265.15
205,7,15,217.65
205,7,16,243.56
205,7,17,129.04
205,7,18,39.71
205,7,19,0.73
205,7,20,0.0
205,7,21,0.0
205,7,22,0.0
205,7,23,0.0
206,7,0,0.0
206,7,1,0.0
206,7,2,0.0
206,7,3,0.0
206,7,4,0.0
206,7,5,19.32
206,7,6,157.53
206,7,7,175.35
206,7,8,289.9
206,7,9,163.85
206,7,10,322.69
206,7,11,335.3
206,7,12,257.37
206,7,13,315.21
206,7,14,276.97
206,7,15,226.56
206,7,16,119.03
206,7,17,128.89
206,7,18,47.22
206,7,19,0.93
206,7,20,0.0
206,7,21,0.0
206,7,22,0.0
206,7,23,0.0
207,7,0,0.0
207,7,1,0.0
207,7,2,0.0
207,7,3,0.0
207,7,4,0.0
207,7,5,29.13
207,7,6,117.87
207,7,7,191.33
207,7,8,318.9
207,7,9,232.71
207,7,10,420.03
207,7,11,315.42
207,7,12,481.27
207,7,13,286.55
207,7,14,200.51
207,7,15,264.33
207,7,16,234.5
207,7,17,176.31
207,7,18,63.18
207,7,19,0.85
207,7,20,0.0
207,7,21,0.0
207,7,22,0.0
207,7,23,0.0
208,7,0,0.0
208,7,1,0.0
208,7,2,0.0
208,7,3,0.0
208,7,4,0.0
208,7,5,11.65
208,7,6,103.44
208,7,7,161.33
208,7,8,236.87
208,7,9,213.0
208,7,10,305.85
208,7,11,276.65
208,7,12,530.39
208,7,13,310.44
208,7,14,264.7
208,7,15,320.45
208,7,16,191.31
208,7,17,173.2
208,7,18,35.73
208,7,19,0.21
208,7,20,0.0
208,7,21,0.0
208,7,22,0.0
208,7,23,0.0
209,7,0,0.0
209,7,1,0.0
209,7,2,0.0
209,7,3,0.0
209,7,4,0.0
209,7,5,24.8
209,7,6,123.48
209,7,7,133.13
209,7,8,99.21
209,7,9,266.18
209,7,10,312.01
209,7,11,351.96
209,7,12,454.76
209,7,13,424.47
209,7,14,224.72
209,7,15,264.54
209,7,16,163.88
209,7,17,107.42
209,7,18,32.09
209,7,19,0.68
209,7,20,0.0
209,7,21,0.0
209,7,22,0.0
209,7,23,0.0
210,7,0,0.0
210,7,1,0.0
210,7,2,0.0
210,7,3,0.0
210,7,4,0.0
210,7,5,28.4
210,7,6,135.35
210,7,7,200.86
210,7,8,192.2
210,7,9,258.78
210,7,10,479.67
210,7,11,578.87
210,7,12,492.61
210,7,13,312.38
210,7,14,316.41
210,7,15,288.74
210,7,16,189.63
210,7,17,127.64
210,7,18,39.47
210,7,19,0.94
210,7,20,0.0
210,7,21,0.0
210,7,22,0.0
210,7,23,0.0
211,7,0,0.0
211,7,1,0.0
211,7,2,0.0
211,7,3,0.0
211,7,4,0.0
211,7,5,16.54
211,7,6,89.24
211,7,7,166.31
211,7,8,233.51
211,7,9,451.87
211,7,10,365.31
211,7,11,391.42
211,7,12,226.56
211,7,13,334.21
211,7,14,300.49
211,7,15,262.07
211,7,16,135.65
211,7,17,109.4
211,7,18,56.65
211,7,19,0.35
211,7,20,0.0
211,7,21,0.0
211,7,22,0.0
211,7,23,0.0
212,7,0,0.0
212,7,1,0.0
212,7,2,0.0
212,7,3,0.0
212,7,4,0.0
212,7,5,10.73
212,7,6,128.88
212,7,7,229.32
212,7,8,242.78
212,7,9,299.04
212,7,10,326.27
212,7,11,381.61
212,7,12,384.29
212,7,13,394.17
212,7,14,514.71
212,7,15,295.0
212,7,16,319.82
212,7,17,183.96
212,7,18,38.84
212,7,19,0.24
212,7,20,0.0
212,7,21,0.0
212,7,22,0.0
212,7,23,0.0
213,8,0,0.0
213,8,1,0.0
213,8,2,0.0
213,8,3,0.0
213,8,4,0.0
213,8,5,7.06
213,8,6,65.45
213,8,7,189.91
213,8,8,290.33
213,8,9,216.69
213,8,10,299.5
213,8,11,336.91
213,8,12,223.08
213,8,13,172.47
213,8,14,329.17
213,8,15,319.09
213,8,16,167.48
213,8,17,67.36
213,8,18,44.95
213,8,19,0.0
213,8,20,0.0
213,8,21,0.0
213,8,22,0.0
213,8,23,0.0
214,8,0,0.0
214,8,1,0.0
214,8,2,0.0
214,8,3,0.0
214,8,4,0.0
214,8,5,13.47
214,8,6,94.62
214,8,7,208.0
214,8,8,332.71
214,8,9,333.04
214,8,10,476.33
214,8,11,456.9
214,8,12,363.92
214,8,13,555.42
214,8,14,293.07
214,8,15,338.94
214,8,16,128.26
214,8,17,117.97
214,8,18,48.24
214,8,19,0.0
214,8,20,0.0
214,8,21,0.0
214,8,22,0.0
214,8,23,0.0
215,8,0,0.0
215,8,1,0.0
215,8,2,0.0
215,8,3,0.0
215,8,4,0.0
215,8,5,11.0
215,8,6,48.57
215,8,7,183.16
215,8,8,137.12
215,8,9,269.87
215,8,10,419.38
215,8,11,333.6
215,8,12,326.48
215,8,13,261.39
215,8,14,298.79
215,8,15,299.86
215,8,16,235.04
215,8,17,142.45
215,8,18,49.7
215,8,19,0.0
215,8,20,0.0
215,8,21,0.0
215,8,22,0.0
215,8,23,0.0
216,8,0,0.0
216,8,1,0.0
216,8,2,0.0
216,8,3,0.0
216,8,4,0.0
216,8,5,19.92
216,8,6,94.24
216,8,7,179.23
216,8,8,229.62
216,8,9,411.47
216,8,10,298.0
216,8,11,284.06
216,8,12,302.97
216,8,13,321.14
216,8,14,402.69
216,8,15,203.11
216,8,16,201.01
216,8,17,132.33
216,8,18,69.87
216,8,19,0.0
216,8,20,0.0
216,8,21,0.0
216,8,22,0.0
216,8,23,0.0
217,8,0,0.0
217,8,1,0.0
217,8,2,0.0
217,8,3,0.0
217,8,4,0.0
217,8,5,7.56
217,8,6,93.94
217,8,7,177.74
217,8,8,235.5
217,8,9,311.27
217,8,10,346.28
217,8,11,346.97
217,8,12,307.03
217,8,13,477.68
217,8,14,294.98
217,8,15,389.58
217,8,16,189.36
217,8,17,130.31
217,8,18,40.64
217,8,19,0.0
217,8,20,0.0
217,8,21,0.0
217,8,22,0.0
217,8,23,0.0
218,8,0,0.0
218,8,1,0.0
218,8,2,0.0
218,8,3,0.0
218,8,4,0.0
218,8,5,10.07
218,8,6,95.73
218,8,7,171.44
218,8,8,239.76
218,8,9,498.65
218,8,10,297.5
218,8,11,184.54
218,8,12,314.24
218,8,13,422.58
218,8,14,257.11
218,8,15,244.45
218,8,16,240.67
218,8,17,93.3
218,8,18,50.69
218,8,19,0.0
218,8,20,0.0
218,8,21,0.0
218,8,22,0.0
218,8,23,0.0
219,8,0,0.0
219,8,1,0.0
219,8,2,0.0
219,8,3,0.0
219,8,4,0.0
219,8,5,13.94
219,8,6,74.12
219,8,7,108.09
219,8,8,364.05
219,8,9,164.8
219,8,10,238.13
219,8,11,525.59
219,8,12,376.75
219,8,13,205.31
219,8,14,393.1
219,8,15,315.45
219,8,16,266.46
219,8,17,130.67
219,8,18,45.86
219,8,19,0.0
219,8,20,0.0
219,8,21,0.0
219,8,22,0.0
219,8,23,0.0
220,8,0,0.0
220,8,1,0.0
220,8,2,0.0
220,8,3,0.0
220,8,4,0.0
220,8,5,5.53
220,8,6,45.97
220,8,7,158.13
220,8,8,298.33
220,8,9,330.56
220,8,10,238.68
220,8,11,370.47
220,8,12,375.83
220,8,13,435.39
220,8,14,190.48
220,8,15,444.92
220,8,16,196.83
220,8,17,222.97
220,8,18,50.49
220,8,19,0.0
220,8,20,0.0
220,8,21,0.0
220,8,22,0.0
220,8,23,0.0
221,8,0,0.0
221,8,1,0.0
221,8,2,0.0
221,8,3,0.0
221,8,4,0.0
221,8,5,13.51
221,8,6,104.37
221,8,7,212.46
221,8,8,168.26
221,8,9,222.38
221,8,10,396.17
221,8,11,480.36
221,8,12,325.29
221,8,13,398.97
221,8,14,368.68
221,8,15,380.14
221,8,16,286.3
221,8,17,123.67
221,8,18,66.09
221,8,19,0.0
221,8,20,0.0
221,8,21,0.0
221,8,22,0.0
221,8,23,0.0
222,8,0,0.0
222,8,1,0.0
222,8,2,0.0
222,8,3,0.0
222,8,4,0.0
222,8,5,7.85
222,8,6,66.56
222,8,7,141.93
222,8,8,109.86
222,8,9,264.22
222,8,10,294.99
222,8,11,446.62
222,8,12,438.27
222,8,13,272.66
222,8,14,345.34
222,8,15,316.29
222,8,16,187.98
222,8,17,131.05
222,8,18,35.39
222,8,19,0.0
222,8,20,0.0
222,8,21,0.0
222,8,22,0.0
222,8,23,0.0
223,8,0,0.0
223,8,1,0.0
223,8,2,0.0
223,8,3,0.0
223,8,4,0.0
223,8,5,11.03
223,8,6,51.4
223,8,7,94.24
223,8,8,230.42
223,8,9,304.25
223,8,10,323.93
223,8,11,374.31
223,8,12,348.47
223,8,13,326.99
223,8,14,308.3
223,8,15,264.58
223,8,16,151.16
223,8,17,78.07
223,8,18,55.7
223,8,19,0.0
223,8,20,0.0
223,8,21,0.0
223,8,22,0.0
223,8,23,0.0
224,8,0,0.0
224,8,1,0.0
224,8,2,0.0
224,8,3,0.0
224,8,4,0.0
224,8,5,13.4
224,8,6,88.07
224,8,7,156.57
224,8,8,384.67
224,8,9,212.03
224,8,10,321.17
224,8,11,462.48
224,8,12,402.81
224,8,13,406.88
224,8,14,261.78
224,8,15,124.14
224,8,16,142.29
224,8,17,107.9
224,8,18,34.3
224,8,19,0.0
224,8,20,0.0
224,8,21,0.0
224,8,22,0.0
224,8,23,0.0
225,8,0,0.0
225,8,1,0.0
225,8,2,0.0
225,8,3,0.0
225,8,4,0.0
225,8,5,12.32
225,8,6,70.36
225,8,7,215.41
225,8,8,155.52
225,8,9,220.6
225,8,10,368.23
225,8,11,597.08
225,8,12,203.69
225,8,13,363.84
225,8,14,362.81
225,8,15,336.52
225,8,16,225.52
225,8,17,106.03
225,8,18,48.54
225,8,19,0.0
225,8,20,0.0
225,8,21,0.0
225,8,22,0.0
225,8,23,0.0
226,8,0,0.0
226,8,1,0.0
226,8,2,0.0
226,8,3,0.0
226,8,4,0.0
226,8,5,6.9
226,8,6,100.25
226,8,7,190.5
226,8,8,336.14
226,8,9,375.9
226,8,10,379.22
226,8,11,263.1
226,8,12,331.24
226,8,13,344.76
226,8,14,233.4
226,8,15,191.94
226,8,16,269.35
226,8,17,113.55
226,8,18,52.69
226,8,19,0.0
226,8,20,0.0
226,8,21,0.0
226,8,22,0.0
226,8,23,0.0
227,8,0,0.0
227,8,1,0.0
227,8,2,0.0
227,8,3,0.0
227,8,4,0.0
227,8,5,14.6
227,8,6,76.91
227,8,7,160.97
227,8,8,250.45
227,8,9,266.63
227,8,10,287.75
227,8,11,518.17
227,8,12,443.74
227,8,13,398.21
227,8,14,387.3
227,8,15,236.03
227,8,16,266.34
227,8,17,108.14
227,8,18,38.19
227,8,19,0.0
227,8,20,0.0
227,8,21,0.0
227,8,22,0.0
227,8,23,0.0
228,8,0,0.0
228,8,1,0.0
228,8,2,0.0
228,8,3,0.0
228,8,4,0.0
228,8,5,7.4
228,8,6,81.2
228,8,7,213.42
228,8,8,181.51
228,8,9,179.95
228,8,10,350.47
228,8,11,338.4
228,8,12,303.76
228,8,13,254.14
228,8,14,410.61
228,8,15,327.51
228,8,16,241.93
228,8,17,118.63
228,8,18,21.1
228,8,19,0.0
228,8,20,0.0
228,8,21,0.0
228,8,22,0.0
228,8,23,0.0
229,8,0,0.0
229,8,1,0.0
229,8,2,0.0
229,8,3,0.0
229,8,4,0.0
229,8,5,6.6
229,8,6,77.59
229,8,7,206.12
229,8,8,226.03
229,8,9,216.21
229,8,10,302.27
229,8,11,472.88
229,8,12,353.7
229,8,13,430.31
229,8,14,404.58
229,8,15,249.55
229,8,16,307.95
229,8,17,123.38
229,8,18,46.1
229,8,19,0.0
229,8,20,0.0
229,8,21,0.0
229,8,22,0.0
229,8,23,0.0
230,8,0,0.0
230,8,1,0.0
230,8,2,0.0
230,8,3,0.0
230,8,4,0.0
230,8,5,5.7
230,8,6,87.95
230,8,7,160.16
230,8,8,158.97
230,8,9,324.36
230,8,10,342.57
230,8,11,380.2
230,8,12,478.37
230,8,13,380.21
230,8,14,329.05
230,8,15,336.93
230,8,16,235.98
230,8,17,108.83
230,8,18,42.2
230,8,19,0.0
230,8,20,0.0
230,8,21,0.0
230,8,22,0.0
230,8,23,0.0
231,8,0,0.0
231,8,1,0.0
231,8,2,0.0
231,8,3,0.0
231,8,4,0.0
231,8,5,10.68
231,8,6,118.91
231,8,7,143.54
231,8,8,248.8
231,8,9,236.18
231,8,10,250.57
231,8,11,313.64
231,8,12,366.58
231,8,13,387.92
231,8,14,261.21
231,8,15,208.94
231,8,16,172.08
231,8,17,69.17
231,8,18,43.35
231,8,19,0.0
231,8,20,0.0
231,8,21,0.0
231,8,22,0.0
231,8,23,0.0
232,8,0,0.0
232,8,1,0.0
232,8,2,0.0
232,8,3,0.0
232,8,4,0.0
232,8,5,12.66
232,8,6,91.25
232,8,7,167.36
232,8,8,204.37
232,8,9,389.46
232,8,10,353.68
232,8,11,492.56
232,8,12,473.33
232,8,13,397.45
232,8,14,259.99
232,8,15,320.69
232,8,16,120.56
232,8,17,120.45
232,8,18,33.68
232,8,19,0.0
232,8,20,0.0
232,8,21,0.0
232,8,22,0.0
232,8,23,0.0
233,8,0,0.0
233,8,1,0.0
233,8,2,0.0
233,8,3,0.0
233,8,4,0.0
233,8,5,14.06
233,8,6,79.49
233,8,7,157.48
233,8,8,269.11
233,8,9,343.93
233,8,10,453.42
233,8,11,274.88
233,8,12,486.99
233,8,13,463.42
233,8,14,359.5
233,8,15,282.81
233,8,16,193.33
233,8,17,133.57
233,8,18,29.75
233,8,19,0.0
233,8,20,0.0
233,8,21,0.0
233,8,22,0.0
233,8,23,0.0
234,8,0,0.0
234,8,1,0.0
234,8,2,0.0
234,8,3,0.0
234,8,4,0.0
234,8,5,15.24
234,8,6,94.01
234,8,7,135.25
234,8,8,278.06
234,8,9,328.7
234,8,10,351.33
234,8,11,422.9
234,8,12,534.59
234,8,13,395.47
234,8,14,295.95
234,8,15,332.5
234,8,16,171.26
234,8,17,142.05
234,8,18,41.57
234,8,19,0.0
234,8,20,0.0
234,8,21,0.0
234,8,22,0.0
234,8,23,0.0
235,8,0,0.0
235,8,1,0.0
235,8,2,0.0
235,8,3,0.0
235,8,4,0.0
235,8,5,15.92
235,8,6,93.87
235,8,7,163.38
235,8,8,264.91
235,8,9,228.63
235,8,10,313.39
235,8,11,423.12
235,8,12,228.1
235,8,13,466.04
235,8,14,250.41
235,8,15,219.16
235,8,16,240.75
235,8,17,194.95
235,8,18,31.74
235,8,19,0.0
235,8,20,0.0
235,8,21,0.0
235,8,22,0.0
235,8,23,0.0
236,8,0,0.0
236,8,1,0.0
236,8,2,0.0
236,8,3,0.0
236,8,4,0.0
236,8,5,11.11
236,8,6,86.26
236,8,7,97.87
236,8,8,208.46
236,8,9,297.24
236,8,10,538.08
236,8,11,496.0
236,8,12,324.01
236,8,13,286.86
236,8,14,266.14
236,8,15,320.61
236,8,16,271.14
236,8,17,173.56
236,8,18,61.95
236,8,19,0.0
236,8,20,0.0
236,8,21,0.0
236,8,22,0.0
236,8,23,0.0
237,8,0,0.0
237,8,1,0.0
237,8,2,0.0
237,8,3,0.0
237,8,4,0.0
237,8,5,9.82
237,8,6,115.08
237,8,7,174.56
237,8,8,193.43
237,8,9,198.74
237,8,10,368.38
237,8,11,316.05
237,8,12,337.58
237,8,13,256.32
237,8,14,329.71
237,8,15,259.16
237,8,16,187.14
237,8,17,101.22
237,8,18,56.71
237,8,19,0.0
237,8,20,0.0
237,8,21,0.0
237,8,22,0.0
237,8,23,0.0
238,8,0,0.0
238,8,1,0.0
238,8,2,0.0
238,8,3,0.0
238,8,4,0.0
238,8,5,13.01
238,8,6,110.49
238,8,7,257.26
238,8,8,123.01
238,8,9,302.38
238,8,10,269.1
238,8,11,554.35
238,8,12,506.48
238,8,13,396.99
238,8,14,466.05
238,8,15,340.03
238,8,16,330.88
238,8,17,76.19
238,8,18,51.8
238,8,19,0.0
238,8,20,0.0
238,8,21,0.0
238,8,22,0.0
238,8,23,0.0
239,8,0,0.0
239,8,1,0.0
239,8,2,0.0
239,8,3,0.0
239,8,4,0.0
239,8,5,9.27
239,8,6,77.94
239,8,7,192.24
239,8,8,336.22
239,8,9,217.98
239,8,10,344.75
239,8,11,185.87
239,8,12,493.69
239,8,13,399.21
239,8,14,437.09
239,8,15,139.01
239,8,16,124.15
239,8,17,147.58
239,8,18,35.31
239,8,19,0.0
239,8,20,0.0
239,8,21,0.0
239,8,22,0.0
239,8,23,0.0
240,8,0,0.0
240,8,1,0.0
240,8,2,0.0
240,8,3,0.0
240,8,4,0.0
240,8,5,5.52
240,8,6,65.17
240,8,7,201.52
240,8,8,170.42
240,8,9,217.16
240,8,10,370.02
240,8,11,509.5
240,8,12,182.95
240,8,13,327.83
240,8,14,308.04
240,8,15,164.44
240,8,16,279.91
240,8,17,91.16
240,8,18,29.98
240,8,19,0.0
240,8,20,0.0
240,8,21,0.0
240,8,22,0.0
240,8,23,0.0
241,8,0,0.0
241,8,1,0.0
241,8,2,0.0
241,8,3,0.0
241,8,4,0.0
241,8,5,7.18
241,8,6,63.66
241,8,7,161.4
241,8,8,241.34
241,8,9,352.54
241,8,10,329.17
241,8,11,287.2
241,8,12,328.74
241,8,13,277.12
241,8,14,361.46
241,8,15,252.28
241,8,16,192.91
241,8,17,160.96
241,8,18,52.62
241,8,19,0.0
241,8,20,0.0
241,8,21,0.0
241,8,22,0.0
241,8,23,0.0
242,8,0,0.0
242,8,1,0.0
242,8,2,0.0
242,8,3,0.0
242,8,4,0.0
242,8,5,12.7
242,8,6,112.25
242,8,7,171.78
242,8,8,259.14
242,8,9,188.64
242,8,10,228.21
242,8,11,445.99
242,8,12,449.37
242,8,13,367.28
242,8,14,360.17
242,8,15,198.16
242,8,16,205.79
242,8,17,109.18
242,8,18,32.87
242,8,19,0.0
242,8,20,0.0
242,8,21,0.0
242,8,22,0.0
242,8,23,0.0
243,8,0,0.0
243,8,1,0.0
243,8,2,0.0
243,8,3,0.0
243,8,4,0.0
243,8,5,6.34
243,8,6,112.45
243,8,7,148.04
243,8,8,287.58
243,8,9,174.66
243,8,10,342.5
243,8,11,450.08
243,8,12,264.98
243,8,13,320.34
243,8,14,235.56
243,8,15,298.07
243,8,16,201.69
243,8,17,165.76
243,8,18,67.55
243,8,19,0.0
243,8,20,0.0
243,8,21,0.0
243,8,22,0.0
243,8,23,0.0
244,9,0,0.0
244,9,1,0.0
244,9,2,0.0
244,9,3,0.0
244,9,4,0.0
244,9,5,0.77
244,9,6,35.46
244,9,7,105.65
244,9,8,231.95
244,9,9,228.69
244,9,10,216.9
244,9,11,461.9
244,9,12,262.23
244,9,13,293.85
244,9,14,262.75
244,9,15,171.25
244,9,16,145.57
244,9,17,81.63
244,9,18,1.64
244,9,19,0.0
244,9,20,0.0
244,9,21,0.0
244,9,22,0.0
244,9,23,0.0
245,9,0,0.0
245,9,1,0.0
245,9,2,0.0
245,9,3,0.0
245,9,4,0.0
245,9,5,1.58
245,9,6,62.51
245,9,7,122.51
245,9,8,122.7
245,9,9,333.71
245,9,10,398.27
245,9,11,231.84
245,9,12,449.33
245,9,13,180.46
245,9,14,300.68
245,9,15,364.42
245,9,16,185.79
245,9,17,78.96
245,9,18,1.06
245,9,19,0.0
245,9,20,0.0
245,9,21,0.0
245,9,22,0.0
245,9,23,0.0
246,9,0,0.0
246,9,1,0.0
246,9,2,0.0
246,9,3,0.0
246,9,4,0.0
246,9,5,2.93
246,9,6,59.37
246,9,7,161.55
246,9,8,211.14
246,9,9,379.95
246,9,10,492.96
246,9,11,291.03
246,9,12,471.73
246,9,13,337.52
246,9,14,335.23
246,9,15,215.63
246,9,16,228.25
246,9,17,78.18
246,9,18,2.62
246,9,19,0.0
246,9,20,0.0
246,9,21,0.0
246,9,22,0.0
246,9,23,0.0
247,9,0,0.0
247,9,1,0.0
247,9,2,0.0
247,9,3,0.0
247,9,4,0.0
247,9,5,3.24
247,9,6,50.57
247,9,7,162.5
247,9,8,291.39
247,9,9,253.05
247,9,10,387.18
247,9,11,363.25
247,9,12,335.74
247,9,13,283.41
247,9,14,386.31
247,9,15,298.35
247,9,16,98.14
247,9,17,54.27
247,9,18,3.12
247,9,19,0.0
247,9,20,0.0
247,9,21,0.0
247,9,22,0.0
247,9,23,0.0
248,9,0,0.0
248,9,1,0.0
248,9,2,0.0
248,9,3,0.0
248,9,4,0.0
248,9,5,0.48
248,9,6,76.1
248,9,7,243.24
248,9,8,237.18
248,9,9,438.1
248,9,10,476.73
248,9,11,317.69
248,9,12,422.05
248,9,13,306.43
248,9,14,406.5
248,9,15,214.55
248,9,16,148.83
248,9,17,76.7
248,9,18,2.56
248,9,19,0.0
248,9,20,0.0
248,9,21,0.0
248,9,22,0.0
248,9,23,0.0
249,9,0,0.0
249,9,1,0.0
249,9,2,0.0
249,9,3,0.0
249,9,4,0.0
249,9,5,0.59
249,9,6,70.79
249,9,7,166.89
249,9,8,287.38
249,9,9,270.69
249,9,10,203.75
249,9,11,339.4
249,9,12,346.42
249,9,13,470.14
249,9,14,236.71
249,9,15,373.74
249,9,16,166.47
249,9,17,54.66
249,9,18,2.78
249,9,19,0.0
249,9,20,0.0
249,9,21,0.0
249,9,22,0.0
249,9,23,0.0
250,9,0,0.0
250,9,1,0.0
250,9,2,0.0
250,9,3,0.0
250,9,4,0.0
250,9,5,2.22
250,9,6,71.35
250,9,7,149.79
250,9,8,156.78
250,9,9,240.17
250,9,10,475.2
250,9,11,597.17
250,9,12,512.4
250,9,13,299.17
250,9,14,303.55
250,9,15,349.36
250,9,16,163.3
250,9,17,57.9
250,9,18,4.02
250,9,19,0.0
250,9,20,0.0
250,9,21,0.0
250,9,22,0.0
250,9,23,0.0
251,9,0,0.0
251,9,1,0.0
251,9,2,0.0
251,9,3,0.0
251,9,4,0.0
251,9,5,0.8
251,9,6,34.47
251,9,7,183.08
251,9,8,298.99
251,9,9,311.99
251,9,10,389.56
251,9,11,449.15
251,9,12,365.39
251,9,13,266.71
251,9,14,347.32
251,9,15,262.14
251,9,16,122.33
251,9,17,72.98
251,9,18,0.93
251,9,19,0.0
251,9,20,0.0
251,9,21,0.0
251,9,22,0.0
251,9,23,0.0
252,9,0,0.0
252,9,1,0.0
252,9,2,0.0
252,9,3,0.0
252,9,4,0.0
252,9,5,1.43
252,9,6,69.29
252,9,7,180.64
252,9,8,142.82
252,9,9,233.63
252,9,10,237.46
252,9,11,535.09
252,9,12,394.46
252,9,13,331.77
252,9,14,254.92
252,9,15,271.61
252,9,16,140.27
252,9,17,76.24
252,9,18,0.77
252,9,19,0.0
252,9,20,0.0
252,9,21,0.0
252,9,22,0.0
252,9,23,0.0
253,9,0,0.0
253,9,1,0.0
253,9,2,0.0
253,9,3,0.0
253,9,4,0.0
253,9,5,0.72
253,9,6,74.21
253,9,7,143.62
253,9,8,342.98
253,9,9,268.66
253,9,10,338.31
253,9,11,371.28
253,9,12,270.51
253,9,13,437.51
253,9,14,355.34
253,9,15,212.13
253,9,16,132.26
253,9,17,37.22
253,9,18,2.29
253,9,19,0.0
253,9,20,0.0
253,9,21,0.0
253,9,22,0.0
253,9,23,0.0
254,9,0,0.0
254,9,1,0.0
254,9,2,0.0
254,9,3,0.0
254,9,4,0.0
254,9,5,3.12
254,9,6,79.52
254,9,7,135.82
254,9,8,216.82
254,9,9,441.88
254,9,10,328.94
254,9,11,382.3
254,9,12,503.03
254,9,13,392.96
254,9,14,279.74
254,9,15,340.52
254,9,16,140.42
254,9,17,43.59
254,9,18,3.49
254,9,19,0.0
254,9,20,0.0
254,9,21,0.0
254,9,22,0.0
254,9,23,0.0
255,9,0,0.0
255,9,1,0.0
255,9,2,0.0
255,9,3,0.0
255,9,4,0.0
255,9,5,3.16
255,9,6,98.22
255,9,7,192.94
255,9,8,303.43
255,9,9,265.28
255,9,10,502.79
255,9,11,337.56
255,9,12,330.61
255,9,13,402.15
255,9,14,142.7
255,9,15,340.87
255,9,16,166.61
255,9,17,78.61
255,9,18,3.69
255,9,19,0.0
255,9,20,0.0
255,9,21,0.0
255,9,22,0.0
255,9,23,0.0
256,9,0,0.0
256,9,1,0.0
256,9,2,0.0
256,9,3,0.0
256,9,4,0.0
256,9,5,3.11
256,9,6,33.46
256,9,7,138.2
256,9,8,377.06
256,9,9,376.96
256,9,10,290.11
256,9,11,365.55
256,9,12,608.78
256,9,13,269.69
256,9,14,223.95
256,9,15,307.32
256,9,16,125.67
256,9,17,57.26
256,9,18,3.02
256,9,19,0.0
256,9,20,0.0
256,9,21,0.0
256,9,22,0.0
256,9,23,0.0
257,9,0,0.0
257,9,1,0.0
257,9,2,0.0
257,9,3,0.0
257,9,4,0.0
257,9,5,2.07
257,9,6,48.88
257,9,7,135.04
257,9,8,172.55
257,9,9,251.74
257,9,10,295.73
257,9,11,313.19
257,9,12,242.31
257,9,13,384.75
257,9,14,279.39
257,9,15,167.96
257,9,16,122.52
257,9,17,85.23
257,9,18,1.48
257,9,19,0.0
257,9,20,0.0
257,9,21,0.0
257,9,22,0.0
257,9,23,0.0
258,9,0,0.0
258,9,1,0.0
258,9,2,0.0
258,9,3,0.0
258,9,4,0.0
258,9,5,2.77
258,9,6,58.45
258,9,7,155.68
258,9,8,201.33
258,9,9,341.81
258,9,10,287.39
258,9,11,290.71
258,9,12,200.17
258,9,13,437.9
258,9,14,329.12
258,9,15,93.72
258,9,16,220.63
258,9,17,56.5
258,9,18,1.0
258,9,19,0.0
258,9,20,0.0
258,9,21,0.0
258,9,22,0.0
258,9,23,0.0
259,9,0,0.0
259,9,1,0.0
259,9,2,0.0
259,9,3,0.0
259,9,4,0.0
259,9,5,3.5
259,9,6,74.63
259,9,7,160.21
259,9,8,171.28
259,9,9,207.16
259,9,10,295.55
259,9,11,142.57
259,9,12,247.3
259,9,13,367.72
259,9,14,307.15
259,9,15,218.66
259,9,16,199.37
259,9,17,51.87
259,9,18,2.94
259,9,19,0.0
259,9,20,0.0
259,9,21,0.0
259,9,22,0.0
259,9,23,0.0
260,9,0,0.0
260,9,1,0.0
260,9,2,0.0
260,9,3,0.0
260,9,4,0.0
260,9,5,3.3
260,9,6,72.96
260,9,7,172.26
260,9,8,254.47
260,9,9,268.68
260,9,10,443.49
260,9,11,508.53
260,9,12,596.2
260,9,13,355.4
260,9,14,168.92
260,9,15,193.79
260,9,16,210.06
260,9,17,73.92
260,9,18,1.91
260,9,19,0.0
260,9,20,0.0
260,9,21,0.0
260,9,22,0.0
260,9,23,0.0
261,9,0,0.0
261,9,1,0.0
261,9,2,0.0
261,9,3,0.0
261,9,4,0.0
261,9,5,2.38
261,9,6,89.71
261,9,7,153.77
261,9,8,183.85
261,9,9,376.97
261,9,10,412.64
261,9,11,332.89
261,9,12,374.53
261,9,13,249.69
261,9,14,234.94
261,9,15,131.1
261,9,16,85.73
261,9,17,88.15
261,9,18,2.48
261,9,19,0.0
261,9,20,0.0
261,9,21,0.0
261,9,22,0.0
261,9,23,0.0
262,9,0,0.0
262,9,1,0.0
262,9,2,0.0
262,9,3,0.0
262,9,4,0.0
262,9,5,3.16
262,9,6,76.27
262,9,7,187.01
262,9,8,230.07
262,9,9,212.9
262,9,10,294.29
262,9,11,510.72
262,9,12,267.15
262,9,13,331.6
262,9,14,194.19
262,9,15,268.56
262,9,16,176.28
262,9,17,43.41
262,9,18,0.74
262,9,19,0.0
262,9,20,0.0
262,9,21,0.0
262,9,22,0.0
262,9,23,0.0
263,9,0,0.0
263,9,1,0.0
263,9,2,0.0
263,9,3,0.0
263,9,4,0.0
263,9,5,3.34
263,9,6,93.74
263,9,7,151.88
263,9,8,171.48
263,9,9,231.2
263,9,10,327.66
263,9,11,464.49
263,9,12,316.22
263,9,13,471.97
263,9,14,216.15
263,9,15,237.72
263,9,16,151.06
263,9,17,64.62
263,9,18,1.57
263,9,19,0.0
263,9,20,0.0
263,9,21,0.0
263,9,22,0.0
263,9,23,0.0
264,9,0,0.0
264,9,1,0.0
264,9,2,0.0
264,9,3,0.0
264,9,4,0.0
264,9,5,0.91
264,9,6,85.33
264,9,7,211.47
264,9,8,207.9
264,9,9,192.71
264,9,10,347.77
264,9,11,372.17
264,9,12,179.74
264,9,13,418.97
264,9,14,441.33
264,9,15,207.88
264,9,16,184.31
264,9,17,102.03
264,9,18,3.05
264,9,19,0.0
264,9,20,0.0
264,9,21,0.0
264,9,22,0.0
264,9,23,0.0
265,9,0,0.0
265,9,1,0.0
265,9,2,0.0
265,9,3,0.0
265,9,4,0.0
265,9,5,1.78
265,9,6,84.61
265,9,7,118.02
265,9,8,293.93
265,9,9,338.17
265,9,10,305.84
265,9,11,370.26
265,9,12,403.59
265,9,13,385.82
265,9,14,232.3
265,9,15,182.34
265,9,16,211.44
265,9,17,74.68
265,9,18,1.81
265,9,19,0.0
265,9,20,0.0
265,9,21,0.0
265,9,22,0.0
265,9,23,0.0
266,9,0,0.0
266,9,1,0.0
266,9,2,0.0
266,9,3,0.0
266,9,4,0.0
266,9,5,0.75
266,9,6,59.78
266,9,7,149.05
266,9,8,251.66
266,9,9,236.25
266,9,10,337.01
266,9,11,333.13
266,9,12,397.28
266,9,13,233.42
266,9,14,379.83
266,9,15,297.74
266,9,16,191.81
266,9,17,69.21
266,9,18,1.04
266,9,19,0.0
266,9,20,0.0
266,9,21,0.0
266,9,22,0.0
266,9,23,0.0
267,9,0,0.0
267,9,1,0.0
267,9,2,0.0
267,9,3,0.0
267,9,4,0.0
267,9,5,2.6
267,9,6,78.04
267,9,7,180.58
267,9,8,336.07
267,9,9,383.6
267,9,10,145.02
267,9,11,439.57
267,9,12,407.85
267,9,13,393.65
267,9,14,279.76
267,9,15,191.54
267,9,16,146.62
267,9,17,44.17
267,9,18,3.84
267,9,19,0.0
267,9,20,0.0
267,9,21,0.0
267,9,22,0.0
267,9,23,0.0
268,9,0,0.0
268,9,1,0.0
268,9,2,0.0
268,9,3,0.0
268,9,4,0.0
268,9,5,2.86
268,9,6,66.8
268,9,7,153.36
268,9,8,318.05
268,9,9,281.93
268,9,10,478.78
268,9,11,435.03
268,9,12,376.83
268,9,13,327.88
268,9,14,162.32
268,9,15,226.89
268,9,16,110.86
268,9,17,71.03
268,9,18,1.78
268,9,19,0.0
268,9,20,0.0
268,9,21,0.0
268,9,22,0.0
268,9,23,0.0
269,9,0,0.0
269,9,1,0.0
269,9,2,0.0
269,9,3,0.0
269,9,4,0.0
269,9,5,0.88
269,9,6,78.5
269,9,7,134.97
269,9,8,193.62
269,9,9,201.4
269,9,10,384.65
269,9,11,297.7
269,9,12,358.93
269,9,13,327.92
269,9,14,300.38
269,9,15,156.32
269,9,16,223.35
269,9,17,90.1
269,9,18,0.71
269,9,19,0.0
269,9,20,0.0
269,9,21,0.0
269,9,22,0.0
269,9,23,0.0
270,9,0,0.0
270,9,1,0.0
270,9,2,0.0
270,9,3,0.0
270,9,4,0.0
270,9,5,2.87
270,9,6,81.51
270,9,7,168.92
270,9,8,259.34
270,9,9,180.7
270,9,10,262.12
270,9,11,434.39
270,9,12,289.73
270,9,13,266.22
270,9,14,280.39
270,9,15,260.65
270,9,16,149.07
270,9,17,60.84
270,9,18,3.44
270,9,19,0.0
270,9,20,0.0
270,9,21,0.0
270,9,22,0.0
270,9,23,0.0
271,9,0,0.0
271,9,1,0.0
271,9,2,0.0
271,9,3,0.0
271,9,4,0.0
271,9,5,2.45
271,9,6,42.09
271,9,7,175.35
271,9,8,162.48
271,9,9,289.61
271,9,10,355.58
271,9,11,376.85
271,9,12,459.65
271,9,13,322.55
271,9,14,164.45
271,9,15,355.28
271,9,16,179.64
271,9,17,56.49
271,9,18,2.47
271,9,19,0.0
271,9,20,0.0
271,9,21,0.0
271,9,22,0.0
271,9,23,0.0
272,9,0,0.0
272,9,1,0.0
272,9,2,0.0
272,9,3,0.0
272,9,4,0.0
272,9,5,2.48
272,9,6,64.88
272,9,7,141.23
272,9,8,152.41
272,9,9,324.35
272,9,10,249.34
272,9,11,401.51
272,9,12,385.01
272,9,13,462.19
272,9,14,258.08
272,9,15,205.47
272,9,16,131.48
272,9,17,51.4
272,9,18,0.85
272,9,19,0.0
272,9,20,0.0
272,9,21,0.0
272,9,22,0.0
272,9,23,0.0
273,9,0,0.0
273,9,1,0.0
273,9,2,0.0
273,9,3,0.0
273,9,4,0.0
273,9,5,3.26
273,9,6,34.02
273,9,7,131.85
273,9,8,134.45
273,9,9,365.03
273,9,10,280.0
273,9,11,442.77
273,9,12,294.41
273,9,13,283.59
273,9,14,197.27
273,9,15,336.18
273,9,16,212.05
273,9,17,50.88
273,9,18,0.74
273,9,19,0.0
273,9,20,0.0
273,9,21,0.0
273,9,22,0.0
273,9,23,0.0
274,10,0,0.0
274,10,1,0.0
274,10,2,0.0
274,10,3,0.0
274,10,4,0.0
274,10,5,0.0
274,10,6,85.36
274,10,7,189.07
274,10,8,375.57
274,10,9,381.55
274,10,10,352.29
274,10,11,414.7
274,10,12,445.01
274,10,13,593.07
274,10,14,412.47
274,10,15,184.94
274,10,16,144.75
274,10,17,26.37
274,10,18,0.0
274,10,19,0.0
274,10,20,0.0
274,10,21,0.0
274,10,22,0.0
274,10,23,0.0
275,10,0,0.0
275,10,1,0.0
275,10,2,0.0
275,10,3,0.0
275,10,4,0.0
275,10,5,0.0
275,10,6,50.07
275,10,7,171.08
275,10,8,251.34
275,10,9,432.89
275,10,10,418.28
275,10,11,501.37
275,10,12,569.88
275,10,13,481.14
275,10,14,466.69
275,10,15,304.27
275,10,16,123.41
275,10,17,21.54
275,10,18,0.0
275,10,19,0.0
275,10,20,0.0
275,10,21,0.0
275,10,22,0.0
275,10,23,0.0
276,10,0,0.0
276,10,1,0.0
276,10,2,0.0
276,10,3,0.0
276,10,4,0.0
276,10,5,0.0
276,10,6,48.19
276,10,7,228.25
276,10,8,258.74
276,10,9,395.38
276,10,10,377.61
276,10,11,689.15
276,10,12,477.81
276,10,13,559.07
276,10,14,424.37
276,10,15,299.07
276,10,16,134.51
276,10,17,15.87
276,10,18,0.0
276,10,19,0.0
276,10,20,0.0
276,10,21,0.0
276,10,22,0.0
276,10,23,0.0
277,10,0,0.0
277,10,1,0.0
277,10,2,0.0
277,10,3,0.0
277,10,4,0.0
277,10,5,0.0
277,10,6,63.64
277,10,7,229.65
277,10,8,334.72
277,10,9,420.0
277,10,10,481.31
277,10,11,445.44
277,10,12,515.03
277,10,13,458.28
277,10,14,263.12
277,10,15,283.97
277,10,16,109.85
277,10,17,23.34
277,10,18,0.0
277,10,19,0.0
277,10,20,0.0
277,10,21,0.0
277,10,22,0.0
277,10,23,0.0
278,10,0,0.0
278,10,1,0.0
278,10,2,0.0
278,10,3,0.0
278,10,4,0.0
278,10,5,0.0
278,10,6,47.21
278,10,7,154.2
278,10,8,276.1
278,10,9,356.85
278,10,10,417.04
278,10,11,515.76
278,10,12,361.95
278,10,13,347.74
278,10,14,428.79
278,10,15,220.18
278,10,16,153.18
278,10,17,19.48
278,10,18,0.0
278,10,19,0.0
278,10,20,0.0
278,10,21,0.0
278,10,22,0.0
278,10,23,0.0
279,10,0,0.0
279,10,1,0.0
279,10,2,0.0
279,10,3,0.0
279,10,4,0.0
279,10,5,0.0
279,10,6,88.15
279,10,7,153.07
279,10,8,333.31
279,10,9,507.68
279,10,10,523.14
279,10,11,659.7
279,10,12,636.22
279,10,13,398.59
279,10,14,419.78
279,10,15,189.01
279,10,16,167.53
279,10,17,21.96
279,10,18,0.0
279,10,19,0.0
279,10,20,0.0
279,10,21,0.0
279,10,22,0.0
279,10,23,0.0
280,10,0,0.0
280,10,1,0.0
280,10,2,0.0
280,10,3,0.0
280,10,4,0.0
280,10,5,0.0
280,10,6,88.29
280,10,7,190.57
280,10,8,284.43
280,10,9,452.58
280,10,10,526.24
280,10,11,572.91
280,10,12,406.28
280,10,13,402.94
280,10,14,366.97
280,10,15,305.56
280,10,16,153.59
280,10,17,28.94
280,10,18,0.0
280,10,19,0.0
280,10,20,0.0
280,10,21,0.0
280,10,22,0.0
280,10,23,0.0
281,10,0,0.0
281,10,1,0.0
281,10,2,0.0
281,10,3,0.0
281,10,4,0.0
281,10,5,0.0
281,10,6,74.22
281,10,7,176.97
281,10,8,358.46
281,10,9,385.85
281,10,10,587.7
281,10,11,462.7
281,10,12,535.35
281,10,13,403.92
281,10,14,379.87
281,10,15,244.48
281,10,16,107.64
281,10,17,31.69
281,10,18,0.0
281,10,19,0.0
281,10,20,0.0
281,10,21,0.0
281,10,22,0.0
281,10,23,0.0
282,10,0,0.0
282,10,1,0.0
282,10,2,0.0
282,10,3,0.0
282,10,4,0.0
282,10,5,0.0
282,10,6,67.31
282,10,7,247.51
282,10,8,338.66
282,10,9,296.33
282,10,10,369.38
282,10,11,296.12
282,10,12,559.4
282,10,13,359.71
282,10,14,498.39
282,10,15,265.78
282,10,16,160.69
282,10,17,20.06
282,10,18,0.0
282,10,19,0.0
282,10,20,0.0
282,10,21,0.0
282,10,22,0.0
282,10,23,0.0
283,10,0,0.0
283,10,1,0.0
283,10,2,0.0
283,10,3,0.0
283,10,4,0.0
283,10,5,0.0
283,10,6,71.41
283,10,7,250.57
283,10,8,354.37
283,10,9,418.78
283,10,10,644.8
283,10,11,432.31
283,10,12,503.93
283,10,13,507.59
283,10,14,387.08
283,10,15,262.63
283,10,16,149.53
283,10,17,24.5
283,10,18,0.0
283,10,19,0.0
283,10,20,0.0
283,10,21,0.0
283,10,22,0.0
283,10,23,0.0
284,10,0,0.0
284,10,1,0.0
284,10,2,0.0
284,10,3,0.0
284,10,4,0.0
284,10,5,0.0
284,10,6,72.52
284,10,7,204.13
284,10,8,276.27
284,10,9,400.24
284,10,10,483.85
284,10,11,630.72
284,10,12,429.28
284,10,13,541.16
284,10,14,330.18
284,10,15,256.37
284,10,16,141.18
284,10,17,23.04
284,10,18,0.0
284,10,19,0.0
284,10,20,0.0
284,10,21,0.0
284,10,22,0.0
284,10,23,0.0
285,10,0,0.0
285,10,1,0.0
285,10,2,0.0
285,10,3,0.0
285,10,4,0.0
285,10,5,0.0
285,10,6,55.28
285,10,7,239.47
285,10,8,240.07
285,10,9,402.46
285,10,10,448.46
285,10,11,553.72
285,10,12,409.72
285,10,13,389.73
285,10,14,465.72
285,10,15,304.09
285,10,16,185.41
285,10,17,32.56
285,10,18,0.0
285,10,19,0.0
285,10,20,0.0
285,10,21,0.0
285,10,22,0.0
285,10,23,0.0
286,10,0,0.0
286,10,1,0.0
286,10,2,0.0
286,10,3,0.0
286,10,4,0.0
286,10,5,0.0
286,10,6,49.22
286,10,7,134.31
286,10,8,382.83
286,10,9,431.57
286,10,10,547.35
286,10,11,593.15
286,10,12,441.43
286,10,13,339.4
286,10,14,355.58
286,10,15,285.38
286,10,16,119.46
286,10,17,33.78
286,10,18,0.0
286,10,19,0.0
286,10,20,0.0
286,10,21,0.0
286,10,22,0.0
286,10,23,0.0
287,10,0,0.0
287,10,1,0.0
287,10,2,0.0
287,10,3,0.0
287,10,4,0.0
287,10,5,0.0
287,10,6,86.34
287,10,7,195.85
287,10,8,361.12
287,10,9,494.16
287,10,10,425.41
287,10,11,359.85
287,10,12,466.1
287,10,13,394.84
287,10,14,381.94
287,10,15,343.07
287,10,16,146.36
287,10,17,28.22
287,10,18,0.0
287,10,19,0.0
287,10,20,0.0
287,10,21,0.0
287,10,22,0.0
287,10,23,0.0
288,10,0,0.0
288,10,1,0.0
288,10,2,0.0
288,10,3,0.0
288,10,4,0.0
288,10,5,0.0
288,10,6,49.54
288,10,7,205.83
288,10,8,377.95
288,10,9,247.71
288,10,10,501.47
288,10,11,291.52
288,10,12,485.51
288,10,13,556.14
288,10,14,247.77
288,10,15,192.67
288,10,16,127.89
288,10,17,28.82
288,10,18,0.0
288,10,19,0.0
288,10,20,0.0
288,10,21,0.0
288,10,22,0.0
288,10,23,0.0
289,10,0,0.0
289,10,1,0.0
289,10,2,0.0
289,10,3,0.0
289,10,4,0.0
289,10,5,0.0
289,10,6,89.44
289,10,7,177.32
289,10,8,339.23
289,10,9,486.8
289,10,10,384.43
289,10,11,608.12
289,10,12,513.03
289,10,13,499.55
289,10,14,417.93
289,10,15,369.29
289,10,16,163.63
289,10,17,22.09
289,10,18,0.0
289,10,19,0.0
289,10,20,0.0
289,10,21,0.0
289,10,22,0.0
289,10,23,0.0
290,10,0,0.0
290,10,1,0.0
290,10,2,0.0
290,10,3,0.0
290,10,4,0.0
290,10,5,0.0
290,10,6,68.27
290,10,7,173.05
290,10,8,237.15
290,10,9,505.61
290,10,10,650.64
290,10,11,491.65
290,10,12,568.15
290,10,13,256.96
290,10,14,353.1
290,10,15,252.99
290,10,16,117.48
290,10,17,29.83
290,10,18,0.0
290,10,19,0.0
290,10,20,0.0
290,10,21,0.0
290,10,22,0.0
290,10,23,0.0
291,10,0,0.0
291,10,1,0.0
291,10,2,0.0
291,10,3,0.0
291,10,4,0.0
291,10,5,0.0
291,10,6,74.62
291,10,7,238.18
291,10,8,327.67
291,10,9,523.46
291,10,10,392.35
291,10,11,601.22
291,10,12,482.12
291,10,13,403.34
291,10,14,319.48
291,10,15,326.47
291,10,16,164.43
291,10,17,20.11
291,10,18,0.0
291,10,19,0.0
291,10,20,0.0
291,10,21,0.0
291,10,22,0.0
291,10,23,0.0
292,10,0,0.0
292,10,1,0.0
292,10,2,0.0
292,10,3,0.0
292,10,4,0.0
292,10,5,0.0
292,10,6,62.87
292,10,7,157.49
292,10,8,307.63
292,10,9,491.75
292,10,10,450.08
292,10,11,537.45
292,10,12,510.28
292,10,13,317.41
292,10,14,467.27
292,10,15,371.47
292,10,16,147.45
292,10,17,23.22
292,10,18,0.0
292,10,19,0.0
292,10,20,0.0
292,10,21,0.0
292,10,22,0.0
292,10,23,0.0
293,10,0,0.0
293,10,1,0.0
293,10,2,0.0
293,10,3,0.0
293,10,4,0.0
293,10,5,0.0
293,10,6,91.05
293,10,7,168.86
293,10,8,243.6
293,10,9,352.17
293,10,10,415.59
293,10,11,578.11
293,10,12,473.05
293,10,13,622.61
293,10,14,290.48
293,10,15,352.6
293,10,16,156.45
293,10,17,26.25
293,10,18,0.0
293,10,19,0.0
293,10,20,0.0
293,10,21,0.0
293,10,22,0.0
293,10,23,0.0
294,10,0,0.0
294,10,1,0.0
294,10,2,0.0
294,10,3,0.0
294,10,4,0.0
294,10,5,0.0
294,10,6,61.47
294,10,7,248.87
294,10,8,284.08
294,10,9,440.88
294,10,10,369.3
294,10,11,533.58
294,10,12,434.66
294,10,13,453.31
294,10,14,307.2
294,10,15,351.25
294,10,16,154.38
294,10,17,24.63
294,10,18,0.0
294,10,19,0.0
294,10,20,0.0
294,10,21,0.0
294,10,22,0.0
294,10,23,0.0
295,10,0,0.0
295,10,1,0.0
295,10,2,0.0
295,10,3,0.0
295,10,4,0.0
295,10,5,0.0
295,10,6,67.87
295,10,7,189.59
295,10,8,325.14
295,10,9,436.44
295,10,10,519.93
295,10,11,513.28
295,10,12,555.52
295,10,13,348.86
295,10,14,400.54
295,10,15,344.43
295,10,16,205.94
295,10,17,35.43
295,10,18,0.0
295,10,19,0.0
295,10,20,0.0
295,10,21,0.0
295,10,22,0.0
295,10,23,0.0
296,10,0,0.0
296,10,1,0.0
296,10,2,0.0
296,10,3,0.0
296,10,4,0.0
296,10,5,0.0
296,10,6,72.9
296,10,7,173.61
296,10,8,275.78
296,10,9,312.5
296,10,10,516.74
296,10,11,449.58
296,10,12,649.3
296,10,13,401.21
296,10,14,269.91
296,10,15,334.1
296,10,16,130.86
296,10,17,27.87
296,10,18,0.0
296,10,19,0.0
296,10,20,0.0
296,10,21,0.0
296,10,22,0.0
296,10,23,0.0
297,10,0,0.0
297,10,1,0.0
297,10,2,0.0
297,10,3,0.0
297,10,4,0.0
297,10,5,0.0
297,10,6,85.35
297,10,7,201.93
297,10,8,314.94
297,10,9,405.85
297,10,10,533.93
297,10,11,338.04
297,10,12,503.31
297,10,13,441.06
297,10,14,318.0
297,10,15,341.7
297,10,16,119.46
297,10,17,18.15
297,10,18,0.0
297,10,19,0.0
297,10,20,0.0
297,10,21,0.0
297,10,22,0.0
297,10,23,0.0
298,10,0,0.0
298,10,1,0.0
298,10,2,0.0
298,10,3,0.0
298,10,4,0.0
298,10,5,0.0
298,10,6,57.28
298,10,7,145.46
298,10,8,199.06
298,10,9,257.24
298,10,10,575.84
298,10,11,474.31
298,10,12,584.25
298,10,13,376.75
298,10,14,334.6
298,10,15,241.27
298,10,16,147.51
298,10,17,31.82
298,10,18,0.0
298,10,19,0.0
298,10,20,0.0
298,10,21,0.0
298,10,22,0.0
298,10,23,0.0
299,10,0,0.0
299,10,1,0.0
299,10,2,0.0
299,10,3,0.0
299,10,4,0.0
299,10,5,0.0
299,10,6,85.1
299,10,7,223.53
299,10,8,366.53
299,10,9,510.85
299,10,10,370.93
299,10,11,449.83
299,10,12,533.59
299,10,13,465.45
299,10,14,351.01
299,10,15,295.35
299,10,16,134.46
299,10,17,22.66
299,10,18,0.0
299,10,19,0.0
299,10,20,0.0
299,10,21,0.0
299,10,22,0.0
299,10,23,0.0
300,10,0,0.0
300,10,1,0.0
300,10,2,0.0
300,10,3,0.0
300,10,4,0.0
300,10,5,0.0
300,10,6,63.28
300,10,7,158.12
300,10,8,381.68
300,10,9,468.77
300,10,10,446.99
300,10,11,505.14
300,10,12,416.33
300,10,13,437.8
300,10,14,242.38
300,10,15,262.71
300,10,16,186.75
300,10,17,27.62
300,10,18,0.0
300,10,19,0.0
300,10,20,0.0
300,10,21,0.0
300,10,22,0.0
300,10,23,0.0
301,10,0,0.0
301,10,1,0.0
301,10,2,0.0
301,10,3,0.0
301,10,4,0.0
301,10,5,0.0
301,10,6,73.79
301,10,7,165.03
301,10,8,299.74
301,10,9,369.46
301,10,10,485.97
301,10,11,637.8
301,10,12,416.04
301,10,13,344.76
301,10,14,274.06
301,10,15,304.18
301,10,16,192.82
301,10,17,18.7
301,10,18,0.0
301,10,19,0.0
301,10,20,0.0
301,10,21,0.0
301,10,22,0.0
301,10,23,0.0
302,10,0,0.0
302,10,1,0.0
302,10,2,0.0
302,10,3,0.0
302,10,4,0.0
302,10,5,0.0
302,10,6,51.48
302,10,7,123.79
302,10,8,385.48
302,10,9,408.71
302,10,10,576.19
302,10,11,412.79
302,10,12,468.95
302,10,13,522.28
302,10,14,302.41
302,10,15,371.31
302,10,16,89.76
302,10,17,22.89
302,10,18,0.0
302,10,19,0.0
302,10,20,0.0
302,10,21,0.0
302,10,22,0.0
302,10,23,0.0
303,10,0,0.0
303,10,1,0.0
303,10,2,0.0
303,10,3,0.0
303,10,4,0.0
303,10,5,0.0
303,10,6,86.97
303,10,7,174.49
303,10,8,216.58
303,10,9,382.96
303,10,10,597.54
303,10,11,621.01
303,10,12,623.22
303,10,13,436.54
303,10,14,462.9
303,10,15,278.94
303,10,16,205.51
303,10,17,34.18
303,10,18,0.0
303,10,19,0.0
303,10,20,0.0
303,10,21,0.0
303,10,22,0.0
303,10,23,0.0
304,10,0,0.0
304,10,1,0.0
304,10,2,0.0
304,10,3,0.0
304,10,4,0.0
304,10,5,0.0
304,10,6,67.88
304,10,7,234.41
304,10,8,385.64
304,10,9,529.39
304,10,10,475.51
304,10,11,565.96
304,10,12,424.86
304,10,13,513.44
304,10,14,433.72
304,10,15,265.57
304,10,16,176.77
304,10,17,21.29
304,10,18,0.0
304,10,19,0.0
304,10,20,0.0
304,10,21,0.0
304,10,22,0.0
304,10,23,0.0
305,11,0,0.0
305,11,1,0.0
305,11,2,0.0
305,11,3,0.0
305,11,4,0.0
305,11,5,0.0
305,11,6,56.69
305,11,7,239.71
305,11,8,240.7
305,11,9,361.17
305,11,10,616.12
305,11,11,617.54
305,11,12,543.27
305,11,13,502.12
305,11,14,483.44
305,11,15,331.79
305,11,16,130.75
305,11,17,9.57
305,11,18,0.0
305,11,19,0.0
305,11,20,0.0
305,11,21,0.0
305,11,22,0.0
305,11,23,0.0
306,11,0,0.0
306,11,1,0.0
306,11,2,0.0
306,11,3,0.0
306,11,4,0.0
306,11,5,0.0
306,11,6,44.99
306,11,7,222.24
306,11,8,355.01
306,11,9,532.87
306,11,10,575.77
306,11,11,601.36
306,11,12,457.08
306,11,13,525.58
306,11,14,281.95
306,11,15,243.7
306,11,16,133.45
306,11,17,8.58
306,11,18,0.0
306,11,19,0.0
306,11,20,0.0
306,11,21,0.0
306,11,22,0.0
306,11,23,0.0
307,11,0,0.0
307,11,1,0.0
307,11,2,0.0
307,11,3,0.0
307,11,4,0.0
307,11,5,0.0
307,11,6,57.02
307,11,7,234.94
307,11,8,336.28
307,11,9,495.91
307,11,10,574.22
307,11,11,600.09
307,11,12,656.85
307,11,13,547.84
307,11,14,445.27
307,11,15,302.31
307,11,16,153.07
307,11,17,9.32
307,11,18,0.0
307,11,19,0.0
307,11,20,0.0
307,11,21,0.0
307,11,22,0.0
307,11,23,0.0
308,11,0,0.0
308,11,1,0.0
308,11,2,0.0
308,11,3,0.0
308,11,4,0.0
308,11,5,0.0
308,11,6,61.45
308,11,7,205.68
308,11,8,322.51
308,11,9,498.13
308,11,10,483.89
308,11,11,620.69
308,11,12,625.58
308,11,13,563.6
308,11,14,492.52
308,11,15,329.2
308,11,16,155.07
308,11,17,9.08
308,11,18,0.0
308,11,19,0.0
308,11,20,0.0
308,11,21,0.0
308,11,22,0.0
308,11,23,0.0
309,11,0,0.0
309,11,1,0.0
309,11,2,0.0
309,11,3,0.0
309,11,4,0.0
309,11,5,0.0
309,11,6,49.41
309,11,7,215.33
309,11,8,421.92
309,11,9,532.03
309,11,10,624.83
309,11,11,656.47
309,11,12,668.1
309,11,13,534.92
309,11,14,463.94
309,11,15,315.82
309,11,16,136.53
309,11,17,7.74
309,11,18,0.0
309,11,19,0.0
309,11,20,0.0
309,11,21,0.0
309,11,22,0.0
309,11,23,0.0
310,11,0,0.0
310,11,1,0.0
310,11,2,0.0
310,11,3,0.0
310,11,4,0.0
310,11,5,0.0
310,11,6,44.91
310,11,7,241.8
310,11,8,403.55
310,11,9,504.64
310,11,10,622.3
310,11,11,593.33
310,11,12,683.75
310,11,13,505.89
310,11,14,374.67
310,11,15,318.39
310,11,16,151.18
310,11,17,9.4
310,11,18,0.0
310,11,19,0.0
310,11,20,0.0
310,11,21,0.0
310,11,22,0.0
310,11,23,0.0
311,11,0,0.0
311,11,1,0.0
311,11,2,0.0
311,11,3,0.0
311,11,4,0.0
311,11,5,0.0
311,11,6,62.16
311,11,7,208.42
311,11,8,302.1
311,11,9,518.0
311,11,10,604.17
311,11,11,679.56
311,11,12,508.56
311,11,13,593.72
311,11,14,473.81
311,11,15,289.03
311,11,16,157.0
311,11,17,6.75
311,11,18,0.0
311,11,19,0.0
311,11,20,0.0
311,11,21,0.0
311,11,22,0.0
311,11,23,0.0
312,11,0,0.0
312,11,1,0.0
312,11,2,0.0
312,11,3,0.0
312,11,4,0.0
312,11,5,0.0
312,11,6,47.7
312,11,7,229.77
312,11,8,384.07
312,11,9,545.35
312,11,10,591.66
312,11,11,600.72
312,11,12,548.14
312,11,13,599.42
312,11,14,408.88
312,11,15,308.93
312,11,16,138.64
312,11,17,7.0
312,11,18,0.0
312,11,19,0.0
312,11,20,0.0
312,11,21,0.0
312,11,22,0.0
312,11,23,0.0
313,11,0,0.0
313,11,1,0.0
313,11,2,0.0
313,11,3,0.0
313,11,4,0.0
313,11,5,0.0
313,11,6,59.13
313,11,7,200.93
313,11,8,300.04
313,11,9,349.41
313,11,10,638.81
313,11,11,647.84
313,11,12,582.27
313,11,13,570.57
313,11,14,206.17
313,11,15,332.91
313,11,16,157.26
313,11,17,9.17
313,11,18,0.0
313,11,19,0.0
313,11,20,0.0
313,11,21,0.0
313,11,22,0.0
313,11,23,0.0
314,11,0,0.0
314,11,1,0.0
314,11,2,0.0
314,11,3,0.0
314,11,4,0.0
314,11,5,0.0
314,11,6,53.19
314,11,7,209.28
314,11,8,367.72
314,11,9,542.27
314,11,10,582.29
314,11,11,680.34
314,11,12,522.2
314,11,13,546.36
314,11,14,468.75
314,11,15,326.69
314,11,16,123.99
314,11,17,8.17
314,11,18,0.0
314,11,19,0.0
314,11,20,0.0
314,11,21,0.0
314,11,22,0.0
314,11,23,0.0
315,11,0,0.0
315,11,1,0.0
315,11,2,0.0
315,11,3,0.0
315,11,4,0.0
315,11,5,0.0
315,11,6,59.37
315,11,7,228.04
315,11,8,249.42
315,11,9,479.38
315,11,10,532.21
315,11,11,584.42
315,11,12,653.98
315,11,13,543.74
315,11,14,480.42
315,11,15,334.89
315,11,16,115.33
315,11,17,6.05
315,11,18,0.0
315,11,19,0.0
315,11,20,0.0
315,11,21,0.0
315,11,22,0.0
315,11,23,0.0
316,11,0,0.0
316,11,1,0.0
316,11,2,0.0
316,11,3,0.0
316,11,4,0.0
316,11,5,0.0
316,11,6,35.67
316,11,7,237.97
316,11,8,397.05
316,11,9,524.37
316,11,10,531.68
316,11,11,646.72
316,11,12,611.3
316,11,13,522.24
316,11,14,351.32
316,11,15,320.87
316,11,16,157.0
316,11,17,8.64
316,11,18,0.0
316,11,19,0.0
316,11,20,0.0
316,11,21,0.0
316,11,22,0.0
316,11,23,0.0
317,11,0,0.0
317,11,1,0.0
317,11,2,0.0
317,11,3,0.0
317,11,4,0.0
317,11,5,0.0
317,11,6,60.06
317,11,7,234.41
317,11,8,406.43
317,11,9,486.47
317,11,10,538.69
317,11,11,673.54
317,11,12,616.05
317,11,13,546.87
317,11,14,435.77
317,11,15,246.46
317,11,16,145.59
317,11,17,3.62
317,11,18,0.0
317,11,19,0.0
317,11,20,0.0
317,11,21,0.0
317,11,22,0.0
317,11,23,0.0
318,11,0,0.0
318,11,1,0.0
318,11,2,0.0
318,11,3,0.0
318,11,4,0.0
318,11,5,0.0
318,11,6,57.46
318,11,7,241.55
318,11,8,391.95
318,11,9,468.06
318,11,10,577.22
318,11,11,563.05
318,11,12,650.32
318,11,13,590.19
318,11,14,354.96
318,11,15,291.72
318,11,16,154.46
318,11,17,9.36
318,11,18,0.0
318,11,19,0.0
318,11,20,0.0
318,11,21,0.0
318,11,22,0.0
318,11,23,0.0
319,11,0,0.0
319,11,1,0.0
319,11,2,0.0
319,11,3,0.0
319,11,4,0.0
319,11,5,0.0
319,11,6,54.71
319,11,7,218.17
319,11,8,389.51
319,11,9,510.97
319,11,10,550.97
319,11,11,671.2
319,11,12,629.45
319,11,13,554.08
319,11,14,454.85
319,11,15,326.4
319,11,16,141.23
319,11,17,8.75
319,11,18,0.0
319,11,19,0.0
319,11,20,0.0
319,11,21,0.0
319,11,22,0.0
319,11,23,0.0
320,11,0,0.0
320,11,1,0.0
320,11,2,0.0
320,11,3,0.0
320,11,4,0.0
320,11,5,0.0
320,11,6,57.15
320,11,7,232.82
320,11,8,384.24
320,11,9,517.93
320,11,10,601.67
320,11,11,477.67
320,11,12,365.12
320,11,13,367.13
320,11,14,484.79
320,11,15,322.83
320,11,16,134.52
320,11,17,5.4
320,11,18,0.0
320,11,19,0.0
320,11,20,0.0
320,11,21,0.0
320,11,22,0.0
320,11,23,0.0
321,11,0,0.0
321,11,1,0.0
321,11,2,0.0
321,11,3,0.0
321,11,4,0.0
321,11,5,0.0
321,11,6,58.75
321,11,7,215.96
321,11,8,356.17
321,11,9,312.6
321,11,10,598.69
321,11,11,544.49
321,11,12,681.05
321,11,13,483.78
321,11,14,472.19
321,11,15,218.6
321,11,16,152.07
321,11,17,8.56
321,11,18,0.0
321,11,19,0.0
321,11,20,0.0
321,11,21,0.0
321,11,22,0.0
321,11,23,0.0
322,11,0,0.0
322,11,1,0.0
322,11,2,0.0
322,11,3,0.0
322,11,4,0.0
322,11,5,0.0
322,11,6,59.8
322,11,7,238.54
322,11,8,275.68
322,11,9,456.75
322,11,10,578.82
322,11,11,652.73
322,11,12,372.53
322,11,13,400.71
322,11,14,476.02
322,11,15,327.6
322,11,16,133.55
322,11,17,5.28
322,11,18,0.0
322,11,19,0.0
322,11,20,0.0
322,11,21,0.0
322,11,22,0.0
322,11,23,0.0
323,11,0,0.0
323,11,1,0.0
323,11,2,0.0
323,11,3,0.0
323,11,4,0.0
323,11,5,0.0
323,11,6,60.35
323,11,7,239.47
323,11,8,396.03
323,11,9,503.5
323,11,10,608.66
323,11,11,670.0
323,11,12,676.25
323,11,13,507.1
323,11,14,432.94
323,11,15,236.48
323,11,16,139.06
323,11,17,9.6
323,11,18,0.0
323,11,19,0.0
323,11,20,0.0
323,11,21,0.0
323,11,22,0.0
323,11,23,0.0
324,11,0,0.0
324,11,1,0.0
324,11,2,0.0
324,11,3,0.0
324,11,4,0.0
324,11,5,0.0
324,11,6,55.39
324,11,7,245.93
324,11,8,362.82
324,11,9,519.05
324,11,10,623.87
324,11,11,515.32
324,11,12,666.28
324,11,13,592.46
324,11,14,392.93
324,11,15,331.0
324,11,16,131.31
324,11,17,7.9
324,11,18,0.0
324,11,19,0.0
324,11,20,0.0
324,11,21,0.0
324,11,22,0.0
324,11,23,0.0
325,11,0,0.0
325,11,1,0.0
325,11,2,0.0
325,11,3,0.0
325,11,4,0.0
325,11,5,0.0
325,11,6,54.85
325,11,7,222.04
325,11,8,396.4
325,11,9,523.38
325,11,10,616.99
325,11,11,625.04
325,11,12,565.2
325,11,13,551.86
325,11,14,471.25
325,11,15,277.21
325,11,16,109.11
325,11,17,9.46
325,11,18,0.0
325,11,19,0.0
325,11,20,0.0
325,11,21,0.0
325,11,22,0.0
325,11,23,0.0
326,11,0,0.0
326,11,1,0.0
326,11,2,0.0
326,11,3,0.0
326,11,4,0.0
326,11,5,0.0
326,11,6,51.88
326,11,7,241.6
326,11,8,344.06
326,11,9,533.58
326,11,10,573.12
326,11,11,647.65
326,11,12,621.43
326,11,13,589.92
326,11,14,384.51
326,11,15,259.56
326,11,16,143.64
326,11,17,8.35
326,11,18,0.0
326,11,19,0.0
326,11,20,0.0
326,11,21,0.0
326,11,22,0.0
326,11,23,0.0
327,11,0,0.0
327,11,1,0.0
327,11,2,0.0
327,11,3,0.0
327,11,4,0.0
327,11,5,0.0
327,11,6,42.61
327,11,7,187.55
327,11,8,349.62
327,11,9,424.01
327,11,10,594.38
327,11,11,684.98
327,11,12,469.3
327,11,13,454.35
327,11,14,480.42
327,11,15,313.81
327,11,16,151.71
327,11,17,5.09
327,11,18,0.0
327,11,19,0.0
327,11,20,0.0
327,11,21,0.0
327,11,22,0.0
327,11,23,0.0
328,11,0,0.0
328,11,1,0.0
328,11,2,0.0
328,11,3,0.0
328,11,4,0.0
328,11,5,0.0
328,11,6,60.12
328,11,7,203.93
328,11,8,416.33
328,11,9,534.04
328,11,10,531.53
328,11,11,627.84
328,11,12,586.41
328,11,13,588.8
328,11,14,487.68
328,11,15,298.36
328,11,16,151.49
328,11,17,7.39
328,11,18,0.0
328,11,19,0.0
328,11,20,0.0
328,11,21,0.0
328,11,22,0.0
328,11,23,0.0
329,11,0,0.0
329,11,1,0.0
329,11,2,0.0
329,11,3,0.0
329,11,4,0.0
329,11,5,0.0
329,11,6,48.58
329,11,7,227.76
329,11,8,349.21
329,11,9,498.47
329,11,10,487.56
329,11,11,633.04
329,11,12,631.61
329,11,13,518.38
329,11,14,481.07
329,11,15,328.23
329,11,16,151.67
329,11,17,9.27
329,11,18,0.0
329,11,19,0.0
329,11,20,0.0
329,11,21,0.0
329,11,22,0.0
329,11,23,0.0
330,11,0,0.0
330,11,1,0.0
330,11,2,0.0
330,11,3,0.0
330,11,4,0.0
330,11,5,0.0
330,11,6,55.48
330,11,7,228.98
330,11,8,379.45
330,11,9,514.37
330,11,10,643.21
330,11,11,614.8
330,11,12,639.46
330,11,13,608.51
330,11,14,488.32
330,11,15,281.95
330,11,16,103.96
330,11,17,9.02
330,11,18,0.0
330,11,19,0.0
330,11,20,0.0
330,11,21,0.0
330,11,22,0.0
330,11,23,0.0
331,11,0,0.0
331,11,1,0.0
331,11,2,0.0
331,11,3,0.0
331,11,4,0.0
331,11,5,0.0
331,11,6,59.84
331,11,7,208.48
331,11,8,382.0
331,11,9,491.62
331,11,10,619.59
331,11,11,582.09
331,11,12,651.44
331,11,13,608.35
331,11,14,372.23
331,11,15,259.75
331,11,16,153.67
331,11,17,8.16
331,11,18,0.0
331,11,19,0.0
331,11,20,0.0
331,11,21,0.0
331,11,22,0.0
331,11,23,0.0
332,11,0,0.0
332,11,1,0.0
332,11,2,0.0
332,11,3,0.0
332,11,4,0.0
332,11,5,0.0
332,11,6,61.76
332,11,7,241.04
332,11,8,346.18
332,11,9,542.31
332,11,10,575.11
332,11,11,612.88
332,11,12,634.34
332,11,13,417.08
332,11,14,323.09
332,11,15,340.41
332,11,16,136.25
332,11,17,9.05
332,11,18,0.0
332,11,19,0.0
332,11,20,0.0
332,11,21,0.0
332,11,22,0.0
332,11,23,0.0
333,11,0,0.0
333,11,1,0.0
333,11,2,0.0
333,11,3,0.0
333,11,4,0.0
333,11,5,0.0
333,11,6,56.03
333,11,7,207.54
333,11,8,375.74
333,11,9,402.32
333,11,10,527.45
333,11,11,360.7
333,11,12,460.31
333,11,13,616.07
333,11,14,307.38
333,11,15,305.33
333,11,16,113.81
333,11,17,8.59
333,11,18,0.0
333,11,19,0.0
333,11,20,0.0
333,11,21,0.0
333,11,22,0.0
333,11,23,0.0
334,11,0,0.0
334,11,1,0.0
334,11,2,0.0
334,11,3,0.0
334,11,4,0.0
334,11,5,0.0
334,11,6,55.97
334,11,7,226.34
334,11,8,296.51
334,11,9,500.46
334,11,10,504.89
334,11,11,690.75
334,11,12,534.67
334,11,13,435.59
334,11,14,467.83
334,11,15,278.14
334,11,16,131.57
334,11,17,7.87
334,11,18,0.0
334,11,19,0.0
334,11,20,0.0
334,11,21,0.0
334,11,22,0.0
334,11,23,0.0
335,12,0,0.0
335,12,1,0.0
335,12,2,0.0
335,12,3,0.0
335,12,4,0.0
335,12,5,0.0
335,12,6,33.63
335,12,7,189.32
335,12,8,357.91
335,12,9,488.64
335,12,10,531.73
335,12,11,577.78
335,12,12,588.39
335,12,13,589.69
335,12,14,396.94
335,12,15,285.47
335,12,16,119.86
335,12,17,1.21
335,12,18,0.0
335,12,19,0.0
335,12,20,0.0
335,12,21,0.0
335,12,22,0.0
335,12,23,0.0
336,12,0,0.0
336,12,1,0.0
336,12,2,0.0
336,12,3,0.0
336,12,4,0.0
336,12,5,0.0
336,12,6,33.89
336,12,7,169.28
336,12,8,384.88
336,12,9,527.84
336,12,10,637.49
336,12,11,493.41
336,12,12,642.51
336,12,13,595.42
336,12,14,481.41
336,12,15,311.05
336,12,16,120.1
336,12,17,0.9
336,12,18,0.0
336,12,19,0.0
336,12,20,0.0
336,12,21,0.0
336,12,22,0.0
336,12,23,0.0
337,12,0,0.0
337,12,1,0.0
337,12,2,0.0
337,12,3,0.0
337,12,4,0.0
337,12,5,0.0
337,12,6,33.24
337,12,7,174.59
337,12,8,360.27
337,12,9,446.62
337,12,10,631.76
337,12,11,585.54
337,12,12,658.9
337,12,13,605.74
337,12,14,433.05
337,12,15,304.04
337,12,16,116.82
337,12,17,0.8
337,12,18,0.0
337,12,19,0.0
337,12,20,0.0
337,12,21,0.0
337,12,22,0.0
337,12,23,0.0
338,12,0,0.0
338,12,1,0.0
338,12,2,0.0
338,12,3,0.0
338,12,4,0.0
338,12,5,0.0
338,12,6,31.99
338,12,7,193.05
338,12,8,383.54
338,12,9,490.51
338,12,10,501.61
338,12,11,624.38
338,12,12,573.32
338,12,13,514.58
338,12,14,465.42
338,12,15,243.96
338,12,16,121.9
338,12,17,1.19
338,12,18,0.0
338,12,19,0.0
338,12,20,0.0
338,12,21,0.0
338,12,22,0.0
338,12,23,0.0
339,12,0,0.0
339,12,1,0.0
339,12,2,0.0
339,12,3,0.0
339,12,4,0.0
339,12,5,0.0
339,12,6,35.27
339,12,7,210.79
339,12,8,394.05
339,12,9,467.22
339,12,10,540.81
339,12,11,629.85
339,12,12,586.28
339,12,13,532.63
339,12,14,427.01
339,12,15,302.94
339,12,16,111.75
339,12,17,1.18
339,12,18,0.0
339,12,19,0.0
339,12,20,0.0
339,12,21,0.0
339,12,22,0.0
339,12,23,0.0
340,12,0,0.0
340,12,1,0.0
340,12,2,0.0
340,12,3,0.0
340,12,4,0.0
340,12,5,0.0
340,12,6,34.73
340,12,7,210.77
340,12,8,361.07
340,12,9,530.98
340,12,10,509.78
340,12,11,600.97
340,12,12,569.31
340,12,13,580.64
340,12,14,460.54
340,12,15,293.05
340,12,16,110.65
340,12,17,1.14
340,12,18,0.0
340,12,19,0.0
340,12,20,0.0
340,12,21,0.0
340,12,22,0.0
340,12,23,0.0
341,12,0,0.0
341,12,1,0.0
341,12,2,0.0
341,12,3,0.0
341,12,4,0.0
341,12,5,0.0
341,12,6,33.07
341,12,7,196.73
341,12,8,368.56
341,12,9,484.75
341,12,10,610.5
341,12,11,541.01
341,12,12,467.67
341,12,13,500.69
341,12,14,383.05
341,12,15,296.92
341,12,16,109.84
341,12,17,1.15
341,12,18,0.0
341,12,19,0.0
341,12,20,0.0
341,12,21,0.0
341,12,22,0.0
341,12,23,0.0
342,12,0,0.0
342,12,1,0.0
342,12,2,0.0
342,12,3,0.0
342,12,4,0.0
342,12,5,0.0
342,12,6,24.81
342,12,7,179.26
342,12,8,282.83
342,12,9,542.32
342,12,10,582.2
342,12,11,616.4
342,12,12,583.62
342,12,13,538.54
342,12,14,473.75
342,12,15,308.77
342,12,16,111.08
342,12,17,0.9
342,12,18,0.0
342,12,19,0.0
342,12,20,0.0
342,12,21,0.0
342,12,22,0.0
342,12,23,0.0
343,12,0,0.0
343,12,1,0.0
343,12,2,0.0
343,12,3,0.0
343,12,4,0.0
343,12,5,0.0
343,12,6,33.9
343,12,7,203.94
343,12,8,369.92
343,12,9,529.08
343,12,10,551.3
343,12,11,536.49
343,12,12,601.03
343,12,13,582.3
343,12,14,401.08
343,12,15,304.44
343,12,16,59.17
343,12,17,1.17
343,12,18,0.0
343,12,19,0.0
343,12,20,0.0
343,12,21,0.0
343,12,22,0.0
343,12,23,0.0
344,12,0,0.0
344,12,1,0.0
344,12,2,0.0
344,12,3,0.0
344,12,4,0.0
344,12,5,0.0
344,12,6,29.44
344,12,7,167.44
344,12,8,388.33
344,12,9,519.97
344,12,10,554.32
344,12,11,647.02
344,12,12,582.96
344,12,13,522.13
344,12,14,329.51
344,12,15,253.42
344,12,16,117.73
344,12,17,1.22
344,12,18,0.0
344,12,19,0.0
344,12,20,0.0
344,12,21,0.0
344,12,22,0.0
344,12,23,0.0
345,12,0,0.0
345,12,1,0.0
345,12,2,0.0
345,12,3,0.0
345,12,4,0.0
345,12,5,0.0
345,12,6,18.21
345,12,7,190.26
345,12,8,334.27
345,12,9,445.73
345,12,10,632.37
345,12,11,650.99
345,12,12,636.77
345,12,13,580.35
345,12,14,454.63
345,12,15,260.89
345,12,16,105.19
345,12,17,1.13
345,12,18,0.0
345,12,19,0.0
345,12,20,0.0
345,12,21,0.0
345,12,22,0.0
345,12,23,0.0
346,12,0,0.0
346,12,1,0.0
346,12,2,0.0
346,12,3,0.0
346,12,4,0.0
346,12,5,0.0
346,12,6,35.5
346,12,7,166.0
346,12,8,368.96
346,12,9,463.62
346,12,10,593.17
346,12,11,672.41
346,12,12,614.37
346,12,13,596.68
346,12,14,474.69
346,12,15,246.74
346,12,16,118.19
346,12,17,1.15
346,12,18,0.0
346,12,19,0.0
346,12,20,0.0
346,12,21,0.0
346,12,22,0.0
346,12,23,0.0
347,12,0,0.0
347,12,1,0.0
347,12,2,0.0
347,12,3,0.0
347,12,4,0.0
347,12,5,0.0
347,12,6,35.97
347,12,7,190.58
347,12,8,315.04
347,12,9,540.45
347,12,10,558.69
347,12,11,558.33
347,12,12,652.33
347,12,13,480.09
347,12,14,453.55
347,12,15,275.19
347,12,16,97.69
347,12,17,1.11
347,12,18,0.0
347,12,19,0.0
347,12,20,0.0
347,12,21,0.0
347,12,22,0.0
347,12,23,0.0
348,12,0,0.0
348,12,1,0.0
348,12,2,0.0
348,12,3,0.0
348,12,4,0.0
348,12,5,0.0
348,12,6,32.93
348,12,7,204.36
348,12,8,347.0
348,12,9,521.4
348,12,10,581.47
348,12,11,610.1
348,12,12,640.22
348,12,13,470.53
348,12,14,283.61
348,12,15,221.84
348,12,16,111.84
348,12,17,1.08
348,12,18,0.0
348,12,19,0.0
348,12,20,0.0
348,12,21,0.0
348,12,22,0.0
348,12,23,0.0
349,12,0,0.0
349,12,1,0.0
349,12,2,0.0
349,12,3,0.0
349,12,4,0.0
349,12,5,0.0
349,12,6,33.85
349,12,7,198.66
349,12,8,387.8
349,12,9,475.09
349,12,10,508.78
349,12,11,574.97
349,12,12,545.91
349,12,13,497.95
349,12,14,409.65
349,12,15,317.24
349,12,16,97.1
349,12,17,0.8
349,12,18,0.0
349,12,19,0.0
349,12,20,0.0
349,12,21,0.0
349,12,22,0.0
349,12,23,0.0
350,12,0,0.0
350,12,1,0.0
350,12,2,0.0
350,12,3,0.0
350,12,4,0.0
350,12,5,0.0
350,12,6,33.43
350,12,7,174.98
350,12,8,354.26
350,12,9,509.71
350,12,10,596.98
350,12,11,623.46
350,12,12,660.49
350,12,13,529.54
350,12,14,443.56
350,12,15,230.15
350,12,16,115.06
350,12,17,0.72
350,12,18,0.0
350,12,19,0.0
350,12,20,0.0
350,12,21,0.0
350,12,22,0.0
350,12,23,0.0
351,12,0,0.0
351,12,1,0.0
351,12,2,0.0
351,12,3,0.0
351,12,4,0.0
351,12,5,0.0
351,12,6,15.61
351,12,7,174.26
351,12,8,390.5
351,12,9,513.52
351,12,10,628.57
351,12,11,660.95
351,12,12,597.75
351,12,13,438.32
351,12,14,474.22
351,12,15,280.98
351,12,16,122.45
351,12,17,1.23
351,12,18,0.0
351,12,19,0.0
351,12,20,0.0
351,12,21,0.0
351,12,22,0.0
351,12,23,0.0
352,12,0,0.0
352,12,1,0.0
352,12,2,0.0
352,12,3,0.0
352,12,4,0.0
352,12,5,0.0
352,12,6,34.68
352,12,7,195.09
352,12,8,375.1
352,12,9,491.4
352,12,10,530.43
352,12,11,433.65
352,12,12,347.37
352,12,13,403.19
352,12,14,415.17
352,12,15,303.77
352,12,16,113.62
352,12,17,1.21
352,12,18,0.0
352,12,19,0.0
352,12,20,0.0
352,12,21,0.0
352,12,22,0.0
352,12,23,0.0
353,12,0,0.0
353,12,1,0.0
353,12,2,0.0
353,12,3,0.0
353,12,4,0.0
353,12,5,0.0
353,12,6,31.94
353,12,7,208.54
353,12,8,381.35
353,12,9,408.25
353,12,10,607.57
353,12,11,575.63
353,12,12,546.27
353,12,13,481.43
353,12,14,384.97
353,12,15,299.83
353,12,16,114.29
353,12,17,1.1
353,12,18,0.0
353,12,19,0.0
353,12,20,0.0
353,12,21,0.0
353,12,22,0.0
353,12,23,0.0
354,12,0,0.0
354,12,1,0.0
354,12,2,0.0
354,12,3,0.0
354,12,4,0.0
354,12,5,0.0
354,12,6,33.46
354,12,7,161.0
354,12,8,239.63
354,12,9,496.62
354,12,10,550.49
354,12,11,432.65
354,12,12,490.18
354,12,13,573.99
354,12,14,467.63
354,12,15,289.0
354,12,16,106.27
354,12,17,1.17
354,12,18,0.0
354,12,19,0.0
354,12,20,0.0
354,12,21,0.0
354,12,22,0.0
354,12,23,0.0
355,12,0,0.0
355,12,1,0.0
355,12,2,0.0
355,12,3,0.0
355,12,4,0.0
355,12,5,0.0
355,12,6,18.74
355,12,7,208.12
355,12,8,383.56
355,12,9,465.26
355,12,10,625.66
355,12,11,674.89
355,12,12,658.15
355,12,13,360.94
355,12,14,307.99
355,12,15,281.57
355,12,16,86.9
355,12,17,0.91
355,12,18,0.0
355,12,19,0.0
355,12,20,0.0
355,12,21,0.0
355,12,22,0.0
355,12,23,0.0
356,12,0,0.0
356,12,1,0.0
356,12,2,0.0
356,12,3,0.0
356,12,4,0.0
356,12,5,0.0
356,12,6,34.5
356,12,7,203.32
356,12,8,282.99
356,12,9,475.14
356,12,10,619.58
356,12,11,612.27
356,12,12,547.63
356,12,13,579.71
356,12,14,445.0
356,12,15,308.15
356,12,16,79.53
356,12,17,0.3
356,12,18,0.0
356,12,19,0.0
356,12,20,0.0
356,12,21,0.0
356,12,22,0.0
356,12,23,0.0
357,12,0,0.0
357,12,1,0.0
357,12,2,0.0
357,12,3,0.0
357,12,4,0.0
357,12,5,0.0
357,12,6,33.54
357,12,7,191.21
357,12,8,357.51
357,12,9,499.08
357,12,10,657.38
357,12,11,655.64
357,12,12,640.47
357,12,13,526.27
357,12,14,436.67
357,12,15,306.55
357,12,16,110.48
357,12,17,0.64
357,12,18,0.0
357,12,19,0.0
357,12,20,0.0
357,12,21,0.0
357,12,22,0.0
357,12,23,0.0
358,12,0,0.0
358,12,1,0.0
358,12,2,0.0
358,12,3,0.0
358,12,4,0.0
358,12,5,0.0
358,12,6,33.34
358,12,7,208.81
358,12,8,298.22
358,12,9,503.87
358,12,10,580.23
358,12,11,542.07
358,12,12,673.97
358,12,13,487.18
358,12,14,429.67
358,12,15,282.33
358,12,16,115.36
358,12,17,1.14
358,12,18,0.0
358,12,19,0.0
358,12,20,0.0
358,12,21,0.0
358,12,22,0.0
358,12,23,0.0
359,12,0,0.0
359,12,1,0.0
359,12,2,0.0
359,12,3,0.0
359,12,4,0.0
359,12,5,0.0
359,12,6,33.22
359,12,7,207.68
359,12,8,358.32
359,12,9,464.95
359,12,10,615.31
359,12,11,615.41
359,12,12,647.93
359,12,13,417.81
359,12,14,452.58
359,12,15,224.49
359,12,16,115.74
359,12,17,1.22
359,12,18,0.0
359,12,19,0.0
359,12,20,0.0
359,12,21,0.0
359,12,22,0.0
359,12,23,0.0
360,12,0,0.0
360,12,1,0.0
360,12,2,0.0
360,12,3,0.0
360,12,4,0.0
360,12,5,0.0
360,12,6,34.86
360,12,7,187.5
360,12,8,385.52
360,12,9,529.25
360,12,10,558.98
360,12,11,531.34
360,12,12,637.78
360,12,13,393.36
360,12,14,364.02
360,12,15,306.96
360,12,16,95.86
360,12,17,0.84
360,12,18,0.0
360,12,19,0.0
360,12,20,0.0
360,12,21,0.0
360,12,22,0.0
360,12,23,0.0
361,12,0,0.0
361,12,1,0.0
361,12,2,0.0
361,12,3,0.0
361,12,4,0.0
361,12,5,0.0
361,12,6,33.65
361,12,7,198.38
361,12,8,360.22
361,12,9,421.28
361,12,10,559.62
361,12,11,657.63
361,12,12,630.0
361,12,13,557.03
361,12,14,393.33
361,12,15,273.94
361,12,16,81.68
361,12,17,1.19
361,12,18,0.0
361,12,19,0.0
361,12,20,0.0
361,12,21,0.0
361,12,22,0.0
361,12,23,0.0
362,12,0,0.0
362,12,1,0.0
362,12,2,0.0
362,12,3,0.0
362,12,4,0.0
362,12,5,0.0
362,12,6,26.78
362,12,7,210.44
362,12,8,380.48
362,12,9,525.92
362,12,10,606.94
362,12,11,560.29
362,12,12,536.35
362,12,13,346.55
362,12,14,215.95
362,12,15,292.97
362,12,16,118.02
362,12,17,1.18
362,12,18,0.0
362,12,19,0.0
362,12,20,0.0
362,12,21,0.0
362,12,22,0.0
362,12,23,0.0
363,12,0,0.0
363,12,1,0.0
363,12,2,0.0
363,12,3,0.0
363,12,4,0.0
363,12,5,0.0
363,12,6,34.72
363,12,7,211.34
363,12,8,372.6
363,12,9,428.21
363,12,10,567.97
363,12,11,668.09
363,12,12,566.85
363,12,13,573.27
363,12,14,419.72
363,12,15,272.69
363,12,16,119.94
363,12,17,1.22
363,12,18,0.0
363,12,19,0.0
363,12,20,0.0
363,12,21,0.0
363,12,22,0.0
363,12,23,0.0
364,12,0,0.0
364,12,1,0.0
364,12,2,0.0
364,12,3,0.0
364,12,4,0.0
364,12,5,0.0
364,12,6,34.33
364,12,7,198.96
364,12,8,342.94
364,12,9,432.07
364,12,10,630.96
364,12,11,527.18
364,12,12,613.48
364,12,13,557.29
364,12,14,346.35
364,12,15,285.77
364,12,16,117.68
364,12,17,1.17
364,12,18,0.0
364,12,19,0.0
364,12,20,0.0
364,12,21,0.0
364,12,22,0.0
364,12,23,0.0
365,12,0,0.0
365,12,1,0.0
365,12,2,0.0
365,12,3,0.0
365,12,4,0.0
365,12,5,0.0
365,12,6,33.41
365,12,7,203.42
365,12,8,354.2
365,12,9,532.61
365,12,10,646.13
365,12,11,651.99
365,12,12,523.29
365,12,13,564.18
365,12,14,361.16
365,12,15,241.2
365,12,16,114.14
365,12,17,1.21
365,12,18,0.0
365,12,19,0.0
365,12,20,0.0
365,12,21,0.0
365,12,22,0.0
365,12,23,0.0
