date,time,elapsed_s,lux,irradiance_wm2,blue_channel,temp_c
2026-07-10,05:00:05,0,13.33,0.1149,115,30.00
2026-07-10,05:00:14,10,13.33,0.1149,156,29.00
2026-07-10,05:00:24,20,13.33,0.1149,125,28.00
2026-07-10,05:00:34,30,13.33,0.1149,123,29.00
2026-07-10,05:00:44,40,13.33,0.1149,126,29.00
2026-07-10,05:00:54,50,16.67,0.1437,125,28.00
2026-07-10,05:01:04,60,13.33,0.1149,119,28.00
2026-07-10,05:01:14,70,16.67,0.1437,128,28.00
2026-07-10,05:01:24,80,16.67,0.1437,129,29.00
2026-07-10,05:01:34,90,16.67,0.1437,135,28.00
2026-07-10,05:01:44,100,16.67,0.1437,140,28.00
2026-07-10,05:01:54,110,20.00,0.1724,148,28.00
2026-07-10,05:02:04,120,20.00,0.1724,149,28.00
2026-07-10,05:02:14,130,20.00,0.1724,158,28.00
2026-07-10,05:02:24,140,20.00,0.1724,159,29.00
2026-07-10,05:02:34,150,23.33,0.2011,132,29.00
2026-07-10,05:02:44,160,23.33,0.2011,125,29.00
2026-07-10,05:02:54,170,26.67,0.2299,132,28.00
2026-07-10,05:03:04,180,26.67,0.2299,132,28.00
2026-07-10,05:03:14,190,30.00,0.2586,132,28.00
2026-07-10,05:03:24,200,30.00,0.2586,132,28.00
2026-07-10,05:03:34,210,30.00,0.2586,125,28.00
2026-07-10,05:03:43,220,30.00,0.2586,127,28.00
2026-07-10,05:03:53,230,33.33,0.2874,127,28.00
2026-07-10,05:04:03,240,33.33,0.2874,128,28.00
2026-07-10,05:04:13,250,33.33,0.2874,131,28.00
2026-07-10,05:04:23,260,33.33,0.2874,129,29.00
2026-07-10,05:04:33,270,36.67,0.3161,128,29.00
2026-07-10,05:04:43,280,36.67,0.3161,129,28.00
2026-07-10,05:04:53,290,40.00,0.3448,128,29.00
2026-07-10,05:05:03,300,36.67,0.3161,138,29.00
2026-07-10,05:05:13,310,40.00,0.3448,128,28.00
2026-07-10,05:05:23,320,40.00,0.3448,128,29.00
2026-07-10,05:05:33,330,40.00,0.3448,130,29.00
2026-07-10,05:05:43,340,40.00,0.3448,129,29.00
2026-07-10,05:05:53,350,43.33,0.3736,130,29.00
2026-07-10,05:06:03,360,43.33,0.3736,128,28.00
2026-07-10,05:06:13,370,46.67,0.4023,134,28.00
2026-07-10,05:06:23,380,46.67,0.4023,122,29.00
2026-07-10,05:06:33,390,50.00,0.4310,134,29.00
2026-07-10,05:06:43,400,50.00,0.4310,136,29.00
2026-07-10,05:06:53,410,53.33,0.4598,125,28.00
2026-07-10,05:07:03,420,53.33,0.4598,125,29.00
2026-07-10,05:07:13,430,56.67,0.4885,129,29.00
2026-07-10,05:07:23,440,56.67,0.4885,128,28.00
2026-07-10,05:07:33,450,60.00,0.5172,134,29.00
2026-07-10,05:07:43,460,60.00,0.5172,132,29.00
2026-07-10,05:07:53,470,63.33,0.5460,135,29.00
2026-07-10,05:08:03,480,66.67,0.5747,131,29.00
2026-07-10,05:08:13,490,70.00,0.6034,128,29.00
2026-07-10,05:08:23,500,70.00,0.6034,128,29.00
2026-07-10,05:08:33,510,73.33,0.6322,132,29.00
2026-07-10,05:08:43,520,73.33,0.6322,123,29.00
2026-07-10,05:08:53,530,73.33,0.6322,132,29.00
2026-07-10,05:09:03,540,76.67,0.6609,131,29.00
2026-07-10,05:09:13,550,80.00,0.6897,131,28.00
2026-07-10,05:09:23,560,80.00,0.6897,127,28.00
2026-07-10,05:09:33,570,80.00,0.6897,125,29.00
2026-07-10,05:09:43,580,80.00,0.6897,130,28.00
2026-07-10,05:09:53,590,83.33,0.7184,129,29.00
2026-07-10,05:10:03,600,83.33,0.7184,130,29.00
2026-07-10,05:10:13,610,83.33,0.7184,128,29.00
2026-07-10,05:10:23,620,83.33,0.7184,129,29.00
2026-07-10,05:10:33,630,86.67,0.7471,132,29.00
2026-07-10,05:10:43,640,86.67,0.7471,126,29.00
2026-07-10,05:10:53,650,86.67,0.7471,135,29.00
2026-07-10,05:11:03,660,86.67,0.7471,128,29.00
2026-07-10,05:11:13,670,90.00,0.7759,125,29.00
2026-07-10,05:11:23,680,90.00,0.7759,130,29.00
2026-07-10,05:11:33,690,93.33,0.8046,128,28.00
2026-07-10,05:11:43,700,96.67,0.8333,134,29.00
2026-07-10,05:11:53,710,96.67,0.8333,126,29.00
2026-07-10,05:12:03,720,100.00,0.8621,134,29.00
2026-07-10,05:12:13,730,100.00,0.8621,134,29.00
2026-07-10,05:12:23,740,100.00,0.8621,123,29.00
2026-07-10,05:12:33,750,100.00,0.8621,135,29.00
2026-07-10,05:12:43,760,100.00,0.8621,122,29.00
2026-07-10,05:12:53,770,100.00,0.8621,124,29.00
2026-07-10,05:13:03,780,100.00,0.8621,130,29.00
2026-07-10,05:13:13,790,100.00,0.8621,128,29.00
2026-07-10,05:13:23,800,100.00,0.8621,127,29.00
2026-07-10,05:13:33,810,103.33,0.8908,128,29.00
2026-07-10,05:13:43,820,103.33,0.8908,127,29.00
2026-07-10,05:13:53,830,106.67,0.9195,132,29.00
2026-07-10,05:14:03,840,110.00,0.9483,123,29.00
2026-07-10,05:14:13,850,113.33,0.9770,127,29.00
2026-07-10,05:14:22,860,116.67,1.0057,124,29.00
2026-07-10,05:14:32,870,123.33,1.0632,127,29.00
2026-07-10,05:14:42,880,126.67,1.0920,127,29.00
2026-07-10,05:14:52,890,130.00,1.1207,128,29.00
2026-07-10,05:15:02,900,133.33,1.1494,135,29.00
2026-07-10,05:15:12,910,136.67,1.1782,133,29.00
2026-07-10,05:15:22,920,140.00,1.2069,128,29.00
2026-07-10,05:15:32,930,146.67,1.2644,129,29.00
2026-07-10,05:15:42,940,153.33,1.3218,129,29.00
2026-07-10,05:15:52,950,160.00,1.3793,130,29.00
2026-07-10,05:16:02,960,163.33,1.4080,124,29.00
2026-07-10,05:16:12,970,170.00,1.4655,126,29.00
2026-07-10,05:16:22,980,176.67,1.5230,133,29.00
2026-07-10,05:16:32,990,186.67,1.6092,130,29.00
2026-07-10,05:16:42,1000,190.00,1.6379,135,29.00
2026-07-10,05:16:52,1010,196.67,1.6954,127,29.00
2026-07-10,05:17:02,1020,203.33,1.7529,125,29.00
2026-07-10,05:17:12,1030,206.67,1.7816,132,29.00
2026-07-10,05:17:22,1040,210.00,1.8103,125,29.00
2026-07-10,05:17:32,1050,213.33,1.8391,133,29.00
2026-07-10,05:17:42,1060,213.33,1.8391,125,29.00
2026-07-10,05:17:52,1070,216.67,1.8678,133,29.00
2026-07-10,05:18:02,1080,223.33,1.9253,128,29.00
2026-07-10,05:18:12,1090,226.67,1.9540,133,29.00
2026-07-10,05:18:22,1100,230.00,1.9828,134,29.00
2026-07-10,05:18:32,1110,233.33,2.0115,132,29.00
2026-07-10,05:18:42,1120,236.67,2.0402,129,29.00
2026-07-10,05:18:52,1130,243.33,2.0977,125,29.00
2026-07-10,05:19:02,1140,246.67,2.1264,125,29.00
2026-07-10,05:19:12,1150,253.33,2.1839,128,29.00
2026-07-10,05:19:22,1160,256.67,2.2126,131,29.00
2026-07-10,05:19:32,1170,260.00,2.2414,130,29.00
2026-07-10,05:19:42,1180,263.33,2.2701,128,29.00
2026-07-10,05:19:52,1190,263.33,2.2701,131,29.00
2026-07-10,05:20:02,1200,263.33,2.2701,121,29.00
2026-07-10,05:20:12,1210,266.67,2.2989,130,29.00
2026-07-10,05:20:22,1220,263.33,2.2701,130,29.00
2026-07-10,05:20:32,1230,266.67,2.2989,129,29.00
2026-07-10,05:20:42,1240,263.33,2.2701,129,29.00
2026-07-10,05:20:52,1250,263.33,2.2701,129,29.00
2026-07-10,05:21:02,1260,263.33,2.2701,129,29.00
2026-07-10,05:21:12,1270,263.33,2.2701,128,29.00
2026-07-10,05:21:22,1280,260.00,2.2414,131,29.00
2026-07-10,05:21:32,1290,263.33,2.2701,140,29.00
2026-07-10,05:21:42,1300,263.33,2.2701,131,29.00
2026-07-10,05:21:52,1310,263.33,2.2701,123,29.00
2026-07-10,05:22:02,1320,263.33,2.2701,131,29.00
2026-07-10,05:22:12,1330,263.33,2.2701,128,29.00
2026-07-10,05:22:22,1340,263.33,2.2701,129,29.00
2026-07-10,05:22:32,1350,263.33,2.2701,131,29.00
2026-07-10,05:22:42,1360,263.33,2.2701,124,29.00
2026-07-10,05:22:52,1370,263.33,2.2701,129,29.00
2026-07-10,05:23:02,1380,266.67,2.2989,123,29.00
2026-07-10,05:23:12,1390,266.67,2.2989,128,29.00
2026-07-10,05:23:22,1400,270.00,2.3276,137,29.00
2026-07-10,05:23:32,1410,276.67,2.3851,124,29.00
2026-07-10,05:23:42,1420,280.00,2.4138,121,29.00
2026-07-10,05:23:52,1430,286.67,2.4713,122,29.00
2026-07-10,05:24:02,1440,290.00,2.5000,121,29.00
2026-07-10,05:24:12,1450,290.00,2.5000,130,29.00
2026-07-10,05:24:22,1460,286.67,2.4713,126,29.00
2026-07-10,05:24:31,1470,283.33,2.4425,136,29.00
2026-07-10,05:24:41,1480,280.00,2.4138,135,29.00
2026-07-10,05:24:51,1490,276.67,2.3851,129,29.00
2026-07-10,05:25:01,1500,276.67,2.3851,135,29.00
2026-07-10,05:25:11,1510,280.00,2.4138,130,29.00
2026-07-10,05:25:21,1520,283.33,2.4425,124,29.00
2026-07-10,05:25:31,1530,283.33,2.4425,134,29.00
2026-07-10,05:25:41,1540,286.67,2.4713,123,29.00
2026-07-10,05:25:51,1550,290.00,2.5000,131,29.00
2026-07-10,05:26:01,1560,296.67,2.5575,124,29.00
2026-07-10,05:26:11,1570,300.00,2.5862,124,29.00
2026-07-10,05:26:21,1580,303.33,2.6149,127,29.00
2026-07-10,05:26:31,1590,310.00,2.6724,131,29.00
2026-07-10,05:26:41,1600,310.00,2.6724,127,29.00
2026-07-10,05:26:51,1610,310.00,2.6724,132,29.00
2026-07-10,05:27:01,1620,310.00,2.6724,124,29.00
2026-07-10,05:27:11,1630,313.33,2.7011,130,29.00
2026-07-10,05:27:21,1640,310.00,2.6724,128,29.00
2026-07-10,05:27:31,1650,313.33,2.7011,126,29.00
2026-07-10,05:27:41,1660,310.00,2.6724,128,29.00
2026-07-10,05:27:51,1670,313.33,2.7011,125,29.00
2026-07-10,05:28:01,1680,313.33,2.7011,124,29.00
2026-07-10,05:28:11,1690,320.00,2.7586,126,29.00
2026-07-10,05:28:21,1700,323.33,2.7874,131,29.00
2026-07-10,05:28:31,1710,330.00,2.8448,127,29.00
2026-07-10,05:28:41,1720,333.33,2.8736,127,29.00
2026-07-10,05:28:51,1730,336.67,2.9023,127,29.00
2026-07-10,05:29:01,1740,336.67,2.9023,130,29.00
2026-07-10,05:29:11,1750,336.67,2.9023,124,29.00
2026-07-10,05:29:21,1760,333.33,2.8736,124,29.00
2026-07-10,05:29:31,1770,333.33,2.8736,125,29.00
2026-07-10,05:29:41,1780,333.33,2.8736,129,29.00
2026-07-10,05:29:51,1790,333.33,2.8736,131,29.00
2026-07-10,05:30:01,1800,333.33,2.8736,134,29.00
2026-07-10,05:30:11,1810,330.00,2.8448,127,29.00
2026-07-10,05:30:21,1820,330.00,2.8448,131,29.00
2026-07-10,05:30:31,1830,326.67,2.8161,127,29.00
2026-07-10,05:30:41,1840,320.00,2.7586,127,29.00
2026-07-10,05:30:51,1850,316.67,2.7299,126,29.00
2026-07-10,05:31:01,1860,310.00,2.6724,127,29.00
2026-07-10,05:31:11,1870,306.67,2.6437,132,29.00
2026-07-10,05:31:21,1880,306.67,2.6437,136,29.00
2026-07-10,05:31:31,1890,310.00,2.6724,132,29.00
2026-07-10,05:31:41,1900,313.33,2.7011,132,29.00
2026-07-10,05:31:51,1910,320.00,2.7586,134,29.00
2026-07-10,05:32:01,1920,320.00,2.7586,127,29.00
2026-07-10,05:32:11,1930,320.00,2.7586,130,29.00
2026-07-10,05:32:21,1940,320.00,2.7586,129,29.00
2026-07-10,05:32:31,1950,320.00,2.7586,125,29.00
2026-07-10,05:32:41,1960,320.00,2.7586,124,29.00
2026-07-10,05:32:51,1970,323.33,2.7874,124,29.00
2026-07-10,05:33:01,1980,323.33,2.7874,126,29.00
2026-07-10,05:33:11,1990,326.67,2.8161,131,29.00
2026-07-10,05:33:21,2000,330.00,2.8448,139,29.00
2026-07-10,05:33:31,2010,333.33,2.8736,132,29.00
2026-07-10,05:33:41,2020,336.67,2.9023,131,29.00
2026-07-10,05:33:51,2030,336.67,2.9023,127,29.00
2026-07-10,05:34:01,2040,336.67,2.9023,137,29.00
2026-07-10,05:34:11,2050,336.67,2.9023,128,29.00
2026-07-10,05:34:21,2060,336.67,2.9023,136,29.00
2026-07-10,05:34:31,2070,336.67,2.9023,123,29.00
2026-07-10,05:34:40,2080,333.33,2.8736,128,29.00
2026-07-10,05:34:50,2090,333.33,2.8736,132,29.00
2026-07-10,05:35:00,2100,333.33,2.8736,131,29.00
2026-07-10,05:35:10,2110,336.67,2.9023,129,29.00
2026-07-10,05:35:20,2120,343.33,2.9598,127,29.00
2026-07-10,05:35:30,2130,346.67,2.9885,131,29.00
2026-07-10,05:35:40,2140,350.00,3.0172,128,29.00
2026-07-10,05:35:50,2150,356.67,3.0747,133,29.00
2026-07-10,05:36:00,2160,363.33,3.1322,136,29.00
2026-07-10,05:36:10,2170,373.33,3.2184,129,29.00
2026-07-10,05:36:20,2180,383.33,3.3046,136,29.00
2026-07-10,05:36:30,2190,393.33,3.3908,128,29.00
2026-07-10,05:36:40,2200,400.00,3.4483,131,29.00
2026-07-10,05:36:50,2210,403.33,3.4770,133,29.00
2026-07-10,05:37:00,2220,406.67,3.5057,131,29.00
2026-07-10,05:37:10,2230,426.67,3.6782,131,29.00
2026-07-10,05:37:20,2240,426.67,3.6782,131,29.00
2026-07-10,05:37:30,2250,430.00,3.7069,122,29.00
2026-07-10,05:37:40,2260,426.67,3.6782,127,29.00
2026-07-10,05:37:50,2270,426.67,3.6782,135,29.00
2026-07-10,05:38:00,2280,403.33,3.4770,131,29.00
2026-07-10,05:38:10,2290,396.67,3.4195,130,29.00
2026-07-10,05:38:20,2300,386.67,3.3333,125,29.00
2026-07-10,05:38:30,2310,383.33,3.3046,133,29.00
2026-07-10,05:38:40,2320,380.00,3.2759,133,29.00
2026-07-10,05:38:50,2330,380.00,3.2759,133,29.00
2026-07-10,05:39:00,2340,376.67,3.2471,133,29.00
2026-07-10,05:39:10,2350,376.67,3.2471,127,29.00
2026-07-10,05:39:20,2360,376.67,3.2471,131,29.00
2026-07-10,05:39:30,2370,376.67,3.2471,132,29.00
2026-07-10,05:39:40,2380,373.33,3.2184,131,29.00
2026-07-10,05:39:50,2390,373.33,3.2184,125,29.00
2026-07-10,05:40:00,2400,376.67,3.2471,131,29.00
2026-07-10,05:40:10,2410,383.33,3.3046,131,29.00
2026-07-10,05:40:20,2420,386.67,3.3333,124,29.00
2026-07-10,05:40:30,2430,393.33,3.3908,129,29.00
2026-07-10,05:40:40,2440,396.67,3.4195,130,29.00
2026-07-10,05:40:50,2450,396.67,3.4195,128,29.00
2026-07-10,05:41:00,2460,400.00,3.4483,117,29.00
2026-07-10,05:41:10,2470,403.33,3.4770,129,29.00
2026-07-10,05:41:20,2480,403.33,3.4770,124,29.00
2026-07-10,05:41:30,2490,403.33,3.4770,129,29.00
2026-07-10,05:41:40,2500,403.33,3.4770,132,29.00
2026-07-10,05:41:50,2510,406.67,3.5057,137,29.00
2026-07-10,05:42:00,2520,406.67,3.5057,129,29.00
2026-07-10,05:42:10,2530,426.67,3.6782,135,29.00
2026-07-10,05:42:20,2540,433.33,3.7356,127,29.00
2026-07-10,05:42:30,2550,440.00,3.7931,136,29.00
2026-07-10,05:42:40,2560,453.33,3.9080,126,29.00
2026-07-10,05:42:50,2570,470.00,4.0517,126,29.00
2026-07-10,05:43:00,2580,483.33,4.1667,127,29.00
2026-07-10,05:43:10,2590,493.33,4.2529,128,29.00
2026-07-10,05:43:20,2600,496.67,4.2816,128,29.00
2026-07-10,05:43:30,2610,496.67,4.2816,128,29.00
2026-07-10,05:43:40,2620,493.33,4.2529,130,29.00
2026-07-10,05:43:50,2630,490.00,4.2241,126,29.00
2026-07-10,05:44:00,2640,486.67,4.1954,133,29.00
2026-07-10,05:44:10,2650,486.67,4.1954,128,29.00
2026-07-10,05:44:20,2660,486.67,4.1954,132,29.00
2026-07-10,05:44:30,2670,493.33,4.2529,129,29.00
2026-07-10,05:44:40,2680,500.00,4.3103,120,29.00
2026-07-10,05:44:50,2690,510.00,4.3966,137,29.00
2026-07-10,05:44:59,2700,516.67,4.4540,125,29.00
2026-07-10,05:45:09,2710,530.00,4.5690,122,29.00
2026-07-10,05:45:19,2720,533.33,4.5977,123,29.00
2026-07-10,05:45:29,2730,536.67,4.6264,124,29.00
2026-07-10,05:45:39,2740,540.00,4.6552,129,29.00
2026-07-10,05:45:49,2750,540.00,4.6552,128,29.00
2026-07-10,05:45:59,2760,540.00,4.6552,129,29.00
2026-07-10,05:46:09,2770,540.00,4.6552,126,29.00
2026-07-10,05:46:19,2780,550.00,4.7414,130,29.00
2026-07-10,05:46:29,2790,563.33,4.8563,127,29.00
2026-07-10,05:46:39,2800,590.00,5.0862,130,29.00
2026-07-10,05:46:49,2810,616.67,5.3161,133,29.00
2026-07-10,05:46:59,2820,643.33,5.5460,132,29.00
2026-07-10,05:47:09,2830,660.00,5.6897,132,29.00
2026-07-10,05:47:19,2840,673.33,5.8046,135,29.00
2026-07-10,05:47:29,2850,680.00,5.8621,122,29.00
2026-07-10,05:47:39,2860,690.00,5.9483,130,29.00
2026-07-10,05:47:49,2870,710.00,6.1207,137,29.00
2026-07-10,05:47:59,2880,733.33,6.3218,128,29.00
2026-07-10,05:48:09,2890,763.33,6.5805,127,29.00
2026-07-10,05:48:19,2900,790.00,6.8103,123,29.00
2026-07-10,05:48:29,2910,816.67,7.0402,128,29.00
2026-07-10,05:48:39,2920,853.33,7.3563,131,29.00
2026-07-10,05:48:49,2930,863.33,7.4425,127,29.00
2026-07-10,05:48:59,2940,873.33,7.5287,133,29.00
2026-07-10,05:49:09,2950,873.33,7.5287,124,29.00
2026-07-10,05:49:19,2960,873.33,7.5287,127,29.00
2026-07-10,05:49:29,2970,880.00,7.5862,129,29.00
2026-07-10,05:49:39,2980,886.67,7.6437,128,29.00
2026-07-10,05:49:49,2990,896.67,7.7299,130,29.00
2026-07-10,05:49:59,3000,906.67,7.8161,125,29.00
2026-07-10,05:50:09,3010,913.33,7.8736,125,29.00
2026-07-10,05:50:19,3020,906.67,7.8161,126,29.00
2026-07-10,05:50:29,3030,893.33,7.7011,129,29.00
2026-07-10,05:50:39,3040,870.00,7.5000,133,29.00
2026-07-10,05:50:49,3050,833.33,7.1839,131,29.00
2026-07-10,05:50:59,3060,810.00,6.9828,124,29.00
2026-07-10,05:51:09,3070,790.00,6.8103,125,29.00
2026-07-10,05:51:19,3080,766.67,6.6092,127,29.00
2026-07-10,05:51:29,3090,750.00,6.4655,127,29.00
2026-07-10,05:51:39,3100,736.67,6.3506,124,29.00
2026-07-10,05:51:49,3110,736.67,6.3506,135,29.00
2026-07-10,05:51:59,3120,746.67,6.4368,129,29.00
2026-07-10,05:52:09,3130,766.67,6.6092,130,29.00
2026-07-10,05:52:19,3140,790.00,6.8103,128,29.00
2026-07-10,05:52:29,3150,820.00,7.0690,131,29.00
2026-07-10,05:52:39,3160,866.67,7.4713,135,29.00
2026-07-10,05:52:49,3170,893.33,7.7011,134,29.00
2026-07-10,05:52:59,3180,906.67,7.8161,124,29.00
2026-07-10,05:53:09,3190,910.00,7.8448,130,29.00
2026-07-10,05:53:19,3200,900.00,7.7586,126,29.00
2026-07-10,05:53:29,3210,880.00,7.5862,139,29.00
2026-07-10,05:53:39,3220,863.33,7.4425,128,29.00
2026-07-10,05:53:49,3230,833.33,7.1839,134,29.00
2026-07-10,05:53:59,3240,816.67,7.0402,120,29.00
2026-07-10,05:54:09,3250,816.67,7.0402,136,29.00
2026-07-10,05:54:19,3260,833.33,7.1839,135,29.00
2026-07-10,05:54:29,3270,886.67,7.6437,130,29.00
2026-07-10,05:54:39,3280,943.33,8.1322,134,29.00
2026-07-10,05:54:49,3290,1003.33,8.6494,131,29.00
2026-07-10,05:54:59,3300,1070.00,9.2241,129,29.00
2026-07-10,05:55:09,3310,1123.33,9.6839,122,29.00
2026-07-10,05:55:19,3320,1156.67,9.9713,125,29.00
2026-07-10,05:55:29,3330,1176.67,10.1437,126,29.00
2026-07-10,05:55:38,3340,1180.00,10.1724,118,29.00
2026-07-10,05:55:48,3350,1173.33,10.1149,119,29.00
2026-07-10,05:55:58,3360,1170.00,10.0862,126,29.00
2026-07-10,05:56:08,3370,1173.33,10.1149,134,29.00
2026-07-10,05:56:18,3380,1186.67,10.2299,123,29.00
2026-07-10,05:56:28,3390,1203.33,10.3736,130,29.00
2026-07-10,05:56:38,3400,1226.67,10.5747,128,29.00
2026-07-10,05:56:48,3410,1256.67,10.8333,132,29.00
2026-07-10,05:56:58,3420,1290.00,11.1207,128,29.00
2026-07-10,05:57:08,3430,1306.67,11.2644,130,29.00
2026-07-10,05:57:18,3440,1320.00,11.3793,126,29.00
2026-07-10,05:57:28,3450,1333.33,11.4943,129,29.00
2026-07-10,05:57:38,3460,1333.33,11.4943,131,29.00
2026-07-10,05:57:48,3470,1346.67,11.6092,135,29.00
2026-07-10,05:57:58,3480,1356.67,11.6954,127,29.00
2026-07-10,05:58:08,3490,1373.33,11.8391,130,29.00
2026-07-10,05:58:18,3500,1366.67,11.7816,127,29.00
2026-07-10,05:58:28,3510,1356.67,11.6954,127,29.00
2026-07-10,05:58:38,3520,1336.67,11.5230,127,29.00
2026-07-10,05:58:48,3530,1316.67,11.3506,125,29.00
2026-07-10,05:58:58,3540,1296.67,11.1782,131,29.00
2026-07-10,05:59:08,3550,1290.00,11.1207,133,29.00
2026-07-10,05:59:18,3560,1296.67,11.1782,127,29.00
2026-07-10,05:59:28,3570,1323.33,11.4080,128,29.00
2026-07-10,05:59:38,3580,1356.67,11.6954,134,29.00
2026-07-10,05:59:48,3590,1396.67,12.0402,126,29.00
2026-07-10,05:59:58,3600,1450.00,12.5000,130,29.00
2026-07-10,06:00:08,3610,1500.00,12.9310,130,29.00
2026-07-10,06:00:18,3620,1530.00,13.1897,133,29.00
2026-07-10,06:00:28,3630,1540.00,13.2759,124,29.00
2026-07-10,06:00:38,3640,1536.67,13.2471,122,29.00
2026-07-10,06:00:48,3650,1530.00,13.1897,121,29.00
2026-07-10,06:00:58,3660,1506.67,12.9885,135,29.00
2026-07-10,06:01:08,3670,1480.00,12.7586,125,29.00
2026-07-10,06:01:18,3680,1450.00,12.5000,126,29.00
2026-07-10,06:01:28,3690,1423.33,12.2701,125,29.00
2026-07-10,06:01:38,3700,1386.67,11.9540,131,29.00
2026-07-10,06:01:48,3710,1360.00,11.7241,120,29.00
2026-07-10,06:01:58,3720,1346.67,11.6092,130,29.00
2026-07-10,06:02:08,3730,1346.67,11.6092,127,29.00
2026-07-10,06:02:18,3740,1353.33,11.6667,124,29.00
2026-07-10,06:02:28,3750,1366.67,11.7816,122,29.00
2026-07-10,06:02:38,3760,1390.00,11.9828,129,29.00
2026-07-10,06:02:48,3770,1420.00,12.2414,125,29.00
2026-07-10,06:02:58,3780,1450.00,12.5000,133,29.00
2026-07-10,06:03:08,3790,1486.67,12.8161,137,29.00
2026-07-10,06:03:18,3800,1520.00,13.1034,127,29.00
2026-07-10,06:03:28,3810,1560.00,13.4483,128,29.00
2026-07-10,06:03:38,3820,1606.67,13.8506,127,29.00
2026-07-10,06:03:48,3830,1653.33,14.2529,134,29.00
2026-07-10,06:03:58,3840,1706.67,14.7126,128,29.00
2026-07-10,06:04:08,3850,1736.67,14.9713,129,29.00
2026-07-10,06:04:18,3860,1753.33,15.1149,125,29.00
2026-07-10,06:04:28,3870,1766.67,15.2299,127,29.00
2026-07-10,06:04:38,3880,1766.67,15.2299,126,29.00
2026-07-10,06:04:48,3890,1756.67,15.1437,123,29.00
2026-07-10,06:04:58,3900,1736.67,14.9713,135,29.00
2026-07-10,06:05:08,3910,1713.33,14.7701,125,29.00
2026-07-10,06:05:18,3920,1660.00,14.3103,127,29.00
2026-07-10,06:05:28,3930,1606.67,13.8506,129,29.00
2026-07-10,06:05:38,3940,1550.00,13.3621,129,29.00
2026-07-10,06:05:48,3950,1496.67,12.9023,128,29.00
2026-07-10,06:05:58,3960,1456.67,12.5575,131,29.00
2026-07-10,06:06:07,3970,1426.67,12.2989,133,29.00
2026-07-10,06:06:17,3980,1403.33,12.0977,129,29.00
2026-07-10,06:06:27,3990,1386.67,11.9540,131,29.00
2026-07-10,06:06:37,4000,1370.00,11.8103,127,29.00
2026-07-10,06:06:47,4010,1366.67,11.7816,132,29.00
2026-07-10,06:06:57,4020,1366.67,11.7816,125,29.00
2026-07-10,06:07:07,4030,1373.33,11.8391,131,29.00
2026-07-10,06:07:17,4040,1380.00,11.8966,129,29.00
2026-07-10,06:07:27,4050,1386.67,11.9540,130,29.00
2026-07-10,06:07:37,4060,1386.67,11.9540,131,29.00
2026-07-10,06:07:47,4070,1386.67,11.9540,126,29.00
2026-07-10,06:07:57,4080,1380.00,11.8966,121,29.00
2026-07-10,06:08:07,4090,1370.00,11.8103,125,29.00
2026-07-10,06:08:17,4100,1363.33,11.7529,122,29.00
2026-07-10,06:08:27,4110,1360.00,11.7241,128,29.00
2026-07-10,06:08:37,4120,1363.33,11.7529,130,29.00
2026-07-10,06:08:47,4130,1380.00,11.8966,127,29.00
2026-07-10,06:08:57,4140,1403.33,12.0977,120,29.00
2026-07-10,06:09:07,4150,1426.67,12.2989,130,29.00
2026-07-10,06:09:17,4160,1446.67,12.4713,129,29.00
2026-07-10,06:09:27,4170,1470.00,12.6724,124,29.00
2026-07-10,06:09:37,4180,1483.33,12.7874,124,29.00
2026-07-10,06:09:47,4190,1496.67,12.9023,124,29.00
2026-07-10,06:09:57,4200,1510.00,13.0172,128,29.00
2026-07-10,06:10:07,4210,1513.33,13.0460,123,29.00
2026-07-10,06:10:17,4220,1513.33,13.0460,125,29.00
2026-07-10,06:10:27,4230,1496.67,12.9023,118,29.00
2026-07-10,06:10:37,4240,1473.33,12.7011,125,29.00
2026-07-10,06:10:47,4250,1446.67,12.4713,125,29.00
2026-07-10,06:10:57,4260,1416.67,12.2126,127,29.00
2026-07-10,06:11:07,4270,1390.00,11.9828,124,29.00
2026-07-10,06:11:17,4280,1360.00,11.7241,124,29.00
2026-07-10,06:11:27,4290,1330.00,11.4655,121,29.00
2026-07-10,06:11:37,4300,1300.00,11.2069,127,29.00
2026-07-10,06:11:47,4310,1260.00,10.8621,124,29.00
2026-07-10,06:11:57,4320,1236.67,10.6609,125,29.00
2026-07-10,06:12:07,4330,1223.33,10.5460,123,29.00
2026-07-10,06:12:17,4340,1210.00,10.4310,127,29.00
2026-07-10,06:12:27,4350,1203.33,10.3736,125,29.00
2026-07-10,06:12:37,4360,1196.67,10.3161,125,29.00
2026-07-10,06:12:47,4370,1193.33,10.2874,124,29.00
2026-07-10,06:12:57,4380,1183.33,10.2011,123,29.00
2026-07-10,06:13:07,4390,1176.67,10.1437,127,29.00
2026-07-10,06:13:17,4400,1166.67,10.0575,123,29.00
2026-07-10,06:13:27,4410,1156.67,9.9713,127,29.00
2026-07-10,06:13:37,4420,1150.00,9.9138,128,29.00
2026-07-10,06:13:47,4430,1140.00,9.8276,123,29.00
2026-07-10,06:13:57,4440,1133.33,9.7701,122,29.00
2026-07-10,06:14:07,4450,1130.00,9.7414,123,29.00
2026-07-10,06:14:17,4460,1133.33,9.7701,122,29.00
2026-07-10,06:14:27,4470,1140.00,9.8276,124,29.00
2026-07-10,06:14:37,4480,1143.33,9.8563,128,29.00
2026-07-10,06:14:47,4490,1143.33,9.8563,123,29.00
2026-07-10,06:14:57,4500,1136.67,9.7989,128,29.00
2026-07-10,06:15:07,4510,1130.00,9.7414,122,29.00
2026-07-10,06:15:17,4520,1123.33,9.6839,128,29.00
2026-07-10,06:15:27,4530,1123.33,9.6839,127,29.00
2026-07-10,06:15:37,4540,1123.33,9.6839,133,29.00
2026-07-10,06:15:47,4550,1133.33,9.7701,123,29.00
2026-07-10,06:15:57,4560,1146.67,9.8851,129,29.00
2026-07-10,06:16:07,4570,1156.67,9.9713,136,29.00
2026-07-10,06:16:17,4580,1166.67,10.0575,145,29.00
2026-07-10,06:16:27,4590,1170.00,10.0862,133,29.00
2026-07-10,06:16:36,4600,1173.33,10.1149,128,29.00
2026-07-10,06:16:46,4610,1180.00,10.1724,123,29.00
2026-07-10,06:16:56,4620,1190.00,10.2586,131,29.00
2026-07-10,06:17:06,4630,1216.67,10.4885,135,29.00
2026-07-10,06:17:16,4640,1250.00,10.7759,138,29.00
2026-07-10,06:17:26,4650,1300.00,11.2069,127,29.00
2026-07-10,06:17:36,4660,1323.33,11.4080,135,29.00
2026-07-10,06:17:46,4670,1336.67,11.5230,132,29.00
2026-07-10,06:17:56,4680,1330.00,11.4655,127,29.00
2026-07-10,06:18:06,4690,1313.33,11.3218,131,29.00
2026-07-10,06:18:16,4700,1300.00,11.2069,129,29.00
2026-07-10,06:18:26,4710,1296.67,11.1782,136,29.00
2026-07-10,06:18:36,4720,1303.33,11.2356,127,29.00
2026-07-10,06:18:46,4730,1326.67,11.4368,130,29.00
2026-07-10,06:18:56,4740,1366.67,11.7816,137,29.00
2026-07-10,06:19:06,4750,1406.67,12.1264,130,29.00
2026-07-10,06:19:16,4760,1440.00,12.4138,123,29.00
2026-07-10,06:19:26,4770,1470.00,12.6724,126,29.00
2026-07-10,06:19:36,4780,1496.67,12.9023,127,29.00
2026-07-10,06:19:46,4790,1523.33,13.1322,128,29.00
2026-07-10,06:19:56,4800,1550.00,13.3621,131,29.00
2026-07-10,06:20:06,4810,1586.67,13.6782,128,29.00
2026-07-10,06:20:16,4820,1630.00,14.0517,128,29.00
2026-07-10,06:20:26,4830,1656.67,14.2816,128,29.00
2026-07-10,06:20:36,4840,1660.00,14.3103,122,29.00
2026-07-10,06:20:46,4850,1656.67,14.2816,119,29.00
2026-07-10,06:20:56,4860,1650.00,14.2241,125,29.00
2026-07-10,06:21:06,4870,1656.67,14.2816,130,29.00
2026-07-10,06:21:16,4880,1666.67,14.3678,126,29.00
2026-07-10,06:21:26,4890,1680.00,14.4828,123,29.00
2026-07-10,06:21:36,4900,1686.67,14.5402,116,29.00
2026-07-10,06:21:46,4910,1710.00,14.7414,123,29.00
2026-07-10,06:21:56,4920,1713.33,14.7701,124,29.00
2026-07-10,06:22:06,4930,1720.00,14.8276,124,29.00
2026-07-10,06:22:16,4940,1716.67,14.7989,124,29.00
2026-07-10,06:22:26,4950,1706.67,14.7126,121,29.00
2026-07-10,06:22:36,4960,1666.67,14.3678,126,29.00
2026-07-10,06:22:46,4970,1630.00,14.0517,128,29.00
2026-07-10,06:22:56,4980,1593.33,13.7356,129,29.00
2026-07-10,06:23:06,4990,1573.33,13.5632,127,29.00
2026-07-10,06:23:16,5000,1563.33,13.4770,128,29.00
2026-07-10,06:23:26,5010,1563.33,13.4770,130,29.00
2026-07-10,06:23:36,5020,1556.67,13.4195,126,29.00
2026-07-10,06:23:46,5030,1556.67,13.4195,132,29.00
2026-07-10,06:23:56,5040,1560.00,13.4483,131,29.00
2026-07-10,06:24:06,5050,1573.33,13.5632,128,29.00
2026-07-10,06:24:16,5060,1596.67,13.7644,133,29.00
2026-07-10,06:24:26,5070,1636.67,14.1092,126,29.00
2026-07-10,06:24:36,5080,1666.67,14.3678,139,29.00
2026-07-10,06:24:46,5090,1713.33,14.7701,117,29.00
2026-07-10,06:24:56,5100,1743.33,15.0287,128,29.00
2026-07-10,06:25:06,5110,1766.67,15.2299,127,29.00
2026-07-10,06:25:16,5120,1783.33,15.3736,120,29.00
2026-07-10,06:25:26,5130,1800.00,15.5172,124,29.00
2026-07-10,06:25:36,5140,1813.33,15.6322,125,29.00
2026-07-10,06:25:46,5150,1823.33,15.7184,122,29.00
2026-07-10,06:25:56,5160,1830.00,15.7759,123,29.00
2026-07-10,06:26:06,5170,1840.00,15.8621,124,29.00
2026-07-10,06:26:16,5180,1833.33,15.8046,129,29.00
2026-07-10,06:26:26,5190,1813.33,15.6322,131,29.00
2026-07-10,06:26:36,5200,1790.00,15.4310,126,29.00
2026-07-10,06:26:46,5210,1773.33,15.2874,131,29.00
2026-07-10,06:26:55,5220,1763.33,15.2011,139,29.00
2026-07-10,06:27:05,5230,1763.33,15.2011,134,29.00
2026-07-10,06:27:15,5240,1763.33,15.2011,135,29.00
2026-07-10,06:27:25,5250,1776.67,15.3161,131,29.00
2026-07-10,06:27:35,5260,1796.67,15.4885,133,29.00
2026-07-10,06:27:45,5270,1813.33,15.6322,124,29.00
2026-07-10,06:27:55,5280,1826.67,15.7471,122,29.00
2026-07-10,06:28:05,5290,1840.00,15.8621,127,29.00
2026-07-10,06:28:15,5300,1843.33,15.8908,129,29.00
2026-07-10,06:28:25,5310,1853.33,15.9770,126,29.00
2026-07-10,06:28:35,5320,1863.33,16.0632,126,29.00
2026-07-10,06:28:45,5330,1870.00,16.1207,127,29.00
2026-07-10,06:28:55,5340,1873.33,16.1494,132,29.00
2026-07-10,06:29:05,5350,1866.67,16.0920,122,29.00
2026-07-10,06:29:15,5360,1843.33,15.8908,128,29.00
2026-07-10,06:29:25,5370,1820.00,15.6897,125,29.00
2026-07-10,06:29:35,5380,1800.00,15.5172,128,29.00
2026-07-10,06:29:45,5390,1783.33,15.3736,128,29.00
2026-07-10,06:29:55,5400,1770.00,15.2586,126,29.00
2026-07-10,06:30:05,5410,1760.00,15.1724,128,29.00
2026-07-10,06:30:15,5420,1753.33,15.1149,123,29.00
2026-07-10,06:30:25,5430,1750.00,15.0862,124,29.00
2026-07-10,06:30:35,5440,1756.67,15.1437,123,29.00
2026-07-10,06:30:45,5450,1776.67,15.3161,122,29.00
2026-07-10,06:30:55,5460,1800.00,15.5172,129,29.00
2026-07-10,06:31:05,5470,1830.00,15.7759,120,29.00
2026-07-10,06:31:15,5480,1850.00,15.9483,125,29.00
2026-07-10,06:31:25,5490,1873.33,16.1494,127,29.00
2026-07-10,06:31:35,5500,1883.33,16.2356,130,29.00
2026-07-10,06:31:45,5510,1883.33,16.2356,126,29.00
2026-07-10,06:31:55,5520,1876.67,16.1782,128,29.00
2026-07-10,06:32:05,5530,1870.00,16.1207,135,29.00
2026-07-10,06:32:15,5540,1866.67,16.0920,134,29.00
2026-07-10,06:32:25,5550,1870.00,16.1207,127,29.00
2026-07-10,06:32:35,5560,1873.33,16.1494,125,29.00
2026-07-10,06:32:45,5570,1876.67,16.1782,127,29.00
2026-07-10,06:32:55,5580,1876.67,16.1782,123,29.00
2026-07-10,06:33:05,5590,1870.00,16.1207,128,29.00
2026-07-10,06:33:15,5600,1856.67,16.0057,129,29.00
2026-07-10,06:33:25,5610,1840.00,15.8621,127,29.00
2026-07-10,06:33:35,5620,1816.67,15.6609,123,29.00
2026-07-10,06:33:45,5630,1796.67,15.4885,128,29.00
2026-07-10,06:33:55,5640,1766.67,15.2299,126,29.00
2026-07-10,06:34:05,5650,1736.67,14.9713,133,29.00
2026-07-10,06:34:15,5660,1710.00,14.7414,129,29.00
2026-07-10,06:34:25,5670,1676.67,14.4540,132,29.00
2026-07-10,06:34:35,5680,1653.33,14.2529,124,29.00
2026-07-10,06:34:45,5690,1640.00,14.1379,126,29.00
2026-07-10,06:34:55,5700,1630.00,14.0517,126,29.00
2026-07-10,06:35:05,5710,1633.33,14.0805,126,29.00
2026-07-10,06:35:15,5720,1633.33,14.0805,131,29.00
2026-07-10,06:35:25,5730,1650.00,14.2241,129,29.00
2026-07-10,06:35:35,5740,1673.33,14.4253,127,29.00
2026-07-10,06:35:45,5750,1720.00,14.8276,130,29.00
2026-07-10,06:35:55,5760,1753.33,15.1149,131,29.00
2026-07-10,06:36:05,5770,1796.67,15.4885,131,29.00
2026-07-10,06:36:15,5780,1836.67,15.8333,129,29.00
2026-07-10,06:36:25,5790,1873.33,16.1494,127,29.00
2026-07-10,06:36:34,5800,1900.00,16.3793,119,29.00
2026-07-10,06:36:44,5810,1906.67,16.4368,128,29.00
2026-07-10,06:36:54,5820,1910.00,16.4655,123,29.00
2026-07-10,06:37:04,5830,1910.00,16.4655,122,29.00
2026-07-10,06:37:14,5840,1920.00,16.5517,121,29.00
2026-07-10,06:37:24,5850,1933.33,16.6667,121,29.00
2026-07-10,06:37:34,5860,1960.00,16.8966,125,29.00
2026-07-10,06:37:44,5870,1990.00,17.1552,131,29.00
2026-07-10,06:37:54,5880,2026.67,17.4713,127,29.00
2026-07-10,06:38:04,5890,2073.33,17.8736,127,29.00
2026-07-10,06:38:14,5900,2113.33,18.2184,133,29.00
2026-07-10,06:38:24,5910,2166.67,18.6782,130,29.00
2026-07-10,06:38:34,5920,2206.67,19.0230,125,29.00
2026-07-10,06:38:44,5930,2246.67,19.3678,125,29.00
2026-07-10,06:38:54,5940,2283.33,19.6839,126,29.00
2026-07-10,06:39:04,5950,2310.00,19.9138,128,29.00
2026-07-10,06:39:14,5960,2326.67,20.0575,123,29.00
2026-07-10,06:39:24,5970,2336.67,20.1437,128,29.00
2026-07-10,06:39:34,5980,2336.67,20.1437,123,29.00
2026-07-10,06:39:44,5990,2326.67,20.0575,128,29.00
2026-07-10,06:39:54,6000,2300.00,19.8276,134,29.00
2026-07-10,06:40:04,6010,2270.00,19.5690,122,29.00
2026-07-10,06:40:14,6020,2233.33,19.2529,123,29.00
2026-07-10,06:40:24,6030,2193.33,18.9080,128,29.00
2026-07-10,06:40:34,6040,2150.00,18.5345,125,29.00
2026-07-10,06:40:44,6050,2093.33,18.0460,129,29.00
2026-07-10,06:40:54,6060,2053.33,17.7011,126,29.00
2026-07-10,06:41:04,6070,2016.67,17.3851,125,29.00
2026-07-10,06:41:14,6080,1990.00,17.1552,128,29.00
2026-07-10,06:41:24,6090,1973.33,17.0115,125,29.00
2026-07-10,06:41:34,6100,1946.67,16.7816,127,29.00
2026-07-10,06:41:44,6110,1943.33,16.7529,130,29.00
2026-07-10,06:41:54,6120,1953.33,16.8391,130,29.00
2026-07-10,06:42:04,6130,1980.00,17.0690,131,29.00
2026-07-10,06:42:14,6140,1973.33,17.0115,120,29.00
2026-07-10,06:42:24,6150,1956.67,16.8678,121,29.00
2026-07-10,06:42:34,6160,1920.00,16.5517,127,29.00
2026-07-10,06:42:44,6170,1870.00,16.1207,126,29.00
2026-07-10,06:42:54,6180,1820.00,15.6897,122,29.00
2026-07-10,06:43:04,6190,1766.67,15.2299,125,29.00
2026-07-10,06:43:14,6200,1723.33,14.8563,129,29.00
2026-07-10,06:43:24,6210,1666.67,14.3678,127,29.00
2026-07-10,06:43:34,6220,1620.00,13.9655,124,29.00
2026-07-10,06:43:44,6230,1560.00,13.4483,120,29.00
2026-07-10,06:43:54,6240,1493.33,12.8736,128,29.00
2026-07-10,06:44:04,6250,1416.67,12.2126,125,29.00
2026-07-10,06:44:14,6260,1346.67,11.6092,125,29.00
2026-07-10,06:44:24,6270,1283.33,11.0632,122,29.00
2026-07-10,06:44:34,6280,1220.00,10.5172,122,29.00
2026-07-10,06:44:44,6290,1183.33,10.2011,132,29.00
2026-07-10,06:44:54,6300,1163.33,10.0287,134,29.00
2026-07-10,06:45:04,6310,1153.33,9.9425,136,29.00
2026-07-10,06:45:14,6320,1156.67,9.9713,127,29.00
2026-07-10,06:45:24,6330,1173.33,10.1149,134,29.00
2026-07-10,06:45:34,6340,1193.33,10.2874,133,29.00
2026-07-10,06:45:44,6350,1210.00,10.4310,126,29.00
2026-07-10,06:45:54,6360,1213.33,10.4598,128,29.00
2026-07-10,06:46:04,6370,1210.00,10.4310,128,29.00
2026-07-10,06:46:14,6380,1193.33,10.2874,135,29.00
2026-07-10,06:46:24,6390,1180.00,10.1724,130,29.00
2026-07-10,06:46:34,6400,1166.67,10.0575,130,29.00
2026-07-10,06:46:44,6410,1166.67,10.0575,135,29.00
2026-07-10,06:46:54,6420,1180.00,10.1724,131,29.00
2026-07-10,06:47:03,6430,1203.33,10.3736,133,29.00
2026-07-10,06:47:13,6440,1220.00,10.5172,127,29.00
2026-07-10,06:47:23,6450,1236.67,10.6609,127,29.00
2026-07-10,06:47:33,6460,1246.67,10.7471,129,29.00
2026-07-10,06:47:43,6470,1253.33,10.8046,130,29.00
2026-07-10,06:47:53,6480,1280.00,11.0345,128,29.00
2026-07-10,06:48:03,6490,1286.67,11.0920,128,29.00
2026-07-10,06:48:13,6500,1300.00,11.2069,129,29.00
2026-07-10,06:48:23,6510,1323.33,11.4080,131,29.00
2026-07-10,06:48:33,6520,1373.33,11.8391,126,29.00
2026-07-10,06:48:43,6530,1376.67,11.8678,128,29.00
2026-07-10,06:48:53,6540,1373.33,11.8391,133,29.00
2026-07-10,06:49:03,6550,1330.00,11.4655,133,29.00
2026-07-10,06:49:13,6560,1263.33,10.8908,133,29.00
2026-07-10,06:49:23,6570,1203.33,10.3736,134,29.00
2026-07-10,06:49:33,6580,1160.00,10.0000,135,29.00
2026-07-10,06:49:43,6590,1133.33,9.7701,125,29.00
2026-07-10,06:49:53,6600,1113.33,9.5977,129,29.00
2026-07-10,06:50:03,6610,1116.67,9.6264,127,29.00
2026-07-10,06:50:13,6620,1113.33,9.5977,125,29.00
2026-07-10,06:50:23,6630,1113.33,9.5977,124,29.00
2026-07-10,06:50:33,6640,1110.00,9.5690,127,29.00
2026-07-10,06:50:43,6650,1110.00,9.5690,128,29.00
2026-07-10,06:50:53,6660,1106.67,9.5402,128,29.00
2026-07-10,06:51:03,6670,1110.00,9.5690,137,29.00
2026-07-10,06:51:13,6680,1103.33,9.5115,135,29.00
2026-07-10,06:51:23,6690,1103.33,9.5115,125,29.00
2026-07-10,06:51:33,6700,1106.67,9.5402,127,29.00
2026-07-10,06:51:43,6710,1116.67,9.6264,128,29.00
2026-07-10,06:51:53,6720,1130.00,9.7414,123,29.00
2026-07-10,06:52:03,6730,1146.67,9.8851,130,29.00
2026-07-10,06:52:13,6740,1160.00,10.0000,127,29.00
2026-07-10,06:52:23,6750,1180.00,10.1724,128,29.00
2026-07-10,06:52:33,6760,1183.33,10.2011,127,29.00
2026-07-10,06:52:43,6770,1186.67,10.2299,130,29.00
2026-07-10,06:52:53,6780,1183.33,10.2011,131,29.00
2026-07-10,06:53:03,6790,1183.33,10.2011,131,29.00
2026-07-10,06:53:13,6800,1190.00,10.2586,134,29.00
2026-07-10,06:53:23,6810,1200.00,10.3448,134,29.00
2026-07-10,06:53:33,6820,1213.33,10.4598,126,29.00
2026-07-10,06:53:43,6830,1233.33,10.6322,126,29.00
2026-07-10,06:53:53,6840,1260.00,10.8621,128,29.00
2026-07-10,06:54:03,6850,1330.00,11.4655,131,29.00
2026-07-10,06:54:13,6860,1366.67,11.7816,129,29.00
2026-07-10,06:54:23,6870,1413.33,12.1839,123,29.00
2026-07-10,06:54:33,6880,1460.00,12.5862,122,29.00
2026-07-10,06:54:43,6890,1513.33,13.0460,125,29.00
2026-07-10,06:54:53,6900,1573.33,13.5632,123,29.00
2026-07-10,06:55:03,6910,1640.00,14.1379,124,29.00
2026-07-10,06:55:13,6920,1720.00,14.8276,128,29.00
2026-07-10,06:55:23,6930,1793.33,15.4598,127,29.00
2026-07-10,06:55:33,6940,1866.67,16.0920,133,29.00
2026-07-10,06:55:43,6950,1970.00,16.9828,122,29.00
2026-07-10,06:55:53,6960,2103.33,18.1322,128,29.00
2026-07-10,06:56:03,6970,2273.33,19.5977,121,29.00
2026-07-10,06:56:13,6980,2410.00,20.7759,130,29.00
2026-07-10,06:56:23,6990,2523.33,21.7529,132,29.00
2026-07-10,06:56:33,7000,2620.00,22.5862,128,29.00
2026-07-10,06:56:43,7010,2726.67,23.5057,125,29.00
2026-07-10,06:56:53,7020,2780.00,23.9655,122,29.00
2026-07-10,06:57:03,7030,2846.67,24.5402,128,29.00
2026-07-10,06:57:13,7040,2940.00,25.3448,126,29.00
2026-07-10,06:57:22,7050,3030.00,26.1207,132,29.00
2026-07-10,06:57:32,7060,3090.00,26.6379,126,29.00
2026-07-10,06:57:42,7070,3153.33,27.1839,126,29.00
2026-07-10,06:57:52,7080,3183.33,27.4425,130,29.00
2026-07-10,06:58:02,7090,3180.00,27.4138,125,29.00
2026-07-10,06:58:12,7100,3150.00,27.1552,122,29.00
2026-07-10,06:58:22,7110,3136.67,27.0402,123,29.00
2026-07-10,06:58:32,7120,3113.33,26.8391,122,29.00
2026-07-10,06:58:42,7130,3083.33,26.5805,121,29.00
2026-07-10,06:58:52,7140,3056.67,26.3506,120,29.00
2026-07-10,06:59:02,7150,3023.33,26.0632,124,29.00
2026-07-10,06:59:12,7160,2970.00,25.6034,128,29.00
2026-07-10,06:59:22,7170,2940.00,25.3448,121,29.00
2026-07-10,06:59:32,7180,2923.33,25.2011,126,29.00
2026-07-10,06:59:42,7190,2880.00,24.8276,121,29.00
2026-07-10,06:59:52,7200,2876.67,24.7988,134,29.00
2026-07-10,07:00:02,7210,2846.67,24.5402,132,29.00
2026-07-10,07:00:12,7220,2816.67,24.2816,123,29.00
2026-07-10,07:00:22,7230,2826.67,24.3678,122,29.00
2026-07-10,07:00:32,7240,2776.67,23.9368,123,29.00
2026-07-10,07:00:42,7250,2723.33,23.4770,126,30.00
2026-07-10,07:00:52,7260,2660.00,22.9310,127,29.00
2026-07-10,07:01:02,7270,2583.33,22.2701,127,29.00
2026-07-10,07:01:12,7280,2500.00,21.5517,128,29.00
2026-07-10,07:01:22,7290,2436.67,21.0057,128,29.00
2026-07-10,07:01:32,7300,2366.67,20.4023,126,29.00
2026-07-10,07:01:42,7310,2310.00,19.9138,128,29.00
2026-07-10,07:01:52,7320,2260.00,19.4828,125,29.00
2026-07-10,07:02:02,7330,2226.67,19.1954,123,30.00
2026-07-10,07:02:12,7340,2196.67,18.9368,123,29.00
2026-07-10,07:02:22,7350,2163.33,18.6494,122,29.00
2026-07-10,07:02:32,7360,2136.67,18.4195,125,29.00
2026-07-10,07:02:42,7370,2090.00,18.0172,121,29.00
2026-07-10,07:02:52,7380,2033.33,17.5287,121,29.00
2026-07-10,07:03:02,7390,1976.67,17.0402,127,29.00
2026-07-10,07:03:12,7400,1930.00,16.6379,127,29.00
2026-07-10,07:03:22,7410,1876.67,16.1782,128,30.00
2026-07-10,07:03:32,7420,1833.33,15.8046,128,30.00
2026-07-10,07:03:42,7430,1800.00,15.5172,129,30.00
2026-07-10,07:03:52,7440,1780.00,15.3448,131,29.00
2026-07-10,07:04:02,7450,1776.67,15.3161,126,29.00
2026-07-10,07:04:12,7460,1793.33,15.4598,137,29.00
2026-07-10,07:04:22,7470,1816.67,15.6609,130,29.00
2026-07-10,07:04:32,7480,1866.67,16.0920,126,29.00
2026-07-10,07:04:42,7490,1896.67,16.3506,126,29.00
2026-07-10,07:04:52,7500,1913.33,16.4943,127,29.00
2026-07-10,07:05:02,7510,1926.67,16.6092,128,29.00
2026-07-10,07:05:12,7520,1930.00,16.6379,125,30.00
2026-07-10,07:05:22,7530,1946.67,16.7816,130,30.00
2026-07-10,07:05:32,7540,1960.00,16.8966,129,30.00
2026-07-10,07:05:42,7550,1990.00,17.1552,123,29.00
2026-07-10,07:05:52,7560,2016.67,17.3851,125,29.00
2026-07-10,07:06:02,7570,2050.00,17.6724,138,29.00
2026-07-10,07:06:12,7580,2063.33,17.7874,130,29.00
2026-07-10,07:06:22,7590,2070.00,17.8448,128,29.00
2026-07-10,07:06:32,7600,2050.00,17.6724,125,29.00
2026-07-10,07:06:42,7610,2003.33,17.2701,122,29.00
2026-07-10,07:06:52,7620,1940.00,16.7241,119,29.00
2026-07-10,07:07:02,7630,1883.33,16.2356,124,29.00
2026-07-10,07:07:12,7640,1843.33,15.8908,124,29.00
2026-07-10,07:07:22,7650,1796.67,15.4885,136,29.00
2026-07-10,07:07:32,7660,1753.33,15.1149,135,29.00
2026-07-10,07:07:42,7670,1723.33,14.8563,132,29.00
2026-07-10,07:07:51,7680,1683.33,14.5115,131,29.00
2026-07-10,07:08:01,7690,1670.00,14.3966,121,29.00
2026-07-10,07:08:11,7700,1656.67,14.2816,128,29.00
2026-07-10,07:08:21,7710,1660.00,14.3103,124,29.00
2026-07-10,07:08:31,7720,1663.33,14.3391,122,29.00
2026-07-10,07:08:41,7730,1670.00,14.3966,132,29.00
2026-07-10,07:08:51,7740,1706.67,14.7126,128,29.00
2026-07-10,07:09:01,7750,1726.67,14.8851,128,29.00
2026-07-10,07:09:11,7760,1746.67,15.0575,128,29.00
2026-07-10,07:09:21,7770,1790.00,15.4310,130,29.00
2026-07-10,07:09:31,7780,1836.67,15.8333,128,29.00
2026-07-10,07:09:41,7790,1903.33,16.4080,128,29.00
2026-07-10,07:09:51,7800,1993.33,17.1839,136,29.00
2026-07-10,07:10:01,7810,2160.00,18.6207,125,29.00
2026-07-10,07:10:11,7820,2323.33,20.0287,129,29.00
2026-07-10,07:10:21,7830,2526.67,21.7816,128,29.00
2026-07-10,07:10:31,7840,2713.33,23.3908,124,29.00
2026-07-10,07:10:41,7850,2836.67,24.4540,126,29.00
2026-07-10,07:10:51,7860,2876.67,24.7988,126,29.00
2026-07-10,07:11:01,7870,2856.67,24.6264,120,29.00
2026-07-10,07:11:11,7880,2813.33,24.2529,126,29.00
2026-07-10,07:11:21,7890,2793.33,24.0805,125,29.00
2026-07-10,07:11:31,7900,2793.33,24.0805,126,29.00
2026-07-10,07:11:41,7910,2810.00,24.2241,127,29.00
2026-07-10,07:11:51,7920,2820.00,24.3103,121,29.00
2026-07-10,07:12:01,7930,2813.33,24.2529,123,29.00
2026-07-10,07:12:11,7940,2786.67,24.0230,129,30.00
2026-07-10,07:12:21,7950,2763.33,23.8218,128,29.00
2026-07-10,07:12:31,7960,2746.67,23.6782,126,29.00
2026-07-10,07:12:41,7970,2750.00,23.7069,124,29.00
2026-07-10,07:12:51,7980,2763.33,23.8218,125,29.00
2026-07-10,07:13:01,7990,2866.67,24.7126,131,29.00
2026-07-10,07:13:11,8000,2966.67,25.5747,134,29.00
2026-07-10,07:13:21,8010,3100.00,26.7241,128,30.00
2026-07-10,07:13:31,8020,3196.67,27.5575,125,30.00
2026-07-10,07:13:41,8030,3276.67,28.2471,130,29.00
2026-07-10,07:13:51,8040,3343.33,28.8218,120,30.00
2026-07-10,07:14:01,8050,3416.67,29.4540,124,30.00
2026-07-10,07:14:11,8060,3483.33,30.0287,127,30.00
2026-07-10,07:14:21,8070,3513.33,30.2874,124,30.00
2026-07-10,07:14:31,8080,3513.33,30.2874,126,30.00
2026-07-10,07:14:41,8090,3480.00,30.0000,129,30.00
2026-07-10,07:14:51,8100,3460.00,29.8276,128,30.00
2026-07-10,07:15:01,8110,3473.33,29.9425,127,30.00
2026-07-10,07:15:11,8120,3486.67,30.0575,125,30.00
2026-07-10,07:15:21,8130,3513.33,30.2874,124,30.00
2026-07-10,07:15:31,8140,3556.67,30.6609,123,30.00
2026-07-10,07:15:41,8150,3566.67,30.7471,131,30.00
2026-07-10,07:15:51,8160,3550.00,30.6034,127,30.00
2026-07-10,07:16:01,8170,3500.00,30.1724,125,30.00
2026-07-10,07:16:11,8180,3456.67,29.7988,126,30.00
2026-07-10,07:16:21,8190,3416.67,29.4540,118,30.00
2026-07-10,07:16:31,8200,3390.00,29.2241,121,30.00
2026-07-10,07:16:41,8210,3383.33,29.1667,122,30.00
2026-07-10,07:16:51,8220,3390.00,29.2241,126,30.00
2026-07-10,07:17:01,8230,3416.67,29.4540,120,30.00
2026-07-10,07:17:11,8240,3423.33,29.5115,127,30.00
2026-07-10,07:17:21,8250,3430.00,29.5690,124,30.00
2026-07-10,07:17:31,8260,3466.67,29.8851,122,30.00
2026-07-10,07:17:41,8270,3473.33,29.9425,122,30.00
2026-07-10,07:17:51,8280,3470.00,29.9138,122,30.00
2026-07-10,07:18:00,8290,3490.00,30.0862,127,30.00
2026-07-10,07:18:10,8300,3483.33,30.0287,129,30.00
2026-07-10,07:18:20,8310,3460.00,29.8276,125,30.00
2026-07-10,07:18:30,8320,3426.67,29.5402,122,30.00
2026-07-10,07:18:40,8330,3390.00,29.2241,121,30.00
2026-07-10,07:18:50,8340,3363.33,28.9943,126,30.00
2026-07-10,07:19:00,8350,3326.67,28.6782,126,30.00
2026-07-10,07:19:10,8360,3296.67,28.4195,127,30.00
2026-07-10,07:19:20,8370,3270.00,28.1897,127,30.00
2026-07-10,07:19:30,8380,3240.00,27.9310,129,30.00
2026-07-10,07:19:40,8390,3226.67,27.8161,126,30.00
2026-07-10,07:19:50,8400,3216.67,27.7299,126,30.00
2026-07-10,07:20:00,8410,3213.33,27.7011,125,30.00
2026-07-10,07:20:10,8420,3213.33,27.7011,122,30.00
2026-07-10,07:20:20,8430,3226.67,27.8161,121,30.00
2026-07-10,07:20:30,8440,3236.67,27.9023,121,30.00
2026-07-10,07:20:40,8450,3253.33,28.0460,124,30.00
2026-07-10,07:20:50,8460,3266.67,28.1609,121,30.00
2026-07-10,07:21:00,8470,3270.00,28.1897,137,30.00
2026-07-10,07:21:10,8480,3296.67,28.4195,127,30.00
2026-07-10,07:21:20,8490,3296.67,28.4195,131,30.00
2026-07-10,07:21:30,8500,3300.00,28.4483,129,30.00
2026-07-10,07:21:40,8510,3306.67,28.5057,128,30.00
2026-07-10,07:21:50,8520,3320.00,28.6207,127,30.00
2026-07-10,07:22:00,8530,3340.00,28.7931,126,30.00
2026-07-10,07:22:10,8540,3363.33,28.9943,118,30.00
2026-07-10,07:22:20,8550,3370.00,29.0517,123,30.00
2026-07-10,07:22:30,8560,3436.67,29.6264,120,30.00
2026-07-10,07:22:40,8570,3436.67,29.6264,127,30.00
2026-07-10,07:22:50,8580,3423.33,29.5115,123,30.00
2026-07-10,07:23:00,8590,3416.67,29.4540,126,30.00
2026-07-10,07:23:10,8600,3376.67,29.1092,130,30.00
2026-07-10,07:23:20,8610,3336.67,28.7644,129,30.00
2026-07-10,07:23:30,8620,3300.00,28.4483,126,30.00
2026-07-10,07:23:40,8630,3266.67,28.1609,126,30.00
2026-07-10,07:23:50,8640,3200.00,27.5862,121,30.00
2026-07-10,07:24:00,8650,3130.00,26.9828,129,30.00
2026-07-10,07:24:10,8660,3043.33,26.2356,122,30.00
2026-07-10,07:24:20,8670,2953.33,25.4598,122,30.00
2026-07-10,07:24:30,8680,2893.33,24.9425,121,30.00
2026-07-10,07:24:40,8690,2836.67,24.4540,124,30.00
2026-07-10,07:24:50,8700,2793.33,24.0805,129,30.00
2026-07-10,07:25:00,8710,2743.33,23.6494,127,30.00
2026-07-10,07:25:10,8720,2733.33,23.5632,128,30.00
2026-07-10,07:25:20,8730,2696.67,23.2471,134,30.00
2026-07-10,07:25:30,8740,2663.33,22.9598,128,30.00
2026-07-10,07:25:40,8750,2650.00,22.8448,128,30.00
2026-07-10,07:25:50,8760,2660.00,22.9310,130,30.00
2026-07-10,07:26:00,8770,2716.67,23.4195,131,30.00
2026-07-10,07:26:10,8780,2736.67,23.5920,121,30.00
2026-07-10,07:26:20,8790,2770.00,23.8793,124,30.00
2026-07-10,07:26:30,8800,2816.67,24.2816,129,30.00
2026-07-10,07:26:40,8810,2846.67,24.5402,121,30.00
2026-07-10,07:26:50,8820,2850.00,24.5690,121,30.00
2026-07-10,07:27:00,8830,2850.00,24.5690,123,30.00
2026-07-10,07:27:10,8840,2863.33,24.6839,123,30.00
2026-07-10,07:27:20,8850,2876.67,24.7988,120,30.00
2026-07-10,07:27:30,8860,2883.33,24.8563,120,30.00
2026-07-10,07:27:40,8870,2880.00,24.8276,128,30.00
2026-07-10,07:27:50,8880,2880.00,24.8276,123,30.00
2026-07-10,07:28:00,8890,2880.00,24.8276,127,30.00
2026-07-10,07:28:10,8900,2903.33,25.0287,125,30.00
2026-07-10,07:28:20,8910,2943.33,25.3736,131,30.00
2026-07-10,07:28:29,8920,2960.00,25.5172,134,30.00
2026-07-10,07:28:39,8930,2990.00,25.7759,131,30.00
2026-07-10,07:28:49,8940,3003.33,25.8908,130,30.00
2026-07-10,07:28:59,8950,3030.00,26.1207,122,30.00
2026-07-10,07:29:09,8960,3073.33,26.4943,125,30.00
2026-07-10,07:29:19,8970,3110.00,26.8103,123,30.00
2026-07-10,07:29:29,8980,3130.00,26.9828,122,30.00
2026-07-10,07:29:39,8990,3126.67,26.9540,126,30.00
2026-07-10,07:29:49,9000,3113.33,26.8391,133,30.00
2026-07-10,07:29:59,9010,3096.67,26.6954,133,30.00
2026-07-10,07:30:09,9020,3083.33,26.5805,124,30.00
2026-07-10,07:30:19,9030,3090.00,26.6379,129,30.00
2026-07-10,07:30:29,9040,3086.67,26.6092,131,30.00
2026-07-10,07:30:39,9050,3096.67,26.6954,130,30.00
2026-07-10,07:30:49,9060,3110.00,26.8103,127,30.00
2026-07-10,07:30:59,9070,3143.33,27.0977,130,30.00
2026-07-10,07:31:09,9080,3153.33,27.1839,122,30.00
2026-07-10,07:31:19,9090,3166.67,27.2988,126,30.00
2026-07-10,07:31:29,9100,3173.33,27.3563,132,30.00
2026-07-10,07:31:39,9110,3183.33,27.4425,133,30.00
2026-07-10,07:31:49,9120,3180.00,27.4138,125,30.00
2026-07-10,07:31:59,9130,3160.00,27.2414,126,30.00
2026-07-10,07:32:09,9140,3140.00,27.0690,123,30.00
2026-07-10,07:32:19,9150,3126.67,26.9540,123,30.00
2026-07-10,07:32:29,9160,3116.67,26.8678,121,30.00
2026-07-10,07:32:39,9170,3116.67,26.8678,125,30.00
2026-07-10,07:32:49,9180,3146.67,27.1264,123,30.00
2026-07-10,07:32:59,9190,3183.33,27.4425,124,30.00
2026-07-10,07:33:09,9200,3213.33,27.7011,131,30.00
2026-07-10,07:33:19,9210,3240.00,27.9310,124,30.00
2026-07-10,07:33:29,9220,3306.67,28.5057,129,30.00
2026-07-10,07:33:39,9230,3290.00,28.3621,129,30.00
2026-07-10,07:33:49,9240,3263.33,28.1322,128,30.00
2026-07-10,07:33:59,9250,3230.00,27.8448,125,30.00
2026-07-10,07:34:09,9260,3160.00,27.2414,126,30.00
2026-07-10,07:34:19,9270,3113.33,26.8391,122,30.00
2026-07-10,07:34:29,9280,3036.67,26.1782,127,30.00
2026-07-10,07:34:39,9290,2946.67,25.4023,122,30.00
2026-07-10,07:34:49,9300,2863.33,24.6839,128,30.00
2026-07-10,07:34:59,9310,2793.33,24.0805,127,30.00
2026-07-10,07:35:09,9320,2713.33,23.3908,127,30.00
2026-07-10,07:35:19,9330,2650.00,22.8448,129,30.00
2026-07-10,07:35:29,9340,2596.67,22.3851,120,30.00
2026-07-10,07:35:39,9350,2533.33,21.8391,125,30.00
2026-07-10,07:35:49,9360,2500.00,21.5517,127,30.00
2026-07-10,07:35:59,9370,2476.67,21.3506,124,30.00
2026-07-10,07:36:09,9380,2466.67,21.2644,128,30.00
2026-07-10,07:36:19,9390,2496.67,21.5230,124,30.00
2026-07-10,07:36:29,9400,2506.67,21.6092,127,30.00
2026-07-10,07:36:39,9410,2530.00,21.8103,126,30.00
2026-07-10,07:36:49,9420,2603.33,22.4425,128,30.00
2026-07-10,07:36:59,9430,2696.67,23.2471,128,30.00
2026-07-10,07:37:09,9440,2810.00,24.2241,124,30.00
2026-07-10,07:37:19,9450,2936.67,25.3161,126,30.00
2026-07-10,07:37:29,9460,3076.67,26.5230,131,30.00
2026-07-10,07:37:39,9470,3193.33,27.5287,130,30.00
2026-07-10,07:37:49,9480,3303.33,28.4770,132,30.00
2026-07-10,07:37:59,9490,3390.00,29.2241,139,30.00
2026-07-10,07:38:09,9500,3486.67,30.0575,135,30.00
2026-07-10,07:38:19,9510,3570.00,30.7759,134,30.00
2026-07-10,07:38:29,9520,3613.33,31.1494,129,30.00
2026-07-10,07:38:38,9530,3673.33,31.6667,138,30.00
2026-07-10,07:38:48,9540,3683.33,31.7529,130,30.00
2026-07-10,07:38:58,9550,3700.00,31.8965,128,30.00
2026-07-10,07:39:08,9560,3733.33,32.1839,127,30.00
2026-07-10,07:39:18,9570,3796.67,32.7299,129,30.00
2026-07-10,07:39:28,9580,3900.00,33.6207,125,30.00
2026-07-10,07:39:38,9590,3953.33,34.0805,124,30.00
2026-07-10,07:39:48,9600,3983.33,34.3391,125,30.00
2026-07-10,07:39:58,9610,4000.00,34.4828,128,30.00
2026-07-10,07:40:08,9620,3996.67,34.4540,124,30.00
2026-07-10,07:40:18,9630,3973.33,34.2529,125,30.00
2026-07-10,07:40:28,9640,3913.33,33.7356,132,30.00
2026-07-10,07:40:38,9650,3810.00,32.8448,132,30.00
2026-07-10,07:40:48,9660,3720.00,32.0690,130,30.00
2026-07-10,07:40:58,9670,3666.67,31.6092,127,30.00
2026-07-10,07:41:08,9680,3626.67,31.2644,127,30.00
2026-07-10,07:41:18,9690,3596.67,31.0057,124,30.00
2026-07-10,07:41:28,9700,3550.00,30.6034,126,30.00
2026-07-10,07:41:38,9710,3510.00,30.2586,121,30.00
2026-07-10,07:41:48,9720,3490.00,30.0862,125,30.00
2026-07-10,07:41:58,9730,3503.33,30.2011,126,30.00
2026-07-10,07:42:08,9740,3550.00,30.6034,122,30.00
2026-07-10,07:42:18,9750,3616.67,31.1782,122,30.00
2026-07-10,07:42:28,9760,3653.33,31.4943,121,30.00
2026-07-10,07:42:38,9770,3673.33,31.6667,121,30.00
2026-07-10,07:42:48,9780,3670.00,31.6379,121,30.00
2026-07-10,07:42:58,9790,3666.67,31.6092,125,30.00
2026-07-10,07:43:08,9800,3610.00,31.1207,124,30.00
2026-07-10,07:43:18,9810,3550.00,30.6034,123,30.00
2026-07-10,07:43:28,9820,3466.67,29.8851,120,30.00
2026-07-10,07:43:38,9830,3396.67,29.2816,120,30.00
2026-07-10,07:43:48,9840,3316.67,28.5920,119,30.00
2026-07-10,07:43:58,9850,3243.33,27.9598,120,30.00
2026-07-10,07:44:08,9860,3176.67,27.3851,123,30.00
2026-07-10,07:44:18,9870,3126.67,26.9540,124,30.00
2026-07-10,07:44:28,9880,3090.00,26.6379,122,30.00
2026-07-10,07:44:38,9890,3060.00,26.3793,122,30.00
2026-07-10,07:44:48,9900,3063.33,26.4080,124,30.00
2026-07-10,07:44:58,9910,3023.33,26.0632,124,30.00
2026-07-10,07:45:08,9920,2986.67,25.7471,124,30.00
2026-07-10,07:45:18,9930,2963.33,25.5460,122,30.00
2026-07-10,07:45:28,9940,2963.33,25.5460,123,30.00
2026-07-10,07:45:38,9950,2966.67,25.5747,121,30.00
2026-07-10,07:45:48,9960,2960.00,25.5172,120,30.00
2026-07-10,07:45:58,9970,2943.33,25.3736,122,30.00
2026-07-10,07:46:08,9980,2933.33,25.2874,122,30.00
2026-07-10,07:46:18,9990,2926.67,25.2299,122,30.00
2026-07-10,07:46:28,10000,2923.33,25.2011,118,30.00
2026-07-10,07:46:38,10010,2930.00,25.2586,127,30.00
2026-07-10,07:46:48,10020,2936.67,25.3161,123,30.00
2026-07-10,07:46:58,10030,2950.00,25.4310,126,30.00
2026-07-10,07:47:08,10040,2960.00,25.5172,129,30.00
2026-07-10,07:47:18,10050,2966.67,25.5747,128,30.00
2026-07-10,07:47:28,10060,2970.00,25.6034,126,30.00
2026-07-10,07:47:38,10070,3000.00,25.8621,126,30.00
2026-07-10,07:47:48,10080,3003.33,25.8908,125,30.00
2026-07-10,07:47:58,10090,2996.67,25.8333,131,30.00
2026-07-10,07:48:08,10100,3003.33,25.8908,121,30.00
2026-07-10,07:48:18,10110,3003.33,25.8908,130,30.00
2026-07-10,07:48:28,10120,3010.00,25.9483,126,30.00
2026-07-10,07:48:38,10130,3020.00,26.0345,120,30.00
2026-07-10,07:48:48,10140,3040.00,26.2069,127,30.00
2026-07-10,07:48:57,10150,3063.33,26.4080,130,30.00
2026-07-10,07:49:07,10160,3076.67,26.5230,125,30.00
2026-07-10,07:49:17,10170,3113.33,26.8391,129,30.00
2026-07-10,07:49:27,10180,3113.33,26.8391,125,30.00
2026-07-10,07:49:37,10190,3120.00,26.8965,132,30.00
2026-07-10,07:49:47,10200,3120.00,26.8965,133,30.00
2026-07-10,07:49:57,10210,3123.33,26.9253,131,30.00
2026-07-10,07:50:07,10220,3130.00,26.9828,131,30.00
2026-07-10,07:50:17,10230,3143.33,27.0977,130,30.00
2026-07-10,07:50:27,10240,3150.00,27.1552,128,30.00
2026-07-10,07:50:37,10250,3146.67,27.1264,125,30.00
2026-07-10,07:50:47,10260,3156.67,27.2126,130,30.00
2026-07-10,07:50:57,10270,3166.67,27.2988,132,30.00
2026-07-10,07:51:07,10280,3176.67,27.3851,132,30.00
2026-07-10,07:51:17,10290,3193.33,27.5287,131,30.00
2026-07-10,07:51:27,10300,3200.00,27.5862,131,30.00
2026-07-10,07:51:37,10310,3213.33,27.7011,133,30.00
2026-07-10,07:51:47,10320,3253.33,28.0460,137,30.00
2026-07-10,07:51:57,10330,3263.33,28.1322,142,30.00
2026-07-10,07:52:07,10340,3276.67,28.2471,139,30.00
2026-07-10,07:52:17,10350,3293.33,28.3908,138,30.00
2026-07-10,07:52:27,10360,3303.33,28.4770,135,30.00
2026-07-10,07:52:37,10370,3310.00,28.5345,134,30.00
2026-07-10,07:52:47,10380,3313.33,28.5632,141,30.00
2026-07-10,07:52:57,10390,3306.67,28.5057,139,30.00
2026-07-10,07:53:07,10400,3320.00,28.6207,139,30.00
2026-07-10,07:53:17,10410,3306.67,28.5057,139,30.00
2026-07-10,07:53:27,10420,3290.00,28.3621,139,30.00
2026-07-10,07:53:37,10430,3280.00,28.2759,138,30.00
2026-07-10,07:53:47,10440,3266.67,28.1609,128,30.00
2026-07-10,07:53:57,10450,3250.00,28.0172,135,30.00
2026-07-10,07:54:07,10460,3230.00,27.8448,133,30.00
2026-07-10,07:54:17,10470,3220.00,27.7586,130,30.00
2026-07-10,07:54:27,10480,3220.00,27.7586,131,30.00
2026-07-10,07:54:37,10490,3236.67,27.9023,119,30.00
2026-07-10,07:54:47,10500,3250.00,28.0172,126,30.00
2026-07-10,07:54:57,10510,3276.67,28.2471,121,30.00
2026-07-10,07:55:07,10520,3323.33,28.6494,122,30.00
2026-07-10,07:55:17,10530,3390.00,29.2241,125,30.00
2026-07-10,07:55:27,10540,3473.33,29.9425,124,30.00
2026-07-10,07:55:37,10550,3556.67,30.6609,123,30.00
2026-07-10,07:55:47,10560,3620.00,31.2069,124,30.00
2026-07-10,07:55:57,10570,3666.67,31.6092,125,30.00
2026-07-10,07:56:07,10580,3690.00,31.8103,134,30.00
2026-07-10,07:56:17,10590,3716.67,32.0402,130,30.00
2026-07-10,07:56:27,10600,3756.67,32.3851,131,30.00
2026-07-10,07:56:37,10610,3850.00,33.1897,128,30.00
2026-07-10,07:56:47,10620,3926.67,33.8506,129,30.00
2026-07-10,07:56:57,10630,3963.33,34.1667,129,30.00
2026-07-10,07:57:07,10640,4010.00,34.5690,129,30.00
2026-07-10,07:57:17,10650,4056.67,34.9713,123,30.00
2026-07-10,07:57:27,10660,4060.00,35.0000,129,30.00
2026-07-10,07:57:37,10670,4070.00,35.0862,126,30.00
2026-07-10,07:57:47,10680,4060.00,35.0000,127,30.00
2026-07-10,07:57:57,10690,4060.00,35.0000,130,30.00
2026-07-10,07:58:07,10700,4076.67,35.1437,127,30.00
2026-07-10,07:58:17,10710,4056.67,34.9713,132,30.00
2026-07-10,07:58:27,10720,4050.00,34.9138,128,30.00
2026-07-10,07:58:37,10730,4046.67,34.8851,127,30.00
2026-07-10,07:58:47,10740,4033.33,34.7701,126,30.00
2026-07-10,07:58:57,10750,4023.33,34.6839,126,30.00
2026-07-10,07:59:07,10760,4010.00,34.5690,129,30.00
2026-07-10,07:59:17,10770,3996.67,34.4540,131,30.00
2026-07-10,07:59:27,10780,3976.67,34.2816,129,30.00
2026-07-10,07:59:37,10790,3963.33,34.1667,121,30.00
2026-07-10,07:59:47,10800,3953.33,34.0805,121,30.00
2026-07-10,07:59:56,10810,3943.33,33.9943,122,30.00
2026-07-10,08:00:06,10820,3933.33,33.9080,120,30.00
2026-07-10,08:00:16,10830,3906.67,33.6782,122,30.00
2026-07-10,08:00:26,10840,3876.67,33.4195,119,30.00
2026-07-10,08:00:36,10850,3853.33,33.2184,119,30.00
2026-07-10,08:00:46,10860,3840.00,33.1034,118,30.00
2026-07-10,08:00:56,10870,3840.00,33.1034,122,30.00
2026-07-10,08:01:06,10880,3856.67,33.2471,121,30.00
2026-07-10,08:01:16,10890,3893.33,33.5632,122,30.00
2026-07-10,08:01:26,10900,3930.00,33.8793,122,30.00
2026-07-10,08:01:36,10910,3973.33,34.2529,122,31.00
2026-07-10,08:01:46,10920,4016.67,34.6264,122,30.00
2026-07-10,08:01:56,10930,4056.67,34.9713,122,30.00
2026-07-10,08:02:06,10940,4083.33,35.2011,122,30.00
2026-07-10,08:02:16,10950,4106.67,35.4023,120,30.00
2026-07-10,08:02:26,10960,4133.33,35.6322,123,30.00
2026-07-10,08:02:36,10970,4146.67,35.7471,117,31.00
2026-07-10,08:02:46,10980,4163.33,35.8908,121,30.00
2026-07-10,08:02:56,10990,4173.33,35.9770,125,31.00
2026-07-10,08:03:06,11000,4176.67,36.0057,123,30.00
2026-07-10,08:03:16,11010,4183.33,36.0632,121,30.00
2026-07-10,08:03:26,11020,4190.00,36.1207,120,31.00
2026-07-10,08:03:36,11030,4206.67,36.2644,122,30.00
2026-07-10,08:03:46,11040,4226.67,36.4368,130,30.00
2026-07-10,08:03:56,11050,4266.67,36.7816,126,30.00
2026-07-10,08:04:06,11060,4300.00,37.0690,130,30.00
2026-07-10,08:04:16,11070,4333.33,37.3563,124,31.00
2026-07-10,08:04:26,11080,4366.67,37.6437,125,31.00
2026-07-10,08:04:36,11090,4396.67,37.9023,124,30.00
2026-07-10,08:04:46,11100,4443.33,38.3046,125,31.00
2026-07-10,08:04:56,11110,4496.67,38.7644,124,30.00
2026-07-10,08:05:06,11120,4550.00,39.2241,123,30.00
2026-07-10,08:05:16,11130,4603.33,39.6839,126,30.00
2026-07-10,08:05:26,11140,4660.00,40.1724,125,30.00
2026-07-10,08:05:36,11150,4730.00,40.7759,126,31.00
2026-07-10,08:05:46,11160,4776.67,41.1782,125,31.00
2026-07-10,08:05:56,11170,4823.33,41.5805,127,30.00
2026-07-10,08:06:06,11180,4863.33,41.9253,128,31.00
2026-07-10,08:06:16,11190,4900.00,42.2414,130,31.00
2026-07-10,08:06:26,11200,4933.33,42.5287,133,31.00
2026-07-10,08:06:36,11210,4963.33,42.7874,134,31.00
2026-07-10,08:06:46,11220,4976.67,42.9023,133,31.00
2026-07-10,08:06:56,11230,4980.00,42.9310,132,31.00
2026-07-10,08:07:06,11240,4973.33,42.8736,131,31.00
2026-07-10,08:07:16,11250,4976.67,42.9023,130,31.00
2026-07-10,08:07:26,11260,4980.00,42.9310,131,31.00
2026-07-10,08:07:36,11270,4993.33,43.0460,137,31.00
2026-07-10,08:07:46,11280,5016.67,43.2471,137,31.00
2026-07-10,08:07:56,11290,5053.33,43.5632,131,31.00
2026-07-10,08:08:06,11300,5093.33,43.9080,130,31.00
2026-07-10,08:08:16,11310,5140.00,44.3103,133,31.00
2026-07-10,08:08:26,11320,5166.67,44.5402,135,31.00
2026-07-10,08:08:36,11330,5186.67,44.7126,135,31.00
2026-07-10,08:08:46,11340,5196.67,44.7988,132,31.00
2026-07-10,08:08:56,11350,5203.33,44.8563,126,31.00
2026-07-10,08:09:06,11360,5203.33,44.8563,129,31.00
2026-07-10,08:09:16,11370,5196.67,44.7988,128,31.00
2026-07-10,08:09:26,11380,5176.67,44.6264,132,31.00
2026-07-10,08:09:36,11390,5166.67,44.5402,133,31.00
2026-07-10,08:09:46,11400,5156.67,44.4540,129,31.00
2026-07-10,08:09:56,11410,5160.00,44.4828,126,31.00
2026-07-10,08:10:05,11420,5183.33,44.6839,124,31.00
2026-07-10,08:10:15,11430,5226.67,45.0575,123,31.00
2026-07-10,08:10:25,11440,5270.00,45.4310,124,31.00
2026-07-10,08:10:35,11450,5323.33,45.8908,122,31.00
2026-07-10,08:10:45,11460,5366.67,46.2644,124,31.00
2026-07-10,08:10:55,11470,5400.00,46.5517,124,31.00
2026-07-10,08:11:05,11480,5426.67,46.7816,130,31.00
2026-07-10,08:11:15,11490,5446.67,46.9540,134,31.00
2026-07-10,08:11:25,11500,5453.33,47.0115,125,31.00
2026-07-10,08:11:35,11510,5463.33,47.0977,128,31.00
2026-07-10,08:11:45,11520,5483.33,47.2701,128,31.00
2026-07-10,08:11:55,11530,5500.00,47.4138,126,31.00
2026-07-10,08:12:05,11540,5526.67,47.6437,124,31.00
2026-07-10,08:12:15,11550,5580.00,48.1034,124,31.00
2026-07-10,08:12:25,11560,5613.33,48.3908,126,31.00
2026-07-10,08:12:35,11570,5646.67,48.6782,127,31.00
2026-07-10,08:12:45,11580,5663.33,48.8218,126,31.00
2026-07-10,08:12:55,11590,5673.33,48.9080,126,31.00
2026-07-10,08:13:05,11600,5676.67,48.9368,125,31.00
2026-07-10,08:13:15,11610,5690.00,49.0517,130,31.00
2026-07-10,08:13:25,11620,5700.00,49.1379,133,31.00
2026-07-10,08:13:35,11630,5690.00,49.0517,134,31.00
2026-07-10,08:13:45,11640,5663.33,48.8218,132,31.00
2026-07-10,08:13:55,11650,5636.67,48.5920,134,31.00
2026-07-10,08:14:05,11660,5606.67,48.3333,135,31.00
2026-07-10,08:14:15,11670,5586.67,48.1609,131,31.00
2026-07-10,08:14:25,11680,5566.67,47.9885,132,31.00
2026-07-10,08:14:35,11690,5553.33,47.8736,128,31.00
2026-07-10,08:14:45,11700,5533.33,47.7011,125,31.00
2026-07-10,08:14:55,11710,5546.67,47.8161,126,31.00
2026-07-10,08:15:05,11720,5546.67,47.8161,124,31.00
2026-07-10,08:15:15,11730,5553.33,47.8736,124,31.00
2026-07-10,08:15:25,11740,5563.33,47.9598,124,31.00
2026-07-10,08:15:35,11750,5560.00,47.9310,123,31.00
2026-07-10,08:15:45,11760,5553.33,47.8736,130,32.00
2026-07-10,08:15:55,11770,5533.33,47.7011,132,31.00
2026-07-10,08:16:05,11780,5530.00,47.6724,127,31.00
2026-07-10,08:16:15,11790,5546.67,47.8161,128,31.00
2026-07-10,08:16:25,11800,5566.67,47.9885,124,32.00
2026-07-10,08:16:35,11810,5596.67,48.2471,131,31.00
2026-07-10,08:16:45,11820,5616.67,48.4195,133,31.00
2026-07-10,08:16:55,11830,5643.33,48.6494,129,31.00
2026-07-10,08:17:05,11840,5653.33,48.7356,131,31.00
2026-07-10,08:17:15,11850,5656.67,48.7644,131,31.00
2026-07-10,08:17:25,11860,5626.67,48.5057,134,31.00
2026-07-10,08:17:35,11870,5576.67,48.0747,132,31.00
2026-07-10,08:17:45,11880,5480.00,47.2414,134,32.00
2026-07-10,08:17:55,11890,5383.33,46.4080,133,32.00
2026-07-10,08:18:05,11900,5270.00,45.4310,152,32.00
2026-07-10,08:18:15,11910,5150.00,44.3966,135,32.00
2026-07-10,08:18:25,11920,5003.33,43.1322,135,31.00
2026-07-10,08:18:35,11930,4880.00,42.0690,130,32.00
2026-07-10,08:18:45,11940,4753.33,40.9770,124,31.00
2026-07-10,08:18:55,11950,4606.67,39.7126,123,31.00
2026-07-10,08:19:05,11960,4486.67,38.6782,121,31.00
2026-07-10,08:19:15,11970,4373.33,37.7011,122,31.00
2026-07-10,08:19:25,11980,4233.33,36.4943,126,31.00
2026-07-10,08:19:35,11990,4110.00,35.4310,122,31.00
2026-07-10,08:19:45,12000,3986.67,34.3678,120,32.00
2026-07-10,08:19:55,12010,3866.67,33.3333,123,31.00
2026-07-10,08:20:05,12020,3730.00,32.1552,119,31.00
2026-07-10,08:20:14,12030,3616.67,31.1782,123,31.00
2026-07-10,08:20:24,12040,3513.33,30.2874,121,31.00
2026-07-10,08:20:34,12050,3426.67,29.5402,124,31.00
2026-07-10,08:20:44,12060,3330.00,28.7069,124,31.00
2026-07-10,08:20:54,12070,3266.67,28.1609,129,31.00
2026-07-10,08:21:04,12080,3213.33,27.7011,127,31.00
2026-07-10,08:21:14,12090,3173.33,27.3563,123,31.00
2026-07-10,08:21:24,12100,3150.00,27.1552,130,31.00
2026-07-10,08:21:34,12110,3130.00,26.9828,129,31.00
2026-07-10,08:21:44,12120,3110.00,26.8103,130,31.00
2026-07-10,08:21:54,12130,3103.33,26.7529,130,31.00
2026-07-10,08:22:04,12140,3096.67,26.6954,128,31.00
2026-07-10,08:22:14,12150,3100.00,26.7241,129,31.00
2026-07-10,08:22:24,12160,3103.33,26.7529,131,31.00
2026-07-10,08:22:34,12170,3113.33,26.8391,135,31.00
2026-07-10,08:22:44,12180,3123.33,26.9253,132,31.00
2026-07-10,08:22:54,12190,3140.00,27.0690,129,31.00
2026-07-10,08:23:04,12200,3153.33,27.1839,127,31.00
2026-07-10,08:23:14,12210,3173.33,27.3563,130,31.00
2026-07-10,08:23:24,12220,3190.00,27.5000,130,31.00
2026-07-10,08:23:34,12230,3210.00,27.6724,126,31.00
2026-07-10,08:23:44,12240,3226.67,27.8161,128,31.00
2026-07-10,08:23:54,12250,3240.00,27.9310,132,31.00
2026-07-10,08:24:04,12260,3253.33,28.0460,126,31.00
2026-07-10,08:24:14,12270,3263.33,28.1322,130,31.00
2026-07-10,08:24:24,12280,3273.33,28.2184,128,31.00
2026-07-10,08:24:34,12290,3280.00,28.2759,127,31.00
2026-07-10,08:24:44,12300,3293.33,28.3908,127,31.00
2026-07-10,08:24:54,12310,3310.00,28.5345,130,31.00
2026-07-10,08:25:04,12320,3333.33,28.7356,133,31.00
2026-07-10,08:25:14,12330,3370.00,29.0517,131,31.00
2026-07-10,08:25:24,12340,3426.67,29.5402,128,31.00
2026-07-10,08:25:34,12350,3480.00,30.0000,131,31.00
2026-07-10,08:25:44,12360,3536.67,30.4885,133,31.00
2026-07-10,08:25:54,12370,3603.33,31.0632,131,31.00
2026-07-10,08:26:04,12380,3716.67,32.0402,131,31.00
2026-07-10,08:26:14,12390,3786.67,32.6437,128,31.00
2026-07-10,08:26:24,12400,3870.00,33.3621,130,31.00
2026-07-10,08:26:34,12410,3940.00,33.9655,129,31.00
2026-07-10,08:26:44,12420,4003.33,34.5115,135,31.00
2026-07-10,08:26:54,12430,4080.00,35.1724,128,31.00
2026-07-10,08:27:04,12440,4150.00,35.7759,134,31.00
2026-07-10,08:27:14,12450,4230.00,36.4655,138,31.00
2026-07-10,08:27:24,12460,4313.33,37.1839,137,31.00
2026-07-10,08:27:34,12470,4380.00,37.7586,134,31.00
2026-07-10,08:27:44,12480,4446.67,38.3333,136,31.00
2026-07-10,08:27:54,12490,4503.33,38.8218,133,31.00
2026-07-10,08:28:04,12500,4543.33,39.1667,128,31.00
2026-07-10,08:28:14,12510,4576.67,39.4540,132,31.00
2026-07-10,08:28:24,12520,4606.67,39.7126,125,31.00
2026-07-10,08:28:34,12530,4623.33,39.8563,126,31.00
2026-07-10,08:28:44,12540,4640.00,40.0000,125,31.00
2026-07-10,08:28:54,12550,4656.67,40.1437,124,31.00
2026-07-10,08:29:04,12560,4656.67,40.1437,126,31.00
2026-07-10,08:29:14,12570,4653.33,40.1149,125,31.00
2026-07-10,08:29:24,12580,4633.33,39.9425,123,31.00
2026-07-10,08:29:34,12590,4610.00,39.7414,126,31.00
2026-07-10,08:29:44,12600,4586.67,39.5402,121,31.00
2026-07-10,08:29:54,12610,4576.67,39.4540,126,31.00
2026-07-10,08:30:04,12620,4570.00,39.3966,128,31.00
2026-07-10,08:30:14,12630,4573.33,39.4253,130,31.00
2026-07-10,08:30:24,12640,4573.33,39.4253,129,31.00
2026-07-10,08:30:34,12650,4573.33,39.4253,130,31.00
2026-07-10,08:30:43,12660,4570.00,39.3966,128,31.00
2026-07-10,08:30:53,12670,4566.67,39.3678,127,31.00
2026-07-10,08:31:03,12680,4560.00,39.3103,124,31.00
2026-07-10,08:31:13,12690,4550.00,39.2241,129,31.00
2026-07-10,08:31:23,12700,4530.00,39.0517,128,31.00
2026-07-10,08:31:33,12710,4510.00,38.8793,127,31.00
2026-07-10,08:31:43,12720,4490.00,38.7069,123,31.00
2026-07-10,08:31:53,12730,4470.00,38.5345,128,31.00
2026-07-10,08:32:03,12740,4463.33,38.4770,126,31.00
2026-07-10,08:32:13,12750,4473.33,38.5632,129,31.00
2026-07-10,08:32:23,12760,4496.67,38.7644,127,31.00
2026-07-10,08:32:33,12770,4536.67,39.1092,129,31.00
2026-07-10,08:32:43,12780,4596.67,39.6264,132,31.00
2026-07-10,08:32:53,12790,4676.67,40.3161,128,31.00
2026-07-10,08:33:03,12800,4786.67,41.2644,132,31.00
2026-07-10,08:33:13,12810,4890.00,42.1552,134,31.00
2026-07-10,08:33:23,12820,5030.00,43.3621,133,31.00
2026-07-10,08:33:33,12830,5210.00,44.9138,126,31.00
2026-07-10,08:33:43,12840,5400.00,46.5517,124,31.00
2026-07-10,08:33:53,12850,5633.33,48.5632,124,31.00
2026-07-10,08:34:03,12860,5856.67,50.4885,123,31.00
2026-07-10,08:34:13,12870,6083.33,52.4425,131,31.00
2026-07-10,08:34:23,12880,6243.33,53.8218,141,31.00
2026-07-10,08:34:33,12890,6373.33,54.9425,143,31.00
2026-07-10,08:34:43,12900,6430.00,55.4310,140,31.00
2026-07-10,08:34:53,12910,6473.33,55.8046,136,31.00
2026-07-10,08:35:03,12920,6513.33,56.1494,136,31.00
2026-07-10,08:35:13,12930,6540.00,56.3793,138,31.00
2026-07-10,08:35:23,12940,6556.67,56.5230,143,31.00
2026-07-10,08:35:33,12950,6560.00,56.5517,143,31.00
2026-07-10,08:35:43,12960,6523.33,56.2356,147,31.00
2026-07-10,08:35:53,12970,6463.33,55.7184,144,31.00
2026-07-10,08:36:03,12980,6360.00,54.8276,146,32.00
2026-07-10,08:36:13,12990,6273.33,54.0805,149,31.00
2026-07-10,08:36:23,13000,6203.33,53.4770,143,32.00
2026-07-10,08:36:33,13010,6080.00,52.4138,148,31.00
2026-07-10,08:36:43,13020,5933.33,51.1494,143,31.00
2026-07-10,08:36:53,13030,5840.00,50.3448,140,32.00
2026-07-10,08:37:03,13040,5700.00,49.1379,136,32.00
2026-07-10,08:37:13,13050,5596.67,48.2471,134,32.00
2026-07-10,08:37:23,13060,5496.67,47.3851,145,32.00
2026-07-10,08:37:33,13070,5443.33,46.9253,144,32.00
2026-07-10,08:37:43,13080,5393.33,46.4943,143,32.00
2026-07-10,08:37:53,13090,5356.67,46.1782,137,32.00
2026-07-10,08:38:03,13100,5313.33,45.8046,136,32.00
2026-07-10,08:38:13,13110,5273.33,45.4598,130,32.00
2026-07-10,08:38:23,13120,5246.67,45.2299,132,32.00
2026-07-10,08:38:33,13130,5213.33,44.9425,133,32.00
2026-07-10,08:38:43,13140,5190.00,44.7414,132,32.00
2026-07-10,08:38:53,13150,5220.00,45.0000,130,32.00
2026-07-10,08:39:03,13160,5250.00,45.2586,128,32.00
2026-07-10,08:39:13,13170,5316.67,45.8333,129,32.00
2026-07-10,08:39:23,13180,5340.00,46.0345,136,32.00
2026-07-10,08:39:33,13190,5330.00,45.9483,135,32.00
2026-07-10,08:39:43,13200,5270.00,45.4310,140,32.00
2026-07-10,08:39:53,13210,5166.67,44.5402,134,32.00
2026-07-10,08:40:03,13220,5050.00,43.5345,140,32.00
2026-07-10,08:40:13,13230,4953.33,42.7011,137,32.00
2026-07-10,08:40:23,13240,4873.33,42.0115,133,32.00
2026-07-10,08:40:33,13250,4803.33,41.4080,132,32.00
2026-07-10,08:40:43,13260,4736.67,40.8333,127,32.00
2026-07-10,08:40:53,13270,4693.33,40.4598,125,32.00
2026-07-10,08:41:03,13280,4586.67,39.5402,130,32.00
2026-07-10,08:41:12,13290,4513.33,38.9080,129,32.00
2026-07-10,08:41:22,13300,4480.00,38.6207,129,32.00
2026-07-10,08:41:32,13310,4446.67,38.3333,130,32.00
2026-07-10,08:41:42,13320,4446.67,38.3333,129,32.00
2026-07-10,08:41:52,13330,4496.67,38.7644,131,32.00
2026-07-10,08:42:02,13340,4600.00,39.6552,128,32.00
2026-07-10,08:42:12,13350,4780.00,41.2069,128,32.00
2026-07-10,08:42:22,13360,5023.33,43.3046,128,32.00
2026-07-10,08:42:32,13370,5376.67,46.3506,138,31.00
2026-07-10,08:42:42,13380,5806.67,50.0575,125,32.00
2026-07-10,08:42:52,13390,6256.67,53.9368,125,32.00
2026-07-10,08:43:02,13400,6676.67,57.5575,133,32.00
2026-07-10,08:43:12,13410,7026.67,60.5747,144,32.00
2026-07-10,08:43:22,13420,7243.33,62.4425,143,32.00
2026-07-10,08:43:32,13430,7410.00,63.8793,141,32.00
2026-07-10,08:43:42,13440,7483.33,64.5115,142,32.00
2026-07-10,08:43:52,13450,7513.33,64.7701,147,32.00
2026-07-10,08:44:02,13460,7546.67,65.0575,144,32.00
2026-07-10,08:44:12,13470,7566.67,65.2299,141,32.00
2026-07-10,08:44:22,13480,7610.00,65.6034,136,32.00
2026-07-10,08:44:32,13490,7686.67,66.2644,136,32.00
2026-07-10,08:44:42,13500,7743.33,66.7529,136,32.00
2026-07-10,08:44:52,13510,7733.33,66.6667,133,32.00
2026-07-10,08:45:02,13520,7653.33,65.9770,147,32.00
2026-07-10,08:45:12,13530,7536.67,64.9713,150,32.00
2026-07-10,08:45:22,13540,7393.33,63.7356,153,32.00
2026-07-10,08:45:32,13550,7183.33,61.9253,145,32.00
2026-07-10,08:45:42,13560,6880.00,59.3103,139,32.00
2026-07-10,08:45:52,13570,6533.33,56.3218,130,32.00
2026-07-10,08:46:02,13580,6243.33,53.8218,138,32.00
2026-07-10,08:46:12,13590,6073.33,52.3563,131,32.00
2026-07-10,08:46:22,13600,5973.33,51.4943,137,32.00
2026-07-10,08:46:32,13610,5903.33,50.8908,135,32.00
2026-07-10,08:46:42,13620,5863.33,50.5460,134,32.00
2026-07-10,08:46:52,13630,5806.67,50.0575,136,32.00
2026-07-10,08:47:02,13640,5736.67,49.4540,127,32.00
2026-07-10,08:47:12,13650,5683.33,48.9943,137,32.00
2026-07-10,08:47:22,13660,5636.67,48.5920,139,32.00
2026-07-10,08:47:32,13670,5630.00,48.5345,135,32.00
2026-07-10,08:47:42,13680,5666.67,48.8506,139,32.00
2026-07-10,08:47:52,13690,5756.67,49.6264,135,32.00
2026-07-10,08:48:02,13700,5880.00,50.6897,138,32.00
2026-07-10,08:48:12,13710,6016.67,51.8678,136,32.00
2026-07-10,08:48:22,13720,6103.33,52.6149,137,32.00
2026-07-10,08:48:32,13730,6170.00,53.1897,132,32.00
2026-07-10,08:48:42,13740,6196.67,53.4195,134,32.00
2026-07-10,08:48:52,13750,6216.67,53.5920,135,32.00
2026-07-10,08:49:02,13760,6280.00,54.1379,130,32.00
2026-07-10,08:49:12,13770,6376.67,54.9713,130,32.00
2026-07-10,08:49:22,13780,6476.67,55.8333,136,32.00
2026-07-10,08:49:32,13790,6556.67,56.5230,140,32.00
2026-07-10,08:49:42,13800,6613.33,57.0115,135,32.00
2026-07-10,08:49:52,13810,6640.00,57.2414,143,32.00
2026-07-10,08:50:02,13820,6663.33,57.4425,139,32.00
2026-07-10,08:50:12,13830,6726.67,57.9885,139,32.00
2026-07-10,08:50:22,13840,6833.33,58.9080,135,32.00
2026-07-10,08:50:32,13850,6933.33,59.7701,140,32.00
2026-07-10,08:50:42,13860,6996.67,60.3161,147,32.00
2026-07-10,08:50:52,13870,7013.33,60.4598,140,32.00
2026-07-10,08:51:02,13880,6986.67,60.2299,152,32.00
2026-07-10,08:51:12,13890,6950.00,59.9138,147,32.00
2026-07-10,08:51:22,13900,6926.67,59.7126,139,32.00
2026-07-10,08:51:31,13910,6943.33,59.8563,138,32.00
2026-07-10,08:51:41,13920,7016.67,60.4885,138,32.00
2026-07-10,08:51:51,13930,7120.00,61.3793,135,33.00
2026-07-10,08:52:01,13940,7216.67,62.2126,135,32.00
2026-07-10,08:52:11,13950,7366.67,63.5057,136,32.00
2026-07-10,08:52:21,13960,7506.67,64.7126,143,32.00
2026-07-10,08:52:31,13970,7580.00,65.3448,140,32.00
2026-07-10,08:52:41,13980,7640.00,65.8621,144,32.00
2026-07-10,08:52:51,13990,7716.67,66.5230,137,33.00
2026-07-10,08:53:01,14000,7740.00,66.7241,141,33.00
2026-07-10,08:53:11,14010,7760.00,66.8965,141,32.00
2026-07-10,08:53:21,14020,7796.67,67.2126,140,33.00
2026-07-10,08:53:31,14030,7830.00,67.5000,139,33.00
2026-07-10,08:53:41,14040,7890.00,68.0172,143,33.00
2026-07-10,08:53:51,14050,7920.00,68.2759,136,33.00
2026-07-10,08:54:01,14060,7910.00,68.1897,147,33.00
2026-07-10,08:54:11,14070,7896.67,68.0747,147,33.00
2026-07-10,08:54:21,14080,7876.67,67.9023,143,33.00
2026-07-10,08:54:31,14090,7866.67,67.8161,140,33.00
2026-07-10,08:54:41,14100,7880.00,67.9310,139,33.00
2026-07-10,08:54:51,14110,7893.33,68.0460,134,33.00
2026-07-10,08:55:01,14120,7943.33,68.4770,134,33.00
2026-07-10,08:55:11,14130,7973.33,68.7356,134,33.00
2026-07-10,08:55:21,14140,7996.67,68.9368,145,33.00
2026-07-10,08:55:31,14150,7993.33,68.9080,135,33.00
2026-07-10,08:55:41,14160,7963.33,68.6494,134,33.00
2026-07-10,08:55:51,14170,7923.33,68.3046,138,33.00
2026-07-10,08:56:01,14180,7863.33,67.7874,138,33.00
2026-07-10,08:56:11,14190,7800.00,67.2414,142,33.00
2026-07-10,08:56:21,14200,7730.00,66.6379,131,33.00
2026-07-10,08:56:31,14210,7630.00,65.7759,139,33.00
2026-07-10,08:56:41,14220,7550.00,65.0862,138,33.00
2026-07-10,08:56:51,14230,7483.33,64.5115,131,33.00
2026-07-10,08:57:01,14240,7430.00,64.0517,135,33.00
2026-07-10,08:57:11,14250,7386.67,63.6782,140,33.00
2026-07-10,08:57:21,14260,7356.67,63.4195,139,33.00
2026-07-10,08:57:31,14270,7316.67,63.0747,132,33.00
2026-07-10,08:57:41,14280,7293.33,62.8736,135,33.00
2026-07-10,08:57:51,14290,7270.00,62.6724,131,33.00
2026-07-10,08:58:01,14300,7223.33,62.2701,132,33.00
2026-07-10,08:58:11,14310,7190.00,61.9828,135,33.00
2026-07-10,08:58:21,14320,7156.67,61.6954,134,33.00
2026-07-10,08:58:31,14330,7120.00,61.3793,133,33.00
2026-07-10,08:58:41,14340,7090.00,61.1207,136,33.00
2026-07-10,08:58:51,14350,7046.67,60.7471,134,33.00
2026-07-10,08:59:01,14360,6990.00,60.2586,139,33.00
2026-07-10,08:59:11,14370,6956.67,59.9713,134,33.00
2026-07-10,08:59:21,14380,6973.33,60.1149,131,33.00
2026-07-10,08:59:31,14390,7030.00,60.6034,125,33.00
2026-07-10,08:59:41,14400,7116.67,61.3506,132,33.00
2026-07-10,08:59:51,14410,7203.33,62.0977,135,33.00
2026-07-10,09:00:01,14420,7286.67,62.8161,142,33.00
2026-07-10,09:00:11,14430,7336.67,63.2471,139,33.00
2026-07-10,09:00:21,14440,7316.67,63.0747,139,33.00
2026-07-10,09:00:31,14450,7286.67,62.8161,138,33.00
2026-07-10,09:00:41,14460,7253.33,62.5287,136,33.00
2026-07-10,09:00:51,14470,7200.00,62.0690,138,33.00
2026-07-10,09:01:01,14480,7120.00,61.3793,137,33.00
2026-07-10,09:01:11,14490,7063.33,60.8908,135,33.00
2026-07-10,09:01:21,14500,7013.33,60.4598,131,33.00
2026-07-10,09:01:31,14510,7013.33,60.4598,135,33.00
2026-07-10,09:01:41,14520,7066.67,60.9195,132,33.00
2026-07-10,09:01:51,14530,7190.00,61.9828,135,33.00
2026-07-10,09:02:01,14540,7403.33,63.8218,136,33.00
2026-07-10,09:02:10,14550,7663.33,66.0632,137,33.00
2026-07-10,09:02:20,14560,7963.33,68.6494,139,33.00
2026-07-10,09:02:30,14570,8233.33,70.9770,144,33.00
2026-07-10,09:02:40,14580,8483.33,73.1322,144,33.00
2026-07-10,09:02:50,14590,8713.33,75.1149,144,33.00
2026-07-10,09:03:00,14600,8896.67,76.6954,154,33.00
2026-07-10,09:03:10,14610,8993.33,77.5287,161,33.00
2026-07-10,09:03:20,14620,8946.67,77.1264,159,33.00
2026-07-10,09:03:30,14630,8886.67,76.6092,159,33.00
2026-07-10,09:03:40,14640,8853.33,76.3218,154,33.00
2026-07-10,09:03:50,14650,8840.00,76.2069,161,33.00
2026-07-10,09:04:00,14661,8883.33,76.5805,164,33.00
2026-07-10,09:04:10,14671,9020.00,77.7586,167,33.00
2026-07-10,09:04:20,14681,9180.00,79.1379,170,33.00
2026-07-10,09:04:30,14691,9340.00,80.5172,168,33.00
2026-07-10,09:04:40,14701,9406.67,81.0919,162,33.00
2026-07-10,09:04:50,14711,9396.67,81.0057,166,33.00
2026-07-10,09:05:00,14721,9373.33,80.8046,167,33.00
2026-07-10,09:05:10,14731,9343.33,80.5460,165,33.00
2026-07-10,09:05:20,14741,9326.67,80.4023,165,33.00
2026-07-10,09:05:30,14751,9283.33,80.0287,162,33.00
2026-07-10,09:05:40,14761,9203.33,79.3391,157,33.00
2026-07-10,09:05:50,14771,9110.00,78.5345,152,33.00
2026-07-10,09:06:00,14781,8993.33,77.5287,155,33.00
2026-07-10,09:06:10,14791,8866.67,76.4368,161,33.00
2026-07-10,09:06:20,14801,8760.00,75.5172,149,33.00
2026-07-10,09:06:30,14811,8623.33,74.3391,155,33.00
2026-07-10,09:06:40,14821,8480.00,73.1034,151,33.00
2026-07-10,09:06:50,14831,8356.67,72.0402,150,33.00
2026-07-10,09:07:00,14841,8243.33,71.0632,147,33.00
2026-07-10,09:07:10,14851,8153.33,70.2874,148,33.00
2026-07-10,09:07:20,14861,8056.67,69.4540,151,33.00
2026-07-10,09:07:30,14871,7950.00,68.5345,150,33.00
2026-07-10,09:07:40,14881,7826.67,67.4713,145,33.00
2026-07-10,09:07:50,14891,7706.67,66.4368,140,33.00
2026-07-10,09:08:00,14901,7590.00,65.4310,138,33.00
2026-07-10,09:08:10,14911,7510.00,64.7414,137,33.00
2026-07-10,09:08:20,14921,7466.67,64.3678,140,34.00
2026-07-10,09:08:30,14931,7446.67,64.1954,145,33.00
2026-07-10,09:08:40,14941,7426.67,64.0230,146,33.00
2026-07-10,09:08:50,14951,7400.00,63.7931,143,33.00
2026-07-10,09:09:00,14961,7316.67,63.0747,148,33.00
2026-07-10,09:09:10,14971,7160.00,61.7241,144,33.00
2026-07-10,09:09:20,14981,6976.67,60.1437,142,33.00
2026-07-10,09:09:30,14991,6733.33,58.0460,145,33.00
2026-07-10,09:09:40,15001,6456.67,55.6609,137,33.00
2026-07-10,09:09:50,15011,6140.00,52.9310,136,33.00
2026-07-10,09:10:00,15021,5833.33,50.2874,130,33.00
2026-07-10,09:10:10,15031,5613.33,48.3908,138,33.00
2026-07-10,09:10:20,15041,5416.67,46.6954,141,33.00
2026-07-10,09:10:30,15051,5256.67,45.3161,135,33.00
2026-07-10,09:10:40,15061,5120.00,44.1379,129,33.00
2026-07-10,09:10:50,15071,4966.67,42.8161,132,33.00
2026-07-10,09:11:00,15081,4803.33,41.4080,129,33.00
2026-07-10,09:11:10,15091,4633.33,39.9425,127,33.00
2026-07-10,09:11:20,15101,4466.67,38.5057,122,33.00
2026-07-10,09:11:30,15111,4323.33,37.2701,123,33.00
2026-07-10,09:11:40,15121,4193.33,36.1494,127,33.00
2026-07-10,09:11:50,15131,4106.67,35.4023,118,33.00
2026-07-10,09:12:00,15141,4046.67,34.8851,125,33.00
2026-07-10,09:12:10,15151,4020.00,34.6552,124,33.00
2026-07-10,09:12:20,15161,4043.33,34.8563,128,33.00
2026-07-10,09:12:29,15171,4116.67,35.4885,125,33.00
2026-07-10,09:12:39,15181,4220.00,36.3793,122,33.00
2026-07-10,09:12:49,15191,4343.33,37.4425,124,33.00
2026-07-10,09:12:59,15201,4446.67,38.3333,143,33.00
2026-07-10,09:13:09,15211,4536.67,39.1092,128,33.00
2026-07-10,09:13:19,15221,4620.00,39.8276,133,33.00
2026-07-10,09:13:29,15231,4723.33,40.7184,132,33.00
2026-07-10,09:13:39,15241,4820.00,41.5517,131,33.00
2026-07-10,09:13:49,15251,4916.67,42.3851,124,33.00
2026-07-10,09:13:59,15261,4993.33,43.0460,127,33.00
2026-07-10,09:14:09,15271,5063.33,43.6494,130,33.00
2026-07-10,09:14:19,15281,5133.33,44.2529,132,33.00
2026-07-10,09:14:29,15291,5203.33,44.8563,134,33.00
2026-07-10,09:14:39,15301,5303.33,45.7184,129,33.00
2026-07-10,09:14:49,15311,5446.67,46.9540,134,33.00
2026-07-10,09:14:59,15321,5630.00,48.5345,136,33.00
2026-07-10,09:15:09,15331,5813.33,50.1149,128,33.00
2026-07-10,09:15:19,15341,5996.67,51.6954,129,33.00
2026-07-10,09:15:29,15351,6136.67,52.9023,134,33.00
2026-07-10,09:15:39,15361,6250.00,53.8793,136,33.00
2026-07-10,09:15:49,15371,6333.33,54.5977,134,33.00
2026-07-10,09:15:59,15381,6400.00,55.1724,139,33.00
2026-07-10,09:16:09,15391,6443.33,55.5460,139,33.00
2026-07-10,09:16:19,15401,6473.33,55.8046,141,33.00
2026-07-10,09:16:29,15411,6500.00,56.0345,139,33.00
2026-07-10,09:16:39,15421,6546.67,56.4368,132,33.00
2026-07-10,09:16:49,15431,6633.33,57.1839,131,33.00
2026-07-10,09:16:59,15441,6746.67,58.1609,132,33.00
2026-07-10,09:17:09,15451,6906.67,59.5402,138,33.00
2026-07-10,09:17:19,15461,7060.00,60.8621,138,33.00
2026-07-10,09:17:29,15471,7216.67,62.2126,139,33.00
2026-07-10,09:17:39,15481,7350.00,63.3621,144,33.00
2026-07-10,09:17:49,15491,7430.00,64.0517,143,33.00
2026-07-10,09:17:59,15501,7470.00,64.3965,147,33.00
2026-07-10,09:18:09,15511,7506.67,64.7126,149,33.00
2026-07-10,09:18:19,15521,7526.67,64.8851,150,33.00
2026-07-10,09:18:29,15531,7583.33,65.3736,144,33.00
2026-07-10,09:18:39,15541,7690.00,66.2931,144,33.00
2026-07-10,09:18:49,15551,7796.67,67.2126,150,33.00
2026-07-10,09:18:59,15561,7943.33,68.4770,154,33.00
2026-07-10,09:19:09,15571,8036.67,69.2816,157,33.00
2026-07-10,09:19:19,15581,8136.67,70.1437,150,33.00
2026-07-10,09:19:29,15591,8153.33,70.2874,151,33.00
2026-07-10,09:19:39,15601,8080.00,69.6552,138,33.00
2026-07-10,09:19:49,15611,7946.67,68.5057,141,33.00
2026-07-10,09:19:59,15621,7743.33,66.7529,133,33.00
2026-07-10,09:20:09,15631,7496.67,64.6264,133,33.00
2026-07-10,09:20:19,15641,7203.33,62.0977,130,33.00
2026-07-10,09:20:29,15651,6993.33,60.2874,129,33.00
2026-07-10,09:20:39,15661,6893.33,59.4253,141,33.00
2026-07-10,09:20:49,15671,6936.67,59.7988,134,33.00
2026-07-10,09:20:59,15681,7040.00,60.6897,133,33.00
2026-07-10,09:21:09,15691,7236.67,62.3851,136,33.00
2026-07-10,09:21:19,15701,7520.00,64.8276,139,33.00
2026-07-10,09:21:29,15711,7826.67,67.4713,143,33.00
2026-07-10,09:21:39,15721,8046.67,69.3678,150,33.00
2026-07-10,09:21:49,15731,8163.33,70.3736,156,33.00
2026-07-10,09:21:59,15741,8196.67,70.6609,151,33.00
2026-07-10,09:22:09,15751,8153.33,70.2874,153,33.00
2026-07-10,09:22:19,15761,8093.33,69.7701,153,33.00
2026-07-10,09:22:29,15771,8026.67,69.1954,149,33.00
2026-07-10,09:22:39,15781,7983.33,68.8218,149,33.00
2026-07-10,09:22:49,15791,7973.33,68.7356,151,33.00
2026-07-10,09:22:59,15801,7956.67,68.5919,147,33.00
2026-07-10,09:23:08,15811,7950.00,68.5345,147,33.00
2026-07-10,09:23:18,15821,7970.00,68.7069,147,33.00
2026-07-10,09:23:28,15831,8006.67,69.0230,145,33.00
2026-07-10,09:23:38,15841,8040.00,69.3103,146,33.00
2026-07-10,09:23:48,15851,8076.67,69.6264,147,33.00
2026-07-10,09:23:58,15861,8120.00,70.0000,143,33.00
2026-07-10,09:24:08,15871,8136.67,70.1437,143,33.00
2026-07-10,09:24:18,15881,8146.67,70.2299,142,33.00
2026-07-10,09:24:28,15891,8146.67,70.2299,143,33.00
2026-07-10,09:24:38,15901,8156.67,70.3161,139,33.00
2026-07-10,09:24:48,15911,8220.00,70.8621,142,33.00
2026-07-10,09:24:58,15921,8313.33,71.6667,138,33.00
2026-07-10,09:25:08,15931,8410.00,72.5000,136,33.00
2026-07-10,09:25:18,15941,8483.33,73.1322,141,33.00
2026-07-10,09:25:28,15951,8540.00,73.6207,152,33.00
2026-07-10,09:25:38,15961,8493.33,73.2184,154,33.00
2026-07-10,09:25:48,15971,8386.67,72.2988,152,33.00
2026-07-10,09:25:58,15981,8183.33,70.5460,149,33.00
2026-07-10,09:26:08,15991,7936.67,68.4195,148,33.00
2026-07-10,09:26:18,16001,7690.00,66.2931,141,33.00
2026-07-10,09:26:28,16011,7466.67,64.3678,139,33.00
2026-07-10,09:26:38,16021,7236.67,62.3851,139,33.00
2026-07-10,09:26:48,16031,6996.67,60.3161,135,33.00
2026-07-10,09:26:58,16041,6753.33,58.2184,133,33.00
2026-07-10,09:27:08,16051,6533.33,56.3218,129,34.00
2026-07-10,09:27:18,16061,6350.00,54.7414,130,33.00
2026-07-10,09:27:28,16071,6236.67,53.7644,127,33.00
2026-07-10,09:27:38,16081,6153.33,53.0460,130,33.00
2026-07-10,09:27:48,16091,6100.00,52.5862,136,33.00
2026-07-10,09:27:58,16101,6056.67,52.2126,133,33.00
2026-07-10,09:28:08,16111,6030.00,51.9828,136,33.00
2026-07-10,09:28:18,16121,5993.33,51.6667,135,33.00
2026-07-10,09:28:28,16131,5933.33,51.1494,137,33.00
2026-07-10,09:28:38,16141,5886.67,50.7471,139,33.00
2026-07-10,09:28:48,16151,5826.67,50.2299,138,33.00
2026-07-10,09:28:58,16161,5746.67,49.5402,139,33.00
2026-07-10,09:29:08,16171,5673.33,48.9080,140,33.00
2026-07-10,09:29:18,16181,5580.00,48.1034,134,33.00
2026-07-10,09:29:28,16191,5476.67,47.2126,132,33.00
2026-07-10,09:29:38,16201,5406.67,46.6092,132,33.00
2026-07-10,09:29:48,16211,5363.33,46.2356,133,33.00
2026-07-10,09:29:58,16221,5326.67,45.9195,129,33.00
2026-07-10,09:30:08,16231,5300.00,45.6897,128,33.00
2026-07-10,09:30:18,16241,5300.00,45.6897,124,33.00
2026-07-10,09:30:28,16251,5316.67,45.8333,125,33.00
2026-07-10,09:30:38,16261,5330.00,45.9483,126,33.00
2026-07-10,09:30:48,16271,5333.33,45.9770,130,33.00
2026-07-10,09:30:58,16281,5326.67,45.9195,132,33.00
2026-07-10,09:31:08,16291,5300.00,45.6897,131,33.00
2026-07-10,09:31:18,16301,5253.33,45.2874,147,33.00
2026-07-10,09:31:28,16311,5196.67,44.7988,137,33.00
2026-07-10,09:31:38,16321,5103.33,43.9943,133,33.00
2026-07-10,09:31:48,16331,4996.67,43.0747,135,33.00
2026-07-10,09:31:58,16341,4880.00,42.0690,136,33.00
2026-07-10,09:32:08,16351,4753.33,40.9770,126,33.00
2026-07-10,09:32:18,16361,4590.00,39.5690,125,33.00
2026-07-10,09:32:28,16371,4443.33,38.3046,120,33.00
2026-07-10,09:32:38,16381,4286.67,36.9540,124,33.00
2026-07-10,09:32:48,16391,4130.00,35.6034,124,33.00
2026-07-10,09:32:58,16401,4010.00,34.5690,122,33.00
2026-07-10,09:33:08,16411,3900.00,33.6207,124,33.00
2026-07-10,09:33:17,16421,3790.00,32.6724,125,33.00
2026-07-10,09:33:27,16431,3700.00,31.8965,123,33.00
2026-07-10,09:33:37,16441,3626.67,31.2644,128,33.00
2026-07-10,09:33:47,16451,3583.33,30.8908,131,33.00
2026-07-10,09:33:57,16461,3566.67,30.7471,131,33.00
2026-07-10,09:34:07,16471,3580.00,30.8621,127,33.00
2026-07-10,09:34:17,16481,3603.33,31.0632,127,33.00
2026-07-10,09:34:27,16491,3643.33,31.4080,126,33.00
2026-07-10,09:34:37,16501,3706.67,31.9540,118,33.00
2026-07-10,09:34:47,16511,3790.00,32.6724,126,33.00
2026-07-10,09:34:57,16521,3883.33,33.4770,128,33.00
2026-07-10,09:35:07,16531,3950.00,34.0517,129,32.00
2026-07-10,09:35:17,16541,4000.00,34.4828,130,33.00
2026-07-10,09:35:27,16551,4046.67,34.8851,127,32.00
2026-07-10,09:35:37,16561,4073.33,35.1149,127,33.00
2026-07-10,09:35:47,16571,4096.67,35.3161,124,33.00
2026-07-10,09:35:57,16581,4120.00,35.5172,125,32.00
2026-07-10,09:36:07,16591,4130.00,35.6034,127,32.00
2026-07-10,09:36:17,16601,4130.00,35.6034,123,32.00
2026-07-10,09:36:27,16611,4103.33,35.3736,129,33.00
2026-07-10,09:36:37,16621,4050.00,34.9138,129,33.00
2026-07-10,09:36:47,16631,3980.00,34.3103,133,32.00
2026-07-10,09:36:57,16641,3896.67,33.5920,130,32.00
2026-07-10,09:37:07,16651,3796.67,32.7299,130,33.00
2026-07-10,09:37:17,16661,3690.00,31.8103,125,32.00
2026-07-10,09:37:27,16671,3573.33,30.8046,123,32.00
2026-07-10,09:37:37,16681,3453.33,29.7701,126,32.00
2026-07-10,09:37:47,16691,3313.33,28.5632,124,32.00
2026-07-10,09:37:57,16701,3193.33,27.5287,120,32.00
2026-07-10,09:38:07,16711,3080.00,26.5517,125,32.00
2026-07-10,09:38:17,16721,2953.33,25.4598,124,32.00
2026-07-10,09:38:27,16731,2870.00,24.7414,123,32.00
2026-07-10,09:38:37,16741,2800.00,24.1379,121,32.00
2026-07-10,09:38:47,16751,2760.00,23.7931,127,32.00
2026-07-10,09:38:57,16761,2746.67,23.6782,125,32.00
2026-07-10,09:39:07,16771,2763.33,23.8218,130,32.00
2026-07-10,09:39:17,16781,2796.67,24.1092,130,32.00
2026-07-10,09:39:27,16791,2850.00,24.5690,131,32.00
2026-07-10,09:39:37,16801,2903.33,25.0287,129,32.00
2026-07-10,09:39:47,16811,2956.67,25.4885,133,32.00
2026-07-10,09:39:57,16821,3026.67,26.0920,129,32.00
2026-07-10,09:40:07,16831,3103.33,26.7529,129,32.00
2026-07-10,09:40:17,16841,3200.00,27.5862,127,32.00
2026-07-10,09:40:27,16851,3320.00,28.6207,133,32.00
2026-07-10,09:40:37,16861,3463.33,29.8563,127,32.00
2026-07-10,09:40:47,16871,3596.67,31.0057,127,32.00
2026-07-10,09:40:57,16881,3723.33,32.0977,126,32.00
2026-07-10,09:41:07,16891,3856.67,33.2471,124,32.00
2026-07-10,09:41:17,16901,3946.67,34.0230,122,32.00
2026-07-10,09:41:27,16911,4020.00,34.6552,124,32.00
2026-07-10,09:41:37,16921,4076.67,35.1437,122,32.00
2026-07-10,09:41:47,16931,4126.67,35.5747,122,32.00
2026-07-10,09:41:57,16941,4160.00,35.8621,126,32.00
2026-07-10,09:42:07,16951,4183.33,36.0632,123,32.00
2026-07-10,09:42:17,16961,4196.67,36.1782,125,32.00
2026-07-10,09:42:27,16971,4196.67,36.1782,127,32.00
2026-07-10,09:42:37,16981,4193.33,36.1494,129,32.00
2026-07-10,09:42:47,16991,4190.00,36.1207,129,32.00
2026-07-10,09:42:57,17001,4176.67,36.0057,123,32.00
2026-07-10,09:43:07,17011,4143.33,35.7184,123,32.00
2026-07-10,09:43:17,17021,4090.00,35.2586,124,32.00
2026-07-10,09:43:27,17031,4006.67,34.5402,129,32.00
2026-07-10,09:43:37,17041,3900.00,33.6207,131,32.00
2026-07-10,09:43:47,17051,3766.67,32.4713,124,32.00
2026-07-10,09:43:57,17061,3640.00,31.3793,122,32.00
2026-07-10,09:44:07,17071,3526.67,30.4023,123,32.00
2026-07-10,09:44:16,17081,3426.67,29.5402,122,32.00
2026-07-10,09:44:26,17091,3340.00,28.7931,128,32.00
2026-07-10,09:44:36,17101,3286.67,28.3333,128,32.00
2026-07-10,09:44:46,17111,3263.33,28.1322,129,32.00
2026-07-10,09:44:56,17121,3270.00,28.1897,133,32.00
2026-07-10,09:45:06,17131,3306.67,28.5057,129,32.00
2026-07-10,09:45:16,17141,3370.00,29.0517,128,32.00
2026-07-10,09:45:26,17151,3486.67,30.0575,120,32.00
2026-07-10,09:45:36,17161,3633.33,31.3218,124,32.00
2026-07-10,09:45:46,17171,3813.33,32.8736,126,32.00
2026-07-10,09:45:56,17181,4036.67,34.7988,126,32.00
2026-07-10,09:46:06,17191,4303.33,37.0977,122,32.00
2026-07-10,09:46:16,17201,4583.33,39.5115,130,32.00
2026-07-10,09:46:26,17211,4876.67,42.0402,137,32.00
2026-07-10,09:46:36,17221,5100.00,43.9655,134,32.00
2026-07-10,09:46:46,17231,5246.67,45.2299,132,32.00
2026-07-10,09:46:56,17241,5283.33,45.5460,135,32.00
2026-07-10,09:47:06,17251,5333.33,45.9770,130,32.00
2026-07-10,09:47:16,17261,5433.33,46.8391,128,32.00
2026-07-10,09:47:26,17271,5626.67,48.5057,136,32.00
2026-07-10,09:47:36,17281,5893.33,50.8046,138,32.00
2026-07-10,09:47:46,17291,6233.33,53.7356,127,32.00
2026-07-10,09:47:56,17301,6483.33,55.8908,128,32.00
2026-07-10,09:48:06,17311,6643.33,57.2701,139,32.00
2026-07-10,09:48:16,17321,6680.00,57.5862,138,32.00
2026-07-10,09:48:26,17331,6656.67,57.3851,143,32.00
2026-07-10,09:48:36,17341,6623.33,57.0977,140,32.00
2026-07-10,09:48:46,17351,6620.00,57.0690,135,32.00
2026-07-10,09:48:56,17361,6593.33,56.8391,136,32.00
2026-07-10,09:49:06,17371,6516.67,56.1782,136,32.00
2026-07-10,09:49:16,17381,6376.67,54.9713,139,32.00
2026-07-10,09:49:26,17391,6260.00,53.9655,134,32.00
2026-07-10,09:49:36,17401,6176.67,53.2471,133,32.00
2026-07-10,09:49:46,17411,6166.67,53.1609,130,32.00
2026-07-10,09:49:56,17421,6240.00,53.7931,131,32.00
2026-07-10,09:50:06,17431,6446.67,55.5747,128,32.00
2026-07-10,09:50:16,17441,6780.00,58.4483,138,32.00
2026-07-10,09:50:26,17451,7353.33,63.3908,136,32.00
2026-07-10,09:50:36,17461,8176.67,70.4885,144,32.00
2026-07-10,09:50:46,17471,9220.00,79.4828,162,32.00
2026-07-10,09:50:56,17481,10390.00,89.5690,174,33.00
2026-07-10,09:51:06,17491,11506.67,99.1954,178,32.00
2026-07-10,09:51:16,17501,12416.67,107.0402,187,33.00
2026-07-10,09:51:26,17511,12996.67,112.0402,188,33.00
2026-07-10,09:51:36,17521,13160.00,113.4483,191,33.00
2026-07-10,09:51:46,17531,12936.67,111.5230,189,33.00
2026-07-10,09:51:56,17541,12396.67,106.8678,183,33.00
2026-07-10,09:52:06,17551,11506.67,99.1954,189,33.00
2026-07-10,09:52:16,17561,10373.33,89.4253,167,33.00
2026-07-10,09:52:26,17571,9073.33,78.2184,165,33.00
2026-07-10,09:52:36,17581,7893.33,68.0460,150,33.00
2026-07-10,09:52:46,17591,6913.33,59.5977,138,33.00
2026-07-10,09:52:56,17601,6253.33,53.9080,131,33.00
2026-07-10,09:53:06,17611,5983.33,51.5805,136,33.00
2026-07-10,09:53:16,17621,6086.67,52.4713,142,33.00
2026-07-10,09:53:26,17631,6450.00,55.6034,131,33.00
2026-07-10,09:53:36,17641,7023.33,60.5460,141,33.00
2026-07-10,09:53:46,17651,7666.67,66.0919,147,33.00
2026-07-10,09:53:56,17661,8320.00,71.7241,149,33.00
2026-07-10,09:54:06,17671,8933.33,77.0115,145,33.00
2026-07-10,09:54:16,17681,9466.67,81.6092,158,33.00
2026-07-10,09:54:26,17691,9743.33,83.9942,155,33.00
2026-07-10,09:54:35,17701,9860.00,85.0000,148,33.00
2026-07-10,09:54:45,17711,9876.67,85.1437,157,33.00
2026-07-10,09:54:55,17721,9773.33,84.2529,156,33.00
2026-07-10,09:55:05,17731,9560.00,82.4138,158,33.00
2026-07-10,09:55:15,17741,9173.33,79.0805,161,33.00
2026-07-10,09:55:25,17751,8683.33,74.8563,160,33.00
2026-07-10,09:55:35,17761,8220.00,70.8621,147,33.00
2026-07-10,09:55:45,17771,7820.00,67.4138,143,33.00
2026-07-10,09:55:55,17781,7496.67,64.6264,141,33.00
2026-07-10,09:56:05,17791,7326.67,63.1609,132,33.00
2026-07-10,09:56:15,17801,7213.33,62.1839,132,33.00
2026-07-10,09:56:25,17811,7130.00,61.4655,142,33.00
2026-07-10,09:56:35,17821,7006.67,60.4023,138,33.00
2026-07-10,09:56:45,17831,6800.00,58.6207,133,33.00
2026-07-10,09:56:55,17841,6636.67,57.2126,132,33.00
2026-07-10,09:57:05,17851,6523.33,56.2356,136,33.00
2026-07-10,09:57:15,17861,6470.00,55.7759,130,33.00
2026-07-10,09:57:25,17871,6466.67,55.7471,135,33.00
2026-07-10,09:57:35,17881,6446.67,55.5747,135,33.00
2026-07-10,09:57:45,17891,6403.33,55.2011,137,33.00
2026-07-10,09:57:55,17901,6320.00,54.4828,133,33.00
2026-07-10,09:58:05,17911,6263.33,53.9943,135,33.00
2026-07-10,09:58:15,17921,6223.33,53.6494,129,33.00
2026-07-10,09:58:25,17931,6226.67,53.6782,131,33.00
2026-07-10,09:58:35,17941,6296.67,54.2816,133,33.00
2026-07-10,09:58:45,17951,6386.67,55.0575,137,33.00
2026-07-10,09:58:55,17961,6490.00,55.9483,135,33.00
2026-07-10,09:59:05,17971,6543.33,56.4080,138,33.00
2026-07-10,09:59:15,17981,6540.00,56.3793,136,33.00
2026-07-10,09:59:25,17991,6463.33,55.7184,141,33.00
2026-07-10,09:59:35,18001,6296.67,54.2816,129,33.00
2026-07-10,09:59:45,18011,6090.00,52.5000,162,33.00
2026-07-10,09:59:55,18021,5850.00,50.4310,133,33.00
2026-07-10,10:00:05,18031,5643.33,48.6494,136,33.00
2026-07-10,10:00:15,18041,5413.33,46.6667,129,33.00
2026-07-10,10:00:25,18051,5200.00,44.8276,127,33.00
2026-07-10,10:00:35,18061,5003.33,43.1322,129,33.00
2026-07-10,10:00:45,18071,4833.33,41.6667,121,33.00
2026-07-10,10:00:55,18081,4676.67,40.3161,124,33.00
2026-07-10,10:01:05,18091,4533.33,39.0805,132,33.00
2026-07-10,10:01:15,18101,4430.00,38.1897,128,33.00
2026-07-10,10:01:25,18111,4360.00,37.5862,135,33.00
2026-07-10,10:01:35,18121,4353.33,37.5287,127,33.00
2026-07-10,10:01:45,18131,4396.67,37.9023,123,33.00
2026-07-10,10:01:55,18141,4490.00,38.7069,129,33.00
2026-07-10,10:02:05,18151,4623.33,39.8563,126,33.00
2026-07-10,10:02:15,18161,4780.00,41.2069,134,33.00
2026-07-10,10:02:25,18171,4913.33,42.3563,126,33.00
2026-07-10,10:02:35,18181,5040.00,43.4483,128,33.00
2026-07-10,10:02:45,18191,5160.00,44.4828,133,33.00
2026-07-10,10:02:55,18201,5270.00,45.4310,131,33.00
2026-07-10,10:03:05,18211,5413.33,46.6667,134,33.00
2026-07-10,10:03:15,18221,5596.67,48.2471,130,33.00
2026-07-10,10:03:25,18231,5806.67,50.0575,130,33.00
2026-07-10,10:03:35,18241,6043.33,52.0977,129,33.00
2026-07-10,10:03:45,18251,6283.33,54.1667,136,33.00
2026-07-10,10:03:55,18261,6540.00,56.3793,144,33.00
2026-07-10,10:04:05,18271,6763.33,58.3046,150,33.00
2026-07-10,10:04:15,18281,6880.00,59.3103,141,33.00
2026-07-10,10:04:25,18291,6890.00,59.3965,144,33.00
2026-07-10,10:04:35,18301,6786.67,58.5057,146,33.00
2026-07-10,10:04:45,18311,6630.00,57.1552,141,33.00
2026-07-10,10:04:54,18321,6436.67,55.4885,135,33.00
2026-07-10,10:05:04,18331,6250.00,53.8793,131,33.00
2026-07-10,10:05:14,18341,6143.33,52.9598,138,33.00
2026-07-10,10:05:24,18351,6146.67,52.9885,139,33.00
2026-07-10,10:05:34,18361,6200.00,53.4483,138,33.00
2026-07-10,10:05:44,18371,6290.00,54.2241,142,33.00
2026-07-10,10:05:54,18381,6376.67,54.9713,138,33.00
2026-07-10,10:06:04,18391,6466.67,55.7471,135,33.00
2026-07-10,10:06:14,18401,6533.33,56.3218,128,33.00
2026-07-10,10:06:24,18411,6600.00,56.8965,135,33.00
2026-07-10,10:06:34,18421,6666.67,57.4713,138,33.00
2026-07-10,10:06:44,18431,6736.67,58.0747,136,33.00
2026-07-10,10:06:54,18441,6846.67,59.0230,137,33.00
2026-07-10,10:07:04,18451,6983.33,60.2011,136,33.00
2026-07-10,10:07:14,18461,7150.00,61.6379,141,33.00
2026-07-10,10:07:24,18471,7366.67,63.5057,144,33.00
2026-07-10,10:07:34,18481,7550.00,65.0862,145,33.00
2026-07-10,10:07:44,18491,7753.33,66.8391,145,33.00
2026-07-10,10:07:54,18501,7960.00,68.6207,147,33.00
2026-07-10,10:08:04,18511,8170.00,70.4310,146,33.00
2026-07-10,10:08:14,18521,8396.67,72.3850,144,33.00
2026-07-10,10:08:24,18531,8660.00,74.6552,145,33.00
2026-07-10,10:08:34,18541,8963.33,77.2701,141,33.00
2026-07-10,10:08:44,18551,9326.67,80.4023,160,33.00
2026-07-10,10:08:54,18561,9713.33,83.7356,171,33.00
2026-07-10,10:09:04,18571,10110.00,87.1552,175,33.00
2026-07-10,10:09:14,18581,10503.33,90.5460,185,33.00
2026-07-10,10:09:24,18591,10796.67,93.0747,184,33.00
2026-07-10,10:09:34,18601,10976.67,94.6264,183,33.00
2026-07-10,10:09:44,18611,11100.00,95.6897,188,33.00
2026-07-10,10:09:54,18621,11203.33,96.5805,185,33.00
2026-07-10,10:10:04,18631,11303.33,97.4425,183,33.00
2026-07-10,10:10:14,18641,11393.33,98.2184,179,33.00
2026-07-10,10:10:24,18651,11476.67,98.9368,182,33.00
2026-07-10,10:10:34,18661,11570.00,99.7414,187,34.00
2026-07-10,10:10:44,18671,11670.00,100.6034,191,34.00
2026-07-10,10:10:54,18681,11836.67,102.0402,193,34.00
2026-07-10,10:11:04,18691,12146.67,104.7126,192,34.00
2026-07-10,10:11:14,18701,12516.67,107.9023,178,34.00
2026-07-10,10:11:24,18711,12836.67,110.6609,189,34.00
2026-07-10,10:11:34,18721,13120.00,113.1034,190,34.00
2026-07-10,10:11:44,18731,13466.67,116.0919,193,34.00
2026-07-10,10:11:54,18741,13803.33,118.9942,194,34.00
2026-07-10,10:12:04,18751,14133.33,121.8391,196,34.00
2026-07-10,10:12:14,18761,14446.67,124.5402,202,34.00
2026-07-10,10:12:24,18771,14740.00,127.0690,203,35.00
2026-07-10,10:12:34,18781,14876.67,128.2471,204,35.00
2026-07-10,10:12:44,18791,14946.67,128.8506,203,35.00
2026-07-10,10:12:54,18801,14923.33,128.6494,203,35.00
2026-07-10,10:13:04,18811,14913.33,128.5632,207,35.00
2026-07-10,10:13:14,18821,14910.00,128.5345,210,35.00
2026-07-10,10:13:24,18831,14963.33,128.9942,210,35.00
2026-07-10,10:13:34,18841,14993.33,129.2529,205,35.00
2026-07-10,10:13:44,18851,14810.00,127.6724,203,35.00
2026-07-10,10:13:54,18861,14413.33,124.2529,200,35.00
2026-07-10,10:14:04,18871,13853.33,119.4253,193,35.00
2026-07-10,10:14:14,18881,13380.00,115.3448,203,35.00
2026-07-10,10:14:24,18891,12966.67,111.7816,196,35.00
2026-07-10,10:14:34,18901,12633.33,108.9080,194,35.00
2026-07-10,10:14:44,18911,12486.67,107.6437,194,36.00
2026-07-10,10:14:54,18921,12406.67,106.9540,189,36.00
2026-07-10,10:15:04,18931,12323.33,106.2356,189,36.00
2026-07-10,10:15:14,18941,12203.33,105.2011,184,36.00
2026-07-10,10:15:24,18951,12136.67,104.6264,188,36.00
2026-07-10,10:15:34,18961,12073.33,104.0805,185,36.00
2026-07-10,10:15:43,18971,12083.33,104.1667,187,36.00
2026-07-10,10:15:53,18981,12310.00,106.1207,181,36.00
2026-07-10,10:16:03,18991,12640.00,108.9655,182,36.00
2026-07-10,10:16:13,19001,12960.00,111.7241,180,36.00
2026-07-10,10:16:23,19011,13116.67,113.0747,186,36.00
2026-07-10,10:16:33,19021,13173.33,113.5632,191,36.00
2026-07-10,10:16:43,19031,13086.67,112.8161,191,36.00
2026-07-10,10:16:53,19041,12940.00,111.5517,194,36.00
2026-07-10,10:17:03,19051,12713.33,109.5977,193,36.00
2026-07-10,10:17:13,19061,12650.00,109.0517,194,36.00
2026-07-10,10:17:23,19071,12833.33,110.6322,190,36.00
2026-07-10,10:17:33,19081,13376.67,115.3161,203,36.00
2026-07-10,10:17:43,19091,14203.33,122.4425,209,36.00
2026-07-10,10:17:53,19101,15103.33,130.2011,212,36.00
2026-07-10,10:18:03,19111,15820.00,136.3793,208,36.00
2026-07-10,10:18:13,19121,16113.33,138.9080,210,36.00
2026-07-10,10:18:23,19131,16100.00,138.7931,209,36.00
2026-07-10,10:18:33,19141,15753.33,135.8046,203,36.00
2026-07-10,10:18:43,19151,15130.00,130.4310,203,36.00
2026-07-10,10:18:53,19161,14230.00,122.6724,195,36.00
2026-07-10,10:19:03,19171,13343.33,115.0287,186,36.00
2026-07-10,10:19:13,19181,12573.33,108.3908,184,36.00
2026-07-10,10:19:23,19191,11940.00,102.9310,184,36.00
2026-07-10,10:19:33,19201,11456.67,98.7644,180,36.00
2026-07-10,10:19:43,19211,11173.33,96.3218,185,36.00
2026-07-10,10:19:53,19221,10993.33,94.7701,187,36.00
2026-07-10,10:20:03,19231,10906.67,94.0230,183,36.00
2026-07-10,10:20:13,19241,10760.00,92.7586,181,36.00
2026-07-10,10:20:23,19251,10440.00,90.0000,179,36.00
2026-07-10,10:20:33,19261,9973.33,85.9770,180,36.00
2026-07-10,10:20:43,19271,9673.33,83.3908,173,36.00
2026-07-10,10:20:53,19281,9653.33,83.2184,175,36.00
2026-07-10,10:21:03,19291,9833.33,84.7701,180,36.00
2026-07-10,10:21:13,19301,10083.33,86.9253,178,36.00
2026-07-10,10:21:23,19311,10466.67,90.2299,177,36.00
2026-07-10,10:21:33,19321,10890.00,93.8793,185,36.00
2026-07-10,10:21:43,19331,11233.33,96.8391,191,36.00
2026-07-10,10:21:53,19341,11580.00,99.8276,192,36.00
2026-07-10,10:22:03,19351,11813.33,101.8391,192,36.00
2026-07-10,10:22:13,19361,11836.67,102.0402,192,36.00
2026-07-10,10:22:23,19371,11730.00,101.1207,190,36.00
2026-07-10,10:22:33,19381,11586.67,99.8850,188,36.00
2026-07-10,10:22:43,19391,11496.67,99.1092,190,36.00
2026-07-10,10:22:53,19401,11513.33,99.2529,193,36.00
2026-07-10,10:23:03,19411,11650.00,100.4310,188,36.00
2026-07-10,10:23:13,19421,11863.33,102.2701,191,36.00
2026-07-10,10:23:23,19431,12133.33,104.5977,193,36.00
2026-07-10,10:23:33,19441,12383.33,106.7529,195,36.00
2026-07-10,10:23:43,19451,12603.33,108.6494,201,36.00
2026-07-10,10:23:53,19461,12840.00,110.6896,194,36.00
2026-07-10,10:24:03,19471,12906.67,111.2644,193,36.00
2026-07-10,10:24:13,19481,12800.00,110.3448,196,36.00
2026-07-10,10:24:23,19491,12603.33,108.6494,194,36.00
2026-07-10,10:24:33,19501,12423.33,107.0977,186,36.00
2026-07-10,10:24:43,19511,12246.67,105.5747,191,36.00
2026-07-10,10:24:53,19521,12070.00,104.0517,186,36.00
2026-07-10,10:25:03,19531,12006.67,103.5057,184,36.00
2026-07-10,10:25:13,19541,11920.00,102.7586,187,36.00
2026-07-10,10:25:23,19551,11956.67,103.0747,192,36.00
2026-07-10,10:25:33,19561,12170.00,104.9138,194,36.00
2026-07-10,10:25:43,19571,12456.67,107.3850,192,36.00
2026-07-10,10:25:53,19581,12736.67,109.7988,197,36.00
2026-07-10,10:26:03,19591,12900.00,111.2069,197,36.00
2026-07-10,10:26:13,19601,12840.00,110.6896,194,36.00
2026-07-10,10:26:22,19611,12730.00,109.7414,198,36.00
2026-07-10,10:26:32,19621,12516.67,107.9023,195,36.00
2026-07-10,10:26:42,19631,12253.33,105.6322,191,36.00
2026-07-10,10:26:52,19641,12123.33,104.5115,189,36.00
2026-07-10,10:27:02,19651,12140.00,104.6552,184,37.00
2026-07-10,10:27:12,19661,12330.00,106.2931,188,36.00
2026-07-10,10:27:22,19671,12686.67,109.3678,190,36.00
2026-07-10,10:27:32,19681,13156.67,113.4195,194,36.00
2026-07-10,10:27:42,19691,13713.33,118.2184,197,36.00
2026-07-10,10:27:52,19701,14243.33,122.7874,196,36.00
2026-07-10,10:28:02,19711,14700.00,126.7241,197,36.00
2026-07-10,10:28:12,19721,15020.00,129.4827,200,37.00
2026-07-10,10:28:22,19731,15140.00,130.5172,202,37.00
2026-07-10,10:28:32,19741,15216.67,131.1782,203,37.00
2026-07-10,10:28:42,19751,15323.33,132.0977,204,36.00
2026-07-10,10:28:52,19761,15296.67,131.8678,202,37.00
2026-07-10,10:29:02,19771,15200.00,131.0345,204,37.00
2026-07-10,10:29:12,19781,15070.00,129.9138,203,37.00
2026-07-10,10:29:22,19791,14966.67,129.0230,202,37.00
2026-07-10,10:29:32,19801,14766.67,127.2988,196,37.00
2026-07-10,10:29:42,19811,14460.00,124.6552,201,37.00
2026-07-10,10:29:52,19821,14156.67,122.0402,202,37.00
2026-07-10,10:30:02,19831,13773.33,118.7356,199,37.00
2026-07-10,10:30:12,19841,13336.67,114.9713,197,37.00
2026-07-10,10:30:22,19851,12936.67,111.5230,192,37.00
2026-07-10,10:30:32,19861,12596.67,108.5919,190,37.00
2026-07-10,10:30:42,19871,12336.67,106.3506,187,37.00
2026-07-10,10:30:52,19881,12116.67,104.4540,186,37.00
2026-07-10,10:31:02,19891,11836.67,102.0402,189,37.00
2026-07-10,10:31:12,19901,11573.33,99.7701,189,37.00
2026-07-10,10:31:22,19911,11456.67,98.7644,185,37.00
2026-07-10,10:31:32,19921,11660.00,100.5172,185,37.00
2026-07-10,10:31:42,19931,12133.33,104.5977,185,37.00
2026-07-10,10:31:52,19941,12753.33,109.9425,189,37.00
2026-07-10,10:32:02,19951,13316.67,114.7988,192,37.00
2026-07-10,10:32:12,19961,13563.33,116.9253,201,37.00
2026-07-10,10:32:22,19971,13620.00,117.4138,202,37.00
2026-07-10,10:32:32,19981,13546.67,116.7816,202,37.00
2026-07-10,10:32:42,19991,13370.00,115.2586,202,37.00
2026-07-10,10:32:52,20001,13116.67,113.0747,196,37.00
2026-07-10,10:33:02,20011,12850.00,110.7759,198,37.00
2026-07-10,10:33:12,20021,12436.67,107.2126,191,37.00
2026-07-10,10:33:22,20031,11970.00,103.1897,191,37.00
2026-07-10,10:33:32,20041,11800.00,101.7241,190,37.00
2026-07-10,10:33:42,20051,11896.67,102.5575,190,37.00
2026-07-10,10:33:52,20061,12346.67,106.4368,200,37.00
2026-07-10,10:34:02,20071,13136.67,113.2471,196,37.00
2026-07-10,10:34:12,20081,14140.00,121.8965,199,37.00
2026-07-10,10:34:22,20091,14916.67,128.5919,210,37.00
2026-07-10,10:34:32,20101,15546.67,134.0230,196,37.00
2026-07-10,10:34:42,20111,15736.67,135.6609,210,37.00
2026-07-10,10:34:52,20121,15603.33,134.5115,210,37.00
2026-07-10,10:35:02,20131,15400.00,132.7586,209,38.00
2026-07-10,10:35:12,20141,15070.00,129.9138,210,37.00
2026-07-10,10:35:22,20151,14676.67,126.5230,205,37.00
2026-07-10,10:35:32,20161,14270.00,123.0172,207,37.00
2026-07-10,10:35:42,20171,13990.00,120.6034,205,38.00
2026-07-10,10:35:52,20181,13923.33,120.0287,205,37.00
2026-07-10,10:36:02,20191,14050.00,121.1207,204,38.00
2026-07-10,10:36:12,20201,14140.00,121.8965,205,37.00
2026-07-10,10:36:22,20211,14093.33,121.4942,200,38.00
2026-07-10,10:36:32,20221,13903.33,119.8563,202,38.00
2026-07-10,10:36:42,20231,13680.00,117.9310,199,37.00
2026-07-10,10:36:52,20241,13500.00,116.3793,195,37.00
2026-07-10,10:37:01,20251,13316.67,114.7988,190,38.00
2026-07-10,10:37:11,20261,13116.67,113.0747,191,37.00
2026-07-10,10:37:21,20271,13010.00,112.1552,195,38.00
2026-07-10,10:37:31,20281,12973.33,111.8391,194,37.00
2026-07-10,10:37:41,20291,13046.67,112.4713,190,37.00
2026-07-10,10:37:51,20301,12996.67,112.0402,188,38.00
2026-07-10,10:38:01,20311,12843.33,110.7184,196,38.00
2026-07-10,10:38:11,20321,12583.33,108.4770,196,38.00
2026-07-10,10:38:21,20331,12373.33,106.6667,193,37.00
2026-07-10,10:38:31,20341,12300.00,106.0345,188,37.00
2026-07-10,10:38:41,20351,12250.00,105.6034,187,37.00
2026-07-10,10:38:51,20361,12163.33,104.8563,186,37.00
2026-07-10,10:39:01,20371,12090.00,104.2241,183,37.00
2026-07-10,10:39:11,20381,12016.67,103.5919,182,37.00
2026-07-10,10:39:21,20391,11910.00,102.6724,180,37.00
2026-07-10,10:39:31,20401,11800.00,101.7241,170,37.00
2026-07-10,10:39:41,20411,11646.67,100.4023,183,37.00
2026-07-10,10:39:51,20421,11560.00,99.6552,178,37.00
2026-07-10,10:40:01,20431,11346.67,97.8161,174,37.00
2026-07-10,10:40:11,20441,11070.00,95.4310,166,37.00
2026-07-10,10:40:21,20451,10836.67,93.4195,160,37.00
2026-07-10,10:40:31,20461,10586.67,91.2644,164,37.00
2026-07-10,10:40:41,20471,10440.00,90.0000,164,37.00
2026-07-10,10:40:51,20481,10460.00,90.1724,169,37.00
2026-07-10,10:41:01,20491,10593.33,91.3218,177,37.00
2026-07-10,10:41:11,20501,10893.33,93.9080,182,37.00
2026-07-10,10:41:21,20511,11333.33,97.7011,183,37.00
2026-07-10,10:41:31,20521,11570.00,99.7414,192,37.00
2026-07-10,10:41:41,20531,11680.00,100.6897,188,37.00
2026-07-10,10:41:51,20541,11763.33,101.4080,183,37.00
2026-07-10,10:42:01,20551,11766.67,101.4368,180,37.00
2026-07-10,10:42:11,20561,11866.67,102.2988,184,37.00
2026-07-10,10:42:21,20571,11963.33,103.1322,183,37.00
2026-07-10,10:42:31,20581,11966.67,103.1609,184,37.00
2026-07-10,10:42:41,20591,11843.33,102.0977,184,37.00
2026-07-10,10:42:51,20601,11546.67,99.5402,168,37.00
2026-07-10,10:43:01,20611,11213.33,96.6667,181,37.00
2026-07-10,10:43:11,20621,10886.67,93.8506,175,37.00
2026-07-10,10:43:21,20631,10580.00,91.2069,178,37.00
2026-07-10,10:43:31,20641,10383.33,89.5115,180,37.00
2026-07-10,10:43:41,20651,10243.33,88.3046,175,37.00
2026-07-10,10:43:51,20661,10170.00,87.6724,174,37.00
2026-07-10,10:44:01,20671,10130.00,87.3276,175,37.00
2026-07-10,10:44:11,20681,10070.00,86.8103,171,37.00
2026-07-10,10:44:21,20691,10070.00,86.8103,173,37.00
2026-07-10,10:44:31,20701,10136.67,87.3850,175,37.00
2026-07-10,10:44:41,20711,10293.33,88.7356,179,37.00
2026-07-10,10:44:51,20721,10543.33,90.8908,179,37.00
2026-07-10,10:45:01,20731,10806.67,93.1609,184,37.00
2026-07-10,10:45:11,20741,10986.67,94.7126,188,37.00
2026-07-10,10:45:21,20751,11036.67,95.1437,189,37.00
2026-07-10,10:45:31,20761,11010.00,94.9138,183,37.00
2026-07-10,10:45:41,20771,10960.00,94.4828,184,37.00
2026-07-10,10:45:51,20781,10953.33,94.4253,187,37.00
2026-07-10,10:46:01,20791,11006.67,94.8850,184,36.00
2026-07-10,10:46:11,20801,11200.00,96.5517,167,37.00
2026-07-10,10:46:21,20811,11406.67,98.3333,178,36.00
2026-07-10,10:46:31,20821,11590.00,99.9138,175,37.00
2026-07-10,10:46:41,20831,11800.00,101.7241,186,36.00
2026-07-10,10:46:51,20841,12013.33,103.5632,189,37.00
2026-07-10,10:47:01,20851,12193.33,105.1149,186,37.00
2026-07-10,10:47:11,20861,12340.00,106.3793,186,37.00
2026-07-10,10:47:21,20871,12470.00,107.5000,192,37.00
2026-07-10,10:47:31,20881,12613.33,108.7356,191,37.00
2026-07-10,10:47:41,20891,12800.00,110.3448,196,37.00
2026-07-10,10:47:51,20901,13043.33,112.4425,183,37.00
2026-07-10,10:48:01,20911,13326.67,114.8850,201,37.00
2026-07-10,10:48:11,20921,13546.67,116.7816,201,37.00
2026-07-10,10:48:20,20931,13653.33,117.7011,197,37.00
2026-07-10,10:48:30,20941,13633.33,117.5287,194,37.00
2026-07-10,10:48:40,20951,13453.33,115.9770,191,37.00
2026-07-10,10:48:50,20961,13103.33,112.9598,189,37.00
2026-07-10,10:49:00,20971,12706.67,109.5402,189,36.00
2026-07-10,10:49:10,20981,12250.00,105.6034,183,37.00
2026-07-10,10:49:20,20991,11740.00,101.2069,174,37.00
2026-07-10,10:49:30,21001,11190.00,96.4655,168,37.00
2026-07-10,10:49:40,21011,10596.67,91.3506,166,37.00
2026-07-10,10:49:50,21021,10040.00,86.5517,163,37.00
2026-07-10,10:50:00,21031,9553.33,82.3563,156,37.00
2026-07-10,10:50:10,21041,9143.33,78.8218,149,37.00
2026-07-10,10:50:20,21051,8793.33,75.8046,153,37.00
2026-07-10,10:50:30,21061,8493.33,73.2184,161,37.00
2026-07-10,10:50:40,21071,8253.33,71.1494,154,37.00
2026-07-10,10:50:50,21081,8023.33,69.1667,148,36.00
2026-07-10,10:51:00,21091,7796.67,67.2126,149,36.00
2026-07-10,10:51:10,21101,7693.33,66.3218,132,36.00
2026-07-10,10:51:20,21111,7630.00,65.7759,133,36.00
2026-07-10,10:51:30,21121,7763.33,66.9253,131,36.00
2026-07-10,10:51:40,21131,8126.67,70.0575,144,36.00
2026-07-10,10:51:50,21141,8676.67,74.7988,166,36.00
2026-07-10,10:52:00,21151,9273.33,79.9425,175,36.00
2026-07-10,10:52:10,21161,9740.00,83.9655,174,36.00
2026-07-10,10:52:20,21171,9986.67,86.0919,180,36.00
2026-07-10,10:52:30,21181,10013.33,86.3218,182,36.00
2026-07-10,10:52:40,21191,10026.67,86.4368,173,36.00
2026-07-10,10:52:50,21201,9960.00,85.8621,154,36.00
2026-07-10,10:53:00,21211,9756.67,84.1092,165,36.00
2026-07-10,10:53:10,21221,9410.00,81.1207,153,36.00
2026-07-10,10:53:20,21231,8850.00,76.2931,153,36.00
2026-07-10,10:53:30,21241,8243.33,71.0632,133,36.00
2026-07-10,10:53:40,21251,7840.00,67.5862,140,36.00
2026-07-10,10:53:50,21261,7433.33,64.0805,143,36.00
2026-07-10,10:54:00,21271,7060.00,60.8621,147,36.00
2026-07-10,10:54:10,21281,6683.33,57.6149,146,36.00
2026-07-10,10:54:20,21291,6360.00,54.8276,142,36.00
2026-07-10,10:54:30,21301,6096.67,52.5575,136,36.00
2026-07-10,10:54:40,21311,5826.67,50.2299,136,36.00
2026-07-10,10:54:50,21321,5520.00,47.5862,135,36.00
2026-07-10,10:55:00,21331,5150.00,44.3966,130,36.00
2026-07-10,10:55:10,21341,4726.67,40.7471,133,36.00
2026-07-10,10:55:20,21351,4346.67,37.4713,125,36.00
2026-07-10,10:55:30,21361,4013.33,34.5977,126,36.00
2026-07-10,10:55:40,21371,3713.33,32.0115,126,35.00
2026-07-10,10:55:50,21381,3473.33,29.9425,129,35.00
2026-07-10,10:56:00,21391,3316.67,28.5920,128,35.00
2026-07-10,10:56:10,21401,3330.00,28.7069,130,35.00
2026-07-10,10:56:20,21411,3483.33,30.0287,125,35.00
2026-07-10,10:56:30,21421,3653.33,31.4943,128,35.00
2026-07-10,10:56:40,21431,3776.67,32.5575,119,35.00
2026-07-10,10:56:50,21441,3790.00,32.6724,125,35.00
2026-07-10,10:57:00,21451,3700.00,31.8965,118,35.00
2026-07-10,10:57:10,21461,3560.00,30.6897,126,34.00
2026-07-10,10:57:20,21471,3413.33,29.4253,129,34.00
2026-07-10,10:57:30,21481,3273.33,28.2184,127,34.00
2026-07-10,10:57:40,21491,3173.33,27.3563,125,34.00
2026-07-10,10:57:50,21501,3083.33,26.5805,126,34.00
2026-07-10,10:58:00,21511,3013.33,25.9770,126,34.00
2026-07-10,10:58:10,21521,2953.33,25.4598,124,34.00
2026-07-10,10:58:20,21531,2936.67,25.3161,117,34.00
2026-07-10,10:58:30,21541,2956.67,25.4885,124,34.00
2026-07-10,10:58:40,21551,3010.00,25.9483,129,34.00
2026-07-10,10:58:49,21561,3070.00,26.4655,129,34.00
2026-07-10,10:58:59,21571,3176.67,27.3851,139,34.00
2026-07-10,10:59:09,21581,3326.67,28.6782,135,34.00
2026-07-10,10:59:19,21591,3530.00,30.4310,122,34.00
2026-07-10,10:59:29,21601,3740.00,32.2414,121,33.00
2026-07-10,10:59:39,21611,3963.33,34.1667,128,33.00
2026-07-10,10:59:49,21621,4150.00,35.7759,130,33.00
2026-07-10,10:59:59,21631,4340.00,37.4138,137,33.00
2026-07-10,11:00:09,21641,4473.33,38.5632,129,33.00
2026-07-10,11:00:19,21651,4546.67,39.1954,130,33.00
2026-07-10,11:00:29,21661,4556.67,39.2816,134,33.00
2026-07-10,11:00:39,21671,4566.67,39.3678,135,33.00
2026-07-10,11:00:49,21681,4593.33,39.5977,135,33.00
2026-07-10,11:00:59,21691,4640.00,40.0000,129,33.00
2026-07-10,11:01:09,21701,4720.00,40.6897,126,33.00
2026-07-10,11:01:19,21711,4800.00,41.3793,132,33.00
2026-07-10,11:01:29,21721,4926.67,42.4713,131,33.00
2026-07-10,11:01:39,21731,5120.00,44.1379,136,33.00
2026-07-10,11:01:49,21741,5330.00,45.9483,126,33.00
2026-07-10,11:01:59,21751,5526.67,47.6437,123,33.00
2026-07-10,11:02:09,21761,5683.33,48.9943,127,33.00
2026-07-10,11:02:19,21771,5920.00,51.0345,135,33.00
2026-07-10,11:02:29,21781,6116.67,52.7299,125,33.00
2026-07-10,11:02:39,21791,6290.00,54.2241,126,33.00
2026-07-10,11:02:49,21801,6350.00,54.7414,132,33.00
2026-07-10,11:02:59,21811,6353.33,54.7701,136,33.00
2026-07-10,11:03:09,21821,6303.33,54.3391,140,33.00
2026-07-10,11:03:19,21831,6253.33,53.9080,133,33.00
2026-07-10,11:03:29,21841,6173.33,53.2184,137,33.00
2026-07-10,11:03:39,21851,6046.67,52.1264,131,33.00
2026-07-10,11:03:49,21861,5886.67,50.7471,134,33.00
2026-07-10,11:03:59,21871,5696.67,49.1092,129,33.00
2026-07-10,11:04:09,21881,5516.67,47.5575,133,33.00
2026-07-10,11:04:19,21891,5416.67,46.6954,143,33.00
2026-07-10,11:04:29,21901,5360.00,46.2069,131,33.00
2026-07-10,11:04:39,21911,5326.67,45.9195,132,33.00
2026-07-10,11:04:49,21921,5303.33,45.7184,125,33.00
2026-07-10,11:04:59,21931,5213.33,44.9425,126,33.00
2026-07-10,11:05:09,21941,5120.00,44.1379,135,33.00
2026-07-10,11:05:19,21951,4970.00,42.8448,129,33.00
2026-07-10,11:05:29,21961,4853.33,41.8391,134,33.00
2026-07-10,11:05:39,21971,4803.33,41.4080,130,33.00
2026-07-10,11:05:49,21981,4790.00,41.2931,129,33.00
2026-07-10,11:05:59,21991,4780.00,41.2069,129,33.00
2026-07-10,11:06:09,22001,4766.67,41.0920,132,33.00
2026-07-10,11:06:19,22011,4753.33,40.9770,129,33.00
2026-07-10,11:06:29,22021,4710.00,40.6034,130,33.00
2026-07-10,11:06:39,22031,4620.00,39.8276,127,33.00
2026-07-10,11:06:49,22041,4506.67,38.8506,131,33.00
2026-07-10,11:06:59,22051,4416.67,38.0747,126,33.00
2026-07-10,11:07:09,22061,4373.33,37.7011,120,33.00
2026-07-10,11:07:19,22071,4370.00,37.6724,128,33.00
2026-07-10,11:07:29,22081,4393.33,37.8736,123,33.00
2026-07-10,11:07:39,22091,4440.00,38.2759,125,33.00
2026-07-10,11:07:49,22101,4493.33,38.7356,117,33.00
2026-07-10,11:07:59,22111,4530.00,39.0517,122,33.00
2026-07-10,11:08:09,22121,4536.67,39.1092,123,33.00
2026-07-10,11:08:19,22131,4533.33,39.0805,123,33.00
2026-07-10,11:08:29,22141,4453.33,38.3908,130,33.00
2026-07-10,11:08:39,22151,4356.67,37.5575,143,33.00
2026-07-10,11:08:49,22161,4223.33,36.4080,128,33.00
2026-07-10,11:08:59,22171,4096.67,35.3161,124,33.00
2026-07-10,11:09:08,22181,3973.33,34.2529,125,33.00
2026-07-10,11:09:18,22191,3860.00,33.2759,124,33.00
2026-07-10,11:09:28,22201,3763.33,32.4425,129,33.00
2026-07-10,11:09:38,22211,3710.00,31.9828,137,33.00
2026-07-10,11:09:48,22221,3660.00,31.5517,129,33.00
2026-07-10,11:09:58,22231,3623.33,31.2356,129,33.00
2026-07-10,11:10:08,22241,3576.67,30.8333,130,32.00
2026-07-10,11:10:18,22251,3520.00,30.3448,125,32.00
2026-07-10,11:10:28,22261,3466.67,29.8851,126,33.00
2026-07-10,11:10:38,22271,3453.33,29.7701,121,32.00
2026-07-10,11:10:48,22281,3473.33,29.9425,130,32.00
2026-07-10,11:10:58,22291,3526.67,30.4023,124,32.00
2026-07-10,11:11:08,22301,3583.33,30.8908,122,32.00
2026-07-10,11:11:18,22311,3640.00,31.3793,130,32.00
2026-07-10,11:11:28,22321,3666.67,31.6092,123,32.00
2026-07-10,11:11:38,22331,3633.33,31.3218,124,32.00
2026-07-10,11:11:48,22341,3600.00,31.0345,125,32.00
2026-07-10,11:11:58,22351,3626.67,31.2644,123,32.00
2026-07-10,11:12:08,22361,3660.00,31.5517,120,32.00
2026-07-10,11:12:18,22371,3743.33,32.2701,132,32.00
2026-07-10,11:12:28,22381,3886.67,33.5057,127,32.00
2026-07-10,11:12:38,22391,4023.33,34.6839,126,32.00
2026-07-10,11:12:48,22401,4140.00,35.6897,136,32.00
2026-07-10,11:12:58,22411,4220.00,36.3793,131,32.00
2026-07-10,11:13:08,22421,4236.67,36.5230,127,32.00
2026-07-10,11:13:18,22431,4246.67,36.6092,125,32.00
2026-07-10,11:13:28,22441,4303.33,37.0977,127,32.00
2026-07-10,11:13:38,22451,4426.67,38.1609,128,32.00
2026-07-10,11:13:48,22461,4636.67,39.9713,126,32.00
2026-07-10,11:13:58,22471,4880.00,42.0690,128,32.00
2026-07-10,11:14:08,22481,5100.00,43.9655,136,32.00
2026-07-10,11:14:18,22491,5230.00,45.0862,146,32.00
2026-07-10,11:14:28,22501,5293.33,45.6322,137,32.00
2026-07-10,11:14:38,22511,5230.00,45.0862,136,32.00
2026-07-10,11:14:48,22521,5143.33,44.3391,134,32.00
2026-07-10,11:14:58,22531,5036.67,43.4195,139,32.00
2026-07-10,11:15:08,22541,4946.67,42.6437,131,32.00
2026-07-10,11:15:18,22551,4853.33,41.8391,136,32.00
2026-07-10,11:15:28,22561,4743.33,40.8908,127,32.00
2026-07-10,11:15:38,22571,4643.33,40.0287,130,32.00
2026-07-10,11:15:48,22581,4560.00,39.3103,129,32.00
2026-07-10,11:15:58,22591,4500.00,38.7931,129,32.00
2026-07-10,11:16:08,22601,4433.33,38.2184,128,32.00
2026-07-10,11:16:18,22611,4376.67,37.7299,135,32.00
2026-07-10,11:16:28,22621,4323.33,37.2701,133,32.00
2026-07-10,11:16:38,22631,4280.00,36.8966,134,32.00
2026-07-10,11:16:48,22641,4243.33,36.5805,134,32.00
2026-07-10,11:16:58,22651,4226.67,36.4368,128,32.00
2026-07-10,11:17:08,22661,4220.00,36.3793,133,32.00
2026-07-10,11:17:18,22671,4273.33,36.8391,138,32.00
2026-07-10,11:17:28,22681,4333.33,37.3563,132,32.00
2026-07-10,11:17:38,22691,4390.00,37.8448,130,32.00
2026-07-10,11:17:48,22701,4423.33,38.1322,128,32.00
2026-07-10,11:17:58,22711,4493.33,38.7356,122,32.00
2026-07-10,11:18:08,22721,4550.00,39.2241,120,32.00
2026-07-10,11:18:18,22731,4586.67,39.5402,127,32.00
2026-07-10,11:18:28,22741,4613.33,39.7701,125,32.00
2026-07-10,11:18:38,22751,4660.00,40.1724,134,32.00
2026-07-10,11:18:48,22761,4740.00,40.8621,130,32.00
2026-07-10,11:18:58,22771,4790.00,41.2931,136,32.00
2026-07-10,11:19:08,22781,4786.67,41.2644,130,32.00
2026-07-10,11:19:18,22791,4776.67,41.1782,128,32.00
2026-07-10,11:19:27,22801,4790.00,41.2931,125,32.00
2026-07-10,11:19:37,22811,4906.67,42.2988,133,32.00
2026-07-10,11:19:47,22821,5036.67,43.4195,129,32.00
2026-07-10,11:19:57,22831,5140.00,44.3103,127,32.00
2026-07-10,11:20:07,22841,5256.67,45.3161,127,32.00
2026-07-10,11:20:17,22851,5430.00,46.8103,133,32.00
2026-07-10,11:20:27,22861,5636.67,48.5920,131,32.00
2026-07-10,11:20:37,22871,5806.67,50.0575,127,32.00
2026-07-10,11:20:47,22881,5960.00,51.3793,129,32.00
2026-07-10,11:20:57,22891,6210.00,53.5345,131,32.00
2026-07-10,11:21:07,22901,6550.00,56.4655,128,32.00
2026-07-10,11:21:17,22911,6960.00,60.0000,132,32.00
2026-07-10,11:21:27,22921,7340.00,63.2759,147,32.00
2026-07-10,11:21:37,22931,7640.00,65.8621,144,32.00
2026-07-10,11:21:47,22941,7933.33,68.3908,149,32.00
2026-07-10,11:21:57,22951,8196.67,70.6609,152,32.00
2026-07-10,11:22:07,22961,8550.00,73.7069,153,32.00
2026-07-10,11:22:17,22971,8876.67,76.5230,160,33.00
2026-07-10,11:22:27,22981,9270.00,79.9138,151,33.00
2026-07-10,11:22:37,22991,9713.33,83.7356,154,33.00
2026-07-10,11:22:47,23001,10286.67,88.6782,154,33.00
2026-07-10,11:22:57,23011,10953.33,94.4253,167,33.00
2026-07-10,11:23:07,23021,11723.33,101.0632,172,33.00
2026-07-10,11:23:17,23031,12263.33,105.7184,167,33.00
2026-07-10,11:23:27,23041,12640.00,108.9655,176,33.00
2026-07-10,11:23:37,23051,12893.33,111.1494,170,33.00
2026-07-10,11:23:47,23061,13036.67,112.3850,169,33.00
2026-07-10,11:23:57,23071,13183.33,113.6494,165,33.00
2026-07-10,11:24:07,23081,13350.00,115.0862,154,33.00
2026-07-10,11:24:17,23091,13393.33,115.4598,155,33.00
2026-07-10,11:24:27,23101,13383.33,115.3736,163,33.00
2026-07-10,11:24:37,23111,13263.33,114.3391,180,33.00
2026-07-10,11:24:47,23121,13073.33,112.7011,168,33.00
2026-07-10,11:24:57,23131,12756.67,109.9713,163,33.00
2026-07-10,11:25:07,23141,12350.00,106.4655,159,33.00
2026-07-10,11:25:17,23151,11870.00,102.3276,165,33.00
2026-07-10,11:25:27,23161,11293.33,97.3563,158,34.00
2026-07-10,11:25:37,23171,10496.67,90.4885,145,34.00
2026-07-10,11:25:47,23181,9856.67,84.9713,137,34.00
2026-07-10,11:25:57,23191,9183.33,79.1667,130,34.00
2026-07-10,11:26:07,23201,8763.33,75.5460,130,34.00
2026-07-10,11:26:17,23211,8370.00,72.1552,131,34.00
2026-07-10,11:26:27,23221,8140.00,70.1724,135,34.00
2026-07-10,11:26:37,23231,8020.00,69.1379,145,34.00
2026-07-10,11:26:47,23241,8026.67,69.1954,154,34.00
2026-07-10,11:26:57,23251,8073.33,69.5977,154,34.00
2026-07-10,11:27:07,23261,8273.33,71.3218,157,34.00
2026-07-10,11:27:17,23271,8496.67,73.2471,168,34.00
2026-07-10,11:27:27,23281,8763.33,75.5460,173,34.00
2026-07-10,11:27:37,23291,9000.00,77.5862,172,34.00
2026-07-10,11:27:47,23301,9240.00,79.6552,169,34.00
2026-07-10,11:27:57,23311,9526.67,82.1264,182,34.00
2026-07-10,11:28:07,23321,9796.67,84.4540,181,34.00
2026-07-10,11:28:17,23331,10123.33,87.2701,182,34.00
2026-07-10,11:28:27,23341,10430.00,89.9138,184,34.00
2026-07-10,11:28:37,23351,10796.67,93.0747,186,34.00
2026-07-10,11:28:47,23361,11250.00,96.9828,191,34.00
2026-07-10,11:28:57,23371,11700.00,100.8621,188,34.00
2026-07-10,11:29:07,23381,11993.33,103.3908,189,34.00
2026-07-10,11:29:17,23391,12096.67,104.2816,194,34.00
2026-07-10,11:29:27,23401,12033.33,103.7356,188,34.00
2026-07-10,11:29:37,23411,11900.00,102.5862,196,35.00
2026-07-10,11:29:47,23421,11800.00,101.7241,184,34.00
2026-07-10,11:29:57,23431,11770.00,101.4655,186,34.00
2026-07-10,11:30:07,23441,11823.33,101.9253,189,35.00
2026-07-10,11:30:16,23451,12050.00,103.8793,192,35.00
2026-07-10,11:30:26,23461,12476.67,107.5575,196,35.00
2026-07-10,11:30:36,23471,13173.33,113.5632,202,34.00
2026-07-10,11:30:46,23481,14000.00,120.6896,203,35.00
2026-07-10,11:30:56,23491,14713.33,126.8391,211,35.00
2026-07-10,11:31:06,23501,15260.00,131.5517,210,35.00
2026-07-10,11:31:16,23511,15400.00,132.7586,210,35.00
2026-07-10,11:31:26,23521,15350.00,132.3276,206,35.00
2026-07-10,11:31:36,23531,15146.67,130.5747,202,35.00
2026-07-10,11:31:46,23541,14850.00,128.0172,203,35.00
2026-07-10,11:31:56,23551,14460.00,124.6552,201,35.00
2026-07-10,11:32:06,23561,14140.00,121.8965,202,35.00
2026-07-10,11:32:16,23571,14100.00,121.5517,197,36.00
2026-07-10,11:32:26,23581,14256.67,122.9023,197,35.00
2026-07-10,11:32:36,23591,14616.67,126.0057,199,36.00
2026-07-10,11:32:46,23601,14853.33,128.0460,198,36.00
2026-07-10,11:32:56,23611,15103.33,130.2011,205,36.00
2026-07-10,11:33:06,23621,15446.67,133.1609,202,36.00
2026-07-10,11:33:16,23631,15816.67,136.3506,206,36.00
2026-07-10,11:33:26,23641,16090.00,138.7069,205,36.00
2026-07-10,11:33:36,23651,16153.33,139.2529,205,36.00
2026-07-10,11:33:46,23661,16116.67,138.9368,209,36.00
2026-07-10,11:33:56,23671,15970.00,137.6724,204,36.00
2026-07-10,11:34:06,23681,15860.00,136.7241,200,36.00
2026-07-10,11:34:16,23691,16076.67,138.5919,206,36.00
2026-07-10,11:34:26,23701,16380.00,141.2069,205,36.00
2026-07-10,11:34:36,23711,16916.67,145.8333,208,36.00
2026-07-10,11:34:46,23721,17796.67,153.4195,210,36.00
2026-07-10,11:34:56,23731,18843.33,162.4425,217,36.00
2026-07-10,11:35:06,23741,19743.33,170.2011,218,36.00
2026-07-10,11:35:16,23751,20426.67,176.0919,219,37.00
2026-07-10,11:35:26,23761,20680.00,178.2759,220,37.00
2026-07-10,11:35:36,23771,20530.00,176.9828,215,37.00
2026-07-10,11:35:46,23781,20280.00,174.8276,220,37.00
2026-07-10,11:35:56,23791,19693.33,169.7701,220,37.00
2026-07-10,11:36:06,23801,19033.33,164.0804,211,37.00
2026-07-10,11:36:16,23811,18323.33,157.9598,213,37.00
2026-07-10,11:36:26,23821,17896.67,154.2816,213,37.00
2026-07-10,11:36:36,23831,17606.67,151.7816,217,37.00
2026-07-10,11:36:46,23841,17360.00,149.6552,211,37.00
2026-07-10,11:36:56,23851,17063.33,147.0977,212,37.00
2026-07-10,11:37:06,23861,16823.33,145.0287,212,38.00
2026-07-10,11:37:16,23871,16630.00,143.3621,211,38.00
2026-07-10,11:37:26,23881,16590.00,143.0172,209,38.00
2026-07-10,11:37:36,23891,16473.33,142.0115,208,38.00
2026-07-10,11:37:46,23901,16243.33,140.0287,209,38.00
2026-07-10,11:37:56,23911,15786.67,136.0919,206,38.00
2026-07-10,11:38:06,23921,15150.00,130.6034,204,38.00
2026-07-10,11:38:16,23931,14710.00,126.8103,204,38.00
2026-07-10,11:38:26,23941,14370.00,123.8793,201,38.00
2026-07-10,11:38:36,23951,13720.00,118.2759,198,38.00
2026-07-10,11:38:46,23961,12990.00,111.9827,195,38.00
2026-07-10,11:38:56,23971,12260.00,105.6897,192,38.00
2026-07-10,11:39:06,23981,11550.00,99.5690,181,38.00
2026-07-10,11:39:16,23991,10876.67,93.7644,172,38.00
2026-07-10,11:39:26,24001,10260.00,88.4483,173,38.00
2026-07-10,11:39:36,24011,9803.33,84.5115,152,38.00
2026-07-10,11:39:46,24021,9710.00,83.7069,155,38.00
2026-07-10,11:39:56,24031,10016.67,86.3506,164,38.00
2026-07-10,11:40:06,24041,10620.00,91.5517,175,37.00
2026-07-10,11:40:16,24051,11363.33,97.9598,181,37.00
2026-07-10,11:40:26,24061,12003.33,103.4770,179,37.00
2026-07-10,11:40:36,24071,12606.67,108.6782,184,37.00
2026-07-10,11:40:46,24081,13193.33,113.7356,188,37.00
2026-07-10,11:40:55,24091,13903.33,119.8563,191,37.00
2026-07-10,11:41:05,24101,14746.67,127.1264,199,37.00
2026-07-10,11:41:15,24111,15520.00,133.7931,213,37.00
2026-07-10,11:41:25,24121,16356.67,141.0057,212,37.00
2026-07-10,11:41:35,24131,17086.67,147.2988,211,38.00
2026-07-10,11:41:45,24141,17616.67,151.8678,213,37.00
2026-07-10,11:41:55,24151,17873.33,154.0804,212,38.00
2026-07-10,11:42:05,24161,18056.67,155.6609,214,38.00
2026-07-10,11:42:15,24171,18153.33,156.4942,212,38.00
2026-07-10,11:42:25,24181,18026.67,155.4023,211,38.00
2026-07-10,11:42:35,24191,17776.67,153.2471,208,38.00
2026-07-10,11:42:45,24201,17386.67,149.8851,194,38.00
2026-07-10,11:42:55,24211,16996.67,146.5230,204,38.00
2026-07-10,11:43:05,24221,16543.33,142.6149,205,38.00
2026-07-10,11:43:15,24231,16150.00,139.2241,199,38.00
2026-07-10,11:43:25,24241,15920.00,137.2414,202,38.00
2026-07-10,11:43:35,24251,15853.33,136.6667,207,38.00
2026-07-10,11:43:45,24261,16056.67,138.4195,209,38.00
2026-07-10,11:43:55,24271,16480.00,142.0690,213,38.00
2026-07-10,11:44:05,24281,16880.00,145.5172,217,38.00
2026-07-10,11:44:15,24291,16980.00,146.3793,211,38.00
2026-07-10,11:44:25,24301,16933.33,145.9770,213,38.00
2026-07-10,11:44:35,24311,16730.00,144.2241,212,38.00
2026-07-10,11:44:45,24321,16193.33,139.5977,210,39.00
2026-07-10,11:44:55,24331,15670.00,135.0862,204,38.00
2026-07-10,11:45:05,24341,14816.67,127.7299,199,38.00
2026-07-10,11:45:15,24351,13900.00,119.8276,198,38.00
2026-07-10,11:45:25,24361,13173.33,113.5632,192,38.00
2026-07-10,11:45:35,24371,12793.33,110.2874,186,38.00
2026-07-10,11:45:45,24381,12703.33,109.5115,183,38.00
2026-07-10,11:45:55,24391,12683.33,109.3391,184,38.00
2026-07-10,11:46:05,24401,12443.33,107.2701,172,38.00
2026-07-10,11:46:15,24411,11976.67,103.2471,167,38.00
2026-07-10,11:46:25,24421,11466.67,98.8506,171,38.00
2026-07-10,11:46:35,24431,11093.33,95.6322,175,38.00
2026-07-10,11:46:45,24441,10776.67,92.9023,173,38.00
2026-07-10,11:46:55,24451,10493.33,90.4598,167,38.00
2026-07-10,11:47:05,24461,10240.00,88.2759,174,38.00
2026-07-10,11:47:15,24471,10063.33,86.7529,173,38.00
2026-07-10,11:47:25,24481,10146.67,87.4713,173,38.00
2026-07-10,11:47:35,24491,10603.33,91.4080,178,38.00
2026-07-10,11:47:45,24501,11290.00,97.3276,184,38.00
2026-07-10,11:47:55,24511,11980.00,103.2759,196,38.00
2026-07-10,11:48:05,24521,12623.33,108.8218,202,38.00
2026-07-10,11:48:15,24531,13103.33,112.9598,204,38.00
2026-07-10,11:48:25,24541,13360.00,115.1724,208,38.00
2026-07-10,11:48:35,24551,13500.00,116.3793,208,37.00
2026-07-10,11:48:45,24561,13820.00,119.1379,204,38.00
2026-07-10,11:48:55,24571,14080.00,121.3793,207,38.00
2026-07-10,11:49:05,24581,13940.00,120.1724,207,38.00
2026-07-10,11:49:15,24591,13400.00,115.5172,203,38.00
2026-07-10,11:49:25,24601,12683.33,109.3391,195,38.00
2026-07-10,11:49:35,24611,12086.67,104.1954,177,38.00
2026-07-10,11:49:45,24621,11803.33,101.7529,172,38.00
2026-07-10,11:49:55,24631,11853.33,102.1839,177,37.00
2026-07-10,11:50:05,24641,12096.67,104.2816,186,37.00
2026-07-10,11:50:15,24651,12610.00,108.7069,195,38.00
2026-07-10,11:50:25,24661,13646.67,117.6437,203,38.00
2026-07-10,11:50:35,24671,14803.33,127.6149,216,38.00
2026-07-10,11:50:45,24681,15856.67,136.6954,214,38.00
2026-07-10,11:50:55,24691,16536.67,142.5575,219,38.00
2026-07-10,11:51:05,24701,17040.00,146.8965,220,38.00
2026-07-10,11:51:15,24711,17296.67,149.1092,217,38.00
2026-07-10,11:51:25,24721,17326.67,149.3678,217,38.00
2026-07-10,11:51:34,24731,17273.33,148.9080,218,38.00
2026-07-10,11:51:44,24741,17100.00,147.4138,213,38.00
2026-07-10,11:51:54,24751,16683.33,143.8218,213,38.00
2026-07-10,11:52:04,24761,16383.33,141.2356,211,38.00
2026-07-10,11:52:14,24771,16206.67,139.7126,210,38.00
2026-07-10,11:52:24,24781,16060.00,138.4483,209,38.00
2026-07-10,11:52:34,24791,15596.67,134.4540,210,38.00
2026-07-10,11:52:44,24801,15186.67,130.9195,201,38.00
2026-07-10,11:52:54,24811,15030.00,129.5690,197,38.00
2026-07-10,11:53:04,24821,14500.00,125.0000,194,38.00
2026-07-10,11:53:14,24831,13736.67,118.4195,179,38.00
2026-07-10,11:53:24,24841,12960.00,111.7241,180,38.00
2026-07-10,11:53:34,24851,12353.33,106.4942,176,38.00
2026-07-10,11:53:44,24861,11893.33,102.5287,172,38.00
2026-07-10,11:53:54,24871,11580.00,99.8276,175,38.00
2026-07-10,11:54:04,24881,11393.33,98.2184,180,38.00
2026-07-10,11:54:14,24891,11343.33,97.7874,180,38.00
2026-07-10,11:54:24,24901,11426.67,98.5057,172,38.00
2026-07-10,11:54:34,24911,11580.00,99.8276,179,38.00
2026-07-10,11:54:44,24921,11830.00,101.9828,173,38.00
2026-07-10,11:54:54,24931,12220.00,105.3448,175,38.00
2026-07-10,11:55:04,24941,12663.33,109.1667,187,38.00
2026-07-10,11:55:14,24951,13016.67,112.2126,180,38.00
2026-07-10,11:55:24,24961,13073.33,112.7011,185,38.00
2026-07-10,11:55:34,24971,13266.67,114.3678,190,38.00
2026-07-10,11:55:44,24981,13280.00,114.4827,188,38.00
2026-07-10,11:55:54,24991,13256.67,114.2816,187,38.00
2026-07-10,11:56:04,25001,13263.33,114.3391,185,38.00
2026-07-10,11:56:14,25011,13466.67,116.0919,191,38.00
2026-07-10,11:56:24,25021,14016.67,120.8333,200,38.00
2026-07-10,11:56:34,25031,14480.00,124.8276,204,38.00
2026-07-10,11:56:44,25041,14726.67,126.9540,207,38.00
2026-07-10,11:56:54,25051,14530.00,125.2586,212,38.00
2026-07-10,11:57:04,25061,13916.67,119.9713,207,38.00
2026-07-10,11:57:14,25071,13073.33,112.7011,206,38.00
2026-07-10,11:57:24,25081,12146.67,104.7126,202,38.00
2026-07-10,11:57:34,25091,11453.33,98.7356,196,38.00
2026-07-10,11:57:44,25101,10896.67,93.9368,182,38.00
2026-07-10,11:57:54,25111,10613.33,91.4942,178,38.00
2026-07-10,11:58:04,25121,10436.67,89.9713,172,38.00
2026-07-10,11:58:14,25131,10153.33,87.5287,179,37.00
2026-07-10,11:58:24,25141,9883.33,85.2011,180,37.00
2026-07-10,11:58:34,25151,9773.33,84.2529,182,37.00
2026-07-10,11:58:44,25161,9910.00,85.4310,181,37.00
2026-07-10,11:58:54,25171,10166.67,87.6437,185,37.00
2026-07-10,11:59:04,25181,10553.33,90.9770,185,37.00
2026-07-10,11:59:14,25191,10680.00,92.0690,189,37.00
2026-07-10,11:59:24,25201,10346.67,89.1954,186,37.00
2026-07-10,11:59:34,25211,9820.00,84.6552,181,37.00
2026-07-10,11:59:44,25221,9313.33,80.2874,173,37.00
2026-07-10,11:59:54,25231,9206.67,79.3678,173,37.00
2026-07-10,12:00:04,25241,9573.33,82.5287,176,37.00
2026-07-10,12:00:14,25251,10283.33,88.6494,181,37.00
2026-07-10,12:00:24,25261,11153.33,96.1494,182,37.00
2026-07-10,12:00:34,25271,12170.00,104.9138,186,37.00
2026-07-10,12:00:44,25281,13193.33,113.7356,190,37.00
2026-07-10,12:00:54,25291,14210.00,122.5000,197,37.00
2026-07-10,12:01:04,25301,14916.67,128.5919,204,37.00
2026-07-10,12:01:14,25311,15296.67,131.8678,214,37.00
2026-07-10,12:01:24,25321,15373.33,132.5287,204,37.00
2026-07-10,12:01:34,25331,14976.67,129.1092,205,37.00
2026-07-10,12:01:44,25341,14276.67,123.0747,199,37.00
2026-07-10,12:01:54,25351,13586.67,117.1264,196,37.00
2026-07-10,12:02:04,25361,13126.67,113.1609,188,37.00
2026-07-10,12:02:14,25371,12676.67,109.2816,183,37.00
2026-07-10,12:02:24,25381,12150.00,104.7414,174,37.00
2026-07-10,12:02:34,25391,11746.67,101.2644,183,37.00
2026-07-10,12:02:43,25401,11636.67,100.3161,177,37.00
2026-07-10,12:02:53,25411,11703.33,100.8908,179,37.00
2026-07-10,12:03:03,25421,12040.00,103.7931,186,37.00
2026-07-10,12:03:13,25431,12360.00,106.5517,192,37.00
2026-07-10,12:03:23,25441,12676.67,109.2816,195,37.00
2026-07-10,12:03:33,25451,12653.33,109.0805,195,37.00
2026-07-10,12:03:43,25461,12420.00,107.0690,198,37.00
2026-07-10,12:03:53,25471,12180.00,105.0000,195,37.00
2026-07-10,12:04:03,25481,11750.00,101.2931,190,37.00
2026-07-10,12:04:13,25491,11120.00,95.8621,184,37.00
2026-07-10,12:04:23,25501,10433.33,89.9425,162,37.00
2026-07-10,12:04:33,25511,9780.00,84.3103,169,37.00
2026-07-10,12:04:43,25521,9350.00,80.6034,161,37.00
2026-07-10,12:04:53,25531,9050.00,78.0172,151,37.00
2026-07-10,12:05:03,25541,8766.67,75.5747,145,37.00
2026-07-10,12:05:13,25551,8430.00,72.6724,131,37.00
2026-07-10,12:05:23,25561,8040.00,69.3103,134,37.00
2026-07-10,12:05:33,25571,7760.00,66.8965,138,36.00
2026-07-10,12:05:43,25581,7533.33,64.9425,137,36.00
2026-07-10,12:05:53,25591,7353.33,63.3908,141,36.00
2026-07-10,12:06:03,25601,7170.00,61.8103,133,36.00
2026-07-10,12:06:13,25611,6920.00,59.6552,133,36.00
2026-07-10,12:06:23,25621,6500.00,56.0345,129,36.00
2026-07-10,12:06:33,25631,5930.00,51.1207,133,36.00
2026-07-10,12:06:43,25641,5376.67,46.3506,128,36.00
2026-07-10,12:06:53,25651,4873.33,42.0115,131,36.00
2026-07-10,12:07:03,25661,4483.33,38.6494,126,36.00
2026-07-10,12:07:13,25671,4160.00,35.8621,124,36.00
2026-07-10,12:07:23,25681,3850.00,33.1897,125,36.00
2026-07-10,12:07:33,25691,3580.00,30.8621,133,36.00
2026-07-10,12:07:43,25701,3310.00,28.5345,129,36.00
2026-07-10,12:07:53,25711,3103.33,26.7529,128,36.00
2026-07-10,12:08:03,25721,3010.00,25.9483,124,36.00
2026-07-10,12:08:13,25731,3116.67,26.8678,133,35.00
2026-07-10,12:08:23,25741,3380.00,29.1379,125,35.00
2026-07-10,12:08:33,25751,3690.00,31.8103,127,35.00
2026-07-10,12:08:43,25761,4003.33,34.5115,126,35.00
2026-07-10,12:08:53,25771,4343.33,37.4425,127,35.00
2026-07-10,12:09:03,25781,4703.33,40.5460,125,35.00
2026-07-10,12:09:13,25791,5010.00,43.1897,133,35.00
2026-07-10,12:09:23,25801,5306.67,45.7471,128,35.00
2026-07-10,12:09:33,25811,5506.67,47.4713,131,35.00
2026-07-10,12:09:43,25821,5673.33,48.9080,137,35.00
2026-07-10,12:09:53,25831,5823.33,50.2011,132,35.00
2026-07-10,12:10:03,25841,6013.33,51.8391,131,35.00
2026-07-10,12:10:13,25851,6170.00,53.1897,133,35.00
2026-07-10,12:10:23,25861,6310.00,54.3965,130,35.00
2026-07-10,12:10:33,25871,6446.67,55.5747,138,35.00
2026-07-10,12:10:43,25881,6566.67,56.6092,138,35.00
2026-07-10,12:10:53,25891,6633.33,57.1839,137,35.00
2026-07-10,12:11:03,25901,6536.67,56.3506,130,35.00
2026-07-10,12:11:13,25911,6400.00,55.1724,135,34.00
2026-07-10,12:11:23,25921,6166.67,53.1609,129,34.00
2026-07-10,12:11:33,25931,5816.67,50.1437,131,34.00
2026-07-10,12:11:43,25941,5413.33,46.6667,136,34.00
2026-07-10,12:11:53,25951,4956.67,42.7299,130,34.00
2026-07-10,12:12:03,25961,4496.67,38.7644,124,34.00
2026-07-10,12:12:13,25971,4080.00,35.1724,125,34.00
2026-07-10,12:12:23,25981,3743.33,32.2701,120,34.00
2026-07-10,12:12:33,25991,3510.00,30.2586,129,34.00
2026-07-10,12:12:43,26001,3356.67,28.9368,121,34.00
2026-07-10,12:12:53,26011,3250.00,28.0172,124,34.00
2026-07-10,12:13:03,26021,3226.67,27.8161,124,34.00
2026-07-10,12:13:13,26031,3360.00,28.9655,132,34.00
2026-07-10,12:13:22,26041,3700.00,31.8965,128,34.00
2026-07-10,12:13:32,26051,4086.67,35.2299,131,34.00
2026-07-10,12:13:42,26061,4433.33,38.2184,124,34.00
2026-07-10,12:13:52,26071,4663.33,40.2011,133,34.00
2026-07-10,12:14:02,26081,4843.33,41.7529,126,34.00
2026-07-10,12:14:12,26091,5006.67,43.1609,132,34.00
2026-07-10,12:14:22,26101,5180.00,44.6552,139,34.00
2026-07-10,12:14:32,26111,5253.33,45.2874,131,34.00
2026-07-10,12:14:42,26121,5210.00,44.9138,133,34.00
2026-07-10,12:14:52,26131,5100.00,43.9655,128,34.00
2026-07-10,12:15:02,26141,5006.67,43.1609,127,34.00
2026-07-10,12:15:12,26151,4976.67,42.9023,129,33.00
2026-07-10,12:15:22,26161,4986.67,42.9885,131,34.00
2026-07-10,12:15:32,26171,5006.67,43.1609,134,34.00
2026-07-10,12:15:42,26181,5010.00,43.1897,133,33.00
2026-07-10,12:15:52,26191,4996.67,43.0747,127,34.00
2026-07-10,12:16:02,26201,4946.67,42.6437,126,33.00
2026-07-10,12:16:12,26211,4870.00,41.9828,129,33.00
2026-07-10,12:16:22,26221,4756.67,41.0057,127,33.00
2026-07-10,12:16:32,26231,4540.00,39.1379,132,33.00
2026-07-10,12:16:42,26241,4323.33,37.2701,121,33.00
2026-07-10,12:16:52,26251,4103.33,35.3736,127,33.00
2026-07-10,12:17:02,26261,3983.33,34.3391,130,33.00
2026-07-10,12:17:12,26271,3970.00,34.2241,128,33.00
2026-07-10,12:17:22,26281,4070.00,35.0862,131,33.00
2026-07-10,12:17:32,26291,4273.33,36.8391,133,33.00
2026-07-10,12:17:42,26301,4503.33,38.8218,124,33.00
2026-07-10,12:17:52,26311,4856.67,41.8678,126,33.00
2026-07-10,12:18:02,26321,5336.67,46.0057,135,33.00
2026-07-10,12:18:12,26331,5850.00,50.4310,132,33.00
2026-07-10,12:18:22,26341,6410.00,55.2586,126,33.00
2026-07-10,12:18:32,26351,6850.00,59.0517,131,33.00
2026-07-10,12:18:42,26361,7150.00,61.6379,138,33.00
2026-07-10,12:18:52,26371,7320.00,63.1034,130,33.00
2026-07-10,12:19:02,26381,7353.33,63.3908,144,33.00
2026-07-10,12:19:12,26391,7296.67,62.9023,134,33.00
2026-07-10,12:19:22,26401,7186.67,61.9540,126,33.00
2026-07-10,12:19:32,26411,7023.33,60.5460,135,33.00
2026-07-10,12:19:42,26421,6913.33,59.5977,136,33.00
2026-07-10,12:19:52,26431,6790.00,58.5345,137,33.00
2026-07-10,12:20:02,26441,6703.33,57.7874,133,33.00
2026-07-10,12:20:12,26451,6613.33,57.0115,130,33.00
2026-07-10,12:20:22,26461,6476.67,55.8333,133,33.00
2026-07-10,12:20:32,26471,6266.67,54.0230,137,33.00
2026-07-10,12:20:42,26481,6066.67,52.2988,129,33.00
2026-07-10,12:20:52,26491,5980.00,51.5517,130,33.00
2026-07-10,12:21:02,26501,6023.33,51.9253,129,33.00
2026-07-10,12:21:12,26511,6123.33,52.7874,127,33.00
2026-07-10,12:21:22,26521,6243.33,53.8218,134,34.00
2026-07-10,12:21:32,26531,6443.33,55.5460,133,33.00
2026-07-10,12:21:42,26541,6583.33,56.7529,133,33.00
2026-07-10,12:21:52,26551,6736.67,58.0747,147,33.00
2026-07-10,12:22:02,26561,6956.67,59.9713,141,33.00
2026-07-10,12:22:12,26571,7263.33,62.6149,149,34.00
2026-07-10,12:22:22,26581,7720.00,66.5517,155,33.00
2026-07-10,12:22:32,26591,8153.33,70.2874,162,33.00
2026-07-10,12:22:42,26601,8360.00,72.0690,160,34.00
2026-07-10,12:22:52,26611,8326.67,71.7816,161,34.00
2026-07-10,12:23:02,26621,8190.00,70.6034,164,34.00
2026-07-10,12:23:12,26631,8106.67,69.8851,160,34.00
2026-07-10,12:23:22,26641,8013.33,69.0805,161,34.00
2026-07-10,12:23:32,26651,7990.00,68.8793,169,34.00
2026-07-10,12:23:42,26661,8013.33,69.0805,165,34.00
2026-07-10,12:23:52,26671,8056.67,69.4540,168,34.00
2026-07-10,12:24:02,26681,8193.33,70.6322,169,34.00
2026-07-10,12:24:12,26691,8476.67,73.0747,170,34.00
2026-07-10,12:24:22,26701,8860.00,76.3793,187,34.00
2026-07-10,12:24:31,26711,9203.33,79.3391,178,34.00
2026-07-10,12:24:41,26721,9440.00,81.3793,177,34.00
2026-07-10,12:24:51,26731,9686.67,83.5057,181,34.00
2026-07-10,12:25:01,26741,9993.33,86.1494,177,34.00
2026-07-10,12:25:11,26751,10210.00,88.0172,179,34.00
2026-07-10,12:25:21,26761,10320.00,88.9655,185,34.00
2026-07-10,12:25:31,26771,10450.00,90.0862,186,34.00
2026-07-10,12:25:41,26781,10776.67,92.9023,186,34.00
2026-07-10,12:25:51,26791,11196.67,96.5230,189,34.00
2026-07-10,12:26:01,26801,11540.00,99.4828,197,35.00
2026-07-10,12:26:11,26811,11776.67,101.5230,198,35.00
2026-07-10,12:26:21,26821,12073.33,104.0805,199,35.00
2026-07-10,12:26:31,26831,12203.33,105.2011,205,35.00
2026-07-10,12:26:41,26841,12290.00,105.9483,203,35.00
2026-07-10,12:26:51,26851,12480.00,107.5862,204,35.00
2026-07-10,12:27:01,26861,12790.00,110.2586,203,35.00
2026-07-10,12:27:11,26871,13213.33,113.9080,200,35.00
2026-07-10,12:27:21,26881,13620.00,117.4138,205,35.00
2026-07-10,12:27:31,26891,13956.67,120.3161,207,35.00
2026-07-10,12:27:41,26901,14566.67,125.5747,206,35.00
2026-07-10,12:27:51,26911,15386.67,132.6437,211,36.00
2026-07-10,12:28:01,26921,16043.33,138.3046,208,36.00
2026-07-10,12:28:11,26931,15720.00,135.5172,207,36.00
2026-07-10,12:28:21,26941,16086.67,138.6782,205,40.00
2026-07-10,12:28:34,26954,16673.33,143.7356,206,44.00
2026-07-10,12:28:44,26964,16713.33,144.0804,211,47.00
2026-07-10,12:28:54,26974,16866.67,145.4023,214,47.00
2026-07-10,12:29:04,26984,17066.67,147.1264,211,48.00
2026-07-10,12:29:14,26994,17626.67,151.9540,216,49.00
2026-07-10,12:29:24,27004,18663.33,160.8908,220,50.00
2026-07-10,12:29:34,27014,20370.00,175.6035,218,51.00
2026-07-10,12:29:45,27025,22323.33,192.4425,220,53.00
2026-07-10,12:29:55,27035,24030.00,207.1552,220,53.00
2026-07-10,12:30:05,27045,25293.33,218.0460,223,53.00
2026-07-10,12:30:15,27055,26226.67,226.0919,225,54.00
2026-07-10,12:30:25,27065,17450.00,150.4310,229,54.00
2026-07-10,12:30:35,27075,17866.67,154.0230,177,55.00
2026-07-10,12:30:45,27085,6106.67,52.6437,201,55.00
2026-07-10,12:30:55,27095,24850.00,214.2241,152,56.00
2026-07-10,12:31:05,27105,18833.33,162.3563,225,56.00
2026-07-10,12:31:15,27115,27273.33,235.1149,179,57.00
2026-07-10,12:31:25,27125,27480.00,236.8965,227,57.00
2026-07-10,12:31:35,27135,27690.00,238.7069,226,58.00
2026-07-10,12:31:45,27145,27263.33,235.0287,225,58.00
2026-07-10,12:31:55,27155,26756.67,230.6609,226,58.00
2026-07-10,12:32:05,27165,26016.67,224.2816,228,59.00
2026-07-10,12:32:15,27175,25200.00,217.2414,228,59.00
2026-07-10,12:32:25,27185,24406.67,210.4023,227,60.00
2026-07-10,12:32:35,27195,24046.67,207.2988,228,60.00
2026-07-10,12:32:45,27205,24053.33,207.3563,230,60.00
2026-07-10,12:32:55,27215,24406.67,210.4023,230,61.00
2026-07-10,12:33:05,27225,24746.67,213.3333,230,61.00
2026-07-10,12:33:15,27235,25386.67,218.8506,229,61.00
2026-07-10,12:33:25,27245,26146.67,225.4023,233,61.00
2026-07-10,12:33:35,27255,26923.33,232.0977,232,62.00
2026-07-10,12:33:45,27265,27683.33,238.6494,233,62.00
2026-07-10,12:33:55,27275,28093.33,242.1839,233,62.00
2026-07-10,12:34:05,27285,27850.00,240.0862,233,63.00
2026-07-10,12:34:15,27295,27400.00,236.2069,232,63.00
2026-07-10,12:34:25,27305,26880.00,231.7241,230,63.00
2026-07-10,12:34:44,27324,26273.33,226.4942,234,55.00
2026-07-10,12:34:54,27334,26363.33,227.2701,229,54.00
2026-07-10,12:35:04,27344,25703.33,221.5804,229,53.00
2026-07-10,12:35:14,27354,24850.00,214.2241,227,52.00
2026-07-10,12:35:24,27364,23466.67,202.2988,226,52.00
2026-07-10,12:35:34,27374,22446.67,193.5057,215,51.00
2026-07-10,12:35:44,27384,21183.33,182.6149,213,51.00
2026-07-10,12:35:54,27394,19963.33,172.0977,218,50.00
2026-07-10,12:36:04,27404,18756.67,161.6954,219,50.00
2026-07-10,12:36:14,27414,17570.00,151.4655,215,49.00
2026-07-10,12:36:24,27424,16473.33,142.0115,211,49.00
2026-07-10,12:36:34,27434,15563.33,134.1667,203,48.00
2026-07-10,12:36:44,27444,14776.67,127.3850,199,48.00
2026-07-10,12:36:54,27454,14173.33,122.1839,192,47.00
2026-07-10,12:37:04,27464,13653.33,117.7011,190,47.00
2026-07-10,12:37:14,27474,13070.00,112.6724,183,47.00
2026-07-10,12:37:24,27484,12526.67,107.9885,179,47.00
2026-07-10,12:37:34,27494,12103.33,104.3391,170,46.00
2026-07-10,12:37:44,27504,11883.33,102.4425,164,46.00
2026-07-10,12:37:54,27514,11896.67,102.5575,189,46.00
2026-07-10,12:38:04,27524,12086.67,104.1954,182,45.00
2026-07-10,12:38:14,27534,12246.67,105.5747,181,45.00
2026-07-10,12:38:24,27544,12373.33,106.6667,183,45.00
2026-07-10,12:38:34,27554,12310.00,106.1207,184,44.00
2026-07-10,12:38:44,27564,12010.00,103.5345,183,44.00
2026-07-10,12:38:54,27574,11560.00,99.6552,186,44.00
2026-07-10,12:39:04,27584,11040.00,95.1724,182,44.00
2026-07-10,12:39:14,27594,10553.33,90.9770,171,43.00
2026-07-10,12:39:24,27604,10113.33,87.1839,170,43.00
2026-07-10,12:39:34,27614,9896.67,85.3161,162,43.00
2026-07-10,12:39:44,27624,9953.33,85.8046,172,43.00
2026-07-10,12:39:54,27634,10156.67,87.5575,171,43.00
2026-07-10,12:40:04,27644,10483.33,90.3736,181,43.00
2026-07-10,12:40:14,27654,10693.33,92.1839,180,43.00
2026-07-10,12:40:24,27664,10816.67,93.2471,190,42.00
2026-07-10,12:40:34,27674,11016.67,94.9713,186,42.00
2026-07-10,12:40:44,27684,11373.33,98.0460,182,42.00
2026-07-10,12:40:54,27694,11770.00,101.4655,187,42.00
2026-07-10,12:41:04,27704,12080.00,104.1379,189,42.00
2026-07-10,12:41:14,27714,12226.67,105.4023,200,41.00
2026-07-10,12:41:24,27724,12326.67,106.2644,194,42.00
2026-07-10,12:41:34,27734,12353.33,106.4942,194,41.00
2026-07-10,12:41:44,27744,12540.00,108.1034,193,41.00
2026-07-10,12:41:54,27754,12883.33,111.0632,202,41.00
2026-07-10,12:42:04,27764,13383.33,115.3736,204,41.00
2026-07-10,12:42:14,27774,13926.67,120.0575,206,41.00
2026-07-10,12:42:24,27784,14366.67,123.8506,206,41.00
2026-07-10,12:42:33,27794,14620.00,126.0345,205,41.00
2026-07-10,12:42:43,27804,14706.67,126.7816,203,41.00
2026-07-10,12:42:53,27814,14713.33,126.8391,203,41.00
2026-07-10,12:43:03,27824,14716.67,126.8678,205,41.00
2026-07-10,12:43:13,27834,14953.33,128.9080,204,41.00
2026-07-10,12:43:23,27844,15420.00,132.9310,203,41.00
2026-07-10,12:43:33,27854,16043.33,138.3046,206,40.00
2026-07-10,12:43:43,27864,16706.67,144.0230,202,40.00
2026-07-10,12:43:53,27874,16913.33,145.8046,199,41.00
2026-07-10,12:44:03,27884,16630.00,143.3621,199,41.00
2026-07-10,12:44:13,27894,16066.67,138.5057,195,40.00
2026-07-10,12:44:23,27904,15313.33,132.0115,194,41.00
2026-07-10,12:44:33,27914,14383.33,123.9942,186,40.00
2026-07-10,12:44:43,27924,13360.00,115.1724,184,41.00
2026-07-10,12:44:53,27934,12336.67,106.3506,172,40.00
2026-07-10,12:45:03,27944,11370.00,98.0172,164,40.00
2026-07-10,12:45:13,27954,10556.67,91.0057,147,40.00
2026-07-10,12:45:23,27964,9936.67,85.6609,139,40.00
2026-07-10,12:45:33,27974,9500.00,81.8966,127,40.00
2026-07-10,12:45:43,27984,9180.00,79.1379,131,40.00
2026-07-10,12:45:53,27994,8986.67,77.4713,139,40.00
2026-07-10,12:46:03,28004,8846.67,76.2644,140,40.00
2026-07-10,12:46:13,28014,8856.67,76.3506,134,40.00
2026-07-10,12:46:23,28024,9076.67,78.2471,139,40.00
2026-07-10,12:46:33,28034,9363.33,80.7184,135,40.00
2026-07-10,12:46:43,28044,9620.00,82.9310,146,40.00
2026-07-10,12:46:53,28054,9773.33,84.2529,153,40.00
2026-07-10,12:47:03,28064,9866.67,85.0575,151,40.00
2026-07-10,12:47:13,28074,9773.33,84.2529,146,40.00
2026-07-10,12:47:23,28084,9640.00,83.1034,147,40.00
2026-07-10,12:47:33,28094,9500.00,81.8966,136,40.00
2026-07-10,12:47:43,28104,9406.67,81.0919,140,39.00
2026-07-10,12:47:53,28114,9413.33,81.1494,142,39.00
2026-07-10,12:48:03,28124,9593.33,82.7011,152,39.00
2026-07-10,12:48:13,28134,9940.00,85.6897,148,39.00
2026-07-10,12:48:23,28144,10366.67,89.3678,149,39.00
2026-07-10,12:48:33,28154,10853.33,93.5632,150,39.00
2026-07-10,12:48:43,28164,11280.00,97.2414,143,39.00
2026-07-10,12:48:53,28174,11510.00,99.2241,140,39.00
2026-07-10,12:49:03,28184,11540.00,99.4828,140,39.00
2026-07-10,12:49:13,28194,11386.67,98.1609,136,39.00
2026-07-10,12:49:23,28204,11183.33,96.4080,140,39.00
2026-07-10,12:49:33,28214,10946.67,94.3678,138,39.00
2026-07-10,12:49:43,28224,10713.33,92.3563,152,39.00
2026-07-10,12:49:53,28234,10543.33,90.8908,154,39.00
2026-07-10,12:50:03,28244,10706.67,92.2988,165,39.00
2026-07-10,12:50:13,28254,11196.67,96.5230,165,39.00
2026-07-10,12:50:23,28264,11946.67,102.9885,177,39.00
2026-07-10,12:50:33,28274,12850.00,110.7759,180,39.00
2026-07-10,12:50:43,28284,13666.67,117.8161,188,39.00
2026-07-10,12:50:53,28294,14196.67,122.3850,195,39.00
2026-07-10,12:51:03,28304,14590.00,125.7759,199,39.00
2026-07-10,12:51:13,28314,15053.33,129.7701,185,39.00
2026-07-10,12:51:23,28324,15843.33,136.5805,209,39.00
2026-07-10,12:51:33,28334,17030.00,146.8103,204,39.00
2026-07-10,12:51:43,28344,18493.33,159.4253,200,39.00
2026-07-10,12:51:53,28354,19733.33,170.1149,211,39.00
2026-07-10,12:52:03,28364,20403.33,175.8908,215,39.00
2026-07-10,12:52:13,28374,20036.67,172.7299,218,39.00
2026-07-10,12:52:23,28384,18746.67,161.6092,218,40.00
2026-07-10,12:52:33,28394,17173.33,148.0460,217,40.00
2026-07-10,12:52:43,28404,16106.67,138.8506,212,40.00
2026-07-10,12:52:53,28414,15720.00,135.5172,211,40.00
2026-07-10,12:53:03,28424,15563.33,134.1667,202,40.00
2026-07-10,12:53:13,28434,15650.00,134.9138,211,40.00
2026-07-10,12:53:23,28444,15840.00,136.5517,215,40.00
2026-07-10,12:53:33,28454,16270.00,140.2586,213,40.00
2026-07-10,12:53:42,28464,16923.33,145.8908,216,40.00
2026-07-10,12:53:52,28474,17596.67,151.6954,217,40.00
2026-07-10,12:54:02,28484,18233.33,157.1839,216,40.00
2026-07-10,12:54:12,28494,18770.00,161.8103,216,40.00
2026-07-10,12:54:22,28504,19130.00,164.9138,213,40.00
2026-07-10,12:54:32,28514,19043.33,164.1667,217,40.00
2026-07-10,12:54:42,28524,18866.67,162.6437,218,40.00
2026-07-10,12:54:52,28534,18506.67,159.5402,216,40.00
2026-07-10,12:55:02,28544,18113.33,156.1494,220,40.00
2026-07-10,12:55:12,28554,17896.67,154.2816,220,40.00
2026-07-10,12:55:22,28564,17676.67,152.3851,220,40.00
2026-07-10,12:55:32,28574,17546.67,151.2644,220,40.00
2026-07-10,12:55:42,28584,17370.00,149.7414,217,40.00
2026-07-10,12:55:52,28594,17146.67,147.8161,211,40.00
2026-07-10,12:56:02,28604,16803.33,144.8563,211,40.00
2026-07-10,12:56:12,28614,16476.67,142.0402,203,40.00
2026-07-10,12:56:22,28624,16056.67,138.4195,205,40.00
2026-07-10,12:56:32,28634,15630.00,134.7414,199,40.00
2026-07-10,12:56:42,28644,15263.33,131.5805,206,40.00
2026-07-10,12:56:52,28654,15003.33,129.3391,208,40.00
2026-07-10,12:57:02,28664,14823.33,127.7874,209,40.00
2026-07-10,12:57:12,28674,14783.33,127.4425,210,40.00
2026-07-10,12:57:22,28684,14816.67,127.7299,212,40.00
2026-07-10,12:57:32,28694,14880.00,128.2758,211,40.00
2026-07-10,12:57:42,28704,14863.33,128.1322,211,40.00
2026-07-10,12:57:52,28714,14816.67,127.7299,214,40.00
2026-07-10,12:58:02,28724,14773.33,127.3563,212,40.00
2026-07-10,12:58:12,28734,14766.67,127.2988,211,40.00
2026-07-10,12:58:22,28744,14640.00,126.2069,208,40.00
2026-07-10,12:58:32,28754,14646.67,126.2644,210,40.00
2026-07-10,12:58:42,28764,14610.00,125.9483,216,40.00
2026-07-10,12:58:52,28774,14586.67,125.7471,212,40.00
2026-07-10,12:59:02,28784,14596.67,125.8333,215,40.00
2026-07-10,12:59:12,28794,14723.33,126.9253,213,40.00
2026-07-10,12:59:22,28804,14863.33,128.1322,212,40.00
2026-07-10,12:59:32,28814,14896.67,128.4195,209,40.00
2026-07-10,12:59:42,28824,14916.67,128.5919,211,40.00
2026-07-10,12:59:52,28834,14910.00,128.5345,209,40.00
2026-07-10,13:00:02,28844,14883.33,128.3046,210,40.00
2026-07-10,13:00:12,28854,14750.00,127.1552,209,40.00
2026-07-10,13:00:22,28864,14576.67,125.6609,204,40.00
2026-07-10,13:00:32,28874,14230.00,122.6724,200,40.00
2026-07-10,13:00:42,28884,13743.33,118.4770,195,40.00
2026-07-10,13:00:52,28894,13033.33,112.3563,188,40.00
2026-07-10,13:01:02,28904,12176.67,104.9713,188,40.00
2026-07-10,13:01:12,28914,11180.00,96.3793,168,40.00
2026-07-10,13:01:22,28924,10173.33,87.7011,171,40.00
2026-07-10,13:01:32,28934,9396.67,81.0057,145,40.00
2026-07-10,13:01:42,28944,8783.33,75.7184,144,40.00
2026-07-10,13:01:52,28954,8433.33,72.7011,135,39.00
2026-07-10,13:02:02,28964,8336.67,71.8678,143,40.00
2026-07-10,13:02:12,28974,8360.00,72.0690,150,39.00
2026-07-10,13:02:22,28984,8440.00,72.7586,151,39.00
2026-07-10,13:02:32,28994,8563.33,73.8218,136,39.00
2026-07-10,13:02:42,29004,8750.00,75.4310,154,39.00
2026-07-10,13:02:52,29014,8976.67,77.3850,159,39.00
2026-07-10,13:03:02,29024,9253.33,79.7701,160,39.00
2026-07-10,13:03:12,29034,9590.00,82.6724,173,39.00
2026-07-10,13:03:22,29044,9783.33,84.3391,169,39.00
2026-07-10,13:03:32,29054,9890.00,85.2586,168,39.00
2026-07-10,13:03:42,29064,9890.00,85.2586,171,39.00
2026-07-10,13:03:52,29074,9806.67,84.5402,173,39.00
2026-07-10,13:04:02,29085,9616.67,82.9023,169,39.00
2026-07-10,13:04:12,29095,9326.67,80.4023,162,39.00
2026-07-10,13:04:21,29105,8940.00,77.0690,163,39.00
2026-07-10,13:04:31,29115,8476.67,73.0747,149,39.00
2026-07-10,13:04:41,29125,8000.00,68.9655,152,38.00
2026-07-10,13:04:51,29135,7596.67,65.4885,142,38.00
2026-07-10,13:05:01,29145,7276.67,62.7299,139,38.00
2026-07-10,13:05:11,29155,7073.33,60.9770,132,38.00
2026-07-10,13:05:21,29165,7013.33,60.4598,127,38.00
2026-07-10,13:05:31,29175,7090.00,61.1207,135,38.00
2026-07-10,13:05:41,29185,7330.00,63.1897,133,38.00
2026-07-10,13:05:51,29195,7703.33,66.4080,130,38.00
2026-07-10,13:06:01,29205,8180.00,70.5172,141,38.00
2026-07-10,13:06:11,29215,8720.00,75.1724,144,38.00
2026-07-10,13:06:21,29225,9220.00,79.4828,160,38.00
2026-07-10,13:06:31,29235,9600.00,82.7586,169,38.00
2026-07-10,13:06:41,29245,9856.67,84.9713,166,38.00
2026-07-10,13:06:51,29255,10023.33,86.4080,175,38.00
2026-07-10,13:07:01,29265,10116.67,87.2126,173,38.00
2026-07-10,13:07:11,29275,10063.33,86.7529,175,37.00
2026-07-10,13:07:21,29285,9856.67,84.9713,175,37.00
2026-07-10,13:07:31,29295,9436.67,81.3506,174,37.00
2026-07-10,13:07:41,29305,8810.00,75.9483,159,37.00
2026-07-10,13:07:51,29315,8060.00,69.4828,144,37.00
2026-07-10,13:08:01,29325,7346.67,63.3333,140,37.00
2026-07-10,13:08:11,29335,6606.67,56.9540,136,37.00
2026-07-10,13:08:21,29345,5926.67,51.0920,128,37.00
2026-07-10,13:08:31,29355,5330.00,45.9483,121,37.00
2026-07-10,13:08:41,29365,4910.00,42.3276,129,37.00
2026-07-10,13:08:51,29375,4703.33,40.5460,125,37.00
2026-07-10,13:09:01,29385,4730.00,40.7759,125,37.00
2026-07-10,13:09:11,29395,4896.67,42.2126,132,37.00
2026-07-10,13:09:21,29405,5170.00,44.5690,136,36.00
2026-07-10,13:09:31,29415,5483.33,47.2701,151,36.00
2026-07-10,13:09:41,29425,5913.33,50.9770,132,36.00
2026-07-10,13:09:51,29435,6413.33,55.2874,144,36.00
2026-07-10,13:10:01,29445,6876.67,59.2816,145,36.00
2026-07-10,13:10:11,29455,7193.33,62.0115,150,36.00
2026-07-10,13:10:21,29465,7276.67,62.7299,145,36.00
2026-07-10,13:10:31,29475,7100.00,61.2069,146,36.00
2026-07-10,13:10:41,29485,6776.67,58.4195,137,36.00
2026-07-10,13:10:51,29495,6436.67,55.4885,134,36.00
2026-07-10,13:11:01,29505,6190.00,53.3621,133,36.00
2026-07-10,13:11:11,29515,6046.67,52.1264,126,36.00
2026-07-10,13:11:21,29525,6096.67,52.5575,131,36.00
2026-07-10,13:11:31,29535,6346.67,54.7126,130,36.00
2026-07-10,13:11:41,29545,6776.67,58.4195,129,36.00
2026-07-10,13:11:51,29555,7310.00,63.0172,129,36.00
2026-07-10,13:12:01,29565,7936.67,68.4195,124,36.00
2026-07-10,13:12:11,29575,8566.67,73.8506,141,36.00
2026-07-10,13:12:21,29585,9090.00,78.3621,133,36.00
2026-07-10,13:12:31,29595,9480.00,81.7241,143,36.00
2026-07-10,13:12:41,29605,9690.00,83.5345,142,36.00
2026-07-10,13:12:51,29615,9783.33,84.3391,141,36.00
2026-07-10,13:13:01,29625,9876.67,85.1437,143,36.00
2026-07-10,13:13:11,29635,10093.33,87.0115,142,36.00
2026-07-10,13:13:21,29645,10550.00,90.9483,153,36.00
2026-07-10,13:13:31,29655,11370.00,98.0172,167,36.00
2026-07-10,13:13:41,29665,12440.00,107.2414,181,36.00
2026-07-10,13:13:51,29675,13553.33,116.8391,186,36.00
2026-07-10,13:14:01,29685,14620.00,126.0345,200,36.00
2026-07-10,13:14:11,29695,15683.33,135.2011,210,36.00
2026-07-10,13:14:21,29705,17026.67,146.7816,215,36.00
2026-07-10,13:14:31,29715,18450.00,159.0517,213,36.00
2026-07-10,13:14:41,29725,19790.00,170.6035,217,36.00
2026-07-10,13:14:51,29735,20930.00,180.4310,222,37.00
2026-07-10,13:15:01,29745,21716.67,187.2126,224,37.00
2026-07-10,13:15:11,29755,22113.33,190.6322,224,37.00
2026-07-10,13:15:20,29765,22060.00,190.1724,223,37.00
2026-07-10,13:15:30,29775,21710.00,187.1552,226,37.00
2026-07-10,13:15:40,29785,21143.33,182.2701,225,37.00
2026-07-10,13:15:50,29795,20530.00,176.9828,226,38.00
2026-07-10,13:16:00,29805,19906.67,171.6092,223,38.00
2026-07-10,13:16:10,29815,19373.33,167.0115,222,38.00
2026-07-10,13:16:20,29825,18903.33,162.9598,222,38.00
2026-07-10,13:16:30,29835,18470.00,159.2241,224,38.00
2026-07-10,13:16:40,29845,18143.33,156.4080,221,38.00
2026-07-10,13:16:50,29855,18043.33,155.5460,223,38.00
2026-07-10,13:17:00,29865,18096.67,156.0057,219,38.00
2026-07-10,13:17:10,29875,18216.67,157.0402,218,38.00
2026-07-10,13:17:20,29885,18293.33,157.7011,219,38.00
2026-07-10,13:17:30,29895,18326.67,157.9885,223,38.00
2026-07-10,13:17:40,29905,18343.33,158.1322,224,39.00
2026-07-10,13:17:50,29915,18403.33,158.6494,221,39.00
2026-07-10,13:18:00,29925,18443.33,158.9942,225,39.00
2026-07-10,13:18:10,29935,18493.33,159.4253,222,39.00
2026-07-10,13:18:20,29945,18553.33,159.9425,221,39.00
2026-07-10,13:18:30,29955,18690.00,161.1207,222,39.00
2026-07-10,13:18:40,29965,18923.33,163.1322,221,39.00
2026-07-10,13:18:50,29975,19300.00,166.3793,222,39.00
2026-07-10,13:19:00,29985,19676.67,169.6264,222,39.00
2026-07-10,13:19:10,29995,19983.33,172.2701,221,39.00
2026-07-10,13:19:20,30005,20143.33,173.6494,223,39.00
2026-07-10,13:19:30,30015,20213.33,174.2529,223,39.00
2026-07-10,13:19:40,30025,20290.00,174.9138,221,40.00
2026-07-10,13:19:50,30035,20156.67,173.7644,221,40.00
2026-07-10,13:20:00,30045,20036.67,172.7299,221,40.00
2026-07-10,13:20:10,30055,19923.33,171.7529,222,40.00
2026-07-10,13:20:20,30065,19856.67,171.1782,221,40.00
2026-07-10,13:20:30,30075,19626.67,169.1954,224,40.00
2026-07-10,13:20:40,30085,19230.00,165.7759,221,40.00
2026-07-10,13:20:50,30095,18863.33,162.6149,219,40.00
2026-07-10,13:21:00,30105,18506.67,159.5402,219,40.00
2026-07-10,13:21:10,30115,18506.67,159.5402,219,40.00
2026-07-10,13:21:20,30125,18790.00,161.9828,221,40.00
2026-07-10,13:21:30,30135,19223.33,165.7184,219,40.00
2026-07-10,13:21:40,30145,19573.33,168.7356,219,40.00
2026-07-10,13:21:50,30155,19786.67,170.5747,220,40.00
2026-07-10,13:22:00,30165,20083.33,173.1322,221,40.00
2026-07-10,13:22:10,30175,20530.00,176.9828,222,40.00
2026-07-10,13:22:20,30185,21060.00,181.5517,224,40.00
2026-07-10,13:22:30,30195,21436.67,184.7988,226,40.00
2026-07-10,13:22:40,30205,21720.00,187.2414,224,40.00
2026-07-10,13:22:50,30215,21783.33,187.7873,218,40.00
2026-07-10,13:23:00,30225,21583.33,186.0632,226,40.00
2026-07-10,13:23:10,30235,21056.67,181.5230,223,41.00
2026-07-10,13:23:20,30245,20173.33,173.9080,222,41.00
2026-07-10,13:23:30,30255,19160.00,165.1724,220,41.00
2026-07-10,13:23:40,30265,18186.67,156.7816,218,41.00
2026-07-10,13:23:50,30275,17423.33,150.2011,218,41.00
2026-07-10,13:24:00,30285,16986.67,146.4368,211,41.00
2026-07-10,13:24:10,30295,16583.33,142.9598,204,41.00
2026-07-10,13:24:20,30305,16093.33,138.7356,199,41.00
2026-07-10,13:24:30,30315,15836.67,136.5230,209,41.00
2026-07-10,13:24:40,30325,15906.67,137.1264,206,40.00
2026-07-10,13:24:50,30335,16173.33,139.4253,213,41.00
2026-07-10,13:25:00,30345,16470.00,141.9828,216,41.00
2026-07-10,13:25:10,30355,16573.33,142.8736,214,41.00
2026-07-10,13:25:20,30365,16680.00,143.7931,218,41.00
2026-07-10,13:25:30,30375,16886.67,145.5747,219,41.00
2026-07-10,13:25:40,30385,17136.67,147.7299,220,41.00
2026-07-10,13:25:50,30395,17423.33,150.2011,218,41.00
2026-07-10,13:26:00,30405,17750.00,153.0172,214,41.00
2026-07-10,13:26:10,30415,18050.00,155.6035,218,41.00
2026-07-10,13:26:19,30425,18170.00,156.6379,217,41.00
2026-07-10,13:26:29,30435,18046.67,155.5747,217,41.00
2026-07-10,13:26:39,30445,17590.00,151.6379,214,41.00
2026-07-10,13:26:49,30455,16880.00,145.5172,217,41.00
2026-07-10,13:26:59,30465,16063.33,138.4770,214,41.00
2026-07-10,13:27:09,30475,15336.67,132.2126,214,41.00
2026-07-10,13:27:19,30485,14953.33,128.9080,210,41.00
2026-07-10,13:27:29,30495,14960.00,128.9655,209,41.00
2026-07-10,13:27:39,30505,15213.33,131.1494,210,40.00
2026-07-10,13:27:49,30515,15610.00,134.5690,210,40.00
2026-07-10,13:27:59,30525,15930.00,137.3276,214,41.00
2026-07-10,13:28:09,30535,15910.00,137.1552,216,40.00
2026-07-10,13:28:19,30545,15690.00,135.2586,213,41.00
2026-07-10,13:28:29,30555,15263.33,131.5805,212,40.00
2026-07-10,13:28:39,30565,14743.33,127.0977,210,40.00
2026-07-10,13:28:49,30575,14306.67,123.3333,207,40.00
2026-07-10,13:28:59,30585,13990.00,120.6034,209,40.00
2026-07-10,13:29:09,30595,13806.67,119.0230,209,40.00
2026-07-10,13:29:19,30605,13743.33,118.4770,210,40.00
2026-07-10,13:29:29,30615,13666.67,117.8161,213,40.00
2026-07-10,13:29:39,30625,13590.00,117.1552,213,40.00
2026-07-10,13:29:49,30635,13453.33,115.9770,209,40.00
2026-07-10,13:29:59,30645,13020.00,112.2414,200,40.00
2026-07-10,13:30:09,30655,12320.00,106.2069,198,40.00
2026-07-10,13:30:19,30665,11546.67,99.5402,189,40.00
2026-07-10,13:30:29,30675,10616.67,91.5230,182,40.00
2026-07-10,13:30:39,30685,9576.67,82.5575,169,40.00
2026-07-10,13:30:49,30695,8583.33,73.9942,143,40.00
2026-07-10,13:30:59,30705,7736.67,66.6954,138,40.00
2026-07-10,13:31:09,30715,7106.67,61.2644,125,40.00
2026-07-10,13:31:19,30725,6703.33,57.7874,134,40.00
2026-07-10,13:31:29,30735,6520.00,56.2069,134,40.00
2026-07-10,13:31:39,30745,6470.00,55.7759,130,40.00
2026-07-10,13:31:49,30755,6413.33,55.2874,135,40.00
2026-07-10,13:31:59,30765,6356.67,54.7988,138,39.00
2026-07-10,13:32:09,30775,6343.33,54.6839,135,39.00
2026-07-10,13:32:19,30785,6373.33,54.9425,132,39.00
2026-07-10,13:32:29,30795,6416.67,55.3161,136,39.00
2026-07-10,13:32:39,30805,6480.00,55.8621,117,39.00
2026-07-10,13:32:49,30815,6573.33,56.6667,135,39.00
2026-07-10,13:32:59,30825,6643.33,57.2701,128,39.00
2026-07-10,13:33:09,30835,6683.33,57.6149,137,39.00
2026-07-10,13:33:19,30845,6650.00,57.3276,130,39.00
2026-07-10,13:33:29,30855,6620.00,57.0690,139,39.00
2026-07-10,13:33:39,30865,6616.67,57.0402,135,38.00
2026-07-10,13:33:49,30875,6690.00,57.6724,148,38.00
2026-07-10,13:33:59,30885,6883.33,59.3391,144,38.00
2026-07-10,13:34:09,30895,7160.00,61.7241,149,38.00
2026-07-10,13:34:19,30905,7650.00,65.9483,146,38.00
2026-07-10,13:34:29,30915,8406.67,72.4713,153,38.00
2026-07-10,13:34:39,30925,9240.00,79.6552,166,38.00
2026-07-10,13:34:49,30935,10013.33,86.3218,174,38.00
2026-07-10,13:34:59,30945,10653.33,91.8391,179,38.00
2026-07-10,13:35:09,30955,11053.33,95.2874,192,38.00
2026-07-10,13:35:19,30965,11186.67,96.4368,196,38.00
2026-07-10,13:35:29,30975,11066.67,95.4023,187,38.00
2026-07-10,13:35:39,30985,10926.67,94.1954,190,38.00
2026-07-10,13:35:49,30995,10753.33,92.7011,190,38.00
2026-07-10,13:35:59,31005,10483.33,90.3736,190,38.00
2026-07-10,13:36:09,31015,10120.00,87.2414,186,38.00
2026-07-10,13:36:19,31025,9723.33,83.8218,182,38.00
2026-07-10,13:36:29,31035,9290.00,80.0862,177,38.00
2026-07-10,13:36:39,31045,8900.00,76.7241,175,38.00
2026-07-10,13:36:49,31055,8660.00,74.6552,168,38.00
2026-07-10,13:36:59,31065,8660.00,74.6552,166,37.00
2026-07-10,13:37:09,31075,8760.00,75.5172,167,38.00
2026-07-10,13:37:18,31085,8833.33,76.1494,166,38.00
2026-07-10,13:37:28,31095,8843.33,76.2356,167,37.00
2026-07-10,13:37:38,31105,8760.00,75.5172,175,37.00
2026-07-10,13:37:48,31115,8663.33,74.6839,171,37.00
2026-07-10,13:37:58,31125,8610.00,74.2241,169,37.00
2026-07-10,13:38:08,31135,8576.67,73.9368,166,37.00
2026-07-10,13:38:18,31145,8546.67,73.6782,159,37.00
2026-07-10,13:38:28,31155,8430.00,72.6724,139,37.00
2026-07-10,13:38:38,31165,8316.67,71.6954,151,37.00
2026-07-10,13:38:48,31175,8263.33,71.2356,150,37.00
2026-07-10,13:38:58,31185,8246.67,71.0919,153,37.00
2026-07-10,13:39:08,31195,8293.33,71.4942,152,37.00
2026-07-10,13:39:18,31205,8410.00,72.5000,145,37.00
2026-07-10,13:39:28,31215,8590.00,74.0517,149,37.00
2026-07-10,13:39:38,31225,8706.67,75.0575,147,37.00
2026-07-10,13:39:48,31235,8690.00,74.9138,133,37.00
2026-07-10,13:39:58,31245,8603.33,74.1667,131,37.00
2026-07-10,13:40:08,31255,8506.67,73.3333,132,37.00
2026-07-10,13:40:18,31265,8476.67,73.0747,131,37.00
2026-07-10,13:40:28,31275,8596.67,74.1092,134,37.00
2026-07-10,13:40:38,31285,8916.67,76.8678,129,37.00
2026-07-10,13:40:48,31295,9423.33,81.2356,147,37.00
2026-07-10,13:40:58,31305,9956.67,85.8333,162,37.00
2026-07-10,13:41:08,31315,10510.00,90.6034,177,37.00
2026-07-10,13:41:18,31325,11023.33,95.0287,181,37.00
2026-07-10,13:41:28,31335,11536.67,99.4540,182,37.00
2026-07-10,13:41:38,31345,12043.33,103.8218,195,37.00
2026-07-10,13:41:48,31355,12483.33,107.6149,199,37.00
2026-07-10,13:41:58,31365,12790.00,110.2586,204,37.00
2026-07-10,13:42:08,31375,13126.67,113.1609,209,37.00
2026-07-10,13:42:18,31385,13376.67,115.3161,206,37.00
2026-07-10,13:42:28,31395,13496.67,116.3506,206,37.00
2026-07-10,13:42:38,31405,13650.00,117.6724,204,37.00
2026-07-10,13:42:48,31415,13836.67,119.2816,208,37.00
2026-07-10,13:42:58,31425,13953.33,120.2874,202,37.00
2026-07-10,13:43:08,31435,14033.33,120.9770,197,37.00
2026-07-10,13:43:18,31445,14050.00,121.1207,196,37.00
2026-07-10,13:43:28,31455,13970.00,120.4310,195,38.00
2026-07-10,13:43:38,31465,13826.67,119.1954,197,38.00
2026-07-10,13:43:48,31475,13676.67,117.9023,195,38.00
2026-07-10,13:43:58,31485,13560.00,116.8965,193,38.00
2026-07-10,13:44:08,31495,13456.67,116.0057,188,38.00
2026-07-10,13:44:18,31505,13330.00,114.9138,189,38.00
2026-07-10,13:44:28,31515,12990.00,111.9827,190,38.00
2026-07-10,13:44:38,31525,12496.67,107.7299,189,38.00
2026-07-10,13:44:48,31535,12050.00,103.8793,193,38.00
2026-07-10,13:44:58,31545,11763.33,101.4080,194,38.00
2026-07-10,13:45:08,31555,11540.00,99.4828,193,38.00
2026-07-10,13:45:18,31565,11346.67,97.8161,185,38.00
2026-07-10,13:45:28,31575,11223.33,96.7529,181,38.00
2026-07-10,13:45:38,31585,11066.67,95.4023,191,38.00
2026-07-10,13:45:48,31595,10876.67,93.7644,189,38.00
2026-07-10,13:45:58,31605,10586.67,91.2644,170,38.00
2026-07-10,13:46:08,31615,10246.67,88.3333,160,38.00
2026-07-10,13:46:18,31625,9796.67,84.4540,157,38.00
2026-07-10,13:46:28,31635,9246.67,79.7126,157,38.00
2026-07-10,13:46:38,31645,8673.33,74.7701,139,38.00
2026-07-10,13:46:48,31655,8070.00,69.5690,135,38.00
2026-07-10,13:46:58,31665,7496.67,64.6264,131,37.00
2026-07-10,13:47:08,31675,6983.33,60.2011,136,37.00
2026-07-10,13:47:18,31685,6596.67,56.8678,136,37.00
2026-07-10,13:47:28,31695,6340.00,54.6552,130,37.00
2026-07-10,13:47:38,31705,6213.33,53.5632,129,37.00
2026-07-10,13:47:48,31715,6180.00,53.2759,133,37.00
2026-07-10,13:47:58,31725,6233.33,53.7356,146,37.00
2026-07-10,13:48:07,31735,6320.00,54.4828,141,37.00
2026-07-10,13:48:17,31745,6446.67,55.5747,147,37.00
2026-07-10,13:48:27,31755,6593.33,56.8391,148,37.00
2026-07-10,13:48:37,31765,6710.00,57.8448,150,37.00
2026-07-10,13:48:47,31775,6813.33,58.7356,146,37.00
2026-07-10,13:48:57,31785,6916.67,59.6264,149,37.00
2026-07-10,13:49:07,31795,7043.33,60.7184,147,36.00
2026-07-10,13:49:17,31805,7240.00,62.4138,143,37.00
2026-07-10,13:49:27,31815,7453.33,64.2529,151,36.00
2026-07-10,13:49:37,31825,7613.33,65.6322,154,36.00
2026-07-10,13:49:47,31835,7733.33,66.6667,153,37.00
2026-07-10,13:49:57,31845,7750.00,66.8103,156,36.00
2026-07-10,13:50:07,31855,7703.33,66.4080,155,37.00
2026-07-10,13:50:17,31865,7550.00,65.0862,149,36.00
2026-07-10,13:50:27,31875,7310.00,63.0172,142,36.00
2026-07-10,13:50:37,31885,7020.00,60.5172,148,36.00
2026-07-10,13:50:47,31895,6770.00,58.3621,141,36.00
2026-07-10,13:50:57,31905,6580.00,56.7241,139,36.00
2026-07-10,13:51:07,31915,6466.67,55.7471,136,36.00
2026-07-10,13:51:17,31925,6483.33,55.8908,135,36.00
2026-07-10,13:51:27,31935,6556.67,56.5230,133,36.00
2026-07-10,13:51:37,31945,6603.33,56.9253,133,36.00
2026-07-10,13:51:47,31955,6593.33,56.8391,129,36.00
2026-07-10,13:51:57,31965,6526.67,56.2644,133,36.00
2026-07-10,13:52:07,31975,6413.33,55.2874,129,36.00
2026-07-10,13:52:17,31985,6310.00,54.3965,137,36.00
2026-07-10,13:52:27,31995,6330.00,54.5690,133,36.00
2026-07-10,13:52:37,32005,6463.33,55.7184,135,36.00
2026-07-10,13:52:47,32015,6713.33,57.8736,130,36.00
2026-07-10,13:52:57,32025,7023.33,60.5460,150,36.00
2026-07-10,13:53:07,32035,7283.33,62.7874,148,36.00
2026-07-10,13:53:17,32045,7426.67,64.0230,147,36.00
2026-07-10,13:53:27,32055,7413.33,63.9080,141,36.00
2026-07-10,13:53:37,32065,7230.00,62.3276,153,36.00
2026-07-10,13:53:47,32075,6970.00,60.0862,135,36.00
2026-07-10,13:53:57,32085,6713.33,57.8736,130,36.00
2026-07-10,13:54:07,32095,6576.67,56.6954,127,36.00
2026-07-10,13:54:17,32105,6533.33,56.3218,134,36.00
2026-07-10,13:54:27,32115,6486.67,55.9195,130,36.00
2026-07-10,13:54:37,32125,6450.00,55.6034,136,36.00
2026-07-10,13:54:47,32135,6566.67,56.6092,131,36.00
2026-07-10,13:54:57,32145,6813.33,58.7356,134,36.00
2026-07-10,13:55:07,32155,7100.00,61.2069,131,36.00
2026-07-10,13:55:17,32165,7326.67,63.1609,145,36.00
2026-07-10,13:55:27,32175,7530.00,64.9138,146,36.00
2026-07-10,13:55:37,32185,7716.67,66.5230,151,36.00
2026-07-10,13:55:47,32195,7866.67,67.8161,156,36.00
2026-07-10,13:55:57,32205,7986.67,68.8506,162,36.00
2026-07-10,13:56:07,32215,8133.33,70.1149,159,36.00
2026-07-10,13:56:17,32225,8323.33,71.7529,161,36.00
2026-07-10,13:56:27,32235,8623.33,74.3391,160,36.00
2026-07-10,13:56:37,32245,8983.33,77.4425,165,36.00
2026-07-10,13:56:47,32255,9366.67,80.7471,170,36.00
2026-07-10,13:56:57,32265,9696.67,83.5919,171,36.00
2026-07-10,13:57:07,32275,9943.33,85.7184,181,36.00
2026-07-10,13:57:17,32285,10216.67,88.0747,182,36.00
2026-07-10,13:57:27,32295,10546.67,90.9195,191,36.00
2026-07-10,13:57:37,32305,10983.33,94.6839,195,36.00
2026-07-10,13:57:47,32315,11436.67,98.5919,193,36.00
2026-07-10,13:57:57,32325,11880.00,102.4138,206,36.00
2026-07-10,13:58:07,32335,12356.67,106.5230,207,36.00
2026-07-10,13:58:17,32345,12790.00,110.2586,205,36.00
2026-07-10,13:58:27,32355,13243.33,114.1667,206,36.00
2026-07-10,13:58:37,32365,13716.67,118.2471,208,36.00
2026-07-10,13:58:47,32375,14180.00,122.2414,208,36.00
2026-07-10,13:58:57,32385,14706.67,126.7816,209,36.00
2026-07-10,13:59:07,32395,15400.00,132.7586,209,36.00
2026-07-10,13:59:17,32405,16176.67,139.4540,211,36.00
2026-07-10,13:59:26,32415,16880.00,145.5172,208,37.00
2026-07-10,13:59:36,32425,17376.67,149.7988,214,37.00
2026-07-10,13:59:46,32435,17743.33,152.9598,219,37.00
2026-07-10,13:59:56,32445,18143.33,156.4080,218,37.00
2026-07-10,14:00:06,32455,18546.67,159.8851,219,37.00
2026-07-10,14:00:16,32465,18810.00,162.1552,220,37.00
2026-07-10,14:00:26,32475,18880.00,162.7586,221,37.00
2026-07-10,14:00:36,32485,18646.67,160.7471,219,38.00
2026-07-10,14:00:46,32495,18190.00,156.8103,216,38.00
2026-07-10,14:00:56,32505,17663.33,152.2701,212,38.00
2026-07-10,14:01:06,32515,17083.33,147.2701,213,38.00
2026-07-10,14:01:16,32525,16463.33,141.9253,210,38.00
2026-07-10,14:01:26,32535,15890.00,136.9827,208,38.00
2026-07-10,14:01:36,32545,15450.00,133.1897,209,38.00
2026-07-10,14:01:46,32555,15246.67,131.4368,209,38.00
2026-07-10,14:01:56,32565,15190.00,130.9483,211,38.00
2026-07-10,14:02:06,32575,15373.33,132.5287,212,38.00
2026-07-10,14:02:16,32585,15770.00,135.9483,215,38.00
2026-07-10,14:02:26,32595,16320.00,140.6897,210,38.00
2026-07-10,14:02:36,32605,17060.00,147.0690,217,38.00
2026-07-10,14:02:46,32615,17920.00,154.4828,213,39.00
2026-07-10,14:02:56,32625,18773.33,161.8391,220,39.00
2026-07-10,14:03:06,32635,19606.67,169.0230,218,39.00
2026-07-10,14:03:16,32645,20363.33,175.5460,220,39.00
2026-07-10,14:03:26,32655,21096.67,181.8678,225,39.00
2026-07-10,14:03:36,32665,21823.33,188.1322,226,39.00
2026-07-10,14:03:46,32675,22580.00,194.6552,224,39.00
2026-07-10,14:03:56,32685,23330.00,201.1207,225,40.00
2026-07-10,14:04:06,32695,24073.33,207.5287,226,40.00
2026-07-10,14:04:16,32705,24820.00,213.9655,227,40.00
2026-07-10,14:04:26,32715,25733.33,221.8391,216,40.00
2026-07-10,14:04:36,32725,26826.67,231.2644,230,40.00
2026-07-10,14:04:46,32735,28316.67,244.1092,226,40.00
2026-07-10,14:04:56,32745,30293.33,261.1494,225,40.00
2026-07-10,14:05:06,32755,33393.33,287.8736,224,41.00
2026-07-10,14:05:16,32765,38220.00,329.4828,225,41.00
2026-07-10,14:05:26,32775,38580.00,332.5862,220,42.00
2026-07-10,14:05:36,32785,39583.33,341.2356,225,42.00
2026-07-10,14:05:46,32795,42660.00,367.7586,227,42.00
2026-07-10,14:05:56,32805,49713.33,428.5632,227,43.00
2026-07-10,14:06:06,32815,54612.50,470.7974,229,43.00
2026-07-10,14:06:16,32825,54612.50,470.7974,232,43.00
2026-07-10,14:06:26,32835,54612.50,470.7974,234,44.00
2026-07-10,14:06:36,32845,54612.50,470.7974,235,45.00
2026-07-10,14:06:46,32855,54612.50,470.7974,234,45.00
2026-07-10,14:06:56,32865,54612.50,470.7974,236,46.00
2026-07-10,14:07:06,32875,54612.50,470.7974,234,46.00
2026-07-10,14:07:16,32885,54612.50,470.7974,235,47.00
2026-07-10,14:07:26,32895,54612.50,470.7974,236,47.00
2026-07-10,14:07:36,32905,54612.50,470.7974,235,48.00
2026-07-10,14:07:46,32915,54612.50,470.7974,232,48.00
2026-07-10,14:07:56,32925,54612.50,470.7974,235,49.00
2026-07-10,14:08:06,32935,54612.50,470.7974,235,49.00
2026-07-10,14:08:16,32945,54612.50,470.7974,233,50.00
2026-07-10,14:08:26,32955,54612.50,470.7974,233,50.00
2026-07-10,14:08:36,32965,54612.50,470.7974,236,51.00
2026-07-10,14:08:46,32975,54612.50,470.7974,234,51.00
2026-07-10,14:08:56,32985,54612.50,470.7974,235,52.00
2026-07-10,14:09:06,32995,54612.50,470.7974,234,52.00
2026-07-10,14:09:16,33005,54612.50,470.7974,232,53.00
2026-07-10,14:09:26,33015,54612.50,470.7974,230,54.00
2026-07-10,14:09:36,33025,54612.50,470.7974,233,54.00
2026-07-10,14:09:46,33035,54612.50,470.7974,232,54.00
2026-07-10,14:09:56,33045,54612.50,470.7974,233,55.00
2026-07-10,14:10:06,33055,54612.50,470.7974,239,56.00
2026-07-10,14:10:16,33065,54612.50,470.7974,235,57.00
2026-07-10,14:10:26,33075,54612.50,470.7974,235,57.00
2026-07-10,14:10:36,33085,54612.50,470.7974,233,58.00
2026-07-10,14:10:46,33095,54612.50,470.7974,232,58.00
2026-07-10,14:10:56,33105,54612.50,470.7974,233,58.00
2026-07-10,14:11:06,33115,54612.50,470.7974,234,58.00
2026-07-10,14:11:16,33125,54612.50,470.7974,234,59.00
2026-07-10,14:11:26,33135,54612.50,470.7974,233,59.00
2026-07-10,14:11:36,33145,54612.50,470.7974,236,60.00
2026-07-10,14:11:46,33155,54612.50,470.7974,237,60.00
2026-07-10,14:11:55,33165,54612.50,470.7974,238,61.00
2026-07-10,14:12:05,33175,54612.50,470.7974,236,61.00
2026-07-10,14:12:15,33185,54612.50,470.7974,235,61.00
2026-07-10,14:12:25,33195,54612.50,470.7974,233,62.00
2026-07-10,14:12:35,33205,54612.50,470.7974,233,62.00
2026-07-10,14:12:45,33215,54612.50,470.7974,233,62.00
2026-07-10,14:12:55,33225,54612.50,470.7974,233,62.00
2026-07-10,14:13:05,33235,54612.50,470.7974,233,62.00
2026-07-10,14:13:15,33245,54612.50,470.7974,234,62.00
2026-07-10,14:13:25,33255,53543.33,461.5804,234,62.00
2026-07-10,14:13:35,33265,40580.00,349.8276,236,62.00
2026-07-10,14:13:45,33275,36580.00,315.3448,231,62.00
2026-07-10,14:13:55,33285,36243.33,312.4425,234,62.00
2026-07-10,14:14:05,33295,54612.50,470.7974,232,62.00
2026-07-10,14:14:15,33305,40533.33,349.4253,235,61.00
2026-07-10,14:14:25,33315,41120.00,354.4828,235,61.00
2026-07-10,14:14:35,33325,33763.33,291.0632,233,61.00
2026-07-10,14:14:45,33335,32330.00,278.7069,232,61.00
2026-07-10,14:14:55,33345,32793.33,282.7011,233,61.00
2026-07-10,14:15:05,33355,34500.00,297.4138,232,61.00
2026-07-10,14:15:15,33365,35380.00,305.0000,233,60.00
2026-07-10,14:15:25,33375,36193.33,312.0115,231,60.00
2026-07-10,14:15:35,33385,35613.33,307.0115,233,60.00
2026-07-10,14:15:45,33395,34656.66,298.7643,233,60.00
2026-07-10,14:15:55,33405,33956.66,292.7299,233,60.00
2026-07-10,14:16:05,33415,33280.00,286.8965,231,60.00
2026-07-10,14:16:15,33425,32686.67,281.7816,232,59.00
2026-07-10,14:16:25,33435,32170.00,277.3276,232,59.00
2026-07-10,14:16:35,33445,31570.00,272.1552,233,59.00
2026-07-10,14:16:45,33455,31046.67,267.6437,233,59.00
2026-07-10,14:16:55,33465,30533.33,263.2184,234,58.00
2026-07-10,14:17:05,33475,29843.33,257.2701,234,58.00
2026-07-10,14:17:15,33485,29110.00,250.9483,233,58.00
2026-07-10,14:17:25,33495,28086.67,242.1264,230,58.00
2026-07-10,14:17:35,33505,26996.67,232.7299,229,58.00
2026-07-10,14:17:45,33515,26103.33,225.0287,230,58.00
2026-07-10,14:17:55,33525,25236.67,217.5575,228,58.00
2026-07-10,14:18:05,33535,24450.00,210.7759,229,57.00
2026-07-10,14:18:15,33545,23663.33,203.9942,229,57.00
2026-07-10,14:18:25,33555,22846.67,196.9540,228,57.00
2026-07-10,14:18:35,33565,22036.67,189.9713,231,57.00
2026-07-10,14:18:45,33575,21256.67,183.2471,228,56.00
2026-07-10,14:18:55,33585,20670.00,178.1897,228,56.00
2026-07-10,14:19:05,33595,20463.33,176.4080,222,56.00
2026-07-10,14:19:15,33605,20513.33,176.8391,223,56.00
2026-07-10,14:19:25,33615,20603.33,177.6149,221,55.00
2026-07-10,14:19:35,33625,20670.00,178.1897,218,55.00
2026-07-10,14:19:45,33635,20550.00,177.1552,217,55.00
2026-07-10,14:19:55,33645,20273.33,174.7701,217,54.00
2026-07-10,14:20:05,33655,19843.33,171.0632,214,54.00
2026-07-10,14:20:15,33665,19126.67,164.8851,214,54.00
2026-07-10,14:20:25,33675,18416.67,158.7644,207,54.00
2026-07-10,14:20:35,33685,17900.00,154.3103,211,54.00
2026-07-10,14:20:45,33695,17480.00,150.6897,213,54.00
2026-07-10,14:20:55,33705,17056.67,147.0402,216,54.00
2026-07-10,14:21:05,33715,16610.00,143.1897,219,53.00
2026-07-10,14:21:15,33725,16350.00,140.9483,212,53.00
2026-07-10,14:21:25,33735,16230.00,139.9138,212,53.00
2026-07-10,14:21:35,33745,16143.33,139.1667,218,53.00
2026-07-10,14:21:45,33755,16166.67,139.3678,219,52.00
2026-07-10,14:21:55,33765,16616.67,143.2471,219,52.00
2026-07-10,14:22:05,33775,17570.00,151.4655,218,52.00
2026-07-10,14:22:15,33785,18570.00,160.0862,215,52.00
2026-07-10,14:22:25,33795,19356.67,166.8678,219,52.00
2026-07-10,14:22:35,33805,20023.33,172.6149,225,51.00
2026-07-10,14:22:45,33815,20776.67,179.1092,215,51.00
2026-07-10,14:22:55,33825,21500.00,185.3448,226,51.00
2026-07-10,14:23:05,33835,22326.67,192.4713,223,51.00
2026-07-10,14:23:15,33845,22733.33,195.9770,222,51.00
2026-07-10,14:23:24,33855,22076.67,190.3161,216,51.00
2026-07-10,14:23:34,33865,20670.00,178.1897,221,51.00
2026-07-10,14:23:44,33875,19060.00,164.3103,220,51.00
2026-07-10,14:23:54,33885,17946.67,154.7126,218,51.00
2026-07-10,14:24:04,33895,17086.67,147.2988,215,51.00
2026-07-10,14:24:14,33905,16346.67,140.9195,202,50.00
2026-07-10,14:24:24,33915,15610.00,134.5690,201,50.00
2026-07-10,14:24:34,33925,15033.33,129.5977,205,50.00
2026-07-10,14:24:44,33935,14993.33,129.2529,203,50.00
2026-07-10,14:24:54,33945,15613.33,134.5977,203,50.00
2026-07-10,14:25:04,33955,16940.00,146.0345,201,50.00
2026-07-10,14:25:14,33965,18983.33,163.6494,203,49.00
2026-07-10,14:25:24,33975,21460.00,185.0000,211,49.00
2026-07-10,14:25:34,33985,23970.00,206.6379,217,49.00
2026-07-10,14:25:44,33995,26286.67,226.6092,220,49.00
2026-07-10,14:25:54,34005,28540.00,246.0345,226,49.00
2026-07-10,14:26:04,34015,31200.00,268.9655,223,49.00
2026-07-10,14:26:14,34025,32543.33,280.5460,223,50.00
2026-07-10,14:26:24,34035,34333.33,295.9770,224,50.00
2026-07-10,14:26:34,34045,38163.33,328.9942,224,50.00
2026-07-10,14:26:44,34055,37870.00,326.4655,223,50.00
2026-07-10,14:26:54,34065,40500.00,349.1379,227,50.00
2026-07-10,14:27:04,34075,41513.33,357.8736,229,50.00
2026-07-10,14:27:14,34085,43093.33,371.4942,231,51.00
2026-07-10,14:27:24,34095,43463.33,374.6839,230,51.00
2026-07-10,14:27:34,34105,41310.00,356.1207,229,51.00
2026-07-10,14:27:44,34115,41386.66,356.7816,223,51.00
2026-07-10,14:27:54,34125,40960.00,353.1035,230,51.00
2026-07-10,14:28:04,34135,37136.66,320.1436,232,51.00
2026-07-10,14:28:14,34145,39433.33,339.9425,231,51.00
2026-07-10,14:28:24,34155,33883.33,292.0977,230,51.00
2026-07-10,14:28:34,34165,31480.00,271.3793,231,51.00
2026-07-10,14:28:44,34175,30010.00,258.7069,229,51.00
2026-07-10,14:28:54,34185,29090.00,250.7758,229,51.00
2026-07-10,14:29:04,34195,29013.33,250.1149,229,51.00
2026-07-10,14:29:14,34205,29596.67,255.1437,228,51.00
2026-07-10,14:29:24,34215,30450.00,262.5000,227,51.00
2026-07-10,14:29:34,34225,31530.00,271.8103,228,51.00
2026-07-10,14:29:44,34235,35206.66,303.5057,230,51.00
2026-07-10,14:29:54,34245,32046.67,276.2644,229,51.00
2026-07-10,14:30:04,34255,27433.33,236.4942,225,51.00
2026-07-10,14:30:14,34265,24650.00,212.5000,228,51.00
2026-07-10,14:30:24,34275,23116.67,199.2816,229,51.00
2026-07-10,14:30:34,34285,22133.33,190.8046,226,51.00
2026-07-10,14:30:44,34295,21393.33,184.4253,225,51.00
2026-07-10,14:30:54,34305,20670.00,178.1897,224,51.00
2026-07-10,14:31:04,34315,19686.67,169.7126,215,51.00
2026-07-10,14:31:14,34325,18416.67,158.7644,223,51.00
2026-07-10,14:31:24,34335,16556.67,142.7299,222,50.00
2026-07-10,14:31:34,34345,14606.67,125.9195,211,50.00
2026-07-10,14:31:44,34355,12990.00,111.9827,204,50.00
2026-07-10,14:31:54,34365,11650.00,100.4310,190,50.00
2026-07-10,14:32:04,34375,10620.00,91.5517,180,50.00
2026-07-10,14:32:14,34385,9813.33,84.5977,162,49.00
2026-07-10,14:32:24,34395,9240.00,79.6552,150,49.00
2026-07-10,14:32:34,34405,8903.33,76.7529,155,48.00
2026-07-10,14:32:44,34415,8710.00,75.0862,163,48.00
2026-07-10,14:32:54,34425,8470.00,73.0172,177,48.00
2026-07-10,14:33:04,34435,8230.00,70.9483,174,48.00
2026-07-10,14:33:14,34445,7966.67,68.6782,170,48.00
2026-07-10,14:33:24,34455,7576.67,65.3161,167,47.00
2026-07-10,14:33:34,34465,7176.67,61.8678,161,47.00
2026-07-10,14:33:44,34475,6880.00,59.3103,152,47.00
2026-07-10,14:33:54,34485,6700.00,57.7586,148,47.00
2026-07-10,14:34:04,34495,6623.33,57.0977,138,47.00
2026-07-10,14:34:14,34505,6523.33,56.2356,138,46.00
2026-07-10,14:34:24,34515,6360.00,54.8276,137,46.00
2026-07-10,14:34:34,34525,6170.00,53.1897,135,46.00
2026-07-10,14:34:44,34535,6030.00,51.9828,137,45.00
2026-07-10,14:34:54,34545,6110.00,52.6724,137,45.00
2026-07-10,14:35:03,34555,6553.33,56.4943,134,45.00
2026-07-10,14:35:13,34565,7286.67,62.8161,145,45.00
2026-07-10,14:35:23,34575,8193.33,70.6322,164,45.00
2026-07-10,14:35:33,34585,9073.33,78.2184,177,45.00
2026-07-10,14:35:43,34595,9593.33,82.7011,182,44.00
2026-07-10,14:35:53,34605,9780.00,84.3103,186,44.00
2026-07-10,14:36:03,34615,9750.00,84.0517,178,44.00
2026-07-10,14:36:13,34625,9570.00,82.5000,172,44.00
2026-07-10,14:36:23,34635,9263.33,79.8563,162,44.00
2026-07-10,14:36:33,34645,8926.67,76.9540,155,44.00
2026-07-10,14:36:43,34655,8626.67,74.3678,145,43.00
2026-07-10,14:36:53,34665,8296.67,71.5230,143,44.00
2026-07-10,14:37:03,34675,7953.33,68.5632,148,43.00
2026-07-10,14:37:13,34685,7653.33,65.9770,136,43.00
2026-07-10,14:37:23,34695,7410.00,63.8793,128,43.00
2026-07-10,14:37:33,34705,7210.00,62.1552,139,43.00
2026-07-10,14:37:43,34715,7136.67,61.5230,138,43.00
2026-07-10,14:37:53,34725,7266.67,62.6437,139,43.00
2026-07-10,14:38:03,34735,7616.67,65.6609,149,43.00
2026-07-10,14:38:13,34745,8053.33,69.4253,160,43.00
2026-07-10,14:38:23,34755,8443.33,72.7874,157,43.00
2026-07-10,14:38:33,34765,8750.00,75.4310,161,42.00
2026-07-10,14:38:43,34775,8910.00,76.8103,159,42.00
2026-07-10,14:38:53,34785,8916.67,76.8678,153,42.00
2026-07-10,14:39:03,34795,8860.00,76.3793,145,42.00
2026-07-10,14:39:13,34805,8910.00,76.8103,150,42.00
2026-07-10,14:39:23,34815,9133.33,78.7356,153,42.00
2026-07-10,14:39:33,34825,9486.67,81.7816,163,42.00
2026-07-10,14:39:43,34835,9923.33,85.5460,174,42.00
2026-07-10,14:39:53,34845,10353.33,89.2529,183,42.00
2026-07-10,14:40:03,34855,10760.00,92.7586,183,42.00
2026-07-10,14:40:13,34865,11136.67,96.0057,180,41.00
2026-07-10,14:40:23,34875,11530.00,99.3966,189,41.00
2026-07-10,14:40:33,34885,11883.33,102.4425,191,41.00
2026-07-10,14:40:43,34895,12206.67,105.2299,192,42.00
2026-07-10,14:40:53,34905,12416.67,107.0402,193,42.00
2026-07-10,14:41:03,34915,12526.67,107.9885,188,41.00
2026-07-10,14:41:13,34925,12613.33,108.7356,194,41.00
2026-07-10,14:41:23,34935,12653.33,109.0805,192,41.00
2026-07-10,14:41:33,34945,12630.00,108.8793,194,41.00
2026-07-10,14:41:43,34955,12533.33,108.0460,188,41.00
2026-07-10,14:41:53,34965,12323.33,106.2356,185,41.00
2026-07-10,14:42:03,34975,12060.00,103.9655,185,41.00
2026-07-10,14:42:13,34985,11723.33,101.0632,182,41.00
2026-07-10,14:42:23,34995,11333.33,97.7011,170,41.00
2026-07-10,14:42:33,35005,10800.00,93.1034,161,41.00
2026-07-10,14:42:43,35015,10180.00,87.7586,152,41.00
2026-07-10,14:42:53,35025,9623.33,82.9598,140,41.00
2026-07-10,14:43:03,35035,9296.67,80.1437,138,41.00
2026-07-10,14:43:13,35045,9183.33,79.1667,138,41.00
2026-07-10,14:43:23,35055,9160.00,78.9655,144,41.00
2026-07-10,14:43:33,35065,9076.67,78.2471,149,41.00
2026-07-10,14:43:43,35075,8986.67,77.4713,147,41.00
2026-07-10,14:43:53,35085,8876.67,76.5230,143,40.00
2026-07-10,14:44:03,35095,8983.33,77.4425,135,40.00
2026-07-10,14:44:13,35105,9296.67,80.1437,141,40.00
2026-07-10,14:44:23,35115,9890.00,85.2586,148,40.00
2026-07-10,14:44:33,35125,10600.00,91.3793,157,40.00
2026-07-10,14:44:43,35135,11323.33,97.6149,164,40.00
2026-07-10,14:44:53,35145,11923.33,102.7874,170,40.00
2026-07-10,14:45:03,35155,12413.33,107.0115,178,40.00
2026-07-10,14:45:13,35165,12766.67,110.0575,176,40.00
2026-07-10,14:45:23,35175,13046.67,112.4713,173,40.00
2026-07-10,14:45:33,35185,13196.67,113.7644,168,40.00
2026-07-10,14:45:43,35195,13310.00,114.7414,156,40.00
2026-07-10,14:45:53,35205,13456.67,116.0057,156,40.00
2026-07-10,14:46:03,35215,13676.67,117.9023,168,40.00
2026-07-10,14:46:12,35225,13883.33,119.6839,175,41.00
2026-07-10,14:46:22,35235,14120.00,121.7241,182,40.00
2026-07-10,14:46:32,35245,14383.33,123.9942,187,41.00
2026-07-10,14:46:42,35255,14573.33,125.6322,197,40.00
2026-07-10,14:46:52,35265,14656.67,126.3506,200,41.00
2026-07-10,14:47:02,35275,14700.00,126.7241,202,41.00
2026-07-10,14:47:12,35285,14726.67,126.9540,206,41.00
2026-07-10,14:47:22,35295,14723.33,126.9253,205,41.00
2026-07-10,14:47:32,35305,14640.00,126.2069,198,41.00
2026-07-10,14:47:42,35315,14453.33,124.5977,195,41.00
2026-07-10,14:47:52,35325,14210.00,122.5000,196,41.00
2026-07-10,14:48:02,35335,13893.33,119.7701,194,41.00
2026-07-10,14:48:12,35345,13553.33,116.8391,171,41.00
2026-07-10,14:48:22,35355,13246.67,114.1954,175,41.00
2026-07-10,14:48:32,35365,12993.33,112.0115,174,41.00
2026-07-10,14:48:42,35375,12780.00,110.1724,172,41.00
2026-07-10,14:48:52,35385,12663.33,109.1667,171,41.00
2026-07-10,14:49:02,35395,12600.00,108.6207,174,41.00
2026-07-10,14:49:12,35405,12450.00,107.3276,181,41.00
2026-07-10,14:49:22,35415,12200.00,105.1724,179,40.00
2026-07-10,14:49:32,35425,11750.00,101.2931,176,41.00
2026-07-10,14:49:42,35435,11236.67,96.8678,168,40.00
2026-07-10,14:49:52,35445,10640.00,91.7241,156,40.00
2026-07-10,14:50:02,35455,10016.67,86.3506,147,41.00
2026-07-10,14:50:12,35465,9443.33,81.4080,140,40.00
2026-07-10,14:50:22,35475,8923.33,76.9253,136,40.00
2026-07-10,14:50:32,35485,8493.33,73.2184,128,40.00
2026-07-10,14:50:42,35495,8190.00,70.6034,126,40.00
2026-07-10,14:50:52,35505,7993.33,68.9080,131,40.00
2026-07-10,14:51:02,35515,7856.67,67.7299,133,40.00
2026-07-10,14:51:12,35525,7743.33,66.7529,140,40.00
2026-07-10,14:51:22,35535,7636.67,65.8333,147,40.00
2026-07-10,14:51:32,35545,7480.00,64.4828,154,40.00
2026-07-10,14:51:42,35555,7266.67,62.6437,140,40.00
2026-07-10,14:51:52,35565,7013.33,60.4598,133,40.00
2026-07-10,14:52:02,35575,6740.00,58.1034,132,40.00
2026-07-10,14:52:12,35585,6536.67,56.3506,138,40.00
2026-07-10,14:52:22,35595,6493.33,55.9770,133,40.00
2026-07-10,14:52:32,35605,6643.33,57.2701,130,40.00
2026-07-10,14:52:42,35615,6963.33,60.0287,139,39.00
2026-07-10,14:52:52,35625,7273.33,62.7011,152,39.00
2026-07-10,14:53:02,35635,7476.67,64.4540,163,39.00
2026-07-10,14:53:12,35645,7483.33,64.5115,157,39.00
2026-07-10,14:53:22,35655,7236.67,62.3851,152,39.00
2026-07-10,14:53:32,35665,6883.33,59.3391,145,39.00
2026-07-10,14:53:42,35675,6460.00,55.6897,139,39.00
2026-07-10,14:53:52,35685,6023.33,51.9253,127,39.00
2026-07-10,14:54:02,35695,5526.67,47.6437,124,39.00
2026-07-10,14:54:12,35705,5000.00,43.1034,129,38.00
2026-07-10,14:54:22,35715,4473.33,38.5632,119,38.00
2026-07-10,14:54:32,35725,4076.67,35.1437,122,38.00
2026-07-10,14:54:42,35735,3860.00,33.2759,126,38.00
2026-07-10,14:54:52,35745,3783.33,32.6149,128,38.00
2026-07-10,14:55:02,35755,3820.00,32.9310,125,38.00
2026-07-10,14:55:12,35765,3930.00,33.8793,132,38.00
2026-07-10,14:55:22,35775,4066.67,35.0575,128,38.00
2026-07-10,14:55:32,35785,4216.67,36.3506,129,38.00
2026-07-10,14:55:42,35795,4390.00,37.8448,126,37.00
2026-07-10,14:55:52,35805,4580.00,39.4828,133,38.00
2026-07-10,14:56:02,35815,4793.33,41.3218,130,37.00
2026-07-10,14:56:12,35825,5010.00,43.1897,126,38.00
2026-07-10,14:56:22,35835,5226.67,45.0575,127,37.00
2026-07-10,14:56:32,35845,5400.00,46.5517,123,37.00
2026-07-10,14:56:42,35855,5553.33,47.8736,134,37.00
2026-07-10,14:56:52,35865,5646.67,48.6782,135,37.00
2026-07-10,14:57:02,35875,5650.00,48.7069,127,37.00
2026-07-10,14:57:11,35885,5563.33,47.9598,128,37.00
2026-07-10,14:57:21,35895,5413.33,46.6667,130,37.00
2026-07-10,14:57:31,35905,5250.00,45.2586,129,37.00
2026-07-10,14:57:41,35915,5126.67,44.1954,125,37.00
2026-07-10,14:57:51,35925,5066.67,43.6782,131,37.00
2026-07-10,14:58:01,35935,5100.00,43.9655,127,37.00
2026-07-10,14:58:11,35945,5176.67,44.6264,129,37.00
2026-07-10,14:58:21,35955,5223.33,45.0287,128,37.00
2026-07-10,14:58:31,35965,5210.00,44.9138,123,37.00
2026-07-10,14:58:41,35975,5136.67,44.2816,120,36.00
2026-07-10,14:58:51,35985,4910.00,42.3276,126,37.00
2026-07-10,14:59:01,35995,4643.33,40.0287,123,36.00
2026-07-10,14:59:11,36005,4413.33,38.0460,126,36.00
2026-07-10,14:59:21,36015,4213.33,36.3218,129,36.00
2026-07-10,14:59:31,36025,4123.33,35.5460,130,36.00
2026-07-10,14:59:41,36035,4143.33,35.7184,134,36.00
2026-07-10,14:59:51,36045,4273.33,36.8391,126,36.00
2026-07-10,15:00:01,36055,4570.00,39.3966,122,36.00
2026-07-10,15:00:11,36065,5090.00,43.8793,132,36.00
2026-07-10,15:00:21,36075,5750.00,49.5690,134,36.00
2026-07-10,15:00:31,36085,6450.00,55.6034,141,36.00
2026-07-10,15:00:41,36095,7033.33,60.6322,153,36.00
2026-07-10,15:00:51,36105,7403.33,63.8218,158,36.00
2026-07-10,15:01:01,36115,7546.67,65.0575,157,36.00
2026-07-10,15:01:11,36125,7526.67,64.8851,161,36.00
2026-07-10,15:01:21,36135,7413.33,63.9080,157,36.00
2026-07-10,15:01:31,36145,7223.33,62.2701,155,36.00
2026-07-10,15:01:41,36155,7030.00,60.6034,145,36.00
2026-07-10,15:01:51,36165,6786.67,58.5057,145,36.00
2026-07-10,15:02:01,36175,6510.00,56.1207,148,36.00
2026-07-10,15:02:11,36185,6146.67,52.9885,144,36.00
2026-07-10,15:02:21,36195,5776.67,49.7988,141,36.00
2026-07-10,15:02:31,36205,5480.00,47.2414,131,36.00
2026-07-10,15:02:41,36215,5316.67,45.8333,129,36.00
2026-07-10,15:02:51,36225,5256.67,45.3161,126,36.00
2026-07-10,15:03:01,36235,5300.00,45.6897,133,36.00
2026-07-10,15:03:11,36245,5430.00,46.8103,132,36.00
2026-07-10,15:03:21,36255,5560.00,47.9310,129,36.00
2026-07-10,15:03:31,36265,5623.33,48.4770,131,36.00
2026-07-10,15:03:41,36275,5606.67,48.3333,125,36.00
2026-07-10,15:03:51,36285,5496.67,47.3851,127,36.00
2026-07-10,15:04:01,36295,5390.00,46.4655,131,36.00
2026-07-10,15:04:11,36305,5323.33,45.8908,131,36.00
2026-07-10,15:04:21,36315,5266.67,45.4023,130,36.00
2026-07-10,15:04:31,36325,5246.67,45.2299,130,36.00
2026-07-10,15:04:41,36335,5310.00,45.7759,133,36.00
2026-07-10,15:04:51,36345,5480.00,47.2414,125,36.00
2026-07-10,15:05:01,36355,5740.00,49.4828,143,36.00
2026-07-10,15:05:11,36365,6036.67,52.0402,140,36.00
2026-07-10,15:05:21,36375,6316.67,54.4540,145,36.00
2026-07-10,15:05:31,36385,6480.00,55.8621,147,36.00
2026-07-10,15:05:41,36395,6466.67,55.7471,149,36.00
2026-07-10,15:05:51,36405,6346.67,54.7126,146,36.00
2026-07-10,15:06:01,36415,6196.67,53.4195,142,36.00
2026-07-10,15:06:11,36425,5990.00,51.6379,140,36.00
2026-07-10,15:06:21,36435,5753.33,49.5977,132,36.00
2026-07-10,15:06:31,36445,5563.33,47.9598,131,36.00
2026-07-10,15:06:41,36455,5373.33,46.3218,136,36.00
2026-07-10,15:06:51,36465,5223.33,45.0287,130,36.00
2026-07-10,15:07:01,36475,5133.33,44.2529,131,36.00
2026-07-10,15:07:11,36485,5053.33,43.5632,134,36.00
2026-07-10,15:07:21,36495,5003.33,43.1322,133,36.00
2026-07-10,15:07:31,36505,4940.00,42.5862,136,36.00
2026-07-10,15:07:41,36515,4850.00,41.8103,135,36.00
2026-07-10,15:07:50,36525,4760.00,41.0345,129,36.00
2026-07-10,15:08:00,36535,4680.00,40.3448,129,36.00
2026-07-10,15:08:10,36545,4660.00,40.1724,131,36.00
2026-07-10,15:08:20,36555,4693.33,40.4598,125,36.00
2026-07-10,15:08:30,36565,4753.33,40.9770,118,36.00
2026-07-10,15:08:40,36575,4826.67,41.6092,127,35.00
2026-07-10,15:08:50,36585,4896.67,42.2126,130,36.00
2026-07-10,15:09:00,36595,4963.33,42.7874,131,36.00
2026-07-10,15:09:10,36605,4993.33,43.0460,133,36.00
2026-07-10,15:09:20,36615,5033.33,43.3908,136,36.00
2026-07-10,15:09:30,36625,5123.33,44.1667,127,35.00
2026-07-10,15:09:40,36635,5246.67,45.2299,125,36.00
2026-07-10,15:09:50,36645,5376.67,46.3506,128,35.00
2026-07-10,15:10:00,36655,5503.33,47.4425,132,36.00
2026-07-10,15:10:10,36665,5636.67,48.5920,133,35.00
2026-07-10,15:10:20,36675,5776.67,49.7988,130,35.00
2026-07-10,15:10:30,36685,5903.33,50.8908,131,35.00
2026-07-10,15:10:40,36695,5996.67,51.6954,138,35.00
2026-07-10,15:10:50,36705,6066.67,52.2988,135,35.00
2026-07-10,15:11:00,36715,6133.33,52.8736,133,35.00
2026-07-10,15:11:10,36725,6190.00,53.3621,135,35.00
2026-07-10,15:11:20,36735,6250.00,53.8793,131,35.00
2026-07-10,15:11:30,36745,6313.33,54.4253,128,35.00
2026-07-10,15:11:40,36755,6416.67,55.3161,133,36.00
2026-07-10,15:11:50,36765,6503.33,56.0632,130,35.00
2026-07-10,15:12:00,36775,6596.67,56.8678,141,35.00
2026-07-10,15:12:10,36785,6673.33,57.5287,129,35.00
2026-07-10,15:12:20,36795,6736.67,58.0747,126,36.00
2026-07-10,15:12:30,36805,6776.67,58.4195,135,35.00
2026-07-10,15:12:40,36815,6760.00,58.2759,136,35.00
2026-07-10,15:12:50,36825,6726.67,57.9885,133,35.00
2026-07-10,15:13:00,36835,6680.00,57.5862,132,35.00
2026-07-10,15:13:10,36845,6676.67,57.5575,133,35.00
2026-07-10,15:13:20,36855,6740.00,58.1034,142,35.00
2026-07-10,15:13:30,36865,6813.33,58.7356,142,35.00
2026-07-10,15:13:40,36875,6930.00,59.7414,142,35.00
2026-07-10,15:13:50,36885,7066.67,60.9195,145,36.00
2026-07-10,15:14:00,36895,7266.67,62.6437,133,35.00
2026-07-10,15:14:10,36905,7420.00,63.9655,138,35.00
2026-07-10,15:14:20,36915,7583.33,65.3736,139,36.00
2026-07-10,15:14:30,36925,7703.33,66.4080,139,36.00
2026-07-10,15:14:40,36935,7780.00,67.0690,150,36.00
2026-07-10,15:14:50,36945,7770.00,66.9828,143,36.00
2026-07-10,15:15:00,36955,7783.33,67.0977,140,36.00
2026-07-10,15:15:10,36965,7816.67,67.3851,134,36.00
2026-07-10,15:15:20,36975,7836.67,67.5575,145,36.00
2026-07-10,15:15:30,36985,7943.33,68.4770,148,36.00
2026-07-10,15:15:40,36995,8216.67,70.8333,151,36.00
2026-07-10,15:15:50,37005,8533.33,73.5632,151,36.00
2026-07-10,15:16:00,37015,8826.67,76.0919,159,36.00
2026-07-10,15:16:10,37025,9033.33,77.8736,154,36.00
2026-07-10,15:16:20,37035,9166.67,79.0230,159,36.00
2026-07-10,15:16:30,37045,9266.67,79.8850,152,36.00
2026-07-10,15:16:40,37055,9343.33,80.5460,147,36.00
2026-07-10,15:16:50,37065,9416.67,81.1782,147,36.00
2026-07-10,15:17:00,37075,9476.67,81.6954,149,36.00
2026-07-10,15:17:10,37085,9520.00,82.0690,150,36.00
2026-07-10,15:17:20,37095,9560.00,82.4138,150,36.00
2026-07-10,15:17:30,37105,9610.00,82.8448,147,36.00
2026-07-10,15:17:40,37115,9690.00,83.5345,142,36.00
2026-07-10,15:17:50,37125,9770.00,84.2241,140,36.00
2026-07-10,15:18:00,37135,9853.33,84.9425,136,36.00
2026-07-10,15:18:10,37145,9923.33,85.5460,134,36.00
2026-07-10,15:18:20,37155,10056.67,86.6954,137,36.00
2026-07-10,15:18:30,37165,10226.67,88.1609,135,36.00
2026-07-10,15:18:40,37175,10436.67,89.9713,145,36.00
2026-07-10,15:18:50,37185,10620.00,91.5517,152,36.00
2026-07-10,15:19:00,37195,10823.33,93.3046,156,36.00
2026-07-10,15:19:10,37205,11033.33,95.1149,163,36.00
2026-07-10,15:19:19,37215,11280.00,97.2414,151,36.00
2026-07-10,15:19:29,37225,11466.67,98.8506,168,36.00
2026-07-10,15:19:39,37235,11620.00,100.1724,163,36.00
2026-07-10,15:19:49,37245,11710.00,100.9483,162,36.00
2026-07-10,15:19:59,37255,11760.00,101.3793,169,36.00
2026-07-10,15:20:09,37265,11773.33,101.4942,171,36.00
2026-07-10,15:20:19,37275,11760.00,101.3793,179,36.00
2026-07-10,15:20:29,37285,11710.00,100.9483,178,37.00
2026-07-10,15:20:39,37295,11616.67,100.1437,176,37.00
2026-07-10,15:20:49,37305,11480.00,98.9655,173,37.00
2026-07-10,15:20:59,37315,11323.33,97.6149,178,37.00
2026-07-10,15:21:09,37325,11146.67,96.0919,184,37.00
2026-07-10,15:21:19,37335,10943.33,94.3391,180,37.00
2026-07-10,15:21:29,37345,10736.67,92.5575,176,37.00
2026-07-10,15:21:39,37355,10503.33,90.5460,180,37.00
2026-07-10,15:21:49,37365,10273.33,88.5632,179,37.00
2026-07-10,15:21:59,37375,10036.67,86.5230,174,37.00
2026-07-10,15:22:09,37385,9800.00,84.4828,166,37.00
2026-07-10,15:22:19,37395,9590.00,82.6724,162,37.00
2026-07-10,15:22:29,37405,9386.67,80.9195,161,37.00
2026-07-10,15:22:39,37415,9203.33,79.3391,161,37.00
2026-07-10,15:22:49,37425,9050.00,78.0172,158,37.00
2026-07-10,15:22:59,37435,8896.67,76.6954,164,37.00
2026-07-10,15:23:09,37445,8776.67,75.6609,167,37.00
2026-07-10,15:23:19,37455,8663.33,74.6839,153,37.00
2026-07-10,15:23:29,37465,8553.33,73.7356,166,37.00
2026-07-10,15:23:39,37475,8446.67,72.8161,161,37.00
2026-07-10,15:23:49,37485,8376.67,72.2126,158,37.00
2026-07-10,15:23:59,37495,8330.00,71.8103,158,37.00
2026-07-10,15:24:09,37505,8310.00,71.6379,153,37.00
2026-07-10,15:24:19,37515,8296.67,71.5230,148,37.00
2026-07-10,15:24:29,37525,8290.00,71.4655,155,37.00
2026-07-10,15:24:39,37535,8283.33,71.4080,155,37.00
2026-07-10,15:24:49,37545,8286.67,71.4368,154,37.00
2026-07-10,15:24:59,37555,8296.67,71.5230,152,37.00
2026-07-10,15:25:09,37565,8296.67,71.5230,156,37.00
2026-07-10,15:25:19,37575,8293.33,71.4942,157,37.00
2026-07-10,15:25:29,37585,8276.67,71.3506,155,37.00
2026-07-10,15:25:39,37595,8250.00,71.1207,156,37.00
2026-07-10,15:25:49,37605,8213.33,70.8046,154,37.00
2026-07-10,15:25:59,37615,8170.00,70.4310,157,37.00
2026-07-10,15:26:09,37625,8083.33,69.6839,156,37.00
2026-07-10,15:26:19,37635,8006.67,69.0230,156,37.00
2026-07-10,15:26:29,37645,7920.00,68.2759,151,37.00
2026-07-10,15:26:39,37655,7840.00,67.5862,151,37.00
2026-07-10,15:26:49,37665,7760.00,66.8965,148,37.00
2026-07-10,15:26:59,37675,7686.67,66.2644,147,37.00
2026-07-10,15:27:09,37685,7616.67,65.6609,150,37.00
2026-07-10,15:27:19,37695,7553.33,65.1149,148,37.00
2026-07-10,15:27:29,37705,7493.33,64.5977,142,36.00
2026-07-10,15:27:39,37715,7456.67,64.2816,140,36.00
2026-07-10,15:27:49,37725,7413.33,63.9080,143,36.00
2026-07-10,15:27:59,37735,7373.33,63.5632,142,37.00
2026-07-10,15:28:09,37745,7343.33,63.3046,137,36.00
2026-07-10,15:28:19,37755,7333.33,63.2184,138,36.00
2026-07-10,15:28:29,37765,7343.33,63.3046,139,36.00
2026-07-10,15:28:39,37775,7366.67,63.5057,141,36.00
2026-07-10,15:28:49,37785,7406.67,63.8506,140,36.00
2026-07-10,15:28:59,37795,7470.00,64.3965,144,36.00
2026-07-10,15:29:09,37805,7540.00,65.0000,146,36.00
2026-07-10,15:29:19,37815,7626.67,65.7471,149,36.00
2026-07-10,15:29:29,37825,7736.67,66.6954,153,36.00
2026-07-10,15:29:39,37835,7853.33,67.7011,151,36.00
2026-07-10,15:29:49,37845,7970.00,68.7069,155,36.00
2026-07-10,15:29:59,37855,8123.33,70.0287,150,36.00
2026-07-10,15:30:09,37865,8266.67,71.2644,153,36.00
2026-07-10,15:30:18,37875,8430.00,72.6724,149,36.00
2026-07-10,15:30:28,37885,8616.67,74.2816,158,36.00
2026-07-10,15:30:38,37895,8803.33,75.8908,160,37.00
2026-07-10,15:30:48,37905,9016.67,77.7299,165,36.00
2026-07-10,15:30:58,37915,9226.67,79.5402,170,36.00
2026-07-10,15:31:08,37925,9450.00,81.4655,167,36.00
2026-07-10,15:31:18,37935,9676.67,83.4195,169,36.00
2026-07-10,15:31:28,37945,9913.33,85.4598,169,36.00
2026-07-10,15:31:38,37955,10143.33,87.4425,174,37.00
2026-07-10,15:31:48,37965,10376.67,89.4540,176,37.00
2026-07-10,15:31:58,37975,10593.33,91.3218,181,37.00
2026-07-10,15:32:08,37985,10820.00,93.2759,183,37.00
2026-07-10,15:32:18,37995,11023.33,95.0287,183,37.00
2026-07-10,15:32:28,38005,11246.67,96.9540,186,37.00
2026-07-10,15:32:38,38015,11456.67,98.7644,173,37.00
2026-07-10,15:32:48,38025,11680.00,100.6897,187,37.00
2026-07-10,15:32:58,38035,11890.00,102.5000,184,37.00
2026-07-10,15:33:08,38045,12126.67,104.5402,186,37.00
2026-07-10,15:33:18,38055,12403.33,106.9253,185,37.00
2026-07-10,15:33:28,38065,12670.00,109.2241,189,37.00
2026-07-10,15:33:38,38075,12936.67,111.5230,187,37.00
2026-07-10,15:33:48,38085,13226.67,114.0230,195,37.00
2026-07-10,15:33:58,38095,13503.33,116.4080,189,37.00
2026-07-10,15:34:08,38105,13766.67,118.6782,197,37.00
2026-07-10,15:34:18,38115,13996.67,120.6609,197,37.00
2026-07-10,15:34:28,38125,14216.67,122.5575,207,38.00
2026-07-10,15:34:38,38135,14396.67,124.1092,210,37.00
2026-07-10,15:34:48,38145,14560.00,125.5172,213,38.00
2026-07-10,15:34:58,38155,14676.67,126.5230,212,38.00
2026-07-10,15:35:08,38165,14736.67,127.0402,214,38.00
2026-07-10,15:35:18,38175,14800.00,127.5862,212,38.00
2026-07-10,15:35:28,38185,14793.33,127.5287,210,38.00
2026-07-10,15:35:38,38195,14770.00,127.3276,211,38.00
2026-07-10,15:35:48,38205,14740.00,127.0690,213,38.00
2026-07-10,15:35:58,38215,14730.00,126.9827,213,38.00
2026-07-10,15:36:08,38225,14716.67,126.8678,210,38.00
2026-07-10,15:36:18,38235,14673.33,126.4942,210,38.00
2026-07-10,15:36:28,38245,14583.33,125.7184,210,38.00
2026-07-10,15:36:38,38255,14486.67,124.8850,211,39.00
2026-07-10,15:36:48,38265,14350.00,123.7069,208,39.00
2026-07-10,15:36:58,38275,14196.67,122.3850,208,39.00
2026-07-10,15:37:08,38285,14020.00,120.8621,211,39.00
2026-07-10,15:37:18,38295,13850.00,119.3965,206,39.00
2026-07-10,15:37:28,38305,13630.00,117.5000,211,39.00
2026-07-10,15:37:38,38315,13386.67,115.4023,207,39.00
2026-07-10,15:37:48,38325,13180.00,113.6207,206,39.00
2026-07-10,15:37:58,38335,13006.67,112.1264,204,39.00
2026-07-10,15:38:08,38345,12826.67,110.5747,207,39.00
2026-07-10,15:38:18,38355,12680.00,109.3103,201,39.00
2026-07-10,15:38:28,38365,12646.67,109.0230,203,39.00
2026-07-10,15:38:38,38375,12626.67,108.8506,204,39.00
2026-07-10,15:38:48,38385,12590.00,108.5345,201,39.00
2026-07-10,15:38:58,38395,12533.33,108.0460,201,39.00
2026-07-10,15:39:08,38405,12426.67,107.1264,203,39.00
2026-07-10,15:39:18,38415,12223.33,105.3736,200,39.00
2026-07-10,15:39:28,38425,11946.67,102.9885,197,39.00
2026-07-10,15:39:38,38435,11700.00,100.8621,191,39.00
2026-07-10,15:39:48,38445,11496.67,99.1092,185,39.00
2026-07-10,15:39:58,38455,11323.33,97.6149,187,39.00
2026-07-10,15:40:08,38465,11153.33,96.1494,185,39.00
2026-07-10,15:40:18,38475,11020.00,95.0000,182,39.00
2026-07-10,15:40:28,38485,10963.33,94.5115,181,39.00
2026-07-10,15:40:38,38495,10990.00,94.7414,179,39.00
2026-07-10,15:40:48,38505,10956.67,94.4540,174,39.00
2026-07-10,15:40:58,38515,10806.67,93.1609,165,39.00
2026-07-10,15:41:08,38525,10610.00,91.4655,169,39.00
2026-07-10,15:41:18,38535,10253.33,88.3908,158,39.00
2026-07-10,15:41:28,38545,9763.33,84.1667,163,39.00
2026-07-10,15:41:37,38555,9286.67,80.0575,157,39.00
2026-07-10,15:41:47,38565,8866.67,76.4368,156,39.00
2026-07-10,15:41:57,38575,8503.33,73.3046,153,39.00
2026-07-10,15:42:07,38585,8236.67,71.0057,159,39.00
2026-07-10,15:42:17,38595,8166.67,70.4023,150,39.00
2026-07-10,15:42:27,38605,8266.67,71.2644,155,39.00
2026-07-10,15:42:37,38615,8536.67,73.5919,163,38.00
2026-07-10,15:42:47,38625,8896.67,76.6954,168,39.00
2026-07-10,15:42:57,38635,9320.00,80.3448,175,38.00
2026-07-10,15:43:07,38645,9710.00,83.7069,175,38.00
2026-07-10,15:43:17,38655,10120.00,87.2414,174,39.00
2026-07-10,15:43:27,38665,10490.00,90.4310,173,39.00
2026-07-10,15:43:37,38675,10783.33,92.9598,167,38.00
2026-07-10,15:43:47,38685,11183.33,96.4080,164,39.00
2026-07-10,15:43:57,38695,11583.33,99.8563,176,39.00
2026-07-10,15:44:07,38705,11953.33,103.0460,178,39.00
2026-07-10,15:44:17,38715,12323.33,106.2356,180,39.00
2026-07-10,15:44:27,38725,12653.33,109.0805,182,39.00
2026-07-10,15:44:37,38735,13016.67,112.2126,183,39.00
2026-07-10,15:44:47,38745,13310.00,114.7414,182,39.00
2026-07-10,15:44:57,38755,13480.00,116.2069,188,39.00
2026-07-10,15:45:07,38765,13626.67,117.4713,187,39.00
2026-07-10,15:45:17,38775,13766.67,118.6782,188,39.00
2026-07-10,15:45:27,38785,13910.00,119.9138,187,39.00
2026-07-10,15:45:37,38795,14053.33,121.1494,185,39.00
2026-07-10,15:45:47,38805,14340.00,123.6207,191,39.00
2026-07-10,15:45:57,38815,14593.33,125.8046,190,39.00
2026-07-10,15:46:07,38825,14723.33,126.9253,184,39.00
2026-07-10,15:46:17,38835,14783.33,127.4425,188,39.00
2026-07-10,15:46:27,38845,14826.67,127.8161,186,39.00
2026-07-10,15:46:37,38855,14963.33,128.9942,181,39.00
2026-07-10,15:46:47,38865,15046.67,129.7126,183,39.00
2026-07-10,15:46:57,38875,15103.33,130.2011,181,39.00
2026-07-10,15:47:07,38885,15123.33,130.3736,183,40.00
2026-07-10,15:47:17,38895,15060.00,129.8276,182,40.00
2026-07-10,15:47:27,38905,14993.33,129.2529,185,40.00
2026-07-10,15:47:37,38915,14833.33,127.8736,179,40.00
2026-07-10,15:47:47,38925,14596.67,125.8333,181,40.00
2026-07-10,15:47:57,38935,14320.00,123.4483,175,40.00
2026-07-10,15:48:07,38945,14016.67,120.8333,176,40.00
2026-07-10,15:48:17,38955,13740.00,118.4483,177,40.00
2026-07-10,15:48:27,38965,13536.67,116.6954,171,40.00
2026-07-10,15:48:37,38975,13320.00,114.8276,171,40.00
2026-07-10,15:48:47,38985,13070.00,112.6724,168,40.00
2026-07-10,15:48:57,38995,12836.67,110.6609,165,40.00
2026-07-10,15:49:07,39005,12570.00,108.3621,172,40.00
2026-07-10,15:49:17,39015,12336.67,106.3506,154,40.00
2026-07-10,15:49:27,39025,11910.00,102.6724,173,40.00
2026-07-10,15:49:37,39035,11386.67,98.1609,162,40.00
2026-07-10,15:49:47,39045,10860.00,93.6207,161,40.00
2026-07-10,15:49:57,39055,10323.33,88.9942,157,40.00
2026-07-10,15:50:07,39065,9773.33,84.2529,151,40.00
2026-07-10,15:50:17,39075,9200.00,79.3103,144,40.00
2026-07-10,15:50:27,39085,8633.33,74.4253,143,40.00
2026-07-10,15:50:37,39095,8183.33,70.5460,129,39.00
2026-07-10,15:50:47,39105,7863.33,67.7874,145,39.00
2026-07-10,15:50:57,39115,7720.00,66.5517,131,39.00
2026-07-10,15:51:07,39125,7750.00,66.8103,135,39.00
2026-07-10,15:51:17,39135,7910.00,68.1897,144,39.00
2026-07-10,15:51:27,39145,8046.67,69.3678,149,39.00
2026-07-10,15:51:37,39155,8233.33,70.9770,145,39.00
2026-07-10,15:51:47,39165,8410.00,72.5000,156,39.00
2026-07-10,15:51:57,39175,8563.33,73.8218,158,39.00
2026-07-10,15:52:06,39185,8626.67,74.3678,165,39.00
2026-07-10,15:52:16,39195,8630.00,74.3966,160,39.00
2026-07-10,15:52:26,39205,8580.00,73.9655,159,39.00
2026-07-10,15:52:36,39215,8380.00,72.2414,179,39.00
2026-07-10,15:52:46,39225,8060.00,69.4828,149,39.00
2026-07-10,15:52:56,39235,7740.00,66.7241,148,39.00
2026-07-10,15:53:06,39245,7380.00,63.6207,139,39.00
2026-07-10,15:53:16,39255,6986.67,60.2299,143,39.00
2026-07-10,15:53:26,39265,6560.00,56.5517,135,38.00
2026-07-10,15:53:36,39275,6116.67,52.7299,131,38.00
2026-07-10,15:53:46,39285,5730.00,49.3966,133,38.00
2026-07-10,15:53:56,39295,5476.67,47.2126,123,38.00
2026-07-10,15:54:06,39305,5376.67,46.3506,136,38.00
2026-07-10,15:54:16,39315,5403.33,46.5805,126,38.00
2026-07-10,15:54:26,39325,5580.00,48.1034,123,38.00
2026-07-10,15:54:36,39335,5806.67,50.0575,130,38.00
2026-07-10,15:54:46,39345,6063.33,52.2701,128,38.00
2026-07-10,15:54:56,39355,6270.00,54.0517,126,38.00
2026-07-10,15:55:06,39365,6476.67,55.8333,137,38.00
2026-07-10,15:55:16,39375,6656.67,57.3851,128,38.00
2026-07-10,15:55:26,39385,6780.00,58.4483,132,38.00
2026-07-10,15:55:36,39395,6866.67,59.1954,130,38.00
2026-07-10,15:55:46,39405,6876.67,59.2816,145,38.00
2026-07-10,15:55:56,39415,6843.33,58.9943,144,38.00
2026-07-10,15:56:06,39425,6753.33,58.2184,133,37.00
2026-07-10,15:56:16,39435,6713.33,57.8736,141,37.00
2026-07-10,15:56:26,39445,6763.33,58.3046,139,37.00
2026-07-10,15:56:36,39455,6926.67,59.7126,135,37.00
2026-07-10,15:56:46,39465,7140.00,61.5517,132,37.00
2026-07-10,15:56:56,39475,7430.00,64.0517,135,37.00
2026-07-10,15:57:06,39485,7743.33,66.7529,144,37.00
2026-07-10,15:57:16,39495,7996.67,68.9368,144,37.00
2026-07-10,15:57:26,39505,8236.67,71.0057,141,37.00
2026-07-10,15:57:36,39515,8423.33,72.6149,137,37.00
2026-07-10,15:57:46,39525,8596.67,74.1092,138,37.00
2026-07-10,15:57:56,39535,8713.33,75.1149,146,37.00
2026-07-10,15:58:06,39545,8836.67,76.1782,141,37.00
2026-07-10,15:58:16,39555,8940.00,77.0690,142,37.00
2026-07-10,15:58:26,39565,9016.67,77.7299,155,37.00
2026-07-10,15:58:36,39575,9103.33,78.4770,152,37.00
2026-07-10,15:58:46,39585,9173.33,79.0805,155,37.00
2026-07-10,15:58:56,39595,9196.67,79.2816,157,37.00
2026-07-10,15:59:06,39605,9123.33,78.6494,158,37.00
2026-07-10,15:59:16,39615,8976.67,77.3850,162,37.00
2026-07-10,15:59:26,39625,8733.33,75.2874,160,37.00
2026-07-10,15:59:36,39635,8393.33,72.3563,160,37.00
2026-07-10,15:59:46,39645,8000.00,68.9655,150,37.00
2026-07-10,15:59:56,39655,7623.33,65.7184,148,37.00
2026-07-10,16:00:06,39665,7266.67,62.6437,144,37.00
2026-07-10,16:00:16,39675,7013.33,60.4598,140,37.00
2026-07-10,16:00:26,39685,6880.00,59.3103,135,37.00
2026-07-10,16:00:36,39695,6783.33,58.4770,131,37.00
2026-07-10,16:00:46,39705,6700.00,57.7586,133,37.00
2026-07-10,16:00:56,39715,6693.33,57.7011,136,37.00
2026-07-10,16:01:06,39725,6663.33,57.4425,146,37.00
2026-07-10,16:01:16,39735,6626.67,57.1264,147,37.00
2026-07-10,16:01:26,39745,6556.67,56.5230,153,37.00
2026-07-10,16:01:36,39755,6443.33,55.5460,156,37.00
2026-07-10,16:01:46,39765,6243.33,53.8218,145,37.00
2026-07-10,16:01:56,39775,6006.67,51.7816,143,37.00
2026-07-10,16:02:06,39785,5650.00,48.7069,145,37.00
2026-07-10,16:02:16,39795,5220.00,45.0000,126,37.00
2026-07-10,16:02:26,39805,4760.00,41.0345,137,37.00
2026-07-10,16:02:35,39815,4303.33,37.0977,126,37.00
2026-07-10,16:02:45,39825,3866.67,33.3333,128,37.00
2026-07-10,16:02:55,39835,3583.33,30.8908,119,36.00
2026-07-10,16:03:05,39845,3486.67,30.0575,128,36.00
2026-07-10,16:03:15,39855,3556.67,30.6609,131,36.00
2026-07-10,16:03:25,39865,3700.00,31.8965,123,36.00
2026-07-10,16:03:35,39875,3843.33,33.1322,130,36.00
2026-07-10,16:03:45,39885,3960.00,34.1379,123,36.00
2026-07-10,16:03:55,39895,4036.67,34.7988,122,36.00
2026-07-10,16:04:05,39905,4033.33,34.7701,126,36.00
2026-07-10,16:04:15,39915,3956.67,34.1092,124,36.00
2026-07-10,16:04:25,39925,3840.00,33.1034,124,36.00
2026-07-10,16:04:35,39935,3736.67,32.2126,125,36.00
2026-07-10,16:04:45,39945,3663.33,31.5805,135,36.00
2026-07-10,16:04:55,39955,3586.67,30.9195,129,36.00
2026-07-10,16:05:05,39965,3506.67,30.2299,131,36.00
2026-07-10,16:05:15,39975,3420.00,29.4828,128,36.00
2026-07-10,16:05:25,39985,3296.67,28.4195,124,36.00
2026-07-10,16:05:35,39995,3166.67,27.2988,123,36.00
2026-07-10,16:05:45,40005,3040.00,26.2069,130,36.00
2026-07-10,16:05:55,40015,2923.33,25.2011,136,36.00
2026-07-10,16:06:05,40025,2850.00,24.5690,125,36.00
2026-07-10,16:06:15,40035,2800.00,24.1379,128,36.00
2026-07-10,16:06:25,40045,2780.00,23.9655,129,36.00
2026-07-10,16:06:35,40055,2753.33,23.7356,128,35.00
2026-07-10,16:06:45,40065,2736.67,23.5920,126,35.00
2026-07-10,16:06:55,40075,2743.33,23.6494,126,35.00
2026-07-10,16:07:05,40085,2756.67,23.7644,119,35.00
2026-07-10,16:07:15,40095,2806.67,24.1954,122,35.00
2026-07-10,16:07:25,40105,2883.33,24.8563,122,35.00
2026-07-10,16:07:35,40115,3003.33,25.8908,129,35.00
2026-07-10,16:07:45,40125,3180.00,27.4138,122,35.00
2026-07-10,16:07:55,40135,3436.67,29.6264,134,35.00
2026-07-10,16:08:05,40145,3733.33,32.1839,127,35.00
2026-07-10,16:08:15,40155,4093.33,35.2874,134,35.00
2026-07-10,16:08:25,40165,4456.67,38.4195,139,35.00
2026-07-10,16:08:35,40175,4743.33,40.8908,144,35.00
2026-07-10,16:08:45,40185,4950.00,42.6724,145,35.00
2026-07-10,16:08:55,40195,5080.00,43.7931,145,35.00
2026-07-10,16:09:05,40205,5150.00,44.3966,143,35.00
2026-07-10,16:09:15,40215,5166.67,44.5402,135,35.00
2026-07-10,16:09:25,40225,5133.33,44.2529,144,35.00
2026-07-10,16:09:35,40235,5060.00,43.6207,134,35.00
2026-07-10,16:09:45,40245,5000.00,43.1034,137,35.00
2026-07-10,16:09:55,40255,4956.67,42.7299,127,35.00
2026-07-10,16:10:05,40265,4860.00,41.8966,129,35.00
2026-07-10,16:10:15,40275,4733.33,40.8046,127,35.00
2026-07-10,16:10:25,40285,4510.00,38.8793,133,35.00
2026-07-10,16:10:35,40295,4266.67,36.7816,136,35.00
2026-07-10,16:10:45,40305,3956.67,34.1092,115,35.00
2026-07-10,16:10:55,40315,3670.00,31.6379,123,35.00
2026-07-10,16:11:05,40325,3416.67,29.4540,131,35.00
2026-07-10,16:11:15,40335,3186.67,27.4713,131,35.00
2026-07-10,16:11:25,40345,2970.00,25.6034,121,35.00
2026-07-10,16:11:35,40355,2776.67,23.9368,125,35.00
2026-07-10,16:11:45,40365,2616.67,22.5575,125,35.00
2026-07-10,16:11:55,40375,2463.33,21.2356,121,35.00
2026-07-10,16:12:05,40385,2343.33,20.2011,129,34.00
2026-07-10,16:12:15,40395,2260.00,19.4828,123,34.00
2026-07-10,16:12:25,40405,2213.33,19.0805,123,34.00
2026-07-10,16:12:35,40415,2220.00,19.1379,128,34.00
2026-07-10,16:12:45,40425,2256.67,19.4540,122,34.00
2026-07-10,16:12:54,40435,2310.00,19.9138,123,34.00
2026-07-10,16:13:04,40445,2400.00,20.6897,122,34.00
2026-07-10,16:13:14,40455,2536.67,21.8678,127,34.00
2026-07-10,16:13:24,40465,2696.67,23.2471,127,34.00
2026-07-10,16:13:34,40475,2836.67,24.4540,128,34.00
2026-07-10,16:13:44,40485,2950.00,25.4310,133,34.00
2026-07-10,16:13:54,40495,3030.00,26.1207,131,34.00
2026-07-10,16:14:04,40505,3023.33,26.0632,122,34.00
2026-07-10,16:14:14,40515,3000.00,25.8621,130,34.00
2026-07-10,16:14:24,40525,2913.33,25.1149,124,34.00
2026-07-10,16:14:34,40535,2796.67,24.1092,125,34.00
2026-07-10,16:14:44,40545,2620.00,22.5862,124,34.00
2026-07-10,16:14:54,40555,2416.67,20.8333,128,34.00
2026-07-10,16:15:04,40565,2280.00,19.6552,134,34.00
2026-07-10,16:15:14,40575,2176.67,18.7644,126,33.00
2026-07-10,16:15:24,40585,2110.00,18.1897,130,34.00
2026-07-10,16:15:34,40595,2106.67,18.1609,132,34.00
2026-07-10,16:15:44,40605,2133.33,18.3908,130,34.00
2026-07-10,16:15:54,40615,2173.33,18.7356,133,33.00
2026-07-10,16:16:04,40625,2223.33,19.1667,125,33.00
2026-07-10,16:16:14,40635,2290.00,19.7414,128,33.00
2026-07-10,16:16:24,40645,2356.67,20.3161,130,33.00
2026-07-10,16:16:34,40655,2433.33,20.9770,124,33.00
2026-07-10,16:16:44,40665,2563.33,22.0977,128,33.00
2026-07-10,16:16:54,40675,2780.00,23.9655,127,33.00
2026-07-10,16:17:04,40685,3100.00,26.7241,128,33.00
2026-07-10,16:17:14,40695,3483.33,30.0287,128,33.00
2026-07-10,16:17:24,40705,3843.33,33.1322,127,33.00
2026-07-10,16:17:34,40715,4123.33,35.5460,130,33.00
2026-07-10,16:17:44,40725,4276.67,36.8678,135,33.00
2026-07-10,16:17:54,40735,4246.67,36.6092,138,33.00
2026-07-10,16:18:04,40745,4146.67,35.7471,135,33.00
2026-07-10,16:18:14,40755,4046.67,34.8851,124,33.00
2026-07-10,16:18:24,40765,3970.00,34.2241,135,33.00
2026-07-10,16:18:34,40775,3930.00,33.8793,129,33.00
2026-07-10,16:18:44,40785,3923.33,33.8218,129,33.00
2026-07-10,16:18:54,40795,3913.33,33.7356,127,33.00
2026-07-10,16:19:04,40805,3866.67,33.3333,135,33.00
2026-07-10,16:19:14,40815,3810.00,32.8448,127,33.00
2026-07-10,16:19:24,40825,3816.67,32.9023,132,33.00
2026-07-10,16:19:34,40835,3903.33,33.6494,129,33.00
2026-07-10,16:19:44,40845,4040.00,34.8276,131,33.00
2026-07-10,16:19:54,40855,4276.67,36.8678,127,33.00
2026-07-10,16:20:04,40865,4533.33,39.0805,129,33.00
2026-07-10,16:20:14,40875,4773.33,41.1494,130,33.00
2026-07-10,16:20:24,40885,4966.67,42.8161,137,33.00
2026-07-10,16:20:34,40895,5203.33,44.8563,131,33.00
2026-07-10,16:20:44,40905,5556.67,47.9023,130,33.00
2026-07-10,16:20:54,40915,5983.33,51.5805,126,33.00
2026-07-10,16:21:04,40925,6293.33,54.2529,145,33.00
2026-07-10,16:21:14,40935,6526.67,56.2644,135,33.00
2026-07-10,16:21:24,40945,6613.33,57.0115,147,33.00
2026-07-10,16:21:34,40955,6603.33,56.9253,137,33.00
2026-07-10,16:21:44,40965,6533.33,56.3218,143,33.00
2026-07-10,16:21:54,40975,6506.67,56.0920,132,33.00
2026-07-10,16:22:04,40985,6583.33,56.7529,135,34.00
2026-07-10,16:22:14,40995,6756.67,58.2471,123,33.00
2026-07-10,16:22:24,41005,6973.33,60.1149,128,34.00
2026-07-10,16:22:34,41015,7166.67,61.7816,135,33.00
2026-07-10,16:22:44,41025,7283.33,62.7874,136,34.00
2026-07-10,16:22:54,41035,7293.33,62.8736,136,33.00
2026-07-10,16:23:04,41045,7236.67,62.3851,133,34.00
2026-07-10,16:23:14,41055,7236.67,62.3851,134,34.00
2026-07-10,16:23:24,41065,7300.00,62.9310,137,34.00
2026-07-10,16:23:34,41075,7433.33,64.0805,139,34.00
2026-07-10,16:23:43,41085,7566.67,65.2299,146,34.00
2026-07-10,16:23:53,41095,7766.67,66.9540,158,34.00
2026-07-10,16:24:03,41105,7936.67,68.4195,155,34.00
2026-07-10,16:24:13,41115,8086.67,69.7126,154,34.00
2026-07-10,16:24:23,41125,8156.67,70.3161,158,34.00
2026-07-10,16:24:33,41135,8170.00,70.4310,152,34.00
2026-07-10,16:24:43,41145,8190.00,70.6034,146,34.00
2026-07-10,16:24:53,41155,8196.67,70.6609,156,34.00
2026-07-10,16:25:03,41165,8166.67,70.4023,158,34.00
2026-07-10,16:25:13,41175,8133.33,70.1149,152,34.00
2026-07-10,16:25:23,41185,8030.00,69.2241,152,34.00
2026-07-10,16:25:33,41195,7853.33,67.7011,147,34.00
2026-07-10,16:25:43,41205,7613.33,65.6322,151,34.00
2026-07-10,16:25:53,41215,7406.67,63.8506,146,34.00
2026-07-10,16:26:03,41225,7146.67,61.6092,149,34.00
2026-07-10,16:26:13,41235,6866.67,59.1954,146,34.00
2026-07-10,16:26:23,41245,6576.67,56.6954,146,34.00
2026-07-10,16:26:33,41255,6306.67,54.3678,141,34.00
2026-07-10,16:26:43,41265,6083.33,52.4425,145,34.00
2026-07-10,16:26:53,41275,5850.00,50.4310,140,34.00
2026-07-10,16:27:03,41285,5633.33,48.5632,135,34.00
2026-07-10,16:27:13,41295,5480.00,47.2414,131,34.00
2026-07-10,16:27:23,41305,5423.33,46.7529,138,34.00
2026-07-10,16:27:33,41315,5406.67,46.6092,131,34.00
2026-07-10,16:27:43,41325,5406.67,46.6092,135,34.00
2026-07-10,16:27:53,41335,5450.00,46.9828,129,34.00
2026-07-10,16:28:03,41345,5450.00,46.9828,142,34.00
2026-07-10,16:28:13,41355,5440.00,46.8966,134,34.00
2026-07-10,16:28:23,41365,5450.00,46.9828,138,34.00
2026-07-10,16:28:33,41375,5476.67,47.2126,130,34.00
2026-07-10,16:28:43,41385,5476.67,47.2126,133,34.00
2026-07-10,16:28:53,41395,5436.67,46.8678,136,34.00
2026-07-10,16:29:03,41405,5393.33,46.4943,140,34.00
2026-07-10,16:29:13,41415,5370.00,46.2931,138,34.00
2026-07-10,16:29:23,41425,5376.67,46.3506,138,34.00
2026-07-10,16:29:33,41435,5370.00,46.2931,132,34.00
2026-07-10,16:29:43,41445,5340.00,46.0345,138,34.00
2026-07-10,16:29:53,41455,5256.67,45.3161,138,34.00
2026-07-10,16:30:03,41465,5196.67,44.7988,131,34.00
2026-07-10,16:30:13,41475,5170.00,44.5690,131,34.00
2026-07-10,16:30:23,41485,5040.00,43.4483,132,34.00
2026-07-10,16:30:33,41495,4930.00,42.5000,135,34.00
2026-07-10,16:30:43,41505,4786.67,41.2644,129,34.00
2026-07-10,16:30:53,41515,4526.67,39.0230,132,34.00
2026-07-10,16:31:03,41525,4170.00,35.9483,123,34.00
2026-07-10,16:31:13,41535,3880.00,33.4483,123,34.00
2026-07-10,16:31:23,41545,3666.67,31.6092,126,34.00
2026-07-10,16:31:33,41555,3510.00,30.2586,119,34.00
2026-07-10,16:31:43,41565,3350.00,28.8793,122,34.00
2026-07-10,16:31:53,41575,3213.33,27.7011,123,34.00
2026-07-10,16:32:03,41585,3096.67,26.6954,128,34.00
2026-07-10,16:32:13,41595,3003.33,25.8908,118,34.00
2026-07-10,16:32:23,41605,3003.33,25.8908,123,34.00
2026-07-10,16:32:33,41615,3063.33,26.4080,126,34.00
2026-07-10,16:32:43,41625,3126.67,26.9540,125,33.00
2026-07-10,16:32:53,41635,3170.00,27.3276,128,34.00
2026-07-10,16:33:03,41645,3186.67,27.4713,121,33.00
2026-07-10,16:33:13,41655,3166.67,27.2988,123,34.00
2026-07-10,16:33:23,41665,3136.67,27.0402,124,34.00
2026-07-10,16:33:33,41675,3126.67,26.9540,129,33.00
2026-07-10,16:33:43,41685,3100.00,26.7241,129,33.00
2026-07-10,16:33:53,41695,3140.00,27.0690,129,33.00
2026-07-10,16:34:03,41705,3230.00,27.8448,127,33.00
2026-07-10,16:34:13,41715,3306.67,28.5057,135,33.00
2026-07-10,16:34:23,41725,3386.67,29.1954,128,33.00
2026-07-10,16:34:32,41735,3496.67,30.1437,132,33.00
2026-07-10,16:34:42,41745,3603.33,31.0632,125,33.00
2026-07-10,16:34:52,41755,3720.00,32.0690,133,33.00
2026-07-10,16:35:02,41765,3803.33,32.7874,125,33.00
2026-07-10,16:35:12,41775,3850.00,33.1897,130,33.00
2026-07-10,16:35:22,41785,3823.33,32.9598,129,33.00
2026-07-10,16:35:32,41795,3750.00,32.3276,133,33.00
2026-07-10,16:35:42,41805,3643.33,31.4080,132,33.00
2026-07-10,16:35:52,41815,3530.00,30.4310,131,33.00
2026-07-10,16:36:02,41825,3450.00,29.7414,129,33.00
2026-07-10,16:36:12,41835,3360.00,28.9655,119,33.00
2026-07-10,16:36:22,41845,3270.00,28.1897,122,33.00
2026-07-10,16:36:32,41855,3220.00,27.7586,117,33.00
2026-07-10,16:36:42,41865,3190.00,27.5000,127,33.00
2026-07-10,16:36:52,41875,3176.67,27.3851,131,33.00
2026-07-10,16:37:02,41885,3196.67,27.5575,128,33.00
2026-07-10,16:37:12,41895,3246.67,27.9885,126,33.00
2026-07-10,16:37:22,41905,3290.00,28.3621,128,33.00
2026-07-10,16:37:32,41915,3296.67,28.4195,135,33.00
2026-07-10,16:37:42,41925,3276.67,28.2471,134,33.00
2026-07-10,16:37:52,41935,3183.33,27.4425,124,33.00
2026-07-10,16:38:02,41945,3123.33,26.9253,122,33.00
2026-07-10,16:38:12,41955,3156.67,27.2126,132,33.00
2026-07-10,16:38:22,41965,3210.00,27.6724,115,33.00
2026-07-10,16:38:32,41975,3286.67,28.3333,132,33.00
2026-07-10,16:38:42,41985,3373.33,29.0805,132,33.00
2026-07-10,16:38:52,41995,3493.33,30.1149,129,33.00
2026-07-10,16:39:02,42005,3613.33,31.1494,128,33.00
2026-07-10,16:39:12,42015,3736.67,32.2126,129,33.00
2026-07-10,16:39:22,42025,3960.00,34.1379,129,33.00
2026-07-10,16:39:32,42035,4233.33,36.4943,136,33.00
2026-07-10,16:39:42,42045,4540.00,39.1379,134,33.00
2026-07-10,16:39:52,42055,4896.67,42.2126,138,33.00
2026-07-10,16:40:02,42065,5266.67,45.4023,141,33.00
2026-07-10,16:40:12,42075,5580.00,48.1034,146,33.00
2026-07-10,16:40:22,42085,5773.33,49.7701,140,33.00
2026-07-10,16:40:32,42095,5880.00,50.6897,149,33.00
2026-07-10,16:40:42,42105,5993.33,51.6667,140,33.00
2026-07-10,16:40:52,42115,6053.33,52.1839,141,33.00
2026-07-10,16:41:02,42125,6106.67,52.6437,133,33.00
2026-07-10,16:41:12,42135,6220.00,53.6207,142,33.00
2026-07-10,16:41:22,42145,6450.00,55.6034,150,33.00
2026-07-10,16:41:32,42155,6720.00,57.9310,146,33.00
2026-07-10,16:41:42,42165,6913.33,59.5977,149,33.00
2026-07-10,16:41:52,42175,7053.33,60.8046,152,33.00
2026-07-10,16:42:02,42185,7156.67,61.6954,151,33.00
2026-07-10,16:42:12,42195,7263.33,62.6149,146,33.00
2026-07-10,16:42:22,42205,7506.67,64.7126,151,33.00
2026-07-10,16:42:32,42215,7853.33,67.7011,153,34.00
2026-07-10,16:42:42,42225,8190.00,70.6034,157,33.00
2026-07-10,16:42:52,42235,8440.00,72.7586,154,34.00
2026-07-10,16:43:02,42245,8613.33,74.2529,159,34.00
2026-07-10,16:43:12,42255,8656.67,74.6264,150,34.00
2026-07-10,16:43:22,42265,8660.00,74.6552,145,34.00
2026-07-10,16:43:32,42275,8610.00,74.2241,151,34.00
2026-07-10,16:43:42,42285,8430.00,72.6724,143,34.00
2026-07-10,16:43:52,42295,8240.00,71.0345,136,34.00
2026-07-10,16:44:02,42305,8056.67,69.4540,134,34.00
2026-07-10,16:44:12,42315,7953.33,68.5632,136,34.00
2026-07-10,16:44:22,42325,7940.00,68.4483,129,34.00
2026-07-10,16:44:32,42335,7960.00,68.6207,136,34.00
2026-07-10,16:44:42,42345,8036.67,69.2816,133,34.00
2026-07-10,16:44:52,42355,8210.00,70.7759,130,34.00
2026-07-10,16:45:02,42365,8393.33,72.3563,129,34.00
2026-07-10,16:45:12,42375,8686.67,74.8850,126,34.00
2026-07-10,16:45:21,42385,9023.33,77.7874,134,35.00
2026-07-10,16:45:31,42395,9346.67,80.5747,130,35.00
2026-07-10,16:45:41,42405,9623.33,82.9598,141,35.00
2026-07-10,16:45:51,42415,9860.00,85.0000,135,35.00
2026-07-10,16:46:01,42425,9866.67,85.0575,135,35.00
2026-07-10,16:46:11,42435,9796.67,84.4540,137,35.00
2026-07-10,16:46:21,42445,9706.67,83.6782,136,35.00
2026-07-10,16:46:31,42455,9673.33,83.3908,137,35.00
2026-07-10,16:46:41,42465,9630.00,83.0172,131,35.00
2026-07-10,16:46:51,42475,9616.67,82.9023,136,35.00
2026-07-10,16:47:01,42485,9570.00,82.5000,132,35.00
2026-07-10,16:47:11,42495,9516.67,82.0402,132,35.00
2026-07-10,16:47:21,42505,9466.67,81.6092,130,35.00
2026-07-10,16:47:31,42515,9513.33,82.0115,126,35.00
2026-07-10,16:47:41,42525,9553.33,82.3563,136,35.00
2026-07-10,16:47:51,42535,9586.67,82.6437,134,35.00
2026-07-10,16:48:01,42545,9600.00,82.7586,126,35.00
2026-07-10,16:48:11,42555,9560.00,82.4138,127,36.00
2026-07-10,16:48:21,42565,9486.67,81.7816,128,36.00
2026-07-10,16:48:31,42575,9460.00,81.5517,132,35.00
2026-07-10,16:48:41,42585,9400.00,81.0345,136,36.00
2026-07-10,16:48:51,42595,9286.67,80.0575,131,36.00
2026-07-10,16:49:01,42605,9200.00,79.3103,129,36.00
2026-07-10,16:49:11,42615,9200.00,79.3103,138,36.00
2026-07-10,16:49:21,42625,9256.67,79.7988,133,36.00
2026-07-10,16:49:31,42635,9313.33,80.2874,134,36.00
2026-07-10,16:49:41,42645,9346.67,80.5747,129,36.00
2026-07-10,16:49:51,42655,9463.33,81.5805,130,36.00
2026-07-10,16:50:01,42665,9650.00,83.1897,132,36.00
2026-07-10,16:50:11,42675,9860.00,85.0000,135,36.00
2026-07-10,16:50:21,42685,10053.33,86.6667,127,36.00
2026-07-10,16:50:31,42695,10286.67,88.6782,136,36.00
2026-07-10,16:50:41,42705,10466.67,90.2299,131,36.00
2026-07-10,16:50:51,42715,10696.67,92.2126,135,36.00
2026-07-10,16:51:01,42725,11023.33,95.0287,144,36.00
2026-07-10,16:51:11,42735,11236.67,96.8678,143,36.00
2026-07-10,16:51:21,42745,11306.67,97.4713,141,36.00
2026-07-10,16:51:31,42755,11353.33,97.8736,141,36.00
2026-07-10,16:51:41,42765,11263.33,97.0977,149,36.00
2026-07-10,16:51:51,42775,10963.33,94.5115,150,36.00
2026-07-10,16:52:01,42785,10510.00,90.6034,144,36.00
2026-07-10,16:52:11,42795,9996.67,86.1782,144,36.00
2026-07-10,16:52:21,42805,9550.00,82.3276,156,36.00
2026-07-10,16:52:31,42815,9190.00,79.2241,140,36.00
2026-07-10,16:52:41,42825,8970.00,77.3276,160,36.00
2026-07-10,16:52:51,42835,8843.33,76.2356,150,36.00
2026-07-10,16:53:01,42845,8753.33,75.4598,150,36.00
2026-07-10,16:53:11,42855,8603.33,74.1667,149,36.00
2026-07-10,16:53:21,42865,8383.33,72.2701,138,36.00
2026-07-10,16:53:31,42875,8096.67,69.7989,138,36.00
2026-07-10,16:53:41,42885,7756.67,66.8678,137,36.00
2026-07-10,16:53:51,42895,7363.33,63.4770,134,36.00
2026-07-10,16:54:01,42905,6940.00,59.8276,131,36.00
2026-07-10,16:54:11,42915,6543.33,56.4080,131,36.00
2026-07-10,16:54:21,42925,6123.33,52.7874,135,36.00
2026-07-10,16:54:31,42935,5733.33,49.4253,130,36.00
2026-07-10,16:54:41,42945,5323.33,45.8908,126,36.00
2026-07-10,16:54:51,42955,4933.33,42.5287,122,36.00
2026-07-10,16:55:01,42965,4580.00,39.4828,130,36.00
2026-07-10,16:55:11,42975,4250.00,36.6379,125,36.00
2026-07-10,16:55:21,42985,3950.00,34.0517,119,36.00
2026-07-10,16:55:31,42995,3653.33,31.4943,116,36.00
2026-07-10,16:55:41,43005,3363.33,28.9943,126,36.00
2026-07-10,16:55:51,43015,3103.33,26.7529,136,36.00
2026-07-10,16:56:01,43025,2856.67,24.6264,124,36.00
2026-07-10,16:56:10,43035,2650.00,22.8448,126,36.00
2026-07-10,16:56:20,43045,2466.67,21.2644,136,36.00
2026-07-10,16:56:30,43055,2333.33,20.1149,123,36.00
2026-07-10,16:56:40,43065,2216.67,19.1092,135,35.00
2026-07-10,16:56:50,43075,2136.67,18.4195,123,35.00
2026-07-10,16:57:00,43085,2066.67,17.8161,132,35.00
2026-07-10,16:57:10,43095,2030.00,17.5000,127,35.00
2026-07-10,16:57:20,43105,2010.00,17.3276,121,35.00
2026-07-10,16:57:30,43115,2023.33,17.4425,130,35.00
2026-07-10,16:57:40,43125,2063.33,17.7874,127,35.00
2026-07-10,16:57:50,43135,2116.67,18.2471,128,35.00
2026-07-10,16:58:00,43145,2200.00,18.9655,126,35.00
2026-07-10,16:58:10,43155,2290.00,19.7414,128,35.00
2026-07-10,16:58:20,43165,2380.00,20.5172,125,35.00
2026-07-10,16:58:30,43175,2466.67,21.2644,125,35.00
2026-07-10,16:58:40,43185,2540.00,21.8966,128,35.00
2026-07-10,16:58:50,43195,2580.00,22.2414,127,35.00
2026-07-10,16:59:00,43205,2536.67,21.8678,127,35.00
2026-07-10,16:59:10,43215,2463.33,21.2356,128,35.00
2026-07-10,16:59:20,43225,2373.33,20.4598,129,35.00
2026-07-10,16:59:30,43235,2283.33,19.6839,120,34.00
2026-07-10,16:59:40,43245,2210.00,19.0517,123,34.00
2026-07-10,16:59:50,43255,2173.33,18.7356,120,34.00
2026-07-10,17:00:00,43265,2150.00,18.5345,131,34.00
2026-07-10,17:00:10,43275,2156.67,18.5920,135,34.00
2026-07-10,17:00:20,43285,2180.00,18.7931,121,34.00
2026-07-10,17:00:30,43295,2226.67,19.1954,126,34.00
2026-07-10,17:00:40,43305,2306.67,19.8851,131,34.00
2026-07-10,17:00:50,43315,2416.67,20.8333,126,34.00
2026-07-10,17:01:00,43325,2526.67,21.7816,129,34.00
2026-07-10,17:01:10,43335,2640.00,22.7586,122,34.00
2026-07-10,17:01:20,43345,2740.00,23.6207,123,34.00
2026-07-10,17:01:30,43355,2823.33,24.3391,128,34.00
2026-07-10,17:01:40,43365,2886.67,24.8851,126,34.00
2026-07-10,17:01:50,43375,2906.67,25.0575,126,34.00
2026-07-10,17:02:00,43385,2896.67,24.9713,123,34.00
2026-07-10,17:02:10,43395,2873.33,24.7701,119,34.00
2026-07-10,17:02:20,43405,2840.00,24.4828,130,34.00
2026-07-10,17:02:30,43415,2823.33,24.3391,120,34.00
2026-07-10,17:02:40,43425,2800.00,24.1379,122,34.00
2026-07-10,17:02:50,43435,2773.33,23.9080,123,34.00
2026-07-10,17:03:00,43445,2710.00,23.3621,126,34.00
2026-07-10,17:03:10,43455,2630.00,22.6724,125,34.00
2026-07-10,17:03:20,43465,2536.67,21.8678,125,33.00
2026-07-10,17:03:30,43475,2440.00,21.0345,125,33.00
2026-07-10,17:03:40,43485,2323.33,20.0287,136,33.00
2026-07-10,17:03:50,43495,2183.33,18.8218,123,33.00
2026-07-10,17:04:00,43505,2036.67,17.5575,122,33.00
2026-07-10,17:04:10,43515,1903.33,16.4080,128,33.00
2026-07-10,17:04:20,43525,1746.67,15.0575,113,33.00
2026-07-10,17:04:30,43535,1576.67,13.5920,120,33.00
2026-07-10,17:04:40,43545,1433.33,12.3563,123,33.00
2026-07-10,17:04:50,43555,1296.67,11.1782,122,33.00
2026-07-10,17:05:00,43565,1146.67,9.8851,119,33.00
2026-07-10,17:05:10,43575,1020.00,8.7931,133,33.00
2026-07-10,17:05:20,43585,906.67,7.8161,121,33.00
2026-07-10,17:05:30,43595,796.67,6.8678,128,33.00
2026-07-10,17:05:40,43605,720.00,6.2069,126,33.00
2026-07-10,17:05:50,43615,650.00,5.6034,128,33.00
2026-07-10,17:06:00,43625,590.00,5.0862,132,33.00
2026-07-10,17:06:10,43635,543.33,4.6839,128,33.00
2026-07-10,17:06:20,43645,506.67,4.3678,135,33.00
2026-07-10,17:06:30,43655,480.00,4.1379,124,33.00
2026-07-10,17:06:40,43665,460.00,3.9655,125,33.00
2026-07-10,17:06:50,43675,440.00,3.7931,121,33.00
2026-07-10,17:06:59,43685,426.67,3.6782,136,33.00
2026-07-10,17:07:09,43695,393.33,3.3908,127,33.00
2026-07-10,17:07:19,43706,376.67,3.2471,130,33.00
2026-07-10,17:07:29,43716,363.33,3.1322,132,33.00
2026-07-10,17:07:39,43726,363.33,3.1322,132,33.00
2026-07-10,17:07:49,43736,380.00,3.2759,129,33.00
2026-07-10,17:07:59,43746,406.67,3.5057,131,33.00
2026-07-10,17:08:09,43756,453.33,3.9080,132,33.00
2026-07-10,17:08:19,43766,490.00,4.2241,127,33.00
2026-07-10,17:08:29,43776,520.00,4.4828,129,33.00
2026-07-10,17:08:39,43786,540.00,4.6552,131,32.00
2026-07-10,17:08:49,43796,563.33,4.8563,127,33.00
2026-07-10,17:08:59,43806,596.67,5.1437,127,32.00
2026-07-10,17:09:09,43816,640.00,5.5172,126,32.00
2026-07-10,17:09:19,43826,686.67,5.9195,130,32.00
2026-07-10,17:09:29,43836,756.67,6.5230,128,32.00
2026-07-10,17:09:39,43846,833.33,7.1839,124,32.00
2026-07-10,17:09:49,43856,920.00,7.9310,129,32.00
2026-07-10,17:09:59,43866,986.67,8.5057,130,32.00
2026-07-10,17:10:09,43876,1056.67,9.1092,123,32.00
2026-07-10,17:10:19,43886,1156.67,9.9713,132,32.00
2026-07-10,17:10:29,43896,1220.00,10.5172,128,32.00
2026-07-10,17:10:39,43906,1236.67,10.6609,128,32.00
2026-07-10,17:10:49,43916,1236.67,10.6609,127,32.00
2026-07-10,17:10:59,43926,1210.00,10.4310,123,32.00
2026-07-10,17:11:09,43936,1173.33,10.1149,132,32.00
2026-07-10,17:11:19,43946,1143.33,9.8563,123,32.00
2026-07-10,17:11:29,43956,1133.33,9.7701,125,32.00
2026-07-10,17:11:39,43966,1096.67,9.4540,127,32.00
2026-07-10,17:11:49,43976,1080.00,9.3103,133,32.00
2026-07-10,17:11:59,43986,1070.00,9.2241,126,32.00
2026-07-10,17:12:09,43996,1090.00,9.3966,131,32.00
2026-07-10,17:12:19,44006,1120.00,9.6552,124,32.00
2026-07-10,17:12:29,44016,1160.00,10.0000,133,32.00
2026-07-10,17:12:39,44026,1193.33,10.2874,133,32.00
2026-07-10,17:12:49,44036,1220.00,10.5172,131,31.00
2026-07-10,17:12:59,44046,1220.00,10.5172,129,32.00
2026-07-10,17:13:09,44056,1200.00,10.3448,124,31.00
2026-07-10,17:13:19,44066,1150.00,9.9138,119,31.00
2026-07-10,17:13:29,44076,1106.67,9.5402,132,31.00
2026-07-10,17:13:39,44086,1106.67,9.5402,129,31.00
2026-07-10,17:13:49,44096,1146.67,9.8851,129,31.00
2026-07-10,17:13:59,44106,1240.00,10.6897,129,31.00
2026-07-10,17:14:09,44116,1376.67,11.8678,122,31.00
2026-07-10,17:14:19,44126,1493.33,12.8736,134,31.00
2026-07-10,17:14:29,44136,1620.00,13.9655,125,31.00
2026-07-10,17:14:39,44146,1763.33,15.2011,124,31.00
2026-07-10,17:14:49,44156,1850.00,15.9483,124,31.00
2026-07-10,17:14:59,44166,1930.00,16.6379,125,31.00
2026-07-10,17:15:09,44176,1976.67,17.0402,119,31.00
2026-07-10,17:15:19,44186,1956.67,16.8678,122,31.00
2026-07-10,17:15:29,44196,1883.33,16.2356,134,31.00
2026-07-10,17:15:39,44206,1773.33,15.2874,129,31.00
2026-07-10,17:15:49,44216,1623.33,13.9943,127,31.00
2026-07-10,17:15:59,44226,1526.67,13.1609,124,31.00
2026-07-10,17:16:09,44236,1476.67,12.7299,134,31.00
2026-07-10,17:16:19,44246,1483.33,12.7874,129,31.00
2026-07-10,17:16:29,44256,1493.33,12.8736,135,31.00
2026-07-10,17:16:39,44266,1490.00,12.8448,129,31.00
2026-07-10,17:16:49,44276,1470.00,12.6724,127,31.00
2026-07-10,17:16:59,44286,1400.00,12.0690,129,31.00
2026-07-10,17:17:09,44296,1336.67,11.5230,125,31.00
2026-07-10,17:17:19,44306,1290.00,11.1207,122,31.00
2026-07-10,17:17:28,44316,1250.00,10.7759,120,31.00
2026-07-10,17:17:38,44326,1286.67,11.0920,132,31.00
2026-07-10,17:17:48,44336,1346.67,11.6092,134,31.00
2026-07-10,17:17:58,44346,1406.67,12.1264,123,31.00
2026-07-10,17:18:08,44356,1420.00,12.2414,127,31.00
2026-07-10,17:18:18,44366,1396.67,12.0402,127,31.00
2026-07-10,17:18:28,44376,1360.00,11.7241,128,31.00
2026-07-10,17:18:38,44386,1320.00,11.3793,127,31.00
2026-07-10,17:18:48,44396,1286.67,11.0920,130,31.00
2026-07-10,17:18:58,44406,1240.00,10.6897,128,31.00
2026-07-10,17:19:08,44416,1236.67,10.6609,136,31.00
2026-07-10,17:19:18,44426,1240.00,10.6897,131,31.00
2026-07-10,17:19:28,44436,1290.00,11.1207,129,31.00
2026-07-10,17:19:38,44446,1340.00,11.5517,130,31.00
2026-07-10,17:19:48,44456,1396.67,12.0402,124,31.00
2026-07-10,17:19:58,44466,1416.67,12.2126,131,31.00
2026-07-10,17:20:08,44476,1386.67,11.9540,137,31.00
2026-07-10,17:20:18,44486,1376.67,11.8678,130,31.00
2026-07-10,17:20:28,44496,1373.33,11.8391,129,31.00
2026-07-10,17:20:38,44506,1416.67,12.2126,124,31.00
2026-07-10,17:20:48,44516,1500.00,12.9310,122,31.00
2026-07-10,17:20:58,44526,1606.67,13.8506,132,31.00
2026-07-10,17:21:08,44536,1686.67,14.5402,129,31.00
2026-07-10,17:21:18,44546,1776.67,15.3161,132,31.00
2026-07-10,17:21:28,44556,1850.00,15.9483,127,31.00
2026-07-10,17:21:38,44566,1890.00,16.2931,129,31.00
2026-07-10,17:21:48,44576,1873.33,16.1494,134,31.00
2026-07-10,17:21:58,44586,1833.33,15.8046,125,31.00
2026-07-10,17:22:08,44596,1770.00,15.2586,126,31.00
2026-07-10,17:22:18,44606,1673.33,14.4253,130,31.00
2026-07-10,17:22:28,44616,1596.67,13.7644,121,31.00
2026-07-10,17:22:38,44626,1556.67,13.4195,126,31.00
2026-07-10,17:22:48,44636,1543.33,13.3046,131,31.00
2026-07-10,17:22:58,44646,1563.33,13.4770,129,31.00
2026-07-10,17:23:08,44656,1573.33,13.5632,131,31.00
2026-07-10,17:23:18,44666,1546.67,13.3333,130,31.00
2026-07-10,17:23:28,44676,1510.00,13.0172,122,31.00
2026-07-10,17:23:38,44686,1443.33,12.4425,121,31.00
2026-07-10,17:23:48,44696,1300.00,11.2069,130,34.00
2026-07-10,17:23:58,44706,1190.00,10.2586,131,38.00
2026-07-10,17:24:15,44723,923.33,7.9598,126,42.00
2026-07-10,17:24:25,44733,773.33,6.6667,125,42.00
2026-07-10,17:24:35,44743,653.33,5.6322,125,43.00
2026-07-10,17:24:45,44753,563.33,4.8563,134,43.00
2026-07-10,17:24:55,44763,496.67,4.2816,137,44.00
2026-07-10,17:25:06,44774,453.33,3.9080,135,46.00
2026-07-10,17:25:16,44784,433.33,3.7356,132,47.00
2026-07-10,17:25:26,44794,426.67,3.6782,132,46.00
2026-07-10,17:25:36,44804,380.00,3.2759,125,47.00
2026-07-10,17:25:49,44817,396.67,3.4195,125,39.00
2026-07-10,17:25:59,44827,396.67,3.4195,131,38.00
2026-07-10,17:26:09,44837,400.00,3.4483,128,38.00
2026-07-10,17:26:19,44847,403.33,3.4770,130,37.00
2026-07-10,17:26:29,44857,406.67,3.5057,124,37.00
2026-07-10,17:26:39,44867,426.67,3.6782,136,36.00
2026-07-10,17:26:49,44877,430.00,3.7069,134,36.00
2026-07-10,17:26:59,44887,436.67,3.7644,128,36.00
2026-07-10,17:27:09,44897,446.67,3.8506,135,35.00
2026-07-10,17:27:19,44907,456.67,3.9368,134,35.00
2026-07-10,17:27:29,44917,460.00,3.9655,133,35.00
