date,time,elapsed_s,lux,irradiance_wm2,blue_channel,temp_c
2026-07-11,05:00:07,0,6.67,0.0575,110,31.00
2026-07-11,05:00:27,20,6.67,0.0575,131,29.00
2026-07-11,05:00:37,30,6.67,0.0575,147,29.00
2026-07-11,05:00:47,40,6.67,0.0575,155,29.00
2026-07-11,05:00:57,50,6.67,0.0575,154,29.00
2026-07-11,05:01:06,60,6.67,0.0575,153,29.00
2026-07-11,05:01:16,70,10.00,0.0862,170,29.00
2026-07-11,05:01:26,80,10.00,0.0862,179,29.00
2026-07-11,05:01:36,90,10.00,0.0862,185,29.00
2026-07-11,05:01:46,100,10.00,0.0862,189,29.00
2026-07-11,05:01:56,110,13.33,0.1149,136,29.00
2026-07-11,05:02:06,120,13.33,0.1149,197,29.00
2026-07-11,05:02:16,130,13.33,0.1149,208,29.00
2026-07-11,05:02:26,140,13.33,0.1149,138,29.00
2026-07-11,05:02:36,150,16.67,0.1437,137,29.00
2026-07-11,05:02:46,160,16.67,0.1437,144,29.00
2026-07-11,05:02:56,170,16.67,0.1437,152,29.00
2026-07-11,05:03:06,180,16.67,0.1437,157,29.00
2026-07-11,05:03:16,190,16.67,0.1437,135,29.00
2026-07-11,05:03:26,200,16.67,0.1437,166,29.00
2026-07-11,05:03:36,210,20.00,0.1724,124,29.00
2026-07-11,05:03:46,220,20.00,0.1724,132,29.00
2026-07-11,05:03:56,230,23.33,0.2011,132,29.00
2026-07-11,05:04:06,240,23.33,0.2011,130,29.00
2026-07-11,05:04:16,250,26.67,0.2299,135,29.00
2026-07-11,05:04:26,260,26.67,0.2299,124,29.00
2026-07-11,05:04:36,270,26.67,0.2299,136,29.00
2026-07-11,05:04:46,280,23.33,0.2011,131,29.00
2026-07-11,05:04:56,290,26.67,0.2299,136,29.00
2026-07-11,05:05:06,300,26.67,0.2299,129,29.00
2026-07-11,05:05:16,310,30.00,0.2586,134,29.00
2026-07-11,05:05:26,320,30.00,0.2586,128,29.00
2026-07-11,05:05:36,330,33.33,0.2874,139,29.00
2026-07-11,05:05:46,340,33.33,0.2874,124,29.00
2026-07-11,05:05:56,350,33.33,0.2874,137,29.00
2026-07-11,05:06:06,360,33.33,0.2874,128,29.00
2026-07-11,05:06:16,370,33.33,0.2874,134,29.00
2026-07-11,05:06:26,380,30.00,0.2586,133,29.00
2026-07-11,05:06:36,390,30.00,0.2586,140,29.00
2026-07-11,05:06:46,400,30.00,0.2586,136,29.00
2026-07-11,05:06:56,410,33.33,0.2874,137,29.00
2026-07-11,05:07:06,420,33.33,0.2874,135,29.00
2026-07-11,05:07:16,430,36.67,0.3161,151,29.00
2026-07-11,05:07:26,440,36.67,0.3161,152,29.00
2026-07-11,05:07:36,450,36.67,0.3161,155,29.00
2026-07-11,05:07:46,460,36.67,0.3161,134,29.00
2026-07-11,05:07:56,470,40.00,0.3448,142,29.00
2026-07-11,05:08:06,480,40.00,0.3448,128,29.00
2026-07-11,05:08:16,490,40.00,0.3448,134,29.00
2026-07-11,05:08:26,500,40.00,0.3448,121,29.00
2026-07-11,05:08:36,510,40.00,0.3448,133,29.00
2026-07-11,05:08:46,520,40.00,0.3448,131,29.00
2026-07-11,05:08:56,530,40.00,0.3448,131,29.00
2026-07-11,05:09:06,540,40.00,0.3448,134,29.00
2026-07-11,05:09:16,550,43.33,0.3736,134,29.00
2026-07-11,05:09:26,560,43.33,0.3736,134,29.00
2026-07-11,05:09:36,570,43.33,0.3736,136,29.00
2026-07-11,05:09:46,580,43.33,0.3736,138,29.00
2026-07-11,05:09:56,590,43.33,0.3736,133,29.00
2026-07-11,05:10:06,600,43.33,0.3736,123,29.00
2026-07-11,05:10:16,610,43.33,0.3736,135,29.00
2026-07-11,05:10:26,620,43.33,0.3736,130,29.00
2026-07-11,05:10:36,630,43.33,0.3736,128,29.00
2026-07-11,05:10:46,640,40.00,0.3448,138,29.00
2026-07-11,05:10:56,650,40.00,0.3448,134,29.00
2026-07-11,05:11:06,660,40.00,0.3448,135,29.00
2026-07-11,05:11:16,670,40.00,0.3448,130,29.00
2026-07-11,05:11:26,680,36.67,0.3161,129,29.00
2026-07-11,05:11:36,690,36.67,0.3161,134,29.00
2026-07-11,05:11:45,700,36.67,0.3161,132,29.00
2026-07-11,05:11:55,710,36.67,0.3161,136,29.00
2026-07-11,05:12:05,720,36.67,0.3161,147,29.00
2026-07-11,05:12:15,730,36.67,0.3161,134,29.00
2026-07-11,05:12:25,740,36.67,0.3161,127,29.00
2026-07-11,05:12:35,750,36.67,0.3161,131,29.00
2026-07-11,05:12:45,760,36.67,0.3161,136,29.00
2026-07-11,05:12:55,770,36.67,0.3161,129,29.00
2026-07-11,05:13:05,780,36.67,0.3161,133,29.00
2026-07-11,05:13:15,790,36.67,0.3161,132,29.00
2026-07-11,05:13:25,800,36.67,0.3161,132,29.00
2026-07-11,05:13:35,810,40.00,0.3448,138,29.00
2026-07-11,05:13:45,820,43.33,0.3736,132,29.00
2026-07-11,05:13:55,830,43.33,0.3736,132,29.00
2026-07-11,05:14:05,840,46.67,0.4023,137,29.00
2026-07-11,05:14:15,850,46.67,0.4023,133,29.00
2026-07-11,05:14:25,860,50.00,0.4310,137,29.00
2026-07-11,05:14:35,870,53.33,0.4598,135,29.00
2026-07-11,05:14:45,880,60.00,0.5172,132,29.00
2026-07-11,05:14:55,890,66.67,0.5747,137,29.00
2026-07-11,05:15:05,900,73.33,0.6322,126,29.00
2026-07-11,05:15:15,910,80.00,0.6897,135,29.00
2026-07-11,05:15:25,920,83.33,0.7184,135,29.00
2026-07-11,05:15:35,930,86.67,0.7471,128,29.00
2026-07-11,05:15:45,940,86.67,0.7471,133,29.00
2026-07-11,05:15:55,950,86.67,0.7471,134,29.00
2026-07-11,05:16:05,960,86.67,0.7471,133,29.00
2026-07-11,05:16:15,970,90.00,0.7759,134,29.00
2026-07-11,05:16:25,980,93.33,0.8046,132,29.00
2026-07-11,05:16:35,990,103.33,0.8908,136,29.00
2026-07-11,05:16:45,1000,113.33,0.9770,140,29.00
2026-07-11,05:16:55,1010,123.33,1.0632,134,29.00
2026-07-11,05:17:05,1020,130.00,1.1207,128,29.00
2026-07-11,05:17:15,1030,136.67,1.1782,134,29.00
2026-07-11,05:17:25,1040,140.00,1.2069,135,29.00
2026-07-11,05:17:35,1050,146.67,1.2644,128,29.00
2026-07-11,05:17:45,1060,150.00,1.2931,133,29.00
2026-07-11,05:17:55,1070,156.67,1.3506,130,29.00
2026-07-11,05:18:05,1080,160.00,1.3793,132,29.00
2026-07-11,05:18:15,1090,166.67,1.4368,129,29.00
2026-07-11,05:18:25,1100,170.00,1.4655,136,29.00
2026-07-11,05:18:35,1110,173.33,1.4943,135,29.00
2026-07-11,05:18:45,1120,173.33,1.4943,137,29.00
2026-07-11,05:18:55,1130,170.00,1.4655,131,29.00
2026-07-11,05:19:05,1140,163.33,1.4080,131,29.00
2026-07-11,05:19:15,1150,163.33,1.4080,135,29.00
2026-07-11,05:19:25,1160,163.33,1.4080,131,29.00
2026-07-11,05:19:35,1170,166.67,1.4368,131,29.00
2026-07-11,05:19:45,1180,166.67,1.4368,134,29.00
2026-07-11,05:19:55,1190,163.33,1.4080,127,29.00
2026-07-11,05:20:05,1200,160.00,1.3793,122,29.00
2026-07-11,05:20:15,1210,156.67,1.3506,130,29.00
2026-07-11,05:20:25,1220,153.33,1.3218,126,29.00
2026-07-11,05:20:35,1230,150.00,1.2931,127,29.00
2026-07-11,05:20:45,1240,150.00,1.2931,134,29.00
2026-07-11,05:20:55,1250,153.33,1.3218,138,29.00
2026-07-11,05:21:05,1260,153.33,1.3218,130,29.00
2026-07-11,05:21:15,1270,156.67,1.3506,125,29.00
2026-07-11,05:21:25,1280,160.00,1.3793,135,29.00
2026-07-11,05:21:35,1290,163.33,1.4080,133,29.00
2026-07-11,05:21:45,1300,166.67,1.4368,134,29.00
2026-07-11,05:21:55,1310,173.33,1.4943,138,29.00
2026-07-11,05:22:04,1320,176.67,1.5230,127,29.00
2026-07-11,05:22:14,1330,183.33,1.5805,132,29.00
2026-07-11,05:22:24,1340,186.67,1.6092,132,29.00
2026-07-11,05:22:34,1350,193.33,1.6667,128,29.00
2026-07-11,05:22:44,1360,193.33,1.6667,129,29.00
2026-07-11,05:22:54,1370,193.33,1.6667,129,29.00
2026-07-11,05:23:04,1380,190.00,1.6379,129,29.00
2026-07-11,05:23:14,1390,190.00,1.6379,133,29.00
2026-07-11,05:23:24,1400,193.33,1.6667,129,29.00
2026-07-11,05:23:34,1410,196.67,1.6954,147,29.00
2026-07-11,05:23:44,1420,193.33,1.6667,136,29.00
2026-07-11,05:23:54,1430,190.00,1.6379,130,29.00
2026-07-11,05:24:04,1440,186.67,1.6092,129,29.00
2026-07-11,05:24:14,1450,186.67,1.6092,130,30.00
2026-07-11,05:24:24,1460,186.67,1.6092,130,29.00
2026-07-11,05:24:34,1470,190.00,1.6379,141,29.00
2026-07-11,05:24:44,1480,190.00,1.6379,139,29.00
2026-07-11,05:24:54,1490,193.33,1.6667,133,29.00
2026-07-11,05:25:04,1500,196.67,1.6954,139,29.00
2026-07-11,05:25:14,1510,203.33,1.7529,132,29.00
2026-07-11,05:25:24,1520,206.67,1.7816,138,29.00
2026-07-11,05:25:34,1530,210.00,1.8103,130,29.00
2026-07-11,05:25:44,1540,213.33,1.8391,132,29.00
2026-07-11,05:25:54,1550,213.33,1.8391,133,29.00
2026-07-11,05:26:04,1560,213.33,1.8391,128,29.00
2026-07-11,05:26:14,1570,210.00,1.8103,129,29.00
2026-07-11,05:26:24,1580,210.00,1.8103,127,29.00
2026-07-11,05:26:34,1590,206.67,1.7816,131,29.00
2026-07-11,05:26:44,1600,203.33,1.7529,135,29.00
2026-07-11,05:26:54,1610,206.67,1.7816,135,29.00
2026-07-11,05:27:04,1620,210.00,1.8103,128,29.00
2026-07-11,05:27:14,1630,216.67,1.8678,130,29.00
2026-07-11,05:27:24,1640,223.33,1.9253,138,29.00
2026-07-11,05:27:34,1650,236.67,2.0402,133,29.00
2026-07-11,05:27:44,1660,250.00,2.1552,131,29.00
2026-07-11,05:27:54,1670,266.67,2.2989,129,29.00
2026-07-11,05:28:04,1680,276.67,2.3851,130,29.00
2026-07-11,05:28:14,1690,286.67,2.4713,132,29.00
2026-07-11,05:28:24,1700,286.67,2.4713,128,29.00
2026-07-11,05:28:34,1710,290.00,2.5000,135,29.00
2026-07-11,05:28:44,1720,296.67,2.5575,132,29.00
2026-07-11,05:28:54,1730,303.33,2.6149,130,29.00
2026-07-11,05:29:04,1740,303.33,2.6149,128,29.00
2026-07-11,05:29:14,1750,300.00,2.5862,129,29.00
2026-07-11,05:29:24,1760,300.00,2.5862,125,29.00
2026-07-11,05:29:34,1770,300.00,2.5862,135,29.00
2026-07-11,05:29:44,1780,293.33,2.5287,130,29.00
2026-07-11,05:29:54,1790,283.33,2.4425,125,29.00
2026-07-11,05:30:04,1800,273.33,2.3563,129,29.00
2026-07-11,05:30:14,1810,260.00,2.2414,128,30.00
2026-07-11,05:30:24,1820,246.67,2.1264,128,30.00
2026-07-11,05:30:34,1830,246.67,2.1264,123,29.00
2026-07-11,05:30:44,1840,253.33,2.1839,126,29.00
2026-07-11,05:30:54,1850,270.00,2.3276,137,29.00
2026-07-11,05:31:04,1860,290.00,2.5000,128,29.00
2026-07-11,05:31:14,1870,306.67,2.6437,131,29.00
2026-07-11,05:31:24,1880,306.67,2.6437,134,29.00
2026-07-11,05:31:34,1890,296.67,2.5575,130,29.00
2026-07-11,05:31:44,1900,286.67,2.4713,134,29.00
2026-07-11,05:31:54,1910,276.67,2.3851,135,29.00
2026-07-11,05:32:04,1920,263.33,2.2701,134,30.00
2026-07-11,05:32:13,1930,250.00,2.1552,127,29.00
2026-07-11,05:32:23,1940,240.00,2.0690,130,30.00
2026-07-11,05:32:33,1950,236.67,2.0402,132,29.00
2026-07-11,05:32:43,1960,236.67,2.0402,130,29.00
2026-07-11,05:32:53,1970,240.00,2.0690,125,29.00
2026-07-11,05:33:03,1980,246.67,2.1264,129,30.00
2026-07-11,05:33:13,1990,260.00,2.2414,131,29.00
2026-07-11,05:33:23,2000,270.00,2.3276,132,29.00
2026-07-11,05:33:33,2010,283.33,2.4425,132,29.00
2026-07-11,05:33:43,2020,293.33,2.5287,133,30.00
2026-07-11,05:33:53,2030,303.33,2.6149,132,29.00
2026-07-11,05:34:03,2040,310.00,2.6724,128,29.00
2026-07-11,05:34:13,2050,310.00,2.6724,125,29.00
2026-07-11,05:34:23,2060,306.67,2.6437,127,29.00
2026-07-11,05:34:33,2070,293.33,2.5287,134,29.00
2026-07-11,05:34:43,2080,290.00,2.5000,139,29.00
2026-07-11,05:34:53,2090,296.67,2.5575,131,29.00
2026-07-11,05:35:03,2100,306.67,2.6437,131,29.00
2026-07-11,05:35:13,2110,320.00,2.7586,132,30.00
2026-07-11,05:35:23,2120,326.67,2.8161,131,29.00
2026-07-11,05:35:33,2130,336.67,2.9023,136,29.00
2026-07-11,05:35:43,2140,353.33,3.0460,149,29.00
2026-07-11,05:35:53,2150,376.67,3.2471,137,29.00
2026-07-11,05:36:03,2160,390.00,3.3621,134,29.00
2026-07-11,05:36:13,2170,390.00,3.3621,131,29.00
2026-07-11,05:36:23,2180,376.67,3.2471,127,29.00
2026-07-11,05:36:33,2190,373.33,3.2184,130,29.00
2026-07-11,05:36:43,2200,383.33,3.3046,132,29.00
2026-07-11,05:36:53,2210,393.33,3.3908,134,29.00
2026-07-11,05:37:03,2220,400.00,3.4483,126,29.00
2026-07-11,05:37:13,2230,400.00,3.4483,130,30.00
2026-07-11,05:37:23,2240,400.00,3.4483,127,30.00
2026-07-11,05:37:33,2250,400.00,3.4483,131,30.00
2026-07-11,05:37:43,2260,406.67,3.5057,129,29.00
2026-07-11,05:37:53,2270,446.67,3.8506,129,29.00
2026-07-11,05:38:03,2280,486.67,4.1954,133,29.00
2026-07-11,05:38:13,2290,536.67,4.6264,136,29.00
2026-07-11,05:38:23,2300,580.00,5.0000,134,29.00
2026-07-11,05:38:33,2310,610.00,5.2586,130,29.00
2026-07-11,05:38:43,2320,616.67,5.3161,137,30.00
2026-07-11,05:38:53,2330,620.00,5.3448,130,30.00
2026-07-11,05:39:03,2340,620.00,5.3448,117,29.00
2026-07-11,05:39:13,2350,623.33,5.3736,127,30.00
2026-07-11,05:39:23,2360,633.33,5.4598,128,29.00
2026-07-11,05:39:33,2370,646.67,5.5747,127,30.00
2026-07-11,05:39:43,2380,650.00,5.6034,125,30.00
2026-07-11,05:39:53,2390,646.67,5.5747,127,30.00
2026-07-11,05:40:03,2400,640.00,5.5172,137,29.00
2026-07-11,05:40:13,2410,630.00,5.4310,132,30.00
2026-07-11,05:40:23,2420,613.33,5.2874,127,30.00
2026-07-11,05:40:33,2430,606.67,5.2299,122,30.00
2026-07-11,05:40:43,2440,600.00,5.1724,128,29.00
2026-07-11,05:40:53,2450,583.33,5.0287,130,30.00
2026-07-11,05:41:03,2460,563.33,4.8563,120,30.00
2026-07-11,05:41:13,2470,526.67,4.5402,131,30.00
2026-07-11,05:41:23,2480,486.67,4.1954,132,30.00
2026-07-11,05:41:33,2490,466.67,4.0230,134,29.00
2026-07-11,05:41:43,2500,456.67,3.9368,132,30.00
2026-07-11,05:41:53,2510,450.00,3.8793,133,30.00
2026-07-11,05:42:03,2520,446.67,3.8506,126,29.00
2026-07-11,05:42:13,2530,440.00,3.7931,125,29.00
2026-07-11,05:42:23,2540,430.00,3.7069,122,30.00
2026-07-11,05:42:33,2550,403.33,3.4770,140,30.00
2026-07-11,05:42:43,2560,383.33,3.3046,130,29.00
2026-07-11,05:42:53,2570,360.00,3.1034,132,30.00
2026-07-11,05:43:03,2580,336.67,2.9023,135,30.00
2026-07-11,05:43:12,2590,323.33,2.7874,135,29.00
2026-07-11,05:43:22,2600,316.67,2.7299,128,30.00
2026-07-11,05:43:32,2610,323.33,2.7874,127,29.00
2026-07-11,05:43:42,2620,343.33,2.9598,139,30.00
2026-07-11,05:43:52,2630,376.67,3.2471,131,30.00
2026-07-11,05:44:02,2640,433.33,3.7356,133,30.00
2026-07-11,05:44:12,2650,483.33,4.1667,130,29.00
2026-07-11,05:44:22,2660,520.00,4.4828,141,30.00
2026-07-11,05:44:32,2670,550.00,4.7414,129,30.00
2026-07-11,05:44:42,2680,573.33,4.9425,131,30.00
2026-07-11,05:44:52,2690,596.67,5.1437,124,30.00
2026-07-11,05:45:02,2700,623.33,5.3736,131,30.00
2026-07-11,05:45:12,2710,653.33,5.6322,133,30.00
2026-07-11,05:45:22,2720,680.00,5.8621,127,30.00
2026-07-11,05:45:32,2730,706.67,6.0920,127,30.00
2026-07-11,05:45:42,2740,726.67,6.2644,131,30.00
2026-07-11,05:45:52,2750,746.67,6.4368,126,29.00
2026-07-11,05:46:02,2760,763.33,6.5805,130,29.00
2026-07-11,05:46:12,2770,780.00,6.7241,124,30.00
2026-07-11,05:46:22,2780,786.67,6.7816,124,30.00
2026-07-11,05:46:32,2790,786.67,6.7816,128,30.00
2026-07-11,05:46:42,2800,780.00,6.7241,127,30.00
2026-07-11,05:46:52,2810,766.67,6.6092,137,30.00
2026-07-11,05:47:02,2820,756.67,6.5230,132,30.00
2026-07-11,05:47:12,2830,763.33,6.5805,128,30.00
2026-07-11,05:47:22,2840,770.00,6.6379,125,30.00
2026-07-11,05:47:32,2850,780.00,6.7241,131,30.00
2026-07-11,05:47:42,2860,786.67,6.7816,127,30.00
2026-07-11,05:47:52,2870,790.00,6.8103,135,29.00
2026-07-11,05:48:02,2880,786.67,6.7816,130,30.00
2026-07-11,05:48:12,2890,783.33,6.7529,124,30.00
2026-07-11,05:48:22,2900,786.67,6.7816,122,30.00
2026-07-11,05:48:32,2910,796.67,6.8678,129,30.00
2026-07-11,05:48:42,2920,803.33,6.9253,123,30.00
2026-07-11,05:48:52,2930,820.00,7.0690,128,30.00
2026-07-11,05:49:02,2940,833.33,7.1839,129,30.00
2026-07-11,05:49:12,2950,833.33,7.1839,123,30.00
2026-07-11,05:49:22,2960,826.67,7.1264,130,30.00
2026-07-11,05:49:32,2970,813.33,7.0115,127,30.00
2026-07-11,05:49:42,2980,786.67,6.7816,119,30.00
2026-07-11,05:49:52,2990,763.33,6.5805,134,29.00
2026-07-11,05:50:02,3000,743.33,6.4080,129,30.00
2026-07-11,05:50:12,3010,730.00,6.2931,123,29.00
2026-07-11,05:50:22,3020,730.00,6.2931,124,30.00
2026-07-11,05:50:32,3030,733.33,6.3218,128,30.00
2026-07-11,05:50:42,3040,726.67,6.2644,127,30.00
2026-07-11,05:50:52,3050,716.67,6.1782,130,30.00
2026-07-11,05:51:02,3060,696.67,6.0057,123,30.00
2026-07-11,05:51:12,3070,676.67,5.8333,134,30.00
2026-07-11,05:51:22,3080,653.33,5.6322,127,30.00
2026-07-11,05:51:32,3090,646.67,5.5747,130,30.00
2026-07-11,05:51:42,3100,650.00,5.6034,128,30.00
2026-07-11,05:51:52,3110,646.67,5.5747,128,30.00
2026-07-11,05:52:02,3120,646.67,5.5747,119,30.00
2026-07-11,05:52:12,3130,656.67,5.6609,128,30.00
2026-07-11,05:52:22,3140,673.33,5.8046,130,30.00
2026-07-11,05:52:32,3150,703.33,6.0632,131,30.00
2026-07-11,05:52:42,3160,726.67,6.2644,125,30.00
2026-07-11,05:52:52,3170,746.67,6.4368,126,30.00
2026-07-11,05:53:02,3180,780.00,6.7241,130,30.00
2026-07-11,05:53:12,3190,810.00,6.9828,130,30.00
2026-07-11,05:53:21,3200,853.33,7.3563,132,30.00
2026-07-11,05:53:31,3210,880.00,7.5862,142,30.00
2026-07-11,05:53:41,3220,913.33,7.8736,130,30.00
2026-07-11,05:53:51,3230,943.33,8.1322,132,29.00
2026-07-11,05:54:01,3240,960.00,8.2759,122,30.00
2026-07-11,05:54:11,3250,960.00,8.2759,138,30.00
2026-07-11,05:54:21,3260,936.67,8.0747,124,30.00
2026-07-11,05:54:31,3270,910.00,7.8448,140,30.00
2026-07-11,05:54:41,3280,886.67,7.6437,123,30.00
2026-07-11,05:54:51,3290,860.00,7.4138,130,30.00
2026-07-11,05:55:01,3300,816.67,7.0402,124,30.00
2026-07-11,05:55:11,3310,796.67,6.8678,127,30.00
2026-07-11,05:55:21,3320,786.67,6.7816,127,30.00
2026-07-11,05:55:31,3330,786.67,6.7816,125,30.00
2026-07-11,05:55:41,3340,793.33,6.8391,123,30.00
2026-07-11,05:55:51,3350,806.67,6.9540,119,30.00
2026-07-11,05:56:01,3360,826.67,7.1264,133,30.00
2026-07-11,05:56:11,3370,866.67,7.4713,131,30.00
2026-07-11,05:56:21,3380,886.67,7.6437,128,30.00
2026-07-11,05:56:31,3390,906.67,7.8161,123,30.00
2026-07-11,05:56:41,3400,900.00,7.7586,128,29.00
2026-07-11,05:56:51,3410,873.33,7.5287,128,30.00
2026-07-11,05:57:01,3420,826.67,7.1264,126,30.00
2026-07-11,05:57:11,3430,800.00,6.8966,136,30.00
2026-07-11,05:57:21,3440,790.00,6.8103,132,30.00
2026-07-11,05:57:31,3450,803.33,6.9253,128,30.00
2026-07-11,05:57:41,3460,826.67,7.1264,135,30.00
2026-07-11,05:57:51,3470,863.33,7.4425,141,30.00
2026-07-11,05:58:01,3480,873.33,7.5287,134,30.00
2026-07-11,05:58:11,3490,880.00,7.5862,126,30.00
2026-07-11,05:58:21,3500,876.67,7.5575,130,30.00
2026-07-11,05:58:31,3510,880.00,7.5862,135,30.00
2026-07-11,05:58:41,3520,900.00,7.7586,132,30.00
2026-07-11,05:58:51,3530,916.67,7.9023,131,30.00
2026-07-11,05:59:01,3540,923.33,7.9598,130,30.00
2026-07-11,05:59:11,3550,933.33,8.0460,132,30.00
2026-07-11,05:59:21,3560,933.33,8.0460,136,30.00
2026-07-11,05:59:31,3570,920.00,7.9310,124,30.00
2026-07-11,05:59:41,3580,896.67,7.7299,124,30.00
2026-07-11,05:59:51,3590,893.33,7.7011,129,30.00
2026-07-11,06:00:01,3600,906.67,7.8161,124,30.00
2026-07-11,06:00:11,3610,926.67,7.9885,126,30.00
2026-07-11,06:00:21,3620,936.67,8.0747,122,30.00
2026-07-11,06:00:31,3630,940.00,8.1034,128,30.00
2026-07-11,06:00:41,3640,936.67,8.0747,137,30.00
2026-07-11,06:00:51,3650,933.33,8.0460,124,30.00
2026-07-11,06:01:01,3660,936.67,8.0747,120,30.00
2026-07-11,06:01:11,3670,933.33,8.0460,130,30.00
2026-07-11,06:01:21,3680,926.67,7.9885,128,30.00
2026-07-11,06:01:31,3690,910.00,7.8448,131,30.00
2026-07-11,06:01:41,3700,883.33,7.6149,127,30.00
2026-07-11,06:01:51,3710,856.67,7.3851,132,30.00
2026-07-11,06:02:01,3720,820.00,7.0690,127,30.00
2026-07-11,06:02:11,3730,813.33,7.0115,129,30.00
2026-07-11,06:02:21,3740,816.67,7.0402,132,30.00
2026-07-11,06:02:31,3750,853.33,7.3563,131,30.00
2026-07-11,06:02:41,3760,873.33,7.5287,138,30.00
2026-07-11,06:02:51,3770,896.67,7.7299,140,30.00
2026-07-11,06:03:01,3780,916.67,7.9023,131,30.00
2026-07-11,06:03:11,3790,940.00,8.1034,133,30.00
2026-07-11,06:03:21,3800,983.33,8.4770,139,30.00
2026-07-11,06:03:31,3810,1053.33,9.0805,131,30.00
2026-07-11,06:03:41,3820,1140.00,9.8276,133,30.00
2026-07-11,06:03:51,3830,1210.00,10.4310,127,30.00
2026-07-11,06:04:01,3840,1236.67,10.6609,136,30.00
2026-07-11,06:04:11,3850,1226.67,10.5747,128,30.00
2026-07-11,06:04:20,3860,1186.67,10.2299,129,30.00
2026-07-11,06:04:30,3870,1133.33,9.7701,122,30.00
2026-07-11,06:04:40,3880,1070.00,9.2241,117,30.00
2026-07-11,06:04:50,3890,1003.33,8.6494,132,30.00
2026-07-11,06:05:00,3900,920.00,7.9310,128,30.00
2026-07-11,06:05:10,3910,853.33,7.3563,131,29.00
2026-07-11,06:05:20,3920,776.67,6.6954,128,30.00
2026-07-11,06:05:30,3930,743.33,6.4080,130,30.00
2026-07-11,06:05:40,3940,726.67,6.2644,121,30.00
2026-07-11,06:05:50,3950,713.33,6.1494,129,30.00
2026-07-11,06:06:00,3960,706.67,6.0920,134,30.00
2026-07-11,06:06:10,3970,696.67,6.0057,123,30.00
2026-07-11,06:06:20,3980,690.00,5.9483,130,30.00
2026-07-11,06:06:30,3990,686.67,5.9195,126,30.00
2026-07-11,06:06:40,4000,696.67,6.0057,128,30.00
2026-07-11,06:06:50,4010,720.00,6.2069,121,30.00
2026-07-11,06:07:00,4020,746.67,6.4368,132,30.00
2026-07-11,06:07:10,4030,770.00,6.6379,141,30.00
2026-07-11,06:07:20,4040,776.67,6.6954,131,30.00
2026-07-11,06:07:30,4050,770.00,6.6379,128,30.00
2026-07-11,06:07:40,4060,753.33,6.4943,132,30.00
2026-07-11,06:07:50,4070,746.67,6.4368,129,30.00
2026-07-11,06:08:00,4080,743.33,6.4080,128,29.00
2026-07-11,06:08:10,4090,746.67,6.4368,125,29.00
2026-07-11,06:08:20,4100,746.67,6.4368,126,30.00
2026-07-11,06:08:30,4110,756.67,6.5230,120,30.00
2026-07-11,06:08:40,4120,763.33,6.5805,127,29.00
2026-07-11,06:08:50,4130,763.33,6.5805,115,30.00
2026-07-11,06:09:00,4140,750.00,6.4655,122,30.00
2026-07-11,06:09:10,4150,740.00,6.3793,130,30.00
2026-07-11,06:09:20,4160,736.67,6.3506,121,30.00
2026-07-11,06:09:30,4170,740.00,6.3793,129,30.00
2026-07-11,06:09:40,4180,746.67,6.4368,128,30.00
2026-07-11,06:09:50,4190,760.00,6.5517,132,30.00
2026-07-11,06:10:00,4200,773.33,6.6667,136,30.00
2026-07-11,06:10:10,4210,786.67,6.7816,121,30.00
2026-07-11,06:10:20,4220,810.00,6.9828,132,30.00
2026-07-11,06:10:30,4230,833.33,7.1839,132,29.00
2026-07-11,06:10:40,4240,883.33,7.6149,133,30.00
2026-07-11,06:10:50,4250,913.33,7.8736,132,29.00
2026-07-11,06:11:00,4260,946.67,8.1609,127,29.00
2026-07-11,06:11:10,4270,960.00,8.2759,133,30.00
2026-07-11,06:11:20,4280,966.67,8.3333,131,30.00
2026-07-11,06:11:30,4290,963.33,8.3046,124,29.00
2026-07-11,06:11:40,4300,956.67,8.2471,132,29.00
2026-07-11,06:11:50,4310,973.33,8.3908,135,30.00
2026-07-11,06:12:00,4320,990.00,8.5345,127,29.00
2026-07-11,06:12:10,4330,1000.00,8.6207,127,30.00
2026-07-11,06:12:20,4340,996.67,8.5920,129,30.00
2026-07-11,06:12:30,4350,970.00,8.3621,130,30.00
2026-07-11,06:12:40,4360,926.67,7.9885,130,29.00
2026-07-11,06:12:50,4370,900.00,7.7586,127,30.00
2026-07-11,06:13:00,4380,876.67,7.5575,129,29.00
2026-07-11,06:13:10,4390,863.33,7.4425,128,29.00
2026-07-11,06:13:20,4400,826.67,7.1264,124,29.00
2026-07-11,06:13:30,4410,800.00,6.8966,124,30.00
2026-07-11,06:13:40,4420,770.00,6.6379,124,30.00
2026-07-11,06:13:50,4430,756.67,6.5230,126,30.00
2026-07-11,06:13:59,4440,740.00,6.3793,119,29.00
2026-07-11,06:14:09,4450,723.33,6.2356,121,29.00
2026-07-11,06:14:19,4460,706.67,6.0920,128,29.00
2026-07-11,06:14:29,4470,693.33,5.9770,131,29.00
2026-07-11,06:14:39,4480,696.67,6.0057,134,29.00
2026-07-11,06:14:49,4490,713.33,6.1494,128,30.00
2026-07-11,06:14:59,4500,740.00,6.3793,129,29.00
2026-07-11,06:15:09,4510,763.33,6.5805,139,29.00
2026-07-11,06:15:19,4520,783.33,6.7529,126,30.00
2026-07-11,06:15:29,4530,793.33,6.8391,128,30.00
2026-07-11,06:15:39,4540,803.33,6.9253,125,29.00
2026-07-11,06:15:49,4550,823.33,7.0977,132,29.00
2026-07-11,06:15:59,4560,853.33,7.3563,124,29.00
2026-07-11,06:16:09,4570,860.00,7.4138,130,29.00
2026-07-11,06:16:19,4580,866.67,7.4713,125,29.00
2026-07-11,06:16:29,4590,883.33,7.6149,124,30.00
2026-07-11,06:16:39,4600,906.67,7.8161,133,29.00
2026-07-11,06:16:49,4610,913.33,7.8736,134,29.00
2026-07-11,06:16:59,4620,886.67,7.6437,128,29.00
2026-07-11,06:17:09,4630,836.67,7.2126,131,29.00
2026-07-11,06:17:19,4640,803.33,6.9253,127,29.00
2026-07-11,06:17:29,4650,796.67,6.8678,130,30.00
2026-07-11,06:17:39,4660,800.00,6.8966,131,30.00
2026-07-11,06:17:49,4670,813.33,7.0115,128,30.00
2026-07-11,06:17:59,4680,820.00,7.0690,134,30.00
2026-07-11,06:18:09,4690,820.00,7.0690,130,29.00
2026-07-11,06:18:19,4700,833.33,7.1839,127,29.00
2026-07-11,06:18:29,4710,856.67,7.3851,132,29.00
2026-07-11,06:18:39,4720,863.33,7.4425,131,29.00
2026-07-11,06:18:49,4730,866.67,7.4713,129,30.00
2026-07-11,06:18:59,4740,876.67,7.5575,122,29.00
2026-07-11,06:19:09,4750,903.33,7.7874,130,29.00
2026-07-11,06:19:19,4760,920.00,7.9310,129,29.00
2026-07-11,06:19:29,4770,926.67,7.9885,132,29.00
2026-07-11,06:19:39,4780,933.33,8.0460,127,29.00
2026-07-11,06:19:49,4790,953.33,8.2184,133,29.00
2026-07-11,06:19:59,4800,993.33,8.5632,127,29.00
2026-07-11,06:20:09,4810,1056.67,9.1092,132,29.00
2026-07-11,06:20:19,4820,1110.00,9.5690,134,29.00
2026-07-11,06:20:29,4830,1163.33,10.0287,131,30.00
2026-07-11,06:20:39,4840,1203.33,10.3736,128,29.00
2026-07-11,06:20:49,4850,1246.67,10.7471,120,29.00
2026-07-11,06:20:59,4860,1293.33,11.1494,125,29.00
2026-07-11,06:21:09,4870,1333.33,11.4943,131,29.00
2026-07-11,06:21:19,4880,1353.33,11.6667,124,29.00
2026-07-11,06:21:29,4890,1373.33,11.8391,127,30.00
2026-07-11,06:21:39,4900,1390.00,11.9828,124,30.00
2026-07-11,06:21:49,4910,1390.00,11.9828,128,29.00
2026-07-11,06:21:59,4920,1390.00,11.9828,119,29.00
2026-07-11,06:22:09,4930,1403.33,12.0977,123,29.00
2026-07-11,06:22:19,4940,1413.33,12.1839,128,29.00
2026-07-11,06:22:29,4950,1423.33,12.2701,128,29.00
2026-07-11,06:22:39,4960,1446.67,12.4713,122,29.00
2026-07-11,06:22:49,4970,1456.67,12.5575,117,29.00
2026-07-11,06:22:59,4980,1493.33,12.8736,128,29.00
2026-07-11,06:23:09,4990,1536.67,13.2471,130,29.00
2026-07-11,06:23:19,5000,1550.00,13.3621,123,30.00
2026-07-11,06:23:29,5010,1563.33,13.4770,128,29.00
2026-07-11,06:23:39,5020,1590.00,13.7069,125,30.00
2026-07-11,06:23:49,5030,1613.33,13.9080,133,29.00
2026-07-11,06:23:59,5040,1640.00,14.1379,130,30.00
2026-07-11,06:24:08,5050,1660.00,14.3103,131,30.00
2026-07-11,06:24:18,5060,1680.00,14.4828,133,29.00
2026-07-11,06:24:28,5070,1726.67,14.8851,132,30.00
2026-07-11,06:24:38,5080,1753.33,15.1149,127,30.00
2026-07-11,06:24:48,5090,1776.67,15.3161,128,29.00
2026-07-11,06:24:58,5100,1790.00,15.4310,126,29.00
2026-07-11,06:25:08,5110,1803.33,15.5460,130,29.00
2026-07-11,06:25:18,5120,1816.67,15.6609,128,30.00
2026-07-11,06:25:28,5130,1826.67,15.7471,128,29.00
2026-07-11,06:25:38,5140,1833.33,15.8046,128,29.00
2026-07-11,06:25:48,5150,1853.33,15.9770,124,29.00
2026-07-11,06:25:58,5160,1863.33,16.0632,125,29.00
2026-07-11,06:26:08,5170,1880.00,16.2069,123,30.00
2026-07-11,06:26:18,5180,1893.33,16.3218,121,30.00
2026-07-11,06:26:28,5190,1913.33,16.4943,124,30.00
2026-07-11,06:26:38,5200,1923.33,16.5805,123,29.00
2026-07-11,06:26:48,5210,1926.67,16.6092,129,30.00
2026-07-11,06:26:58,5220,1936.67,16.6954,123,29.00
2026-07-11,06:27:08,5230,1946.67,16.7816,130,30.00
2026-07-11,06:27:18,5240,1960.00,16.8966,124,30.00
2026-07-11,06:27:28,5250,1983.33,17.0977,127,30.00
2026-07-11,06:27:38,5260,2010.00,17.3276,129,30.00
2026-07-11,06:27:48,5270,2046.67,17.6437,129,30.00
2026-07-11,06:27:58,5280,2073.33,17.8736,128,30.00
2026-07-11,06:28:08,5290,2133.33,18.3908,128,30.00
2026-07-11,06:28:18,5300,2156.67,18.5920,129,30.00
2026-07-11,06:28:28,5310,2186.67,18.8506,133,30.00
2026-07-11,06:28:38,5320,2230.00,19.2241,132,30.00
2026-07-11,06:28:48,5330,2253.33,19.4253,134,30.00
2026-07-11,06:28:58,5340,2266.67,19.5402,129,30.00
2026-07-11,06:29:08,5350,2283.33,19.6839,124,30.00
2026-07-11,06:29:18,5360,2296.67,19.7988,127,30.00
2026-07-11,06:29:28,5370,2306.67,19.8851,122,30.00
2026-07-11,06:29:38,5380,2330.00,20.0862,128,30.00
2026-07-11,06:29:48,5390,2356.67,20.3161,122,30.00
2026-07-11,06:29:58,5400,2400.00,20.6897,124,30.00
2026-07-11,06:30:08,5410,2436.67,21.0057,132,30.00
2026-07-11,06:30:18,5420,2476.67,21.3506,128,30.00
2026-07-11,06:30:28,5430,2510.00,21.6379,125,30.00
2026-07-11,06:30:38,5440,2563.33,22.0977,126,30.00
2026-07-11,06:30:48,5450,2606.67,22.4713,129,30.00
2026-07-11,06:30:58,5460,2640.00,22.7586,123,30.00
2026-07-11,06:31:08,5470,2666.67,22.9885,129,30.00
2026-07-11,06:31:18,5480,2683.33,23.1322,132,30.00
2026-07-11,06:31:28,5490,2696.67,23.2471,120,30.00
2026-07-11,06:31:38,5500,2710.00,23.3621,128,30.00
2026-07-11,06:31:48,5510,2723.33,23.4770,130,30.00
2026-07-11,06:31:58,5520,2733.33,23.5632,123,30.00
2026-07-11,06:32:08,5530,2753.33,23.7356,124,30.00
2026-07-11,06:32:18,5540,2760.00,23.7931,126,30.00
2026-07-11,06:32:28,5550,2740.00,23.6207,124,30.00
2026-07-11,06:32:38,5560,2723.33,23.4770,125,30.00
2026-07-11,06:32:48,5570,2696.67,23.2471,124,30.00
2026-07-11,06:32:58,5580,2676.67,23.0747,125,30.00
2026-07-11,06:33:08,5590,2666.67,22.9885,130,30.00
2026-07-11,06:33:18,5600,2646.67,22.8161,123,30.00
2026-07-11,06:33:28,5610,2626.67,22.6437,129,30.00
2026-07-11,06:33:38,5620,2633.33,22.7011,127,30.00
2026-07-11,06:33:48,5630,2650.00,22.8448,125,30.00
2026-07-11,06:33:58,5640,2663.33,22.9598,122,30.00
2026-07-11,06:34:08,5650,2673.33,23.0460,124,30.00
2026-07-11,06:34:18,5660,2690.00,23.1897,124,30.00
2026-07-11,06:34:27,5670,2700.00,23.2759,123,30.00
2026-07-11,06:34:37,5680,2686.67,23.1609,124,30.00
2026-07-11,06:34:47,5690,2676.67,23.0747,124,30.00
2026-07-11,06:34:57,5700,2663.33,22.9598,123,30.00
2026-07-11,06:35:07,5710,2666.67,22.9885,130,30.00
2026-07-11,06:35:17,5720,2653.33,22.8736,121,30.00
2026-07-11,06:35:27,5730,2643.33,22.7874,123,30.00
2026-07-11,06:35:37,5740,2606.67,22.4713,118,30.00
2026-07-11,06:35:47,5750,2583.33,22.2701,118,30.00
2026-07-11,06:35:57,5760,2543.33,21.9253,124,30.00
2026-07-11,06:36:07,5770,2526.67,21.7816,128,30.00
2026-07-11,06:36:17,5780,2513.33,21.6667,128,30.00
2026-07-11,06:36:27,5790,2506.67,21.6092,131,30.00
2026-07-11,06:36:37,5800,2503.33,21.5805,128,30.00
2026-07-11,06:36:47,5810,2513.33,21.6667,134,30.00
2026-07-11,06:36:57,5820,2523.33,21.7529,130,30.00
2026-07-11,06:37:07,5830,2563.33,22.0977,128,30.00
2026-07-11,06:37:17,5840,2583.33,22.2701,129,30.00
2026-07-11,06:37:27,5850,2603.33,22.4425,131,30.00
2026-07-11,06:37:37,5860,2626.67,22.6437,127,30.00
2026-07-11,06:37:47,5870,2656.67,22.9023,126,30.00
2026-07-11,06:37:57,5880,2666.67,22.9885,128,30.00
2026-07-11,06:38:07,5890,2693.33,23.2184,126,30.00
2026-07-11,06:38:17,5900,2710.00,23.3621,125,30.00
2026-07-11,06:38:27,5910,2730.00,23.5345,131,30.00
2026-07-11,06:38:37,5920,2756.67,23.7644,127,30.00
2026-07-11,06:38:47,5930,2790.00,24.0517,124,30.00
2026-07-11,06:38:57,5940,2813.33,24.2529,132,30.00
2026-07-11,06:39:07,5950,2843.33,24.5115,130,30.00
2026-07-11,06:39:17,5960,2870.00,24.7414,134,30.00
2026-07-11,06:39:27,5970,2886.67,24.8851,131,30.00
2026-07-11,06:39:37,5980,2893.33,24.9425,122,30.00
2026-07-11,06:39:47,5990,2900.00,25.0000,126,31.00
2026-07-11,06:39:57,6000,2900.00,25.0000,122,30.00
2026-07-11,06:40:07,6010,2906.67,25.0575,144,30.00
2026-07-11,06:40:17,6020,2930.00,25.2586,123,30.00
2026-07-11,06:40:27,6030,2953.33,25.4598,126,30.00
2026-07-11,06:40:37,6040,2966.67,25.5747,123,30.00
2026-07-11,06:40:47,6050,2990.00,25.7759,127,30.00
2026-07-11,06:40:57,6060,2990.00,25.7759,123,30.00
2026-07-11,06:41:07,6070,2963.33,25.5460,122,30.00
2026-07-11,06:41:17,6080,2946.67,25.4023,124,31.00
2026-07-11,06:41:27,6090,2926.67,25.2299,127,30.00
2026-07-11,06:41:37,6100,2903.33,25.0287,125,30.00
2026-07-11,06:41:47,6110,2883.33,24.8563,125,31.00
2026-07-11,06:41:57,6120,2850.00,24.5690,121,30.00
2026-07-11,06:42:07,6130,2820.00,24.3103,131,30.00
2026-07-11,06:42:17,6140,2800.00,24.1379,121,30.00
2026-07-11,06:42:27,6150,2780.00,23.9655,126,30.00
2026-07-11,06:42:37,6160,2756.67,23.7644,123,30.00
2026-07-11,06:42:47,6170,2726.67,23.5057,123,30.00
2026-07-11,06:42:57,6180,2703.33,23.3046,127,30.00
2026-07-11,06:43:07,6190,2670.00,23.0172,128,30.00
2026-07-11,06:43:17,6200,2640.00,22.7586,128,31.00
2026-07-11,06:43:27,6210,2606.67,22.4713,126,30.00
2026-07-11,06:43:37,6220,2560.00,22.0690,124,30.00
2026-07-11,06:43:47,6230,2500.00,21.5517,123,30.00
2026-07-11,06:43:57,6240,2460.00,21.2069,125,30.00
2026-07-11,06:44:07,6250,2420.00,20.8621,121,30.00
2026-07-11,06:44:17,6260,2383.33,20.5460,124,31.00
2026-07-11,06:44:27,6270,2350.00,20.2586,128,30.00
2026-07-11,06:44:37,6280,2313.33,19.9425,129,30.00
2026-07-11,06:44:47,6290,2266.67,19.5402,125,31.00
2026-07-11,06:44:56,6300,2213.33,19.0805,128,31.00
2026-07-11,06:45:06,6310,2146.67,18.5057,125,31.00
2026-07-11,06:45:16,6320,2063.33,17.7874,124,30.00
2026-07-11,06:45:26,6330,1996.67,17.2126,117,30.00
2026-07-11,06:45:36,6340,1930.00,16.6379,125,31.00
2026-07-11,06:45:46,6350,1870.00,16.1207,128,30.00
2026-07-11,06:45:56,6360,1823.33,15.7184,123,30.00
2026-07-11,06:46:06,6370,1790.00,15.4310,124,30.00
2026-07-11,06:46:16,6380,1766.67,15.2299,126,30.00
2026-07-11,06:46:26,6390,1753.33,15.1149,127,30.00
2026-07-11,06:46:36,6400,1746.67,15.0575,131,30.00
2026-07-11,06:46:46,6410,1753.33,15.1149,126,30.00
2026-07-11,06:46:56,6420,1766.67,15.2299,130,30.00
2026-07-11,06:47:06,6430,1783.33,15.3736,128,30.00
2026-07-11,06:47:16,6440,1783.33,15.3736,128,30.00
2026-07-11,06:47:26,6450,1793.33,15.4598,129,30.00
2026-07-11,06:47:36,6460,1766.67,15.2299,128,31.00
2026-07-11,06:47:46,6470,1740.00,15.0000,130,30.00
2026-07-11,06:47:56,6480,1723.33,14.8563,128,30.00
2026-07-11,06:48:06,6490,1720.00,14.8276,125,30.00
2026-07-11,06:48:16,6500,1726.67,14.8851,131,30.00
2026-07-11,06:48:26,6510,1753.33,15.1149,126,30.00
2026-07-11,06:48:36,6520,1800.00,15.5172,133,30.00
2026-07-11,06:48:46,6530,1876.67,16.1782,138,30.00
2026-07-11,06:48:56,6540,1983.33,17.0977,130,30.00
2026-07-11,06:49:06,6550,2096.67,18.0747,130,30.00
2026-07-11,06:49:16,6560,2240.00,19.3103,135,30.00
2026-07-11,06:49:26,6570,2380.00,20.5172,125,30.00
2026-07-11,06:49:36,6580,2516.67,21.6954,128,30.00
2026-07-11,06:49:46,6590,2676.67,23.0747,124,30.00
2026-07-11,06:49:56,6600,2833.33,24.4253,132,30.00
2026-07-11,06:50:06,6610,3000.00,25.8621,124,30.00
2026-07-11,06:50:16,6620,3146.67,27.1264,125,30.00
2026-07-11,06:50:26,6630,3270.00,28.1897,129,30.00
2026-07-11,06:50:36,6640,3356.67,28.9368,124,30.00
2026-07-11,06:50:46,6650,3416.67,29.4540,125,30.00
2026-07-11,06:50:56,6660,3450.00,29.7414,126,30.00
2026-07-11,06:51:06,6670,3476.67,29.9713,120,30.00
2026-07-11,06:51:16,6680,3503.33,30.2011,123,31.00
2026-07-11,06:51:26,6690,3543.33,30.5460,128,30.00
2026-07-11,06:51:36,6700,3560.00,30.6897,123,30.00
2026-07-11,06:51:46,6710,3573.33,30.8046,124,30.00
2026-07-11,06:51:56,6720,3583.33,30.8908,127,30.00
2026-07-11,06:52:06,6730,3596.67,31.0057,122,30.00
2026-07-11,06:52:16,6740,3590.00,30.9483,126,31.00
2026-07-11,06:52:26,6750,3560.00,30.6897,127,30.00
2026-07-11,06:52:36,6760,3510.00,30.2586,124,31.00
2026-07-11,06:52:46,6770,3460.00,29.8276,124,30.00
2026-07-11,06:52:56,6780,3380.00,29.1379,122,30.00
2026-07-11,06:53:06,6790,3333.33,28.7356,125,30.00
2026-07-11,06:53:16,6800,3290.00,28.3621,121,31.00
2026-07-11,06:53:26,6810,3243.33,27.9598,127,30.00
2026-07-11,06:53:36,6820,3213.33,27.7011,120,31.00
2026-07-11,06:53:46,6830,3193.33,27.5287,122,31.00
2026-07-11,06:53:56,6840,3176.67,27.3851,124,31.00
2026-07-11,06:54:06,6850,3160.00,27.2414,129,30.00
2026-07-11,06:54:16,6860,3133.33,27.0115,122,31.00
2026-07-11,06:54:26,6870,3113.33,26.8391,130,31.00
2026-07-11,06:54:36,6880,3096.67,26.6954,123,31.00
2026-07-11,06:54:46,6890,3080.00,26.5517,124,31.00
2026-07-11,06:54:56,6900,3070.00,26.4655,127,31.00
2026-07-11,06:55:06,6910,3056.67,26.3506,129,31.00
2026-07-11,06:55:16,6920,3056.67,26.3506,123,31.00
2026-07-11,06:55:25,6930,3070.00,26.4655,122,31.00
2026-07-11,06:55:35,6940,3080.00,26.5517,122,31.00
2026-07-11,06:55:45,6950,3120.00,26.8965,127,31.00
2026-07-11,06:55:55,6960,3120.00,26.8965,134,31.00
2026-07-11,06:56:05,6970,3120.00,26.8965,128,31.00
2026-07-11,06:56:15,6980,3120.00,26.8965,125,31.00
2026-07-11,06:56:25,6990,3110.00,26.8103,127,31.00
2026-07-11,06:56:35,7000,3103.33,26.7529,125,31.00
2026-07-11,06:56:45,7010,3093.33,26.6667,128,31.00
2026-07-11,06:56:55,7020,3080.00,26.5517,123,31.00
2026-07-11,06:57:05,7030,3060.00,26.3793,126,31.00
2026-07-11,06:57:15,7040,3023.33,26.0632,118,31.00
2026-07-11,06:57:25,7050,2970.00,25.6034,123,31.00
2026-07-11,06:57:35,7060,2933.33,25.2874,122,31.00
2026-07-11,06:57:45,7070,2900.00,25.0000,122,31.00
2026-07-11,06:57:55,7080,2863.33,24.6839,122,31.00
2026-07-11,06:58:05,7090,2806.67,24.1954,125,31.00
2026-07-11,06:58:15,7100,2763.33,23.8218,120,31.00
2026-07-11,06:58:25,7110,2716.67,23.4195,125,31.00
2026-07-11,06:58:35,7120,2660.00,22.9310,124,31.00
2026-07-11,06:58:45,7130,2616.67,22.5575,123,31.00
2026-07-11,06:58:55,7140,2570.00,22.1552,121,31.00
2026-07-11,06:59:05,7150,2510.00,21.6379,122,31.00
2026-07-11,06:59:15,7160,2446.67,21.0920,119,31.00
2026-07-11,06:59:25,7170,2396.67,20.6609,122,31.00
2026-07-11,06:59:35,7180,2373.33,20.4598,116,31.00
2026-07-11,06:59:45,7190,2353.33,20.2874,120,31.00
2026-07-11,06:59:55,7200,2343.33,20.2011,122,31.00
2026-07-11,07:00:05,7210,2333.33,20.1149,129,31.00
2026-07-11,07:00:15,7220,2333.33,20.1149,132,31.00
2026-07-11,07:00:25,7230,2330.00,20.0862,133,31.00
2026-07-11,07:00:35,7240,2320.00,20.0000,134,31.00
2026-07-11,07:00:45,7250,2313.33,19.9425,136,31.00
2026-07-11,07:00:55,7260,2316.67,19.9713,132,30.00
2026-07-11,07:01:05,7270,2333.33,20.1149,134,31.00
2026-07-11,07:01:15,7280,2346.67,20.2299,128,30.00
2026-07-11,07:01:25,7290,2360.00,20.3448,133,31.00
2026-07-11,07:01:35,7300,2356.67,20.3161,134,31.00
2026-07-11,07:01:45,7310,2340.00,20.1724,136,30.00
2026-07-11,07:01:55,7320,2346.67,20.2299,126,31.00
2026-07-11,07:02:05,7330,2380.00,20.5172,131,30.00
2026-07-11,07:02:15,7340,2426.67,20.9195,132,30.00
2026-07-11,07:02:25,7350,2480.00,21.3793,131,31.00
2026-07-11,07:02:35,7360,2530.00,21.8103,126,31.00
2026-07-11,07:02:45,7370,2630.00,22.6724,130,31.00
2026-07-11,07:02:55,7380,2746.67,23.6782,126,31.00
2026-07-11,07:03:05,7390,2883.33,24.8563,132,31.00
2026-07-11,07:03:15,7400,3020.00,26.0345,128,30.00
2026-07-11,07:03:25,7410,3116.67,26.8678,132,30.00
2026-07-11,07:03:35,7420,3173.33,27.3563,130,31.00
2026-07-11,07:03:45,7430,3206.67,27.6437,132,30.00
2026-07-11,07:03:55,7440,3263.33,28.1322,128,31.00
2026-07-11,07:04:05,7450,3336.67,28.7644,127,31.00
2026-07-11,07:04:15,7460,3386.67,29.1954,131,31.00
2026-07-11,07:04:25,7470,3440.00,29.6552,131,30.00
2026-07-11,07:04:35,7480,3500.00,30.1724,127,31.00
2026-07-11,07:04:45,7490,3580.00,30.8621,124,31.00
2026-07-11,07:04:55,7500,3666.67,31.6092,137,31.00
2026-07-11,07:05:05,7510,3733.33,32.1839,124,31.00
2026-07-11,07:05:15,7520,3796.67,32.7299,126,31.00
2026-07-11,07:05:25,7530,3903.33,33.6494,123,31.00
2026-07-11,07:05:35,7540,4006.67,34.5402,124,31.00
2026-07-11,07:05:44,7550,4090.00,35.2586,125,31.00
2026-07-11,07:05:54,7560,4186.67,36.0920,131,31.00
2026-07-11,07:06:04,7570,4276.67,36.8678,130,31.00
2026-07-11,07:06:14,7580,4340.00,37.4138,128,31.00
2026-07-11,07:06:24,7590,4383.33,37.7874,121,31.00
2026-07-11,07:06:34,7600,4396.67,37.9023,123,31.00
2026-07-11,07:06:44,7610,4390.00,37.8448,124,31.00
2026-07-11,07:06:54,7620,4340.00,37.4138,127,31.00
2026-07-11,07:07:04,7630,4293.33,37.0115,124,31.00
2026-07-11,07:07:14,7640,4266.67,36.7816,124,31.00
2026-07-11,07:07:24,7650,4276.67,36.8678,128,31.00
2026-07-11,07:07:34,7660,4316.67,37.2126,128,31.00
2026-07-11,07:07:44,7670,4366.67,37.6437,125,31.00
2026-07-11,07:07:54,7680,4413.33,38.0460,123,31.00
2026-07-11,07:08:04,7690,4420.00,38.1034,121,31.00
2026-07-11,07:08:14,7700,4396.67,37.9023,124,31.00
2026-07-11,07:08:24,7710,4293.33,37.0115,127,31.00
2026-07-11,07:08:34,7720,4146.67,35.7471,121,31.00
2026-07-11,07:08:44,7730,3993.33,34.4253,125,31.00
2026-07-11,07:08:54,7740,3823.33,32.9598,124,31.00
2026-07-11,07:09:04,7750,3696.67,31.8678,127,31.00
2026-07-11,07:09:14,7760,3623.33,31.2356,121,31.00
2026-07-11,07:09:24,7770,3603.33,31.0632,128,31.00
2026-07-11,07:09:34,7780,3633.33,31.3218,125,31.00
2026-07-11,07:09:44,7790,3696.67,31.8678,127,31.00
2026-07-11,07:09:54,7800,3740.00,32.2414,122,31.00
2026-07-11,07:10:04,7810,3773.33,32.5287,130,31.00
2026-07-11,07:10:14,7820,3793.33,32.7011,123,31.00
2026-07-11,07:10:24,7830,3893.33,33.5632,124,31.00
2026-07-11,07:10:34,7840,3980.00,34.3103,118,31.00
2026-07-11,07:10:44,7850,4073.33,35.1149,123,31.00
2026-07-11,07:10:54,7860,4146.67,35.7471,130,31.00
2026-07-11,07:11:04,7870,4180.00,36.0345,132,31.00
2026-07-11,07:11:14,7880,4176.67,36.0057,134,31.00
2026-07-11,07:11:24,7890,4153.33,35.8046,130,31.00
2026-07-11,07:11:34,7900,4126.67,35.5747,125,31.00
2026-07-11,07:11:44,7910,4130.00,35.6034,118,31.00
2026-07-11,07:11:54,7920,4160.00,35.8621,118,31.00
2026-07-11,07:12:04,7930,4236.67,36.5230,132,31.00
2026-07-11,07:12:14,7940,4320.00,37.2414,128,31.00
2026-07-11,07:12:24,7950,4380.00,37.7586,128,31.00
2026-07-11,07:12:34,7960,4410.00,38.0172,129,31.00
2026-07-11,07:12:44,7970,4416.67,38.0747,130,31.00
2026-07-11,07:12:54,7980,4396.67,37.9023,118,31.00
2026-07-11,07:13:04,7990,4333.33,37.3563,118,31.00
2026-07-11,07:13:14,8000,4203.33,36.2356,121,31.00
2026-07-11,07:13:24,8010,4056.67,34.9713,123,31.00
2026-07-11,07:13:34,8020,3876.67,33.4195,126,31.00
2026-07-11,07:13:44,8030,3690.00,31.8103,124,31.00
2026-07-11,07:13:54,8040,3556.67,30.6609,127,31.00
2026-07-11,07:14:04,8050,3476.67,29.9713,129,31.00
2026-07-11,07:14:14,8060,3420.00,29.4828,127,31.00
2026-07-11,07:14:24,8070,3373.33,29.0805,131,31.00
2026-07-11,07:14:34,8080,3360.00,28.9655,125,31.00
2026-07-11,07:14:44,8090,3396.67,29.2816,130,31.00
2026-07-11,07:14:54,8100,3476.67,29.9713,124,31.00
2026-07-11,07:15:04,8110,3556.67,30.6609,130,31.00
2026-07-11,07:15:14,8120,3600.00,31.0345,128,31.00
2026-07-11,07:15:24,8130,3570.00,30.7759,131,31.00
2026-07-11,07:15:34,8140,3530.00,30.4310,125,31.00
2026-07-11,07:15:44,8150,3530.00,30.4310,124,31.00
2026-07-11,07:15:54,8160,3570.00,30.7759,128,31.00
2026-07-11,07:16:04,8170,3643.33,31.4080,132,31.00
2026-07-11,07:16:14,8180,3723.33,32.0977,129,31.00
2026-07-11,07:16:23,8190,3783.33,32.6149,128,31.00
2026-07-11,07:16:33,8200,3813.33,32.8736,128,31.00
2026-07-11,07:16:43,8210,3816.67,32.9023,125,31.00
2026-07-11,07:16:53,8220,3790.00,32.6724,128,31.00
2026-07-11,07:17:03,8230,3736.67,32.2126,127,31.00
2026-07-11,07:17:13,8240,3690.00,31.8103,127,31.00
2026-07-11,07:17:23,8250,3663.33,31.5805,125,31.00
2026-07-11,07:17:33,8260,3653.33,31.4943,124,31.00
2026-07-11,07:17:43,8270,3676.67,31.6954,123,31.00
2026-07-11,07:17:53,8280,3736.67,32.2126,126,31.00
2026-07-11,07:18:03,8290,3810.00,32.8448,129,31.00
2026-07-11,07:18:13,8300,3873.33,33.3908,132,31.00
2026-07-11,07:18:23,8310,3890.00,33.5345,128,31.00
2026-07-11,07:18:33,8320,3890.00,33.5345,125,31.00
2026-07-11,07:18:43,8330,3903.33,33.6494,123,31.00
2026-07-11,07:18:53,8340,3930.00,33.8793,122,31.00
2026-07-11,07:19:03,8350,4003.33,34.5115,125,31.00
2026-07-11,07:19:13,8360,4100.00,35.3448,123,31.00
2026-07-11,07:19:23,8370,4200.00,36.2069,125,31.00
2026-07-11,07:19:33,8380,4276.67,36.8678,127,31.00
2026-07-11,07:19:43,8390,4306.67,37.1264,127,31.00
2026-07-11,07:19:53,8400,4296.67,37.0402,125,31.00
2026-07-11,07:20:03,8410,4250.00,36.6379,128,31.00
2026-07-11,07:20:13,8420,4190.00,36.1207,129,31.00
2026-07-11,07:20:23,8430,4130.00,35.6034,123,31.00
2026-07-11,07:20:33,8440,4090.00,35.2586,119,31.00
2026-07-11,07:20:43,8450,4083.33,35.2011,117,31.00
2026-07-11,07:20:53,8460,4123.33,35.5460,126,31.00
2026-07-11,07:21:03,8470,4206.67,36.2644,136,32.00
2026-07-11,07:21:13,8480,4316.67,37.2126,127,31.00
2026-07-11,07:21:23,8490,4433.33,38.2184,128,31.00
2026-07-11,07:21:33,8500,4610.00,39.7414,136,31.00
2026-07-11,07:21:43,8510,4826.67,41.6092,126,31.00
2026-07-11,07:21:53,8520,5013.33,43.2184,129,32.00
2026-07-11,07:22:03,8530,5166.67,44.5402,128,32.00
2026-07-11,07:22:13,8540,5263.33,45.3736,127,31.00
2026-07-11,07:22:23,8550,5310.00,45.7759,131,32.00
2026-07-11,07:22:33,8560,5313.33,45.8046,132,32.00
2026-07-11,07:22:43,8570,5296.67,45.6609,130,32.00
2026-07-11,07:22:53,8580,5306.67,45.7471,132,32.00
2026-07-11,07:23:03,8590,5340.00,46.0345,133,31.00
2026-07-11,07:23:13,8600,5390.00,46.4655,131,32.00
2026-07-11,07:23:23,8610,5423.33,46.7529,125,32.00
2026-07-11,07:23:33,8620,5413.33,46.6667,127,32.00
2026-07-11,07:23:43,8630,5356.67,46.1782,128,32.00
2026-07-11,07:23:53,8640,5313.33,45.8046,126,32.00
2026-07-11,07:24:03,8650,5280.00,45.5172,125,32.00
2026-07-11,07:24:13,8660,5223.33,45.0287,130,32.00
2026-07-11,07:24:23,8670,5103.33,43.9943,133,32.00
2026-07-11,07:24:33,8680,4980.00,42.9310,135,32.00
2026-07-11,07:24:43,8690,4873.33,42.0115,131,32.00
2026-07-11,07:24:53,8700,4776.67,41.1782,127,32.00
2026-07-11,07:25:03,8710,4660.00,40.1724,124,32.00
2026-07-11,07:25:13,8720,4550.00,39.2241,130,32.00
2026-07-11,07:25:23,8730,4446.67,38.3333,122,32.00
2026-07-11,07:25:33,8740,4380.00,37.7586,128,32.00
2026-07-11,07:25:43,8750,4336.67,37.3851,131,32.00
2026-07-11,07:25:53,8760,4286.67,36.9540,127,32.00
2026-07-11,07:26:03,8770,4233.33,36.4943,125,32.00
2026-07-11,07:26:13,8780,4203.33,36.2356,127,32.00
2026-07-11,07:26:23,8790,4146.67,35.7471,126,32.00
2026-07-11,07:26:33,8800,4113.33,35.4598,122,32.00
2026-07-11,07:26:43,8810,4106.67,35.4023,143,32.00
2026-07-11,07:26:53,8820,4050.00,34.9138,130,32.00
2026-07-11,07:27:02,8830,3943.33,33.9943,128,32.00
2026-07-11,07:27:12,8840,3876.67,33.4195,124,32.00
2026-07-11,07:27:22,8850,3863.33,33.3046,132,32.00
2026-07-11,07:27:32,8860,3903.33,33.6494,131,32.00
2026-07-11,07:27:42,8870,3996.67,34.4540,124,32.00
2026-07-11,07:27:52,8880,4120.00,35.5172,126,32.00
2026-07-11,07:28:02,8890,4273.33,36.8391,128,32.00
2026-07-11,07:28:12,8900,4406.67,37.9885,125,32.00
2026-07-11,07:28:22,8910,4560.00,39.3103,132,32.00
2026-07-11,07:28:32,8920,4670.00,40.2586,136,32.00
2026-07-11,07:28:42,8930,4770.00,41.1207,130,32.00
2026-07-11,07:28:52,8940,4836.67,41.6954,131,32.00
2026-07-11,07:29:02,8950,4846.67,41.7816,135,32.00
2026-07-11,07:29:12,8960,4776.67,41.1782,133,32.00
2026-07-11,07:29:22,8970,4626.67,39.8851,134,32.00
2026-07-11,07:29:32,8980,4453.33,38.3908,134,32.00
2026-07-11,07:29:42,8990,4246.67,36.6092,134,32.00
2026-07-11,07:29:52,9000,4056.67,34.9713,131,32.00
2026-07-11,07:30:02,9010,3820.00,32.9310,134,32.00
2026-07-11,07:30:12,9020,3586.67,30.9195,129,32.00
2026-07-11,07:30:22,9030,3343.33,28.8218,121,32.00
2026-07-11,07:30:32,9040,3116.67,26.8678,125,32.00
2026-07-11,07:30:42,9050,2890.00,24.9138,124,32.00
2026-07-11,07:30:52,9060,2696.67,23.2471,127,32.00
2026-07-11,07:31:02,9070,2516.67,21.6954,119,32.00
2026-07-11,07:31:12,9080,2383.33,20.5460,125,32.00
2026-07-11,07:31:22,9090,2296.67,19.7988,121,32.00
2026-07-11,07:31:32,9100,2243.33,19.3391,129,32.00
2026-07-11,07:31:42,9110,2220.00,19.1379,125,32.00
2026-07-11,07:31:52,9120,2196.67,18.9368,122,32.00
2026-07-11,07:32:02,9130,2183.33,18.8218,119,31.00
2026-07-11,07:32:12,9140,2160.00,18.6207,119,31.00
2026-07-11,07:32:22,9150,2150.00,18.5345,120,32.00
2026-07-11,07:32:32,9160,2156.67,18.5920,123,32.00
2026-07-11,07:32:42,9170,2180.00,18.7931,124,32.00
2026-07-11,07:32:52,9180,2216.67,19.1092,123,32.00
2026-07-11,07:33:02,9190,2270.00,19.5690,126,32.00
2026-07-11,07:33:12,9200,2326.67,20.0575,126,32.00
2026-07-11,07:33:22,9210,2393.33,20.6322,136,31.00
2026-07-11,07:33:32,9220,2463.33,21.2356,127,31.00
2026-07-11,07:33:42,9230,2540.00,21.8966,128,31.00
2026-07-11,07:33:52,9240,2623.33,22.6149,133,31.00
2026-07-11,07:34:02,9250,2700.00,23.2759,129,31.00
2026-07-11,07:34:12,9260,2753.33,23.7356,132,31.00
2026-07-11,07:34:22,9270,2793.33,24.0805,125,31.00
2026-07-11,07:34:32,9280,2816.67,24.2816,128,31.00
2026-07-11,07:34:42,9290,2826.67,24.3678,131,31.00
2026-07-11,07:34:52,9300,2840.00,24.4828,131,31.00
2026-07-11,07:35:02,9310,2876.67,24.7988,130,31.00
2026-07-11,07:35:12,9320,2930.00,25.2586,126,31.00
2026-07-11,07:35:22,9330,3006.67,25.9195,124,31.00
2026-07-11,07:35:32,9340,3063.33,26.4080,129,31.00
2026-07-11,07:35:42,9350,3116.67,26.8678,123,31.00
2026-07-11,07:35:52,9360,3166.67,27.2988,126,31.00
2026-07-11,07:36:02,9370,3230.00,27.8448,129,31.00
2026-07-11,07:36:12,9380,3313.33,28.5632,124,31.00
2026-07-11,07:36:22,9390,3416.67,29.4540,126,31.00
2026-07-11,07:36:32,9400,3516.67,30.3161,123,31.00
2026-07-11,07:36:42,9410,3616.67,31.1782,130,31.00
2026-07-11,07:36:52,9420,3686.67,31.7816,129,31.00
2026-07-11,07:37:02,9430,3756.67,32.3851,131,31.00
2026-07-11,07:37:12,9440,3796.67,32.7299,126,31.00
2026-07-11,07:37:22,9450,3843.33,33.1322,126,31.00
2026-07-11,07:37:31,9460,3886.67,33.5057,131,31.00
2026-07-11,07:37:41,9470,3940.00,33.9655,133,32.00
2026-07-11,07:37:51,9480,4023.33,34.6839,126,31.00
2026-07-11,07:38:01,9490,4116.67,35.4885,135,31.00
2026-07-11,07:38:11,9500,4246.67,36.6092,133,31.00
2026-07-11,07:38:21,9510,4406.67,37.9885,136,31.00
2026-07-11,07:38:31,9520,4586.67,39.5402,134,31.00
2026-07-11,07:38:41,9530,4783.33,41.2356,136,32.00
2026-07-11,07:38:51,9540,4933.33,42.5287,130,31.00
2026-07-11,07:39:01,9550,5026.67,43.3333,132,32.00
2026-07-11,07:39:11,9560,5103.33,43.9943,127,32.00
2026-07-11,07:39:21,9570,5196.67,44.7988,125,31.00
2026-07-11,07:39:31,9580,5256.67,45.3161,130,31.00
2026-07-11,07:39:41,9590,5280.00,45.5172,129,32.00
2026-07-11,07:39:51,9600,5243.33,45.2011,129,32.00
2026-07-11,07:40:01,9610,5130.00,44.2241,131,32.00
2026-07-11,07:40:11,9620,4983.33,42.9598,127,32.00
2026-07-11,07:40:21,9630,4876.67,42.0402,130,32.00
2026-07-11,07:40:31,9640,4800.00,41.3793,134,32.00
2026-07-11,07:40:41,9650,4750.00,40.9483,126,32.00
2026-07-11,07:40:51,9660,4703.33,40.5460,122,32.00
2026-07-11,07:41:01,9670,4620.00,39.8276,124,32.00
2026-07-11,07:41:11,9680,4580.00,39.4828,125,32.00
2026-07-11,07:41:21,9690,4540.00,39.1379,127,32.00
2026-07-11,07:41:31,9700,4506.67,38.8506,130,32.00
2026-07-11,07:41:41,9710,4473.33,38.5632,129,32.00
2026-07-11,07:41:51,9720,4443.33,38.3046,124,32.00
2026-07-11,07:42:01,9730,4436.67,38.2471,131,32.00
2026-07-11,07:42:11,9740,4406.67,37.9885,129,32.00
2026-07-11,07:42:21,9750,4356.67,37.5575,123,32.00
2026-07-11,07:42:31,9760,4290.00,36.9828,125,32.00
2026-07-11,07:42:41,9770,4236.67,36.5230,125,32.00
2026-07-11,07:42:51,9780,4186.67,36.0920,123,32.00
2026-07-11,07:43:01,9790,4103.33,35.3736,125,32.00
2026-07-11,07:43:11,9800,4023.33,34.6839,127,32.00
2026-07-11,07:43:21,9810,3946.67,34.0230,129,32.00
2026-07-11,07:43:31,9820,3883.33,33.4770,125,32.00
2026-07-11,07:43:41,9830,3873.33,33.3908,126,32.00
2026-07-11,07:43:51,9840,3936.67,33.9368,125,32.00
2026-07-11,07:44:01,9850,4010.00,34.5690,124,32.00
2026-07-11,07:44:11,9860,4120.00,35.5172,123,32.00
2026-07-11,07:44:21,9870,4236.67,36.5230,127,32.00
2026-07-11,07:44:31,9880,4330.00,37.3276,128,32.00
2026-07-11,07:44:41,9890,4363.33,37.6149,130,32.00
2026-07-11,07:44:51,9900,4330.00,37.3276,126,32.00
2026-07-11,07:45:01,9910,4240.00,36.5517,130,32.00
2026-07-11,07:45:11,9920,4180.00,36.0345,124,32.00
2026-07-11,07:45:21,9930,4143.33,35.7184,122,32.00
2026-07-11,07:45:31,9940,4133.33,35.6322,125,32.00
2026-07-11,07:45:41,9950,4150.00,35.7759,130,32.00
2026-07-11,07:45:51,9960,4173.33,35.9770,126,32.00
2026-07-11,07:46:01,9970,4160.00,35.8621,126,32.00
2026-07-11,07:46:11,9980,4110.00,35.4310,119,32.00
2026-07-11,07:46:21,9990,4060.00,35.0000,123,32.00
2026-07-11,07:46:31,10000,4063.33,35.0287,123,32.00
2026-07-11,07:46:41,10010,4110.00,35.4310,125,32.00
2026-07-11,07:46:51,10020,4183.33,36.0632,125,32.00
2026-07-11,07:47:01,10030,4276.67,36.8678,123,32.00
2026-07-11,07:47:11,10040,4353.33,37.5287,126,32.00
2026-07-11,07:47:21,10050,4403.33,37.9598,125,32.00
2026-07-11,07:47:31,10060,4430.00,38.1897,126,32.00
2026-07-11,07:47:41,10070,4430.00,38.1897,119,32.00
2026-07-11,07:47:51,10080,4446.67,38.3333,123,32.00
2026-07-11,07:48:00,10090,4500.00,38.7931,127,32.00
2026-07-11,07:48:10,10100,4613.33,39.7701,124,32.00
2026-07-11,07:48:20,10110,4776.67,41.1782,133,32.00
2026-07-11,07:48:30,10120,4920.00,42.4138,124,32.00
2026-07-11,07:48:40,10130,5040.00,43.4483,131,32.00
2026-07-11,07:48:50,10140,5126.67,44.1954,130,32.00
2026-07-11,07:49:00,10150,5180.00,44.6552,128,32.00
2026-07-11,07:49:10,10160,5173.33,44.5977,125,32.00
2026-07-11,07:49:20,10170,5180.00,44.6552,129,32.00
2026-07-11,07:49:30,10180,5173.33,44.5977,124,32.00
2026-07-11,07:49:40,10190,5143.33,44.3391,123,32.00
2026-07-11,07:49:50,10200,5090.00,43.8793,124,32.00
2026-07-11,07:50:00,10210,5090.00,43.8793,128,32.00
2026-07-11,07:50:10,10220,5173.33,44.5977,126,32.00
2026-07-11,07:50:20,10230,5313.33,45.8046,126,32.00
2026-07-11,07:50:30,10240,5546.67,47.8161,129,32.00
2026-07-11,07:50:40,10250,5766.67,49.7126,130,32.00
2026-07-11,07:50:50,10260,5996.67,51.6954,125,32.00
2026-07-11,07:51:00,10270,6190.00,53.3621,139,32.00
2026-07-11,07:51:10,10280,6346.67,54.7126,142,32.00
2026-07-11,07:51:20,10290,6536.67,56.3506,126,32.00
2026-07-11,07:51:30,10300,6753.33,58.2184,129,32.00
2026-07-11,07:51:40,10310,7020.00,60.5172,133,32.00
2026-07-11,07:51:50,10320,7190.00,61.9828,140,32.00
2026-07-11,07:52:00,10330,7333.33,63.2184,141,32.00
2026-07-11,07:52:10,10340,7386.67,63.6782,138,33.00
2026-07-11,07:52:20,10350,7436.67,64.1092,135,33.00
2026-07-11,07:52:30,10360,7470.00,64.3965,138,33.00
2026-07-11,07:52:40,10370,7510.00,64.7414,136,33.00
2026-07-11,07:52:50,10380,7580.00,65.3448,139,33.00
2026-07-11,07:53:00,10390,7650.00,65.9483,132,33.00
2026-07-11,07:53:10,10400,7770.00,66.9828,129,33.00
2026-07-11,07:53:20,10410,7853.33,67.7011,139,33.00
2026-07-11,07:53:30,10420,7893.33,68.0460,140,33.00
2026-07-11,07:53:40,10430,7876.67,67.9023,143,33.00
2026-07-11,07:53:50,10440,7743.33,66.7529,149,33.00
2026-07-11,07:54:00,10450,7550.00,65.0862,142,33.00
2026-07-11,07:54:10,10460,7420.00,63.9655,147,33.00
2026-07-11,07:54:20,10470,7313.33,63.0460,144,33.00
2026-07-11,07:54:30,10480,7266.67,62.6437,135,33.00
2026-07-11,07:54:40,10490,7263.33,62.6149,129,33.00
2026-07-11,07:54:50,10500,7273.33,62.7011,130,33.00
2026-07-11,07:55:00,10510,7326.67,63.1609,138,33.00
2026-07-11,07:55:10,10520,7386.67,63.6782,143,33.00
2026-07-11,07:55:20,10530,7400.00,63.7931,136,33.00
2026-07-11,07:55:30,10540,7386.67,63.6782,134,33.00
2026-07-11,07:55:40,10550,7383.33,63.6494,131,33.00
2026-07-11,07:55:50,10560,7496.67,64.6264,132,33.00
2026-07-11,07:56:00,10570,7696.67,66.3506,145,33.00
2026-07-11,07:56:10,10580,7986.67,68.8506,145,33.00
2026-07-11,07:56:20,10590,8293.33,71.4942,140,33.00
2026-07-11,07:56:30,10600,8563.33,73.8218,151,33.00
2026-07-11,07:56:40,10610,8773.33,75.6322,176,33.00
2026-07-11,07:56:50,10620,8926.67,76.9540,164,33.00
2026-07-11,07:57:00,10630,9036.67,77.9023,152,33.00
2026-07-11,07:57:10,10640,8963.33,77.2701,159,33.00
2026-07-11,07:57:20,10650,8720.00,75.1724,153,33.00
2026-07-11,07:57:30,10660,8376.67,72.2126,147,33.00
2026-07-11,07:57:40,10670,8036.67,69.2816,145,33.00
2026-07-11,07:57:50,10680,7823.33,67.4425,132,33.00
2026-07-11,07:58:00,10690,7806.67,67.2989,133,33.00
2026-07-11,07:58:10,10700,7966.67,68.6782,133,33.00
2026-07-11,07:58:20,10710,8250.00,71.1207,146,33.00
2026-07-11,07:58:30,10720,8440.00,72.7586,139,33.00
2026-07-11,07:58:40,10730,8523.33,73.4770,146,33.00
2026-07-11,07:58:49,10740,8473.33,73.0460,142,33.00
2026-07-11,07:58:59,10750,8366.67,72.1264,147,33.00
2026-07-11,07:59:09,10760,8383.33,72.2701,145,34.00
2026-07-11,07:59:19,10770,8600.00,74.1379,142,34.00
2026-07-11,07:59:29,10780,8856.67,76.3506,149,34.00
2026-07-11,07:59:39,10790,9073.33,78.2184,155,34.00
2026-07-11,07:59:49,10800,9126.67,78.6782,172,34.00
2026-07-11,07:59:59,10810,9046.67,77.9885,158,34.00
2026-07-11,08:00:09,10820,8916.67,76.8678,160,34.00
2026-07-11,08:00:19,10830,8826.67,76.0919,159,34.00
2026-07-11,08:00:29,10840,8726.67,75.2299,158,34.00
2026-07-11,08:00:39,10850,8670.00,74.7414,148,34.00
2026-07-11,08:00:49,10860,8610.00,74.2241,154,34.00
2026-07-11,08:00:59,10870,8453.33,72.8736,148,34.00
2026-07-11,08:01:09,10880,8383.33,72.2701,151,34.00
2026-07-11,08:01:19,10890,8550.00,73.7069,150,34.00
2026-07-11,08:01:29,10900,8926.67,76.9540,142,34.00
2026-07-11,08:01:39,10910,9470.00,81.6379,153,34.00
2026-07-11,08:01:49,10920,9953.33,85.8046,161,34.00
2026-07-11,08:01:59,10930,10253.33,88.3908,168,34.00
2026-07-11,08:02:09,10940,10310.00,88.8793,174,34.00
2026-07-11,08:02:19,10950,10296.67,88.7644,172,34.00
2026-07-11,08:02:29,10960,10166.67,87.6437,172,34.00
2026-07-11,08:02:39,10970,10083.33,86.9253,162,34.00
2026-07-11,08:02:49,10980,10096.67,87.0402,163,34.00
2026-07-11,08:02:59,10990,10050.00,86.6379,153,34.00
2026-07-11,08:03:09,11000,9883.33,85.2011,162,34.00
2026-07-11,08:03:19,11010,9780.00,84.3103,156,34.00
2026-07-11,08:03:29,11020,9676.67,83.4195,166,34.00
2026-07-11,08:03:39,11030,9483.33,81.7529,167,34.00
2026-07-11,08:03:49,11040,9303.33,80.2011,164,34.00
2026-07-11,08:03:59,11050,9003.33,77.6149,164,34.00
2026-07-11,08:04:09,11060,8800.00,75.8621,164,34.00
2026-07-11,08:04:19,11070,8720.00,75.1724,161,34.00
2026-07-11,08:04:29,11080,8720.00,75.1724,158,34.00
2026-07-11,08:04:39,11090,8630.00,74.3966,153,34.00
2026-07-11,08:04:49,11100,8423.33,72.6149,153,34.00
2026-07-11,08:04:59,11110,8193.33,70.6322,154,35.00
2026-07-11,08:05:09,11120,8030.00,69.2241,140,35.00
2026-07-11,08:05:19,11130,7940.00,68.4483,134,35.00
2026-07-11,08:05:29,11140,7830.00,67.5000,134,35.00
2026-07-11,08:05:39,11150,7713.33,66.4942,136,34.00
2026-07-11,08:05:49,11160,7590.00,65.4310,133,34.00
2026-07-11,08:05:59,11170,7530.00,64.9138,131,34.00
2026-07-11,08:06:09,11180,7576.67,65.3161,132,35.00
2026-07-11,08:06:19,11190,7710.00,66.4655,134,34.00
2026-07-11,08:06:29,11200,7893.33,68.0460,138,34.00
2026-07-11,08:06:39,11210,8200.00,70.6897,144,34.00
2026-07-11,08:06:49,11220,8553.33,73.7356,142,35.00
2026-07-11,08:06:59,11230,8883.33,76.5805,149,34.00
2026-07-11,08:07:09,11240,9140.00,78.7931,153,35.00
2026-07-11,08:07:19,11250,9213.33,79.4253,158,35.00
2026-07-11,08:07:29,11260,9120.00,78.6207,152,35.00
2026-07-11,08:07:39,11270,8980.00,77.4138,152,35.00
2026-07-11,08:07:49,11280,8900.00,76.7241,150,35.00
2026-07-11,08:07:59,11290,8903.33,76.7529,152,35.00
2026-07-11,08:08:09,11300,8973.33,77.3563,149,35.00
2026-07-11,08:08:19,11310,9253.33,79.7701,142,35.00
2026-07-11,08:08:29,11320,9766.67,84.1954,148,35.00
2026-07-11,08:08:39,11330,10386.67,89.5402,157,35.00
2026-07-11,08:08:49,11340,10930.00,94.2241,170,35.00
2026-07-11,08:08:59,11350,11340.00,97.7586,172,35.00
2026-07-11,08:09:09,11360,11550.00,99.5690,179,35.00
2026-07-11,08:09:19,11370,11593.33,99.9425,179,35.00
2026-07-11,08:09:29,11380,11550.00,99.5690,178,35.00
2026-07-11,08:09:38,11390,11666.67,100.5747,177,35.00
2026-07-11,08:09:48,11400,11826.67,101.9540,169,35.00
2026-07-11,08:09:58,11410,11896.67,102.5575,165,35.00
2026-07-11,08:10:08,11420,11693.33,100.8046,175,35.00
2026-07-11,08:10:18,11430,11303.33,97.4425,173,35.00
2026-07-11,08:10:28,11440,10930.00,94.2241,165,35.00
2026-07-11,08:10:38,11450,10686.67,92.1264,160,35.00
2026-07-11,08:10:48,11460,10513.33,90.6322,159,35.00
2026-07-11,08:10:58,11470,10370.00,89.3966,156,35.00
2026-07-11,08:11:08,11480,10290.00,88.7069,153,35.00
2026-07-11,08:11:18,11490,10340.00,89.1379,160,35.00
2026-07-11,08:11:28,11500,10526.67,90.7471,155,35.00
2026-07-11,08:11:38,11510,10726.67,92.4713,169,36.00
2026-07-11,08:11:48,11520,11076.67,95.4885,178,36.00
2026-07-11,08:11:58,11530,11586.67,99.8850,173,35.00
2026-07-11,08:12:08,11540,12086.67,104.1954,177,36.00
2026-07-11,08:12:18,11550,12446.67,107.2988,180,36.00
2026-07-11,08:12:28,11560,12366.67,106.6092,181,36.00
2026-07-11,08:12:38,11570,12096.67,104.2816,185,36.00
2026-07-11,08:12:48,11580,11610.00,100.0862,186,36.00
2026-07-11,08:12:58,11590,11093.33,95.6322,178,36.00
2026-07-11,08:13:08,11600,10680.00,92.0690,171,36.00
2026-07-11,08:13:18,11610,10286.67,88.6782,160,36.00
2026-07-11,08:13:28,11620,9926.67,85.5747,154,36.00
2026-07-11,08:13:38,11630,9620.00,82.9310,152,36.00
2026-07-11,08:13:48,11640,9443.33,81.4080,151,36.00
2026-07-11,08:13:58,11650,9416.67,81.1782,147,36.00
2026-07-11,08:14:08,11660,9526.67,82.1264,155,36.00
2026-07-11,08:14:18,11670,9726.67,83.8506,157,36.00
2026-07-11,08:14:28,11680,9963.33,85.8908,170,36.00
2026-07-11,08:14:38,11690,10083.33,86.9253,176,36.00
2026-07-11,08:14:48,11700,10183.33,87.7874,177,36.00
2026-07-11,08:14:58,11710,10263.33,88.4770,179,36.00
2026-07-11,08:15:08,11720,10323.33,88.9942,179,36.00
2026-07-11,08:15:18,11730,10450.00,90.0862,179,36.00
2026-07-11,08:15:28,11740,10526.67,90.7471,171,36.00
2026-07-11,08:15:38,11750,10536.67,90.8333,175,36.00
2026-07-11,08:15:48,11760,10470.00,90.2586,176,36.00
2026-07-11,08:15:58,11770,10553.33,90.9770,174,36.00
2026-07-11,08:16:08,11780,10740.00,92.5862,175,36.00
2026-07-11,08:16:18,11790,10880.00,93.7931,178,36.00
2026-07-11,08:16:28,11800,10893.33,93.9080,191,36.00
2026-07-11,08:16:38,11810,10750.00,92.6724,184,36.00
2026-07-11,08:16:48,11820,10680.00,92.0690,186,36.00
2026-07-11,08:16:58,11830,10693.33,92.1839,187,36.00
2026-07-11,08:17:08,11840,10680.00,92.0690,185,36.00
2026-07-11,08:17:18,11850,10596.67,91.3506,183,36.00
2026-07-11,08:17:28,11860,10483.33,90.3736,179,36.00
2026-07-11,08:17:38,11870,10386.67,89.5402,172,36.00
2026-07-11,08:17:48,11880,10353.33,89.2529,173,36.00
2026-07-11,08:17:58,11890,10363.33,89.3391,172,36.00
2026-07-11,08:18:08,11900,10330.00,89.0517,168,36.00
2026-07-11,08:18:18,11910,10260.00,88.4483,163,36.00
2026-07-11,08:18:28,11920,10120.00,87.2414,171,36.00
2026-07-11,08:18:38,11930,9950.00,85.7759,177,36.00
2026-07-11,08:18:48,11940,10056.67,86.6954,169,36.00
2026-07-11,08:18:58,11950,10293.33,88.7356,170,36.00
2026-07-11,08:19:08,11960,10493.33,90.4598,172,36.00
2026-07-11,08:19:18,11970,10736.67,92.5575,165,36.00
2026-07-11,08:19:28,11980,10903.33,93.9942,172,36.00
2026-07-11,08:19:38,11990,10976.67,94.6264,173,36.00
2026-07-11,08:19:48,12000,10896.67,93.9368,171,36.00
2026-07-11,08:19:58,12010,10736.67,92.5575,162,36.00
2026-07-11,08:20:08,12020,10680.00,92.0690,168,36.00
2026-07-11,08:20:18,12030,10653.33,91.8391,173,36.00
2026-07-11,08:20:27,12040,10830.00,93.3621,176,36.00
2026-07-11,08:20:37,12050,11093.33,95.6322,177,36.00
2026-07-11,08:20:47,12060,11256.67,97.0402,176,36.00
2026-07-11,08:20:57,12070,11153.33,96.1494,184,36.00
2026-07-11,08:21:07,12080,10916.67,94.1092,190,36.00
2026-07-11,08:21:17,12090,10563.33,91.0632,187,36.00
2026-07-11,08:21:27,12100,10260.00,88.4483,187,36.00
2026-07-11,08:21:37,12110,9920.00,85.5172,177,36.00
2026-07-11,08:21:47,12120,9376.67,80.8333,186,36.00
2026-07-11,08:21:57,12130,8756.67,75.4885,177,36.00
2026-07-11,08:22:07,12140,8170.00,70.4310,167,36.00
2026-07-11,08:22:17,12150,7620.00,65.6897,159,36.00
2026-07-11,08:22:27,12160,7183.33,61.9253,147,36.00
2026-07-11,08:22:37,12170,7000.00,60.3448,147,36.00
2026-07-11,08:22:47,12180,6886.67,59.3678,151,36.00
2026-07-11,08:22:57,12190,6763.33,58.3046,147,36.00
2026-07-11,08:23:07,12200,6636.67,57.2126,151,36.00
2026-07-11,08:23:17,12210,6543.33,56.4080,148,36.00
2026-07-11,08:23:27,12220,6490.00,55.9483,146,36.00
2026-07-11,08:23:37,12230,6506.67,56.0920,146,36.00
2026-07-11,08:23:47,12240,6503.33,56.0632,151,36.00
2026-07-11,08:23:57,12250,6496.67,56.0057,150,36.00
2026-07-11,08:24:07,12260,6560.00,56.5517,149,36.00
2026-07-11,08:24:17,12270,6836.67,58.9368,152,35.00
2026-07-11,08:24:27,12280,7433.33,64.0805,143,36.00
2026-07-11,08:24:37,12290,8033.33,69.2529,153,36.00
2026-07-11,08:24:47,12300,8356.67,72.0402,159,36.00
2026-07-11,08:24:57,12310,8213.33,70.8046,158,36.00
2026-07-11,08:25:07,12320,7906.67,68.1609,159,35.00
2026-07-11,08:25:17,12330,7453.33,64.2529,157,36.00
2026-07-11,08:25:27,12340,7080.00,61.0345,139,35.00
2026-07-11,08:25:37,12350,6933.33,59.7701,142,35.00
2026-07-11,08:25:47,12360,6903.33,59.5115,143,35.00
2026-07-11,08:25:57,12370,6950.00,59.9138,149,35.00
2026-07-11,08:26:07,12380,7063.33,60.8908,150,35.00
2026-07-11,08:26:17,12390,7186.67,61.9540,144,35.00
2026-07-11,08:26:27,12400,7286.67,62.8161,148,35.00
2026-07-11,08:26:37,12410,7366.67,63.5057,151,35.00
2026-07-11,08:26:47,12420,7480.00,64.4828,156,35.00
2026-07-11,08:26:57,12430,7570.00,65.2586,162,35.00
2026-07-11,08:27:07,12440,7646.67,65.9195,148,35.00
2026-07-11,08:27:17,12450,7693.33,66.3218,160,35.00
2026-07-11,08:27:27,12460,7683.33,66.2356,148,35.00
2026-07-11,08:27:37,12470,7653.33,65.9770,139,35.00
2026-07-11,08:27:47,12480,7546.67,65.0575,138,35.00
2026-07-11,08:27:57,12490,7410.00,63.8793,131,35.00
2026-07-11,08:28:07,12500,7350.00,63.3621,134,35.00
2026-07-11,08:28:17,12510,7400.00,63.7931,135,35.00
2026-07-11,08:28:27,12520,7560.00,65.1724,134,35.00
2026-07-11,08:28:37,12530,7770.00,66.9828,146,35.00
2026-07-11,08:28:47,12540,7950.00,68.5345,139,35.00
2026-07-11,08:28:57,12550,8250.00,71.1207,137,35.00
2026-07-11,08:29:07,12560,8770.00,75.6034,147,35.00
2026-07-11,08:29:17,12570,9393.33,80.9770,147,35.00
2026-07-11,08:29:27,12580,9940.00,85.6897,165,35.00
2026-07-11,08:29:37,12590,10410.00,89.7414,162,35.00
2026-07-11,08:29:47,12600,10716.67,92.3850,167,35.00
2026-07-11,08:29:57,12610,10953.33,94.4253,167,35.00
2026-07-11,08:30:07,12620,11093.33,95.6322,173,35.00
2026-07-11,08:30:17,12630,11053.33,95.2874,176,35.00
2026-07-11,08:30:27,12640,10803.33,93.1322,170,35.00
2026-07-11,08:30:36,12650,10496.67,90.4885,169,35.00
2026-07-11,08:30:46,12660,10216.67,88.0747,171,35.00
2026-07-11,08:30:56,12670,9966.67,85.9195,160,35.00
2026-07-11,08:31:06,12680,9713.33,83.7356,158,35.00
2026-07-11,08:31:16,12690,9633.33,83.0460,155,35.00
2026-07-11,08:31:26,12700,10123.33,87.2701,147,35.00
2026-07-11,08:31:36,12710,11236.67,96.8678,167,35.00
2026-07-11,08:31:46,12720,12690.00,109.3965,174,36.00
2026-07-11,08:31:56,12730,13990.00,120.6034,179,36.00
2026-07-11,08:32:06,12740,15106.67,130.2299,189,36.00
2026-07-11,08:32:16,12750,16173.33,139.4253,198,36.00
2026-07-11,08:32:26,12760,16986.67,146.4368,209,36.00
2026-07-11,08:32:36,12770,17413.33,150.1149,206,36.00
2026-07-11,08:32:46,12780,17393.33,149.9425,205,36.00
2026-07-11,08:32:56,12790,17163.33,147.9598,206,36.00
2026-07-11,08:33:06,12800,16886.67,145.5747,210,36.00
2026-07-11,08:33:16,12810,16856.67,145.3161,211,36.00
2026-07-11,08:33:26,12820,17003.33,146.5804,208,36.00
2026-07-11,08:33:36,12830,17123.33,147.6149,211,36.00
2026-07-11,08:33:46,12840,17010.00,146.6379,214,36.00
2026-07-11,08:33:56,12850,16803.33,144.8563,214,37.00
2026-07-11,08:34:06,12860,16580.00,142.9310,218,37.00
2026-07-11,08:34:16,12870,16540.00,142.5862,218,37.00
2026-07-11,08:34:26,12880,16716.67,144.1092,221,37.00
2026-07-11,08:34:36,12890,16823.33,145.0287,225,37.00
2026-07-11,08:34:46,12900,16936.67,146.0057,220,37.00
2026-07-11,08:34:56,12910,17113.33,147.5287,216,37.00
2026-07-11,08:35:06,12920,17343.33,149.5115,220,37.00
2026-07-11,08:35:16,12930,17590.00,151.6379,221,37.00
2026-07-11,08:35:26,12940,17833.33,153.7356,219,37.00
2026-07-11,08:35:36,12950,18070.00,155.7759,219,37.00
2026-07-11,08:35:46,12960,18140.00,156.3793,219,38.00
2026-07-11,08:35:56,12970,18140.00,156.3793,221,38.00
2026-07-11,08:36:06,12980,18203.33,156.9253,219,38.00
2026-07-11,08:36:16,12990,18400.00,158.6207,222,38.00
2026-07-11,08:36:26,13000,18696.67,161.1782,223,38.00
2026-07-11,08:36:36,13010,18906.67,162.9885,216,38.00
2026-07-11,08:36:46,13020,19040.00,164.1379,224,38.00
2026-07-11,08:36:56,13030,19150.00,165.0862,224,38.00
2026-07-11,08:37:06,13040,19010.00,163.8793,225,38.00
2026-07-11,08:37:16,13050,18873.33,162.7011,224,38.00
2026-07-11,08:37:26,13060,18800.00,162.0690,226,39.00
2026-07-11,08:37:36,13070,18900.00,162.9310,221,39.00
2026-07-11,08:37:46,13080,19120.00,164.8276,221,39.00
2026-07-11,08:37:56,13090,19283.33,166.2356,221,39.00
2026-07-11,08:38:06,13100,19216.67,165.6609,218,39.00
2026-07-11,08:38:16,13110,19060.00,164.3103,220,39.00
2026-07-11,08:38:26,13120,18763.33,161.7529,223,39.00
2026-07-11,08:38:36,13130,18376.67,158.4195,222,39.00
2026-07-11,08:38:46,13140,18013.33,155.2873,221,39.00
2026-07-11,08:38:56,13150,17580.00,151.5517,221,39.00
2026-07-11,08:39:06,13160,17316.67,149.2816,219,39.00
2026-07-11,08:39:16,13170,17276.67,148.9368,220,40.00
2026-07-11,08:39:26,13180,17306.67,149.1954,216,39.00
2026-07-11,08:39:36,13190,17340.00,149.4828,219,39.00
2026-07-11,08:39:46,13200,17286.67,149.0230,219,40.00
2026-07-11,08:39:56,13210,17193.33,148.2184,214,40.00
2026-07-11,08:40:06,13220,16990.00,146.4655,215,40.00
2026-07-11,08:40:16,13230,16893.33,145.6322,216,40.00
2026-07-11,08:40:26,13240,16990.00,146.4655,215,40.00
2026-07-11,08:40:36,13250,17190.00,148.1897,216,40.00
2026-07-11,08:40:46,13260,17463.33,150.5460,216,40.00
2026-07-11,08:40:56,13270,17763.33,153.1322,218,40.00
2026-07-11,08:41:06,13280,17966.67,154.8851,219,40.00
2026-07-11,08:41:16,13290,18240.00,157.2414,219,40.00
2026-07-11,08:41:26,13300,18656.67,160.8333,222,40.00
2026-07-11,08:41:36,13310,19043.33,164.1667,224,40.00
2026-07-11,08:41:46,13320,19346.67,166.7816,221,40.00
2026-07-11,08:41:55,13330,19483.33,167.9598,221,40.00
2026-07-11,08:42:05,13340,19583.33,168.8218,222,40.00
2026-07-11,08:42:15,13350,19626.67,169.1954,222,40.00
2026-07-11,08:42:25,13360,19820.00,170.8621,220,40.00
2026-07-11,08:42:35,13370,20240.00,174.4828,221,40.00
2026-07-11,08:42:45,13380,20680.00,178.2759,220,40.00
2026-07-11,08:42:55,13390,20960.00,180.6897,219,40.00
2026-07-11,08:43:05,13400,21370.00,184.2241,221,40.00
2026-07-11,08:43:15,13410,21816.67,188.0747,223,40.00
2026-07-11,08:43:25,13420,22163.33,191.0632,220,40.00
2026-07-11,08:43:35,13430,22316.67,192.3851,221,40.00
2026-07-11,08:43:45,13440,22366.67,192.8161,219,41.00
2026-07-11,08:43:55,13450,22276.67,192.0402,223,41.00
2026-07-11,08:44:05,13460,21946.67,189.1954,221,41.00
2026-07-11,08:44:15,13470,21880.00,188.6207,220,41.00
2026-07-11,08:44:25,13480,21753.33,187.5287,221,41.00
2026-07-11,08:44:35,13490,21666.67,186.7816,222,41.00
2026-07-11,08:44:45,13500,21480.00,185.1724,220,41.00
2026-07-11,08:44:55,13510,21290.00,183.5345,221,41.00
2026-07-11,08:45:05,13520,20990.00,180.9483,223,41.00
2026-07-11,08:45:15,13530,20556.67,177.2126,222,41.00
2026-07-11,08:45:25,13540,20040.00,172.7586,221,41.00
2026-07-11,08:45:35,13550,19626.67,169.1954,220,41.00
2026-07-11,08:45:45,13560,19486.67,167.9885,222,41.00
2026-07-11,08:45:55,13570,19550.00,168.5345,223,41.00
2026-07-11,08:46:05,13580,20013.33,172.5287,221,41.00
2026-07-11,08:46:15,13590,20440.00,176.2069,222,41.00
2026-07-11,08:46:25,13600,20853.33,179.7701,221,41.00
2026-07-11,08:46:35,13610,20956.67,180.6609,218,41.00
2026-07-11,08:46:45,13620,20893.33,180.1149,220,41.00
2026-07-11,08:46:55,13630,20700.00,178.4483,223,42.00
2026-07-11,08:47:05,13640,20586.67,177.4713,221,42.00
2026-07-11,08:47:15,13650,20480.00,176.5517,222,42.00
2026-07-11,08:47:25,13660,20210.00,174.2241,221,42.00
2026-07-11,08:47:35,13670,19760.00,170.3448,221,42.00
2026-07-11,08:47:45,13680,19276.67,166.1782,223,42.00
2026-07-11,08:47:55,13690,18973.33,163.5632,220,42.00
2026-07-11,08:48:05,13700,18516.67,159.6264,219,42.00
2026-07-11,08:48:15,13710,17920.00,154.4828,216,42.00
2026-07-11,08:48:25,13720,17696.67,152.5575,223,42.00
2026-07-11,08:48:35,13730,17793.33,153.3908,224,42.00
2026-07-11,08:48:45,13740,18183.33,156.7529,221,42.00
2026-07-11,08:48:55,13750,18646.67,160.7471,219,42.00
2026-07-11,08:49:05,13760,19016.67,163.9368,221,42.00
2026-07-11,08:49:15,13770,19150.00,165.0862,220,42.00
2026-07-11,08:49:25,13780,19073.33,164.4253,222,42.00
2026-07-11,08:49:35,13790,18763.33,161.7529,221,42.00
2026-07-11,08:49:45,13800,18540.00,159.8276,222,42.00
2026-07-11,08:49:55,13810,18150.00,156.4655,218,42.00
2026-07-11,08:50:05,13820,17866.67,154.0230,222,42.00
2026-07-11,08:50:15,13830,17713.33,152.7011,220,42.00
2026-07-11,08:50:25,13840,17380.00,149.8276,218,42.00
2026-07-11,08:50:35,13850,17090.00,147.3276,217,42.00
2026-07-11,08:50:45,13860,16620.00,143.2759,213,42.00
2026-07-11,08:50:55,13870,15976.67,137.7299,209,42.00
2026-07-11,08:51:05,13880,15283.33,131.7529,205,42.00
2026-07-11,08:51:15,13890,14500.00,125.0000,199,42.00
2026-07-11,08:51:25,13900,13963.33,120.3736,198,42.00
2026-07-11,08:51:35,13910,13720.00,118.2759,214,42.00
2026-07-11,08:51:45,13920,13803.33,118.9942,200,41.00
2026-07-11,08:51:55,13930,14193.33,122.3563,201,41.00
2026-07-11,08:52:05,13940,14783.33,127.4425,205,41.00
2026-07-11,08:52:15,13950,15400.00,132.7586,208,41.00
2026-07-11,08:52:25,13960,15980.00,137.7586,216,41.00
2026-07-11,08:52:35,13970,16703.33,143.9942,218,41.00
2026-07-11,08:52:45,13980,17326.67,149.3678,218,41.00
2026-07-11,08:52:55,13990,18000.00,155.1724,217,41.00
2026-07-11,08:53:04,14000,18616.67,160.4885,216,41.00
2026-07-11,08:53:14,14010,19263.33,166.0632,222,41.00
2026-07-11,08:53:24,14020,19666.67,169.5402,220,42.00
2026-07-11,08:53:34,14030,20000.00,172.4138,220,41.00
2026-07-11,08:53:44,14040,20170.00,173.8793,222,42.00
2026-07-11,08:53:54,14050,20246.67,174.5402,222,42.00
2026-07-11,08:54:04,14060,19890.00,171.4655,224,42.00
2026-07-11,08:54:14,14070,19450.00,167.6724,221,42.00
2026-07-11,08:54:24,14080,19110.00,164.7414,219,42.00
2026-07-11,08:54:34,14090,18736.67,161.5230,221,42.00
2026-07-11,08:54:44,14100,18550.00,159.9138,220,42.00
2026-07-11,08:54:54,14110,18460.00,159.1379,221,42.00
2026-07-11,08:55:04,14120,18436.67,158.9368,221,42.00
2026-07-11,08:55:14,14131,18470.00,159.2241,220,42.00
2026-07-11,08:55:24,14141,18376.67,158.4195,221,42.00
2026-07-11,08:55:34,14151,18023.33,155.3736,221,42.00
2026-07-11,08:55:44,14161,17473.33,150.6322,221,42.00
2026-07-11,08:55:54,14171,16976.67,146.3506,216,42.00
2026-07-11,08:56:04,14181,16720.00,144.1379,216,42.00
2026-07-11,08:56:14,14191,16680.00,143.7931,218,42.00
2026-07-11,08:56:24,14201,16783.33,144.6839,217,42.00
2026-07-11,08:56:34,14211,16923.33,145.8908,216,42.00
2026-07-11,08:56:44,14221,16923.33,145.8908,219,42.00
2026-07-11,08:56:54,14231,17000.00,146.5517,220,42.00
2026-07-11,08:57:04,14241,17133.33,147.7011,221,42.00
2026-07-11,08:57:14,14251,17213.33,148.3908,216,42.00
2026-07-11,08:57:24,14261,16990.00,146.4655,215,42.00
2026-07-11,08:57:34,14271,16283.33,140.3736,214,42.00
2026-07-11,08:57:44,14281,15380.00,132.5862,208,42.00
2026-07-11,08:57:54,14291,14393.33,124.0805,205,42.00
2026-07-11,08:58:04,14301,13650.00,117.6724,207,41.00
2026-07-11,08:58:14,14311,13240.00,114.1379,204,41.00
2026-07-11,08:58:24,14321,13033.33,112.3563,199,41.00
2026-07-11,08:58:34,14331,12973.33,111.8391,202,41.00
2026-07-11,08:58:44,14341,12893.33,111.1494,199,41.00
2026-07-11,08:58:54,14351,12696.67,109.4540,195,41.00
2026-07-11,08:59:04,14361,12563.33,108.3046,196,41.00
2026-07-11,08:59:14,14371,12493.33,107.7011,198,41.00
2026-07-11,08:59:24,14381,12500.00,107.7586,200,41.00
2026-07-11,08:59:34,14391,12593.33,108.5632,201,41.00
2026-07-11,08:59:44,14401,12790.00,110.2586,200,41.00
2026-07-11,08:59:54,14411,13040.00,112.4138,205,41.00
2026-07-11,09:00:04,14421,13313.33,114.7701,204,41.00
2026-07-11,09:00:14,14431,13623.33,117.4425,206,41.00
2026-07-11,09:00:24,14441,13880.00,119.6552,209,41.00
2026-07-11,09:00:34,14451,14203.33,122.4425,210,41.00
2026-07-11,09:00:44,14461,14593.33,125.8046,211,41.00
2026-07-11,09:00:54,14471,15130.00,130.4310,214,41.00
2026-07-11,09:01:04,14481,15643.33,134.8563,220,41.00
2026-07-11,09:01:14,14491,15996.67,137.9023,221,41.00
2026-07-11,09:01:24,14501,16190.00,139.5690,222,41.00
2026-07-11,09:01:34,14511,16380.00,141.2069,218,41.00
2026-07-11,09:01:44,14521,16770.00,144.5690,221,41.00
2026-07-11,09:01:54,14531,17170.00,148.0172,219,41.00
2026-07-11,09:02:04,14541,17536.67,151.1782,217,41.00
2026-07-11,09:02:14,14551,17840.00,153.7931,219,41.00
2026-07-11,09:02:24,14561,18113.33,156.1494,222,41.00
2026-07-11,09:02:34,14571,18406.67,158.6782,221,41.00
2026-07-11,09:02:44,14581,18703.33,161.2356,219,41.00
2026-07-11,09:02:54,14591,19090.00,164.5690,222,41.00
2026-07-11,09:03:04,14601,19566.67,168.6782,221,41.00
2026-07-11,09:03:14,14611,20016.67,172.5575,225,41.00
2026-07-11,09:03:24,14621,20380.00,175.6897,223,41.00
2026-07-11,09:03:34,14631,20796.67,179.2816,221,41.00
2026-07-11,09:03:44,14641,21356.67,184.1092,220,41.00
2026-07-11,09:03:54,14651,21723.33,187.2701,220,41.00
2026-07-11,09:04:04,14661,21683.33,186.9253,221,41.00
2026-07-11,09:04:14,14671,20973.33,180.8046,220,42.00
2026-07-11,09:04:24,14681,20800.00,179.3103,221,42.00
2026-07-11,09:04:33,14691,20583.33,177.4425,221,42.00
2026-07-11,09:04:43,14701,20413.33,175.9770,222,42.00
2026-07-11,09:04:53,14711,20433.33,176.1494,219,42.00
2026-07-11,09:05:03,14721,20930.00,180.4310,218,42.00
2026-07-11,09:05:13,14731,20636.67,177.9023,220,42.00
2026-07-11,09:05:23,14741,20696.67,178.4195,216,42.00
2026-07-11,09:05:33,14751,20103.33,173.3046,216,42.00
2026-07-11,09:05:43,14761,19383.33,167.0977,213,42.00
2026-07-11,09:05:53,14771,18686.67,161.0919,204,42.00
2026-07-11,09:06:03,14781,17910.00,154.3965,211,42.00
2026-07-11,09:06:13,14791,17700.00,152.5862,211,42.00
2026-07-11,09:06:23,14801,17870.00,154.0517,211,42.00
2026-07-11,09:06:33,14811,18223.33,157.0977,211,42.00
2026-07-11,09:06:43,14821,18523.33,159.6839,217,42.00
2026-07-11,09:06:53,14831,18570.00,160.0862,218,42.00
2026-07-11,09:07:03,14841,18623.33,160.5460,222,42.00
2026-07-11,09:07:13,14851,18696.67,161.1782,222,42.00
2026-07-11,09:07:23,14861,18920.00,163.1035,218,42.00
2026-07-11,09:07:33,14871,19403.33,167.2701,217,42.00
2026-07-11,09:07:43,14881,19910.00,171.6379,219,42.00
2026-07-11,09:07:53,14891,20570.00,177.3276,221,42.00
2026-07-11,09:08:03,14901,20663.33,178.1322,222,42.00
2026-07-11,09:08:13,14911,20710.00,178.5345,221,43.00
2026-07-11,09:08:23,14921,21130.00,182.1552,219,43.00
2026-07-11,09:08:33,14931,22000.00,189.6552,219,43.00
2026-07-11,09:08:43,14941,22826.67,196.7816,221,43.00
2026-07-11,09:08:53,14951,23256.67,200.4885,224,43.00
2026-07-11,09:09:03,14961,23763.33,204.8563,222,43.00
2026-07-11,09:09:13,14971,24100.00,207.7586,224,43.00
2026-07-11,09:09:23,14981,24233.33,208.9080,225,43.00
2026-07-11,09:09:33,14991,24480.00,211.0345,224,43.00
2026-07-11,09:09:43,15001,24683.33,212.7873,226,43.00
2026-07-11,09:09:53,15011,24866.67,214.3678,226,43.00
2026-07-11,09:10:03,15021,25123.33,216.5804,227,43.00
2026-07-11,09:10:13,15031,25553.33,220.2873,227,43.00
2026-07-11,09:10:23,15041,26346.67,227.1264,227,43.00
2026-07-11,09:10:33,15051,27480.00,236.8965,227,43.00
2026-07-11,09:10:43,15061,28230.00,243.3620,229,44.00
2026-07-11,09:10:53,15071,28926.67,249.3678,230,44.00
2026-07-11,09:11:03,15081,29900.00,257.7586,230,44.00
2026-07-11,09:11:13,15091,31423.33,270.8908,231,44.00
2026-07-11,09:11:23,15101,32160.00,277.2414,232,44.00
2026-07-11,09:11:33,15111,32770.00,282.5000,233,44.00
2026-07-11,09:11:43,15121,33186.66,286.0919,232,45.00
2026-07-11,09:11:53,15131,33200.00,286.2069,233,45.00
2026-07-11,09:12:03,15141,32953.33,284.0804,231,45.00
2026-07-11,09:12:13,15151,31256.67,269.4540,230,45.00
2026-07-11,09:12:23,15161,30590.00,263.7069,228,45.00
2026-07-11,09:12:33,15171,28310.00,244.0517,229,45.00
2026-07-11,09:12:43,15181,27743.33,239.1667,229,46.00
2026-07-11,09:12:53,15191,28986.67,249.8851,228,46.00
2026-07-11,09:13:03,15201,31853.33,274.5977,229,46.00
2026-07-11,09:13:13,15211,33766.66,291.0919,232,46.00
2026-07-11,09:13:23,15221,34803.33,300.0287,232,46.00
2026-07-11,09:13:33,15231,35203.33,303.4770,231,46.00
2026-07-11,09:13:43,15241,34976.66,301.5230,233,46.00
2026-07-11,09:13:53,15251,34376.66,296.3506,234,46.00
2026-07-11,09:14:03,15261,34396.66,296.5230,232,47.00
2026-07-11,09:14:13,15271,34556.66,297.9023,233,47.00
2026-07-11,09:14:23,15281,36006.66,310.4023,234,47.00
2026-07-11,09:14:33,15291,35856.66,309.1092,233,47.00
2026-07-11,09:14:43,15301,36370.00,313.5345,233,47.00
2026-07-11,09:14:53,15311,36126.66,311.4368,233,47.00
2026-07-11,09:15:03,15321,35593.33,306.8391,231,47.00
2026-07-11,09:15:13,15331,33970.00,292.8448,230,48.00
2026-07-11,09:15:23,15341,36846.66,317.6436,232,48.00
2026-07-11,09:15:33,15351,37413.33,322.5287,232,48.00
2026-07-11,09:15:43,15361,37380.00,322.2414,232,48.00
2026-07-11,09:15:53,15371,37350.00,321.9828,231,48.00
2026-07-11,09:16:03,15381,37100.00,319.8276,231,48.00
2026-07-11,09:16:13,15391,36710.00,316.4655,232,48.00
2026-07-11,09:16:22,15401,35623.33,307.0977,232,49.00
2026-07-11,09:16:32,15411,33953.33,292.7011,228,49.00
2026-07-11,09:16:42,15421,32090.00,276.6379,233,49.00
2026-07-11,09:16:52,15431,30216.67,260.4885,231,49.00
2026-07-11,09:17:02,15441,27293.33,235.2873,232,49.00
2026-07-11,09:17:12,15451,26483.33,228.3046,227,49.00
2026-07-11,09:17:22,15461,26806.67,231.0919,228,49.00
2026-07-11,09:17:32,15471,27613.33,238.0460,228,49.00
2026-07-11,09:17:42,15481,27613.33,238.0460,228,49.00
2026-07-11,09:17:52,15491,27173.33,234.2529,227,49.00
2026-07-11,09:18:02,15501,26656.67,229.7988,225,49.00
2026-07-11,09:18:12,15511,25853.33,222.8736,222,49.00
2026-07-11,09:18:22,15521,25213.33,217.3563,224,49.00
2026-07-11,09:18:32,15531,24526.67,211.4368,225,48.00
2026-07-11,09:18:42,15541,23566.67,203.1609,222,49.00
2026-07-11,09:18:52,15551,23210.00,200.0862,222,48.00
2026-07-11,09:19:02,15561,22930.00,197.6724,223,48.00
2026-07-11,09:19:12,15571,22186.67,191.2644,223,48.00
2026-07-11,09:19:22,15581,21673.33,186.8391,222,48.00
2026-07-11,09:19:32,15591,21523.33,185.5460,224,48.00
2026-07-11,09:19:42,15601,21613.33,186.3218,222,48.00
2026-07-11,09:19:52,15611,21933.33,189.0804,221,48.00
2026-07-11,09:20:02,15621,22646.67,195.2299,220,47.00
2026-07-11,09:20:12,15631,24046.67,207.2988,222,48.00
2026-07-11,09:20:22,15641,24830.00,214.0517,222,48.00
2026-07-11,09:20:32,15651,25346.67,218.5057,225,47.00
2026-07-11,09:20:42,15661,25886.67,223.1609,227,48.00
2026-07-11,09:20:52,15671,26103.33,225.0287,229,48.00
2026-07-11,09:21:02,15681,27176.67,234.2816,230,48.00
2026-07-11,09:21:12,15691,27003.33,232.7873,230,48.00
2026-07-11,09:21:22,15701,23696.67,204.2816,229,48.00
2026-07-11,09:21:32,15711,23333.33,201.1494,224,48.00
2026-07-11,09:21:42,15721,23240.00,200.3448,227,47.00
2026-07-11,09:21:52,15731,23083.33,198.9942,226,47.00
2026-07-11,09:22:02,15741,22783.33,196.4080,224,47.00
2026-07-11,09:22:12,15751,22440.00,193.4483,224,47.00
2026-07-11,09:22:22,15761,22033.33,189.9425,223,47.00
2026-07-11,09:22:32,15771,21490.00,185.2586,220,47.00
2026-07-11,09:22:42,15781,20706.67,178.5057,220,47.00
2026-07-11,09:22:52,15791,19853.33,171.1494,223,47.00
2026-07-11,09:23:02,15801,18946.67,163.3333,221,47.00
2026-07-11,09:23:12,15811,18200.00,156.8965,214,47.00
2026-07-11,09:23:22,15821,17600.00,151.7241,216,47.00
2026-07-11,09:23:32,15831,17236.67,148.5919,213,47.00
2026-07-11,09:23:42,15841,16843.33,145.2011,209,47.00
2026-07-11,09:23:52,15851,16266.67,140.2299,208,47.00
2026-07-11,09:24:02,15861,15643.33,134.8563,202,46.00
2026-07-11,09:24:12,15871,15143.33,130.5460,196,46.00
2026-07-11,09:24:22,15881,14763.33,127.2701,203,46.00
2026-07-11,09:24:32,15891,14530.00,125.2586,210,46.00
2026-07-11,09:24:42,15901,14173.33,122.1839,202,46.00
2026-07-11,09:24:52,15911,13783.33,118.8218,190,46.00
2026-07-11,09:25:02,15921,13340.00,115.0000,194,46.00
2026-07-11,09:25:12,15931,12680.00,109.3103,184,46.00
2026-07-11,09:25:22,15941,11830.00,101.9828,182,45.00
2026-07-11,09:25:32,15951,11036.67,95.1437,177,45.00
2026-07-11,09:25:42,15961,10393.33,89.5977,175,45.00
2026-07-11,09:25:52,15971,9870.00,85.0862,167,45.00
2026-07-11,09:26:02,15981,9393.33,80.9770,163,45.00
2026-07-11,09:26:12,15991,8876.67,76.5230,167,44.00
2026-07-11,09:26:22,16001,8303.33,71.5805,165,44.00
2026-07-11,09:26:32,16011,7733.33,66.6667,163,44.00
2026-07-11,09:26:42,16021,7280.00,62.7586,146,44.00
2026-07-11,09:26:52,16031,7033.33,60.6322,138,44.00
2026-07-11,09:27:02,16041,7010.00,60.4310,125,43.00
2026-07-11,09:27:11,16051,7183.33,61.9253,135,43.00
2026-07-11,09:27:21,16061,7530.00,64.9138,140,43.00
2026-07-11,09:27:31,16071,8020.00,69.1379,143,43.00
2026-07-11,09:27:41,16081,8600.00,74.1379,141,43.00
2026-07-11,09:27:51,16091,9203.33,79.3391,146,43.00
2026-07-11,09:28:01,16101,9916.67,85.4885,148,43.00
2026-07-11,09:28:11,16111,10656.67,91.8678,151,43.00
2026-07-11,09:28:21,16121,11403.33,98.3046,156,43.00
2026-07-11,09:28:31,16131,11956.67,103.0747,166,43.00
2026-07-11,09:28:41,16141,12226.67,105.4023,169,43.00
2026-07-11,09:28:51,16151,12260.00,105.6897,165,42.00
2026-07-11,09:29:01,16161,12163.33,104.8563,173,42.00
2026-07-11,09:29:11,16171,11993.33,103.3908,169,42.00
2026-07-11,09:29:21,16181,11903.33,102.6149,163,42.00
2026-07-11,09:29:31,16191,11916.67,102.7299,159,42.00
2026-07-11,09:29:41,16201,12076.67,104.1092,159,42.00
2026-07-11,09:29:51,16211,12336.67,106.3506,162,42.00
2026-07-11,09:30:01,16221,12643.33,108.9942,177,42.00
2026-07-11,09:30:11,16231,12960.00,111.7241,186,42.00
2026-07-11,09:30:21,16241,13363.33,115.2011,181,42.00
2026-07-11,09:30:31,16251,13893.33,119.7701,189,42.00
2026-07-11,09:30:41,16261,14476.67,124.7988,198,42.00
2026-07-11,09:30:51,16271,15000.00,129.3103,202,42.00
2026-07-11,09:31:01,16281,15440.00,133.1034,203,42.00
2026-07-11,09:31:11,16291,15763.33,135.8908,202,42.00
2026-07-11,09:31:21,16301,16000.00,137.9310,205,42.00
2026-07-11,09:31:31,16311,16250.00,140.0862,192,42.00
2026-07-11,09:31:41,16321,16530.00,142.5000,211,42.00
2026-07-11,09:31:51,16331,16803.33,144.8563,215,42.00
2026-07-11,09:32:01,16341,16943.33,146.0632,213,42.00
2026-07-11,09:32:11,16351,17056.67,147.0402,212,42.00
2026-07-11,09:32:21,16361,16956.67,146.1782,212,42.00
2026-07-11,09:32:31,16371,16683.33,143.8218,209,42.00
2026-07-11,09:32:41,16381,16170.00,139.3965,206,42.00
2026-07-11,09:32:51,16391,15580.00,134.3103,207,42.00
2026-07-11,09:33:01,16401,15263.33,131.5805,196,42.00
2026-07-11,09:33:11,16411,15050.00,129.7414,194,42.00
2026-07-11,09:33:21,16421,14960.00,128.9655,194,42.00
2026-07-11,09:33:31,16431,15043.33,129.6839,194,42.00
2026-07-11,09:33:41,16441,15230.00,131.2931,202,42.00
2026-07-11,09:33:51,16451,15456.67,133.2471,203,42.00
2026-07-11,09:34:01,16461,15666.67,135.0575,198,42.00
2026-07-11,09:34:11,16471,15900.00,137.0690,203,42.00
2026-07-11,09:34:21,16481,16056.67,138.4195,202,42.00
2026-07-11,09:34:31,16491,16070.00,138.5345,200,42.00
2026-07-11,09:34:41,16501,15910.00,137.1552,199,42.00
2026-07-11,09:34:51,16511,15700.00,135.3448,186,42.00
2026-07-11,09:35:01,16521,15446.67,133.1609,196,42.00
2026-07-11,09:35:11,16531,15166.67,130.7471,192,42.00
2026-07-11,09:35:21,16541,14966.67,129.0230,187,42.00
2026-07-11,09:35:31,16551,14823.33,127.7874,191,42.00
2026-07-11,09:35:41,16561,14743.33,127.0977,188,42.00
2026-07-11,09:35:51,16571,14703.33,126.7529,191,42.00
2026-07-11,09:36:01,16581,14633.33,126.1494,196,42.00
2026-07-11,09:36:11,16591,14483.33,124.8563,189,42.00
2026-07-11,09:36:21,16601,14263.33,122.9598,184,42.00
2026-07-11,09:36:31,16611,13976.67,120.4885,181,42.00
2026-07-11,09:36:41,16621,13606.67,117.2988,167,42.00
2026-07-11,09:36:51,16631,13100.00,112.9310,168,42.00
2026-07-11,09:37:01,16641,12503.33,107.7874,163,42.00
2026-07-11,09:37:11,16651,11890.00,102.5000,154,42.00
2026-07-11,09:37:21,16661,11323.33,97.6149,144,42.00
2026-07-11,09:37:31,16671,10856.67,93.5919,130,41.00
2026-07-11,09:37:41,16681,10476.67,90.3161,133,41.00
2026-07-11,09:37:50,16691,10103.33,87.0977,132,41.00
2026-07-11,09:38:00,16701,9773.33,84.2529,133,41.00
2026-07-11,09:38:10,16711,9513.33,82.0115,125,41.00
2026-07-11,09:38:20,16721,9340.00,80.5172,129,41.00
2026-07-11,09:38:30,16731,9280.00,80.0000,129,41.00
2026-07-11,09:38:40,16741,9393.33,80.9770,136,41.00
2026-07-11,09:38:50,16751,9670.00,83.3621,124,41.00
2026-07-11,09:39:00,16761,10133.33,87.3563,125,41.00
2026-07-11,09:39:10,16771,10783.33,92.9598,134,41.00
2026-07-11,09:39:20,16781,11656.67,100.4885,136,41.00
2026-07-11,09:39:30,16791,12830.00,110.6034,162,41.00
2026-07-11,09:39:40,16801,14306.67,123.3333,178,41.00
2026-07-11,09:39:50,16811,16063.33,138.4770,182,41.00
2026-07-11,09:40:00,16821,17996.67,155.1437,202,41.00
2026-07-11,09:40:10,16831,19816.67,170.8333,209,41.00
2026-07-11,09:40:20,16841,21250.00,183.1897,214,41.00
2026-07-11,09:40:30,16851,22263.33,191.9253,220,41.00
2026-07-11,09:40:40,16861,23096.67,199.1092,223,41.00
2026-07-11,09:40:50,16871,23920.00,206.2069,225,42.00
2026-07-11,09:41:00,16881,24856.67,214.2816,225,42.00
2026-07-11,09:41:10,16891,25920.00,223.4483,225,42.00
2026-07-11,09:41:20,16901,27550.00,237.5000,227,42.00
2026-07-11,09:41:30,16911,27820.00,239.8276,227,42.00
2026-07-11,09:41:40,16921,27523.33,237.2701,226,43.00
2026-07-11,09:41:50,16931,27046.67,233.1609,228,43.00
2026-07-11,09:42:00,16941,27020.00,232.9310,229,43.00
2026-07-11,09:42:10,16951,26460.00,228.1034,229,43.00
2026-07-11,09:42:20,16961,26600.00,229.3103,229,43.00
2026-07-11,09:42:30,16971,27033.33,233.0460,228,43.00
2026-07-11,09:42:40,16981,27610.00,238.0172,230,43.00
2026-07-11,09:42:50,16991,28036.67,241.6954,230,43.00
2026-07-11,09:43:00,17001,28110.00,242.3276,229,43.00
2026-07-11,09:43:10,17011,28426.67,245.0575,228,44.00
2026-07-11,09:43:20,17021,28930.00,249.3965,231,44.00
2026-07-11,09:43:30,17031,29556.67,254.7988,230,44.00
2026-07-11,09:43:40,17041,30346.67,261.6092,231,44.00
2026-07-11,09:43:50,17051,30423.33,262.2701,230,44.00
2026-07-11,09:44:00,17061,30096.67,259.4540,231,44.00
2026-07-11,09:44:10,17071,29763.33,256.5804,232,44.00
2026-07-11,09:44:20,17081,29806.67,256.9540,232,45.00
2026-07-11,09:44:30,17091,29676.67,255.8333,230,45.00
2026-07-11,09:44:40,17101,29510.00,254.3965,229,45.00
2026-07-11,09:44:50,17111,29280.00,252.4138,229,45.00
2026-07-11,09:45:00,17121,29013.33,250.1149,229,45.00
2026-07-11,09:45:10,17131,28860.00,248.7931,232,46.00
2026-07-11,09:45:20,17141,28683.33,247.2701,232,46.00
2026-07-11,09:45:30,17151,28593.33,246.4942,231,46.00
2026-07-11,09:45:40,17161,28680.00,247.2414,231,46.00
2026-07-11,09:45:50,17171,28786.67,248.1609,233,46.00
2026-07-11,09:46:00,17181,28900.00,249.1379,229,46.00
2026-07-11,09:46:10,17191,29163.33,251.4080,230,46.00
2026-07-11,09:46:20,17201,29580.00,255.0000,231,46.00
2026-07-11,09:46:30,17211,29866.67,257.4713,230,46.00
2026-07-11,09:46:40,17221,30080.00,259.3103,229,46.00
2026-07-11,09:46:50,17231,30613.33,263.9080,229,46.00
2026-07-11,09:47:00,17241,31153.33,268.5632,228,47.00
2026-07-11,09:47:10,17251,31903.33,275.0287,230,47.00
2026-07-11,09:47:20,17261,32373.33,279.0804,230,47.00
2026-07-11,09:47:30,17271,32926.66,283.8506,230,47.00
2026-07-11,09:47:40,17281,35083.33,302.4425,229,47.00
2026-07-11,09:47:50,17291,33513.33,288.9080,231,47.00
2026-07-11,09:48:00,17301,33236.66,286.5230,229,47.00
2026-07-11,09:48:10,17311,33483.33,288.6494,229,47.00
2026-07-11,09:48:20,17321,34716.66,299.2816,227,47.00
2026-07-11,09:48:30,17331,33403.33,287.9597,229,48.00
2026-07-11,09:48:40,17341,33193.33,286.1494,229,48.00
2026-07-11,09:48:50,17351,33316.66,287.2126,228,48.00
2026-07-11,09:48:59,17361,33933.33,292.5287,228,48.00
2026-07-11,09:49:09,17371,34856.66,300.4885,228,48.00
2026-07-11,09:49:19,17381,34046.66,293.5057,228,48.00
2026-07-11,09:49:29,17391,33666.66,290.2299,228,48.00
2026-07-11,09:49:39,17401,33220.00,286.3793,228,49.00
2026-07-11,09:49:49,17411,33653.33,290.1149,230,49.00
2026-07-11,09:49:59,17421,33056.66,284.9713,228,49.00
2026-07-11,09:50:09,17431,33333.33,287.3563,230,49.00
2026-07-11,09:50:19,17441,33070.00,285.0862,229,49.00
2026-07-11,09:50:29,17451,32563.33,280.7184,228,49.00
2026-07-11,09:50:39,17461,32796.66,282.7299,231,49.00
2026-07-11,09:50:49,17471,34063.33,293.6494,230,49.00
2026-07-11,09:50:59,17481,32686.67,281.7816,231,49.00
2026-07-11,09:51:09,17491,31066.67,267.8161,232,49.00
2026-07-11,09:51:19,17501,30116.67,259.6264,228,49.00
2026-07-11,09:51:29,17511,29000.00,250.0000,228,49.00
2026-07-11,09:51:39,17521,27963.33,241.0632,219,49.00
2026-07-11,09:51:49,17531,25903.33,223.3046,216,49.00
2026-07-11,09:51:59,17541,24120.00,207.9310,215,49.00
2026-07-11,09:52:09,17551,22283.33,192.0977,207,49.00
2026-07-11,09:52:19,17561,20316.67,175.1437,206,49.00
2026-07-11,09:52:29,17571,18316.67,157.9023,203,49.00
2026-07-11,09:52:39,17581,16663.33,143.6494,193,49.00
2026-07-11,09:52:49,17591,15416.67,132.9023,189,49.00
2026-07-11,09:52:59,17601,14503.33,125.0287,179,48.00
2026-07-11,09:53:09,17611,13696.67,118.0747,169,48.00
2026-07-11,09:53:19,17621,13283.33,114.5115,163,48.00
2026-07-11,09:53:29,17631,13446.67,115.9195,179,48.00
2026-07-11,09:53:39,17641,14053.33,121.1494,184,48.00
2026-07-11,09:53:49,17651,14980.00,129.1379,191,48.00
2026-07-11,09:53:59,17661,16070.00,138.5345,194,48.00
2026-07-11,09:54:09,17671,17173.33,148.0460,204,47.00
2026-07-11,09:54:19,17681,18063.33,155.7184,209,47.00
2026-07-11,09:54:29,17691,18713.33,161.3218,212,47.00
2026-07-11,09:54:39,17701,19156.67,165.1437,213,47.00
2026-07-11,09:54:49,17711,19386.67,167.1264,205,47.00
2026-07-11,09:54:59,17721,19230.00,165.7759,218,47.00
2026-07-11,09:55:09,17731,18846.67,162.4713,217,47.00
2026-07-11,09:55:19,17741,18370.00,158.3621,221,47.00
2026-07-11,09:55:29,17751,17913.33,154.4253,221,47.00
2026-07-11,09:55:39,17761,17670.00,152.3276,223,47.00
2026-07-11,09:55:49,17771,17653.33,152.1839,220,47.00
2026-07-11,09:55:59,17781,17783.33,153.3046,222,47.00
2026-07-11,09:56:09,17791,18070.00,155.7759,221,47.00
2026-07-11,09:56:19,17801,18486.67,159.3678,217,47.00
2026-07-11,09:56:29,17811,19000.00,163.7931,216,47.00
2026-07-11,09:56:39,17821,19626.67,169.1954,217,47.00
2026-07-11,09:56:49,17831,20266.67,174.7126,219,47.00
2026-07-11,09:56:59,17841,20970.00,180.7759,222,47.00
2026-07-11,09:57:09,17851,21716.67,187.2126,224,47.00
2026-07-11,09:57:19,17861,22503.33,193.9942,223,47.00
2026-07-11,09:57:29,17871,23186.67,199.8851,223,47.00
2026-07-11,09:57:39,17881,23723.33,204.5115,225,47.00
2026-07-11,09:57:49,17891,24256.67,209.1092,224,47.00
2026-07-11,09:57:59,17901,24753.33,213.3908,226,47.00
2026-07-11,09:58:09,17911,25163.33,216.9253,223,47.00
2026-07-11,09:58:19,17921,25380.00,218.7931,229,47.00
2026-07-11,09:58:29,17931,25280.00,217.9310,226,47.00
2026-07-11,09:58:39,17941,24916.67,214.7988,225,47.00
2026-07-11,09:58:49,17951,24376.67,210.1437,222,47.00
2026-07-11,09:58:59,17961,23620.00,203.6207,213,47.00
2026-07-11,09:59:09,17971,22673.33,195.4598,210,47.00
2026-07-11,09:59:19,17981,21383.33,184.3391,206,47.00
2026-07-11,09:59:29,17991,20096.67,173.2471,208,47.00
2026-07-11,09:59:39,18001,18846.67,162.4713,208,47.00
2026-07-11,09:59:49,18011,17676.67,152.3851,203,47.00
2026-07-11,09:59:59,18021,16683.33,143.8218,204,47.00
2026-07-11,10:00:09,18031,15906.67,137.1264,202,47.00
2026-07-11,10:00:19,18041,15520.00,133.7931,200,47.00
2026-07-11,10:00:28,18051,15540.00,133.9655,202,46.00
2026-07-11,10:00:38,18061,15943.33,137.4425,208,46.00
2026-07-11,10:00:48,18071,16623.33,143.3046,207,46.00
2026-07-11,10:00:58,18081,17493.33,150.8046,208,46.00
2026-07-11,10:01:08,18091,18456.67,159.1092,210,46.00
2026-07-11,10:01:18,18101,19366.67,166.9540,209,46.00
2026-07-11,10:01:28,18111,20206.67,174.1954,213,46.00
2026-07-11,10:01:38,18121,20956.67,180.6609,215,46.00
2026-07-11,10:01:48,18131,21556.67,185.8333,216,46.00
2026-07-11,10:01:58,18141,22036.67,189.9713,215,46.00
2026-07-11,10:02:08,18151,22430.00,193.3621,218,46.00
2026-07-11,10:02:18,18161,22816.67,196.6954,219,46.00
2026-07-11,10:02:28,18171,23160.00,199.6552,223,46.00
2026-07-11,10:02:38,18181,23163.33,199.6839,219,46.00
2026-07-11,10:02:48,18191,22796.67,196.5230,212,46.00
2026-07-11,10:02:58,18201,22270.00,191.9828,210,46.00
2026-07-11,10:03:08,18211,21543.33,185.7184,209,46.00
2026-07-11,10:03:18,18221,20676.67,178.2471,210,46.00
2026-07-11,10:03:28,18231,19603.33,168.9942,203,46.00
2026-07-11,10:03:38,18241,18430.00,158.8793,198,46.00
2026-07-11,10:03:48,18251,17273.33,148.9080,193,46.00
2026-07-11,10:03:58,18261,16020.00,138.1034,186,46.00
2026-07-11,10:04:08,18271,14760.00,127.2414,185,46.00
2026-07-11,10:04:18,18281,13666.67,117.8161,179,46.00
2026-07-11,10:04:28,18291,12726.67,109.7126,180,45.00
2026-07-11,10:04:38,18301,11930.00,102.8448,164,45.00
2026-07-11,10:04:48,18311,11240.00,96.8966,162,45.00
2026-07-11,10:04:58,18321,10596.67,91.3506,160,45.00
2026-07-11,10:05:08,18331,9983.33,86.0632,154,45.00
2026-07-11,10:05:18,18341,9420.00,81.2069,143,45.00
2026-07-11,10:05:28,18351,8923.33,76.9253,150,44.00
2026-07-11,10:05:38,18361,8486.67,73.1609,150,44.00
2026-07-11,10:05:48,18371,8080.00,69.6552,146,44.00
2026-07-11,10:05:58,18381,7696.67,66.3506,142,44.00
2026-07-11,10:06:08,18391,7306.67,62.9885,141,44.00
2026-07-11,10:06:18,18401,6980.00,60.1724,139,44.00
2026-07-11,10:06:28,18411,6746.67,58.1609,130,44.00
2026-07-11,10:06:38,18421,6630.00,57.1552,130,43.00
2026-07-11,10:06:48,18431,6606.67,56.9540,128,43.00
2026-07-11,10:06:58,18441,6673.33,57.5287,134,43.00
2026-07-11,10:07:08,18451,6813.33,58.7356,132,43.00
2026-07-11,10:07:18,18461,7016.67,60.4885,127,43.00
2026-07-11,10:07:28,18471,7220.00,62.2414,124,43.00
2026-07-11,10:07:38,18481,7443.33,64.1667,126,43.00
2026-07-11,10:07:48,18491,7690.00,66.2931,134,43.00
2026-07-11,10:07:58,18501,7916.67,68.2471,135,43.00
2026-07-11,10:08:08,18511,8126.67,70.0575,136,42.00
2026-07-11,10:08:18,18521,8313.33,71.6667,131,42.00
2026-07-11,10:08:28,18531,8496.67,73.2471,134,42.00
2026-07-11,10:08:38,18541,8700.00,75.0000,129,42.00
2026-07-11,10:08:48,18551,8870.00,76.4655,129,42.00
2026-07-11,10:08:58,18561,9010.00,77.6724,128,42.00
2026-07-11,10:09:08,18571,9096.67,78.4195,132,42.00
2026-07-11,10:09:18,18581,9126.67,78.6782,134,42.00
2026-07-11,10:09:28,18591,9056.67,78.0747,134,42.00
2026-07-11,10:09:38,18601,8950.00,77.1552,133,42.00
2026-07-11,10:09:48,18611,8883.33,76.5805,134,42.00
2026-07-11,10:09:58,18621,8866.67,76.4368,127,42.00
2026-07-11,10:10:08,18631,8973.33,77.3563,136,42.00
2026-07-11,10:10:18,18641,9206.67,79.3678,140,41.00
2026-07-11,10:10:28,18651,9643.33,83.1322,146,42.00
2026-07-11,10:10:38,18661,10260.00,88.4483,154,41.00
2026-07-11,10:10:48,18671,11000.00,94.8276,172,41.00
2026-07-11,10:10:58,18681,11833.33,102.0115,186,41.00
2026-07-11,10:11:08,18691,12760.00,110.0000,185,41.00
2026-07-11,10:11:18,18701,13730.00,118.3621,194,41.00
2026-07-11,10:11:27,18711,14676.67,126.5230,193,41.00
2026-07-11,10:11:37,18721,15576.67,134.2816,199,41.00
2026-07-11,10:11:47,18731,16366.67,141.0919,204,42.00
2026-07-11,10:11:57,18741,17010.00,146.6379,210,42.00
2026-07-11,10:12:07,18751,17536.67,151.1782,207,42.00
2026-07-11,10:12:17,18761,18033.33,155.4598,210,41.00
2026-07-11,10:12:27,18771,18476.67,159.2816,210,42.00
2026-07-11,10:12:37,18781,18850.00,162.5000,211,42.00
2026-07-11,10:12:47,18791,19156.67,165.1437,211,42.00
2026-07-11,10:12:57,18801,19440.00,167.5862,210,42.00
2026-07-11,10:13:07,18811,19700.00,169.8276,216,42.00
2026-07-11,10:13:17,18821,19853.33,171.1494,219,42.00
2026-07-11,10:13:27,18831,20006.67,172.4713,219,42.00
2026-07-11,10:13:37,18841,20146.67,173.6782,220,42.00
2026-07-11,10:13:47,18851,20250.00,174.5690,220,42.00
2026-07-11,10:13:57,18861,20306.67,175.0575,222,42.00
2026-07-11,10:14:07,18871,20343.33,175.3736,220,43.00
2026-07-11,10:14:17,18881,20370.00,175.6035,219,43.00
2026-07-11,10:14:27,18891,20360.00,175.5172,220,43.00
2026-07-11,10:14:37,18901,20346.67,175.4023,219,43.00
2026-07-11,10:14:47,18911,20340.00,175.3448,214,43.00
2026-07-11,10:14:57,18921,20353.33,175.4598,217,43.00
2026-07-11,10:15:07,18931,20356.67,175.4885,217,43.00
2026-07-11,10:15:17,18941,20363.33,175.5460,218,43.00
2026-07-11,10:15:27,18951,20366.67,175.5747,219,43.00
2026-07-11,10:15:37,18961,20380.00,175.6897,219,43.00
2026-07-11,10:15:47,18971,20410.00,175.9483,219,43.00
2026-07-11,10:15:57,18981,20476.67,176.5230,221,43.00
2026-07-11,10:16:07,18991,20590.00,177.5000,222,43.00
2026-07-11,10:16:17,19001,20683.33,178.3046,221,43.00
2026-07-11,10:16:27,19011,20743.33,178.8218,214,43.00
2026-07-11,10:16:37,19021,20870.00,179.9138,220,43.00
2026-07-11,10:16:47,19031,21096.67,181.8678,220,43.00
2026-07-11,10:16:57,19041,21233.33,183.0460,220,43.00
2026-07-11,10:17:07,19051,21833.33,188.2184,221,43.00
2026-07-11,10:17:17,19061,22146.67,190.9195,222,43.00
2026-07-11,10:17:27,19071,22933.33,197.7011,222,43.00
2026-07-11,10:17:37,19081,22136.67,190.8333,222,43.00
2026-07-11,10:17:47,19091,21353.33,184.0804,224,44.00
2026-07-11,10:17:57,19101,21133.33,182.1839,225,44.00
2026-07-11,10:18:07,19111,21123.33,182.0977,218,44.00
2026-07-11,10:18:17,19121,21216.67,182.9023,225,44.00
2026-07-11,10:18:27,19131,21356.67,184.1092,224,44.00
2026-07-11,10:18:37,19141,21556.67,185.8333,224,44.00
2026-07-11,10:18:47,19151,21786.67,187.8161,225,44.00
2026-07-11,10:18:57,19161,21986.67,189.5402,224,44.00
2026-07-11,10:19:07,19171,22160.00,191.0345,227,44.00
2026-07-11,10:19:17,19181,22273.33,192.0115,225,44.00
2026-07-11,10:19:27,19191,22286.67,192.1264,225,44.00
2026-07-11,10:19:37,19201,22273.33,192.0115,225,44.00
2026-07-11,10:19:47,19211,22260.00,191.8965,221,44.00
2026-07-11,10:19:57,19221,22186.67,191.2644,223,44.00
2026-07-11,10:20:07,19231,22123.33,190.7184,222,44.00
2026-07-11,10:20:17,19241,22000.00,189.6552,223,45.00
2026-07-11,10:20:27,19251,21840.00,188.2759,224,45.00
2026-07-11,10:20:37,19261,21620.00,186.3793,224,45.00
2026-07-11,10:20:47,19271,21386.67,184.3678,222,45.00
2026-07-11,10:20:57,19281,21133.33,182.1839,222,45.00
2026-07-11,10:21:07,19291,20880.00,180.0000,224,45.00
2026-07-11,10:21:17,19301,20636.67,177.9023,225,45.00
2026-07-11,10:21:27,19311,20356.67,175.4885,221,45.00
2026-07-11,10:21:37,19321,20073.33,173.0460,221,45.00
2026-07-11,10:21:47,19331,19820.00,170.8621,223,45.00
2026-07-11,10:21:57,19341,19613.33,169.0804,221,45.00
2026-07-11,10:22:07,19351,19470.00,167.8448,220,45.00
2026-07-11,10:22:17,19361,19340.00,166.7241,218,45.00
2026-07-11,10:22:27,19371,19193.33,165.4598,217,45.00
2026-07-11,10:22:36,19381,19063.33,164.3391,218,45.00
2026-07-11,10:22:46,19391,18966.67,163.5057,217,45.00
2026-07-11,10:22:56,19401,18890.00,162.8448,218,45.00
2026-07-11,10:23:06,19411,18876.67,162.7299,215,45.00
2026-07-11,10:23:16,19421,18886.67,162.8161,217,45.00
2026-07-11,10:23:26,19431,18913.33,163.0460,221,45.00
2026-07-11,10:23:36,19441,18963.33,163.4770,219,45.00
2026-07-11,10:23:46,19451,19026.67,164.0230,216,45.00
2026-07-11,10:23:56,19461,19073.33,164.4253,219,45.00
2026-07-11,10:24:06,19471,19130.00,164.9138,219,45.00
2026-07-11,10:24:16,19481,19200.00,165.5172,219,45.00
2026-07-11,10:24:26,19491,19313.33,166.4942,220,45.00
2026-07-11,10:24:36,19501,19450.00,167.6724,219,45.00
2026-07-11,10:24:46,19511,19606.67,169.0230,218,45.00
2026-07-11,10:24:56,19521,19803.33,170.7184,220,45.00
2026-07-11,10:25:06,19531,20073.33,173.0460,217,45.00
2026-07-11,10:25:16,19541,20403.33,175.8908,219,45.00
2026-07-11,10:25:26,19551,20763.33,178.9942,220,45.00
2026-07-11,10:25:36,19561,21116.67,182.0402,221,45.00
2026-07-11,10:25:46,19571,21453.33,184.9425,220,45.00
2026-07-11,10:25:56,19581,21733.33,187.3563,221,45.00
2026-07-11,10:26:06,19591,22076.67,190.3161,224,45.00
2026-07-11,10:26:16,19601,22476.67,193.7644,223,45.00
2026-07-11,10:26:26,19611,22936.67,197.7299,227,45.00
2026-07-11,10:26:36,19621,23370.00,201.4655,226,45.00
2026-07-11,10:26:46,19631,23796.67,205.1437,220,45.00
2026-07-11,10:26:56,19641,24203.33,208.6494,226,46.00
2026-07-11,10:27:06,19651,24576.67,211.8678,227,46.00
2026-07-11,10:27:16,19661,24890.00,214.5690,228,46.00
2026-07-11,10:27:26,19671,25146.67,216.7816,227,46.00
2026-07-11,10:27:36,19681,25556.67,220.3161,229,46.00
2026-07-11,10:27:46,19691,25986.67,224.0230,226,46.00
2026-07-11,10:27:56,19701,26480.00,228.2758,227,46.00
2026-07-11,10:28:06,19711,26953.33,232.3563,228,46.00
2026-07-11,10:28:16,19721,27436.67,236.5230,229,46.00
2026-07-11,10:28:26,19731,27890.00,240.4310,228,46.00
2026-07-11,10:28:36,19741,28356.67,244.4540,227,47.00
2026-07-11,10:28:46,19751,28813.33,248.3908,226,47.00
2026-07-11,10:28:56,19761,29260.00,252.2414,229,47.00
2026-07-11,10:29:06,19771,29646.67,255.5747,228,47.00
2026-07-11,10:29:16,19781,29980.00,258.4483,229,47.00
2026-07-11,10:29:26,19791,30270.00,260.9483,228,47.00
2026-07-11,10:29:36,19801,30486.67,262.8161,228,47.00
2026-07-11,10:29:46,19811,30596.67,263.7644,229,47.00
2026-07-11,10:29:56,19821,30753.33,265.1149,229,47.00
2026-07-11,10:30:06,19831,31086.67,267.9885,230,47.00
2026-07-11,10:30:16,19841,31583.33,272.2701,229,48.00
2026-07-11,10:30:26,19851,31966.67,275.5747,229,48.00
2026-07-11,10:30:36,19861,32503.33,280.2011,228,48.00
2026-07-11,10:30:46,19871,33543.33,289.1667,227,48.00
2026-07-11,10:30:56,19881,33790.00,291.2931,229,48.00
2026-07-11,10:31:06,19891,33980.00,292.9310,230,48.00
2026-07-11,10:31:16,19901,34143.33,294.3391,230,48.00
2026-07-11,10:31:26,19911,33563.33,289.3391,231,49.00
2026-07-11,10:31:36,19921,33086.66,285.2299,230,49.00
2026-07-11,10:31:46,19931,33443.33,288.3046,230,49.00
2026-07-11,10:31:56,19941,33956.66,292.7299,230,49.00
2026-07-11,10:32:06,19951,34450.00,296.9828,231,49.00
2026-07-11,10:32:16,19961,34796.66,299.9713,232,49.00
2026-07-11,10:32:26,19971,35000.00,301.7242,232,50.00
2026-07-11,10:32:36,19981,35193.33,303.3908,232,50.00
2026-07-11,10:32:46,19991,35670.00,307.5000,232,50.00
2026-07-11,10:32:56,20001,35786.66,308.5057,233,50.00
2026-07-11,10:33:06,20011,35903.33,309.5115,231,50.00
2026-07-11,10:33:16,20021,36203.33,312.0977,233,50.00
2026-07-11,10:33:26,20031,36470.00,314.3965,234,50.00
2026-07-11,10:33:36,20041,36580.00,315.3448,234,50.00
2026-07-11,10:33:46,20051,36930.00,318.3621,234,51.00
2026-07-11,10:33:56,20061,36560.00,315.1724,235,51.00
2026-07-11,10:34:06,20071,36020.00,310.5172,235,51.00
2026-07-11,10:34:16,20081,35480.00,305.8621,234,51.00
2026-07-11,10:34:25,20091,34560.00,297.9310,233,51.00
2026-07-11,10:34:35,20101,33813.33,291.4942,232,51.00
2026-07-11,10:34:45,20111,33063.33,285.0287,233,51.00
2026-07-11,10:34:55,20121,32576.67,280.8333,233,51.00
2026-07-11,10:35:05,20131,32496.67,280.1437,231,51.00
2026-07-11,10:35:15,20141,30890.00,266.2931,230,51.00
2026-07-11,10:35:25,20151,29710.00,256.1207,230,51.00
2026-07-11,10:35:35,20161,29176.67,251.5230,229,51.00
2026-07-11,10:35:45,20171,29253.33,252.1839,227,51.00
2026-07-11,10:35:55,20181,30170.00,260.0862,229,51.00
2026-07-11,10:36:05,20191,31686.67,273.1609,229,51.00
2026-07-11,10:36:15,20201,33846.66,291.7816,229,51.00
2026-07-11,10:36:25,20211,35596.66,306.8678,229,51.00
2026-07-11,10:36:35,20221,36530.00,314.9138,230,51.00
2026-07-11,10:36:45,20231,37176.66,320.4885,231,51.00
2026-07-11,10:36:55,20241,37790.00,325.7758,232,52.00
2026-07-11,10:37:05,20251,37813.33,325.9770,230,52.00
2026-07-11,10:37:15,20261,38083.33,328.3046,230,52.00
2026-07-11,10:37:25,20271,39040.00,336.5517,229,52.00
2026-07-11,10:37:35,20281,39610.00,341.4655,232,52.00
2026-07-11,10:37:45,20291,40410.00,348.3621,232,53.00
2026-07-11,10:37:55,20301,41020.00,353.6207,233,53.00
2026-07-11,10:38:05,20311,41223.33,355.3736,233,53.00
2026-07-11,10:38:15,20321,40966.66,353.1609,235,53.00
2026-07-11,10:38:25,20331,40316.66,347.5574,234,53.00
2026-07-11,10:38:35,20341,39443.33,340.0287,234,53.00
2026-07-11,10:38:45,20351,38123.33,328.6494,235,53.00
2026-07-11,10:38:55,20361,37286.66,321.4368,236,54.00
2026-07-11,10:39:05,20371,36973.33,318.7356,233,54.00
2026-07-11,10:39:15,20381,36450.00,314.2242,234,54.00
2026-07-11,10:39:25,20391,36356.66,313.4195,232,54.00
2026-07-11,10:39:35,20401,35640.00,307.2414,231,54.00
2026-07-11,10:39:45,20411,34913.33,300.9770,228,54.00
2026-07-11,10:39:55,20421,34946.66,301.2643,229,54.00
2026-07-11,10:40:05,20431,35396.66,305.1436,227,54.00
2026-07-11,10:40:15,20441,36196.66,312.0402,228,54.00
2026-07-11,10:40:25,20451,36770.00,316.9828,228,54.00
2026-07-11,10:40:35,20461,37916.66,326.8678,227,54.00
2026-07-11,10:40:45,20471,39166.66,337.6436,229,54.00
2026-07-11,10:40:55,20481,40833.33,352.0115,230,54.00
2026-07-11,10:41:05,20491,41770.00,360.0862,232,55.00
2026-07-11,10:41:15,20501,42486.66,366.2643,235,55.00
2026-07-11,10:41:25,20511,43100.00,371.5517,235,55.00
2026-07-11,10:41:35,20521,43636.66,376.1781,236,55.00
2026-07-11,10:41:45,20531,44216.66,381.1781,235,55.00
2026-07-11,10:41:55,20541,45020.00,388.1035,235,55.00
2026-07-11,10:42:05,20551,45663.33,393.6494,235,56.00
2026-07-11,10:42:15,20561,46233.33,398.5632,236,56.00
2026-07-11,10:42:25,20571,47023.33,405.3736,235,56.00
2026-07-11,10:42:35,20581,48150.00,415.0862,236,56.00
2026-07-11,10:42:45,20591,49173.33,423.9080,236,57.00
2026-07-11,10:42:55,20601,45363.33,391.0632,237,57.00
2026-07-11,10:43:05,20611,46686.66,402.4713,235,57.00
2026-07-11,10:43:15,20621,48136.66,414.9713,238,57.00
2026-07-11,10:43:25,20631,44083.33,380.0287,237,57.00
2026-07-11,10:43:35,20641,35606.66,306.9540,240,57.00
2026-07-11,10:43:45,20651,34256.66,295.3161,236,57.00
2026-07-11,10:43:55,20661,34620.00,298.4483,234,57.00
2026-07-11,10:44:05,20671,36500.00,314.6552,232,57.00
2026-07-11,10:44:15,20681,40333.33,347.7011,234,57.00
2026-07-11,10:44:25,20691,47310.00,407.8448,238,57.00
2026-07-11,10:44:35,20701,50456.66,434.9713,237,57.00
2026-07-11,10:44:45,20711,54612.50,470.7974,236,58.00
2026-07-11,10:44:55,20721,54612.50,470.7974,238,58.00
2026-07-11,10:45:05,20731,54166.66,466.9540,238,58.00
2026-07-11,10:45:15,20741,54612.50,470.7974,237,58.00
2026-07-11,10:45:25,20751,46080.00,397.2414,237,58.00
2026-07-11,10:45:35,20761,46726.66,402.8161,235,58.00
2026-07-11,10:45:45,20771,54612.50,470.7974,235,58.00
2026-07-11,10:45:55,20781,52056.66,448.7643,237,59.00
2026-07-11,10:46:05,20791,53906.66,464.7126,236,59.00
2026-07-11,10:46:14,20801,54612.50,470.7974,236,59.00
2026-07-11,10:46:24,20811,54612.50,470.7974,239,59.00
2026-07-11,10:46:34,20821,54612.50,470.7974,237,60.00
2026-07-11,10:46:44,20831,54612.50,470.7974,238,60.00
2026-07-11,10:46:54,20841,50716.66,437.2126,236,60.00
2026-07-11,10:47:04,20851,50256.66,433.2471,236,60.00
2026-07-11,10:47:14,20861,49653.33,428.0460,235,60.00
2026-07-11,10:47:24,20871,46046.66,396.9540,234,60.00
2026-07-11,10:47:34,20881,44680.00,385.1724,235,60.00
2026-07-11,10:47:44,20891,38826.66,334.7126,236,60.00
2026-07-11,10:47:54,20901,40116.66,345.8333,235,60.00
2026-07-11,10:48:04,20911,40110.00,345.7758,236,60.00
2026-07-11,10:48:14,20921,44136.66,380.4885,235,60.00
2026-07-11,10:48:24,20931,50343.33,433.9942,236,60.00
2026-07-11,10:48:34,20941,53833.33,464.0804,235,60.00
2026-07-11,10:48:44,20951,54612.50,470.7974,234,60.00
2026-07-11,10:48:54,20961,54612.50,470.7974,238,60.00
2026-07-11,10:49:04,20971,54612.50,470.7974,238,61.00
2026-07-11,10:49:14,20981,54612.50,470.7974,236,61.00
2026-07-11,10:49:24,20991,40056.66,345.3161,236,61.00
2026-07-11,10:49:34,21001,36856.66,317.7299,237,61.00
2026-07-11,10:49:44,21011,33976.66,292.9023,228,61.00
2026-07-11,10:49:54,21021,31803.33,274.1667,236,61.00
2026-07-11,10:50:04,21031,29743.33,256.4080,234,60.00
2026-07-11,10:50:14,21041,27853.33,240.1149,230,60.00
2026-07-11,10:50:24,21051,26206.67,225.9195,230,60.00
2026-07-11,10:50:34,21061,25303.33,218.1322,229,59.00
2026-07-11,10:50:44,21071,25376.67,218.7644,227,59.00
2026-07-11,10:50:54,21081,26080.00,224.8276,226,59.00
2026-07-11,10:51:04,21091,27016.67,232.9023,226,59.00
2026-07-11,10:51:14,21101,27936.67,240.8333,227,58.00
2026-07-11,10:51:24,21111,29050.00,250.4310,225,58.00
2026-07-11,10:51:34,21121,29843.33,257.2701,230,58.00
2026-07-11,10:51:44,21131,30653.33,264.2529,226,58.00
2026-07-11,10:51:54,21141,31426.67,270.9195,229,58.00
2026-07-11,10:52:04,21151,32040.00,276.2069,229,58.00
2026-07-11,10:52:14,21161,32370.00,279.0517,230,58.00
2026-07-11,10:52:24,21171,32570.00,280.7758,232,58.00
2026-07-11,10:52:34,21181,32613.33,281.1494,234,58.00
2026-07-11,10:52:44,21191,33170.00,285.9483,235,58.00
2026-07-11,10:52:54,21201,34093.33,293.9080,236,58.00
2026-07-11,10:53:04,21211,35820.00,308.7931,235,58.00
2026-07-11,10:53:14,21221,37620.00,324.3103,236,58.00
2026-07-11,10:53:24,21231,38266.66,329.8850,236,58.00
2026-07-11,10:53:34,21241,38480.00,331.7242,238,58.00
2026-07-11,10:53:44,21251,38456.66,331.5230,233,58.00
2026-07-11,10:53:54,21261,37660.00,324.6552,238,58.00
2026-07-11,10:54:04,21271,36350.00,313.3621,237,58.00
2026-07-11,10:54:14,21281,35716.66,307.9023,237,58.00
2026-07-11,10:54:24,21291,36100.00,311.2069,235,58.00
2026-07-11,10:54:34,21301,37860.00,326.3793,236,57.00
2026-07-11,10:54:44,21311,54612.50,470.7974,239,58.00
2026-07-11,10:54:54,21321,42036.66,362.3850,238,58.00
2026-07-11,10:55:04,21331,32890.00,283.5345,239,58.00
2026-07-11,10:55:14,21341,32276.67,278.2471,235,58.00
2026-07-11,10:55:24,21351,32653.33,281.4942,236,58.00
2026-07-11,10:55:34,21361,33660.00,290.1724,236,58.00
2026-07-11,10:55:44,21371,34756.66,299.6264,236,58.00
2026-07-11,10:55:54,21381,36240.00,312.4138,236,58.00
2026-07-11,10:56:04,21391,37903.33,326.7529,238,58.00
2026-07-11,10:56:14,21401,40686.66,350.7471,234,58.00
2026-07-11,10:56:24,21411,43736.66,377.0402,234,58.00
2026-07-11,10:56:34,21421,48496.66,418.0747,237,58.00
2026-07-11,10:56:44,21431,48873.33,421.3218,234,58.00
2026-07-11,10:56:54,21441,50016.66,431.1781,237,58.00
2026-07-11,10:57:04,21451,52070.00,448.8793,238,58.00
2026-07-11,10:57:14,21461,47930.00,413.1897,237,58.00
2026-07-11,10:57:24,21471,47056.66,405.6609,235,58.00
2026-07-11,10:57:34,21481,46523.33,401.0632,234,59.00
2026-07-11,10:57:44,21491,47443.33,408.9942,233,59.00
2026-07-11,10:57:54,21501,47710.00,411.2931,235,59.00
2026-07-11,10:58:03,21511,48860.00,421.2069,232,59.00
2026-07-11,10:58:13,21521,45243.33,390.0287,233,59.00
2026-07-11,10:58:23,21531,41246.66,355.5747,232,59.00
2026-07-11,10:58:33,21541,40733.33,351.1494,232,59.00
2026-07-11,10:58:43,21551,39863.33,343.6494,234,59.00
2026-07-11,10:58:53,21561,40946.66,352.9885,237,59.00
2026-07-11,10:59:03,21571,40436.66,348.5919,233,59.00
2026-07-11,10:59:13,21581,37516.66,323.4195,234,59.00
2026-07-11,10:59:23,21591,35530.00,306.2931,232,59.00
2026-07-11,10:59:33,21601,34013.33,293.2184,230,58.00
2026-07-11,10:59:43,21611,32930.00,283.8793,226,58.00
2026-07-11,10:59:53,21621,32010.00,275.9483,227,58.00
2026-07-11,11:00:03,21631,31146.67,268.5057,228,58.00
2026-07-11,11:00:13,21641,30366.67,261.7816,227,58.00
2026-07-11,11:00:23,21651,29843.33,257.2701,228,58.00
2026-07-11,11:00:33,21661,29826.67,257.1264,229,58.00
2026-07-11,11:00:43,21671,30446.67,262.4713,228,58.00
2026-07-11,11:00:53,21681,31720.00,273.4483,229,58.00
2026-07-11,11:01:03,21691,33500.00,288.7931,231,58.00
2026-07-11,11:01:13,21701,35460.00,305.6897,231,58.00
2026-07-11,11:01:23,21711,37396.66,322.3850,228,58.00
2026-07-11,11:01:33,21721,44130.00,380.4310,232,58.00
2026-07-11,11:01:43,21731,53633.33,462.3563,234,58.00
2026-07-11,11:01:53,21741,54612.50,470.7974,234,58.00
2026-07-11,11:02:03,21751,50933.33,439.0804,236,58.00
2026-07-11,11:02:13,21761,49693.33,428.3908,233,58.00
2026-07-11,11:02:23,21771,43436.66,374.4540,232,58.00
2026-07-11,11:02:33,21781,42683.33,367.9597,234,58.00
2026-07-11,11:02:43,21791,34880.00,300.6897,231,58.00
2026-07-11,11:02:53,21801,31073.33,267.8736,233,58.00
2026-07-11,11:03:03,21811,29610.00,255.2586,225,58.00
2026-07-11,11:03:13,21821,28840.00,248.6207,231,58.00
2026-07-11,11:03:23,21831,28503.33,245.7184,232,58.00
2026-07-11,11:03:33,21841,28123.33,242.4425,233,58.00
2026-07-11,11:03:43,21851,27613.33,238.0460,230,58.00
2026-07-11,11:03:53,21861,27000.00,232.7586,229,58.00
2026-07-11,11:04:03,21871,26236.67,226.1782,228,58.00
2026-07-11,11:04:13,21881,25813.33,222.5287,226,58.00
2026-07-11,11:04:23,21891,25766.67,222.1264,226,58.00
2026-07-11,11:04:33,21901,26070.00,224.7414,229,57.00
2026-07-11,11:04:43,21911,26676.67,229.9713,222,57.00
2026-07-11,11:04:53,21921,27703.33,238.8218,228,57.00
2026-07-11,11:05:03,21931,28596.67,246.5230,230,57.00
2026-07-11,11:05:13,21941,29753.33,256.4942,230,57.00
2026-07-11,11:05:23,21951,31266.67,269.5402,229,57.00
2026-07-11,11:05:33,21961,33146.66,285.7471,229,57.00
2026-07-11,11:05:43,21971,37546.66,323.6781,225,57.00
2026-07-11,11:05:53,21981,38620.00,332.9310,229,57.00
2026-07-11,11:06:03,21991,37313.33,321.6667,229,57.00
2026-07-11,11:06:13,22001,36796.66,317.2126,229,57.00
2026-07-11,11:06:23,22011,40506.66,349.1954,230,57.00
2026-07-11,11:06:33,22021,43273.33,373.0460,230,57.00
2026-07-11,11:06:43,22031,47630.00,410.6035,227,57.00
2026-07-11,11:06:53,22041,47263.33,407.4425,231,57.00
2026-07-11,11:07:03,22051,47463.33,409.1667,234,57.00
2026-07-11,11:07:13,22061,49500.00,426.7241,234,58.00
2026-07-11,11:07:23,22071,52360.00,451.3793,234,58.00
2026-07-11,11:07:33,22081,51810.00,446.6379,234,58.00
2026-07-11,11:07:43,22091,54612.50,470.7974,234,58.00
2026-07-11,11:07:53,22101,54612.50,470.7974,236,58.00
2026-07-11,11:08:03,22111,46306.66,399.1954,230,58.00
2026-07-11,11:08:13,22121,45520.00,392.4138,234,58.00
2026-07-11,11:08:23,22131,44686.66,385.2299,233,58.00
2026-07-11,11:08:33,22141,49576.66,427.3850,232,59.00
2026-07-11,11:08:43,22151,41576.66,358.4195,227,59.00
2026-07-11,11:08:53,22161,41153.33,354.7701,232,59.00
2026-07-11,11:09:03,22171,39833.33,343.3908,232,59.00
2026-07-11,11:09:13,22181,37343.33,321.9253,233,58.00
2026-07-11,11:09:23,22191,34110.00,294.0517,232,58.00
2026-07-11,11:09:33,22201,32156.67,277.2126,233,58.00
2026-07-11,11:09:42,22211,30916.67,266.5230,228,58.00
2026-07-11,11:09:52,22221,30100.00,259.4827,233,58.00
2026-07-11,11:10:02,22231,29673.33,255.8046,232,58.00
2026-07-11,11:10:12,22241,29440.00,253.7931,231,58.00
2026-07-11,11:10:22,22251,29400.00,253.4483,232,58.00
2026-07-11,11:10:32,22261,29230.00,251.9827,232,58.00
2026-07-11,11:10:42,22271,28983.33,249.8563,233,58.00
2026-07-11,11:10:52,22281,28820.00,248.4483,233,58.00
2026-07-11,11:11:02,22291,28676.67,247.2126,230,57.00
2026-07-11,11:11:12,22301,28660.00,247.0690,229,57.00
2026-07-11,11:11:22,22311,28826.67,248.5057,217,57.00
2026-07-11,11:11:32,22321,29283.33,252.4425,231,57.00
2026-07-11,11:11:42,22331,30280.00,261.0345,225,57.00
2026-07-11,11:11:52,22341,30916.67,266.5230,231,57.00
2026-07-11,11:12:02,22351,30643.33,264.1667,231,57.00
2026-07-11,11:12:12,22361,30093.33,259.4253,231,57.00
2026-07-11,11:12:22,22371,29940.00,258.1034,233,56.00
2026-07-11,11:12:32,22381,29983.33,258.4770,233,56.00
2026-07-11,11:12:42,22391,30226.67,260.5747,235,56.00
2026-07-11,11:12:52,22401,30500.00,262.9310,232,56.00
2026-07-11,11:13:02,22411,30720.00,264.8276,219,56.00
2026-07-11,11:13:12,22421,31246.67,269.3678,230,56.00
2026-07-11,11:13:22,22431,32200.00,277.5862,230,56.00
2026-07-11,11:13:32,22441,33770.00,291.1207,231,56.00
2026-07-11,11:13:42,22451,36033.33,310.6322,231,56.00
2026-07-11,11:13:52,22461,38703.33,333.6494,229,56.00
2026-07-11,11:14:02,22471,40976.66,353.2471,230,56.00
2026-07-11,11:14:12,22481,42336.66,364.9713,231,56.00
2026-07-11,11:14:22,22491,42390.00,365.4310,233,56.00
2026-07-11,11:14:32,22501,41513.33,357.8736,234,57.00
2026-07-11,11:14:42,22511,41993.33,362.0115,230,57.00
2026-07-11,11:14:52,22521,41263.33,355.7184,234,57.00
2026-07-11,11:15:02,22531,40853.33,352.1839,231,57.00
2026-07-11,11:15:12,22541,39830.00,343.3621,234,57.00
2026-07-11,11:15:22,22551,39140.00,337.4138,233,57.00
2026-07-11,11:15:32,22561,39013.33,336.3218,231,57.00
2026-07-11,11:15:42,22571,39503.33,340.5460,231,57.00
2026-07-11,11:15:52,22581,40550.00,349.5690,233,57.00
2026-07-11,11:16:02,22591,42486.66,366.2643,232,57.00
2026-07-11,11:16:12,22601,45986.66,396.4368,233,57.00
2026-07-11,11:16:22,22611,44176.66,380.8333,234,57.00
2026-07-11,11:16:32,22621,43640.00,376.2069,234,58.00
2026-07-11,11:16:42,22631,44456.66,383.2471,232,58.00
2026-07-11,11:16:52,22641,43443.33,374.5115,231,58.00
2026-07-11,11:17:02,22651,42986.66,370.5747,232,58.00
2026-07-11,11:17:12,22661,43246.66,372.8161,233,58.00
2026-07-11,11:17:22,22671,46633.33,402.0115,233,58.00
2026-07-11,11:17:32,22681,41586.66,358.5057,232,58.00
2026-07-11,11:17:42,22691,38936.66,335.6609,228,58.00
2026-07-11,11:17:52,22701,37193.33,320.6322,234,58.00
2026-07-11,11:18:02,22711,34910.00,300.9483,229,58.00
2026-07-11,11:18:12,22721,33690.00,290.4310,232,58.00
2026-07-11,11:18:22,22731,33150.00,285.7758,231,58.00
2026-07-11,11:18:32,22741,33263.33,286.7529,231,58.00
2026-07-11,11:18:42,22751,34036.66,293.4195,231,58.00
2026-07-11,11:18:52,22761,34920.00,301.0345,232,58.00
2026-07-11,11:19:02,22771,35646.66,307.2988,233,58.00
2026-07-11,11:19:12,22781,37066.66,319.5402,234,58.00
2026-07-11,11:19:22,22791,37900.00,326.7242,232,58.00
2026-07-11,11:19:32,22801,37736.66,325.3161,234,58.00
2026-07-11,11:19:42,22811,39516.66,340.6609,229,58.00
2026-07-11,11:19:52,22821,37886.66,326.6092,233,58.00
2026-07-11,11:20:02,22831,37933.33,327.0115,232,58.00
2026-07-11,11:20:12,22841,38076.66,328.2471,232,58.00
2026-07-11,11:20:22,22851,38716.66,333.7643,231,58.00
2026-07-11,11:20:32,22861,39660.00,341.8965,231,58.00
2026-07-11,11:20:42,22871,41460.00,357.4138,227,58.00
2026-07-11,11:20:52,22881,42256.66,364.2816,234,58.00
2026-07-11,11:21:02,22891,42476.66,366.1781,234,58.00
2026-07-11,11:21:12,22901,43786.66,377.4713,232,58.00
2026-07-11,11:21:22,22911,47210.00,406.9828,228,58.00
2026-07-11,11:21:31,22921,49420.00,426.0345,231,58.00
2026-07-11,11:21:41,22931,50463.33,435.0287,233,58.00
2026-07-11,11:21:51,22941,54612.50,470.7974,234,58.00
2026-07-11,11:22:01,22951,54586.66,470.5747,236,59.00
2026-07-11,11:22:11,22961,54446.66,469.3678,234,59.00
2026-07-11,11:22:21,22971,53583.33,461.9253,235,59.00
2026-07-11,11:22:31,22981,54612.50,470.7974,235,59.00
2026-07-11,11:22:41,22991,53876.66,464.4540,237,59.00
2026-07-11,11:22:51,23001,54612.50,470.7974,235,59.00
2026-07-11,11:23:01,23011,54612.50,470.7974,234,60.00
2026-07-11,11:23:11,23021,53346.66,459.8850,237,60.00
2026-07-11,11:23:21,23031,52496.66,452.5574,237,60.00
2026-07-11,11:23:31,23041,51996.66,448.2471,235,60.00
2026-07-11,11:23:41,23051,51770.00,446.2931,230,60.00
2026-07-11,11:23:51,23061,51486.66,443.8506,236,60.00
2026-07-11,11:24:01,23071,52816.66,455.3161,236,61.00
2026-07-11,11:24:11,23081,54612.50,470.7974,237,61.00
2026-07-11,11:24:21,23091,54612.50,470.7974,238,61.00
2026-07-11,11:24:31,23101,54612.50,470.7974,239,61.00
2026-07-11,11:24:41,23111,54612.50,470.7974,238,61.00
2026-07-11,11:24:51,23121,54612.50,470.7974,239,62.00
2026-07-11,11:25:01,23131,54612.50,470.7974,237,62.00
2026-07-11,11:25:11,23141,54612.50,470.7974,237,62.00
2026-07-11,11:25:21,23151,54612.50,470.7974,239,62.00
2026-07-11,11:25:31,23161,54612.50,470.7974,239,62.00
2026-07-11,11:25:41,23171,54612.50,470.7974,238,63.00
2026-07-11,11:25:51,23181,54612.50,470.7974,238,63.00
2026-07-11,11:26:01,23191,54612.50,470.7974,239,63.00
2026-07-11,11:26:11,23201,54612.50,470.7974,238,64.00
2026-07-11,11:26:21,23211,54612.50,470.7974,232,64.00
2026-07-11,11:26:31,23221,54612.50,470.7974,238,64.00
2026-07-11,11:26:41,23231,54612.50,470.7974,239,65.00
2026-07-11,11:26:51,23241,54612.50,470.7974,240,65.00
2026-07-11,11:27:01,23251,54612.50,470.7974,239,65.00
2026-07-11,11:27:11,23261,54612.50,470.7974,240,65.00
2026-07-11,11:27:21,23271,54612.50,470.7974,240,66.00
2026-07-11,11:27:31,23281,54612.50,470.7974,239,66.00
2026-07-11,11:27:41,23291,54612.50,470.7974,240,66.00
2026-07-11,11:27:51,23301,54612.50,470.7974,240,66.00
2026-07-11,11:28:01,23311,54612.50,470.7974,231,67.00
2026-07-11,11:28:11,23321,54612.50,470.7974,239,67.00
2026-07-11,11:28:21,23331,54612.50,470.7974,239,67.00
2026-07-11,11:28:31,23341,54612.50,470.7974,237,68.00
2026-07-11,11:28:41,23351,54612.50,470.7974,237,68.00
2026-07-11,11:28:51,23361,54612.50,470.7974,239,68.00
2026-07-11,11:29:01,23371,54612.50,470.7974,239,68.00
2026-07-11,11:29:11,23381,54612.50,470.7974,239,68.00
2026-07-11,11:29:21,23391,54612.50,470.7974,238,68.00
2026-07-11,11:29:31,23401,54612.50,470.7974,239,68.00
2026-07-11,11:29:41,23411,54612.50,470.7974,237,68.00
2026-07-11,11:29:51,23421,54612.50,470.7974,237,69.00
2026-07-11,11:30:01,23431,54612.50,470.7974,236,69.00
2026-07-11,11:30:11,23441,54612.50,470.7974,237,69.00
2026-07-11,11:30:21,23451,54612.50,470.7974,239,69.00
2026-07-11,11:30:31,23461,53400.00,460.3448,235,69.00
2026-07-11,11:30:41,23471,51953.33,447.8735,234,68.00
2026-07-11,11:30:51,23481,54612.50,470.7974,233,68.00
2026-07-11,11:31:01,23491,42570.00,366.9828,235,68.00
2026-07-11,11:31:11,23501,40800.00,351.7242,235,68.00
2026-07-11,11:31:21,23511,39883.33,343.8218,231,68.00
2026-07-11,11:31:31,23521,39476.66,340.3161,234,68.00
2026-07-11,11:31:41,23531,39533.33,340.8046,233,67.00
2026-07-11,11:31:51,23541,41873.33,360.9770,232,67.00
2026-07-11,11:32:01,23551,42803.33,368.9942,234,67.00
2026-07-11,11:32:11,23561,44540.00,383.9655,234,67.00
2026-07-11,11:32:21,23571,54612.50,470.7974,234,67.00
2026-07-11,11:32:31,23581,54612.50,470.7974,235,67.00
2026-07-11,11:32:41,23591,54612.50,470.7974,231,67.00
2026-07-11,11:32:51,23601,54612.50,470.7974,237,67.00
2026-07-11,11:33:01,23611,48923.33,421.7529,230,67.00
2026-07-11,11:33:11,23621,52843.33,455.5460,232,67.00
2026-07-11,11:33:21,23631,51216.66,441.5229,234,67.00
2026-07-11,11:33:31,23641,42910.00,369.9138,232,67.00
2026-07-11,11:33:41,23651,40720.00,351.0345,235,66.00
2026-07-11,11:33:51,23661,38763.33,334.1667,233,66.00
2026-07-11,11:34:00,23671,37240.00,321.0345,234,66.00
2026-07-11,11:34:10,23681,37240.00,321.0345,234,66.00
2026-07-11,11:34:20,23691,38806.66,334.5402,232,65.00
2026-07-11,11:34:30,23701,48746.66,420.2299,232,65.00
2026-07-11,11:34:40,23711,47936.66,413.2471,232,65.00
2026-07-11,11:34:50,23721,37660.00,324.6552,232,65.00
2026-07-11,11:35:00,23731,35883.33,309.3391,234,65.00
2026-07-11,11:35:10,23741,35363.33,304.8563,235,65.00
2026-07-11,11:35:20,23751,35310.00,304.3965,233,65.00
2026-07-11,11:35:30,23761,35653.33,307.3563,231,65.00
2026-07-11,11:35:40,23771,35856.66,309.1092,225,65.00
2026-07-11,11:35:50,23781,36566.66,315.2299,233,65.00
2026-07-11,11:36:00,23791,37506.66,323.3333,233,64.00
2026-07-11,11:36:10,23801,37720.00,325.1724,232,64.00
2026-07-11,11:36:20,23811,38276.66,329.9713,227,64.00
2026-07-11,11:36:30,23821,39313.33,338.9080,232,64.00
2026-07-11,11:36:40,23831,40903.33,352.6149,234,64.00
2026-07-11,11:36:50,23841,43340.00,373.6207,234,63.00
2026-07-11,11:37:00,23851,47940.00,413.2758,235,64.00
2026-07-11,11:37:10,23861,50623.33,436.4080,234,64.00
2026-07-11,11:37:20,23871,45450.00,391.8103,234,63.00
2026-07-11,11:37:30,23881,44383.33,382.6149,234,64.00
2026-07-11,11:37:40,23891,45046.66,388.3333,233,64.00
2026-07-11,11:37:50,23901,45990.00,396.4655,233,63.00
2026-07-11,11:38:00,23911,47160.00,406.5517,229,63.00
2026-07-11,11:38:10,23921,49170.00,423.8793,233,63.00
2026-07-11,11:38:20,23931,49850.00,429.7413,234,63.00
2026-07-11,11:38:30,23941,52490.00,452.5000,233,64.00
2026-07-11,11:38:40,23951,52873.33,455.8046,235,64.00
2026-07-11,11:38:50,23961,52923.33,456.2356,235,64.00
2026-07-11,11:39:00,23971,53646.66,462.4713,236,64.00
2026-07-11,11:39:10,23981,51536.66,444.2816,235,64.00
2026-07-11,11:39:20,23991,50890.00,438.7068,236,64.00
2026-07-11,11:39:30,24001,51920.00,447.5862,234,64.00
2026-07-11,11:39:40,24011,53280.00,459.3103,235,64.00
2026-07-11,11:39:50,24021,49426.66,426.0919,235,64.00
2026-07-11,11:40:00,24031,46473.33,400.6322,234,64.00
2026-07-11,11:40:10,24041,45440.00,391.7242,233,64.00
2026-07-11,11:40:20,24051,46356.66,399.6264,233,64.00
2026-07-11,11:40:30,24061,45243.33,390.0287,232,64.00
2026-07-11,11:40:40,24071,46670.00,402.3276,232,64.00
2026-07-11,11:40:50,24081,53013.33,457.0115,231,64.00
2026-07-11,11:41:00,24091,43486.66,374.8850,232,64.00
2026-07-11,11:41:10,24101,40290.00,347.3276,233,64.00
2026-07-11,11:41:20,24111,38256.66,329.7988,232,64.00
2026-07-11,11:41:30,24121,37650.00,324.5690,234,63.00
2026-07-11,11:41:40,24131,35653.33,307.3563,234,63.00
2026-07-11,11:41:50,24141,46260.00,398.7931,234,63.00
2026-07-11,11:42:00,24151,32326.67,278.6782,231,63.00
2026-07-11,11:42:10,24161,28810.00,248.3620,234,63.00
2026-07-11,11:42:20,24171,27130.00,233.8793,230,63.00
2026-07-11,11:42:30,24181,26346.67,227.1264,230,62.00
2026-07-11,11:42:40,24191,25836.67,222.7299,230,62.00
2026-07-11,11:42:50,24201,25483.33,219.6839,230,62.00
2026-07-11,11:43:00,24211,25170.00,216.9827,227,61.00
2026-07-11,11:43:10,24221,25016.67,215.6609,230,61.00
2026-07-11,11:43:20,24231,25023.33,215.7184,232,61.00
2026-07-11,11:43:30,24241,25263.33,217.7873,231,61.00
2026-07-11,11:43:40,24251,25560.00,220.3448,231,61.00
2026-07-11,11:43:50,24261,25706.67,221.6092,230,61.00
2026-07-11,11:44:00,24271,25476.67,219.6264,230,61.00
2026-07-11,11:44:10,24281,24960.00,215.1724,229,60.00
2026-07-11,11:44:20,24291,24326.67,209.7126,231,60.00
2026-07-11,11:44:30,24301,23820.00,205.3448,230,60.00
2026-07-11,11:44:40,24311,23346.67,201.2644,226,60.00
2026-07-11,11:44:50,24321,22996.67,198.2471,227,59.00
2026-07-11,11:45:00,24331,23370.00,201.4655,226,59.00
2026-07-11,11:45:10,24341,22353.33,192.7011,227,59.00
2026-07-11,11:45:20,24351,21920.00,188.9655,226,58.00
2026-07-11,11:45:30,24361,21650.00,186.6379,225,58.00
2026-07-11,11:45:40,24371,21270.00,183.3621,224,58.00
2026-07-11,11:45:50,24381,20946.67,180.5747,224,58.00
2026-07-11,11:46:00,24391,20533.33,177.0115,224,58.00
2026-07-11,11:46:10,24401,20090.00,173.1897,220,58.00
2026-07-11,11:46:19,24411,19666.67,169.5402,216,57.00
2026-07-11,11:46:29,24421,19233.33,165.8046,219,57.00
2026-07-11,11:46:39,24431,18870.00,162.6724,223,57.00
2026-07-11,11:46:49,24441,18456.67,159.1092,218,57.00
2026-07-11,11:46:59,24451,18003.33,155.2011,222,56.00
2026-07-11,11:47:09,24461,17553.33,151.3218,217,56.00
2026-07-11,11:47:19,24471,17036.67,146.8678,217,56.00
2026-07-11,11:47:29,24481,16490.00,142.1552,216,56.00
2026-07-11,11:47:39,24491,15873.33,136.8391,216,55.00
2026-07-11,11:47:49,24501,15266.67,131.6092,215,55.00
2026-07-11,11:47:59,24511,14663.33,126.4080,216,55.00
2026-07-11,11:48:09,24521,14113.33,121.6667,210,55.00
2026-07-11,11:48:19,24531,13600.00,117.2414,207,54.00
2026-07-11,11:48:29,24541,13103.33,112.9598,207,54.00
2026-07-11,11:48:39,24551,12633.33,108.9080,205,54.00
2026-07-11,11:48:49,24561,12190.00,105.0862,205,54.00
2026-07-11,11:48:59,24571,11790.00,101.6379,203,53.00
2026-07-11,11:49:09,24581,11410.00,98.3621,203,53.00
2026-07-11,11:49:19,24591,11070.00,95.4310,200,53.00
2026-07-11,11:49:29,24601,10786.67,92.9885,197,53.00
2026-07-11,11:49:39,24611,10536.67,90.8333,197,53.00
2026-07-11,11:49:49,24621,10320.00,88.9655,194,52.00
2026-07-11,11:49:59,24631,10116.67,87.2126,192,52.00
2026-07-11,11:50:09,24641,9923.33,85.5460,189,52.00
2026-07-11,11:50:19,24651,9726.67,83.8506,186,51.00
2026-07-11,11:50:29,24661,9530.00,82.1552,185,51.00
2026-07-11,11:50:39,24671,9320.00,80.3448,185,51.00
2026-07-11,11:50:49,24681,9116.67,78.5919,175,51.00
2026-07-11,11:50:59,24691,8890.00,76.6379,180,51.00
2026-07-11,11:51:09,24701,8673.33,74.7701,173,51.00
2026-07-11,11:51:19,24711,8446.67,72.8161,166,50.00
2026-07-11,11:51:29,24721,8233.33,70.9770,167,50.00
2026-07-11,11:51:39,24731,8026.67,69.1954,164,50.00
2026-07-11,11:51:49,24741,7846.67,67.6437,157,50.00
2026-07-11,11:51:59,24751,7653.33,65.9770,146,49.00
2026-07-11,11:52:09,24761,7470.00,64.3965,153,49.00
2026-07-11,11:52:19,24771,7306.67,62.9885,145,49.00
2026-07-11,11:52:29,24781,7170.00,61.8103,136,49.00
2026-07-11,11:52:39,24791,7070.00,60.9483,141,49.00
2026-07-11,11:52:49,24801,6993.33,60.2874,147,48.00
2026-07-11,11:52:59,24811,6946.67,59.8851,137,48.00
2026-07-11,11:53:09,24821,6926.67,59.7126,149,48.00
2026-07-11,11:53:19,24831,6923.33,59.6839,150,48.00
2026-07-11,11:53:29,24841,6923.33,59.6839,152,48.00
2026-07-11,11:53:39,24851,6940.00,59.8276,150,47.00
2026-07-11,11:53:49,24861,6973.33,60.1149,147,47.00
2026-07-11,11:53:59,24871,7066.67,60.9195,152,47.00
2026-07-11,11:54:09,24881,7210.00,62.1552,159,47.00
2026-07-11,11:54:19,24891,7413.33,63.9080,164,47.00
2026-07-11,11:54:29,24901,7640.00,65.8621,167,47.00
2026-07-11,11:54:39,24911,7916.67,68.2471,180,47.00
2026-07-11,11:54:49,24921,8223.33,70.8908,173,47.00
2026-07-11,11:54:59,24931,8570.00,73.8793,178,46.00
2026-07-11,11:55:09,24941,8926.67,76.9540,180,46.00
2026-07-11,11:55:19,24951,9326.67,80.4023,186,46.00
2026-07-11,11:55:29,24961,9776.67,84.2816,185,46.00
2026-07-11,11:55:39,24971,10303.33,88.8218,186,46.00
2026-07-11,11:55:49,24981,10903.33,93.9942,188,46.00
2026-07-11,11:55:59,24991,11603.33,100.0287,195,46.00
2026-07-11,11:56:09,25001,12403.33,106.9253,195,46.00
2026-07-11,11:56:19,25011,13263.33,114.3391,202,46.00
2026-07-11,11:56:29,25021,14466.67,124.7126,207,46.00
2026-07-11,11:56:39,25031,15510.00,133.7069,209,46.00
2026-07-11,11:56:49,25041,16640.00,143.4483,213,46.00
2026-07-11,11:56:59,25051,17813.33,153.5632,217,46.00
2026-07-11,11:57:09,25061,18986.67,163.6782,215,46.00
2026-07-11,11:57:19,25071,20170.00,173.8793,218,46.00
2026-07-11,11:57:29,25081,21360.00,184.1379,218,46.00
2026-07-11,11:57:38,25091,22583.33,194.6839,221,46.00
2026-07-11,11:57:48,25101,23876.67,205.8333,221,47.00
2026-07-11,11:57:58,25111,25180.00,217.0690,222,47.00
2026-07-11,11:58:08,25121,26556.67,228.9368,220,47.00
2026-07-11,11:58:18,25131,28103.33,242.2701,222,47.00
2026-07-11,11:58:28,25141,30390.00,261.9827,227,47.00
2026-07-11,11:58:38,25151,42476.66,366.1781,227,47.00
2026-07-11,11:58:48,25161,38243.33,329.6839,228,47.00
2026-07-11,11:58:58,25171,34203.33,294.8563,230,47.00
2026-07-11,11:59:08,25181,32776.66,282.5574,228,48.00
2026-07-11,11:59:18,25191,31583.33,272.2701,228,48.00
2026-07-11,11:59:28,25201,30933.33,266.6667,227,48.00
2026-07-11,11:59:38,25211,30763.33,265.2011,225,48.00
2026-07-11,11:59:48,25221,30826.67,265.7471,228,48.00
2026-07-11,11:59:58,25231,31013.33,267.3563,228,49.00
2026-07-11,12:00:08,25241,31323.33,270.0287,228,49.00
2026-07-11,12:00:18,25251,31773.33,273.9080,229,49.00
2026-07-11,12:00:28,25261,32316.67,278.5919,229,49.00
2026-07-11,12:00:38,25271,33866.66,291.9540,229,49.00
2026-07-11,12:00:48,25281,33386.66,287.8161,231,49.00
2026-07-11,12:00:58,25291,33670.00,290.2586,231,49.00
2026-07-11,12:01:08,25301,33786.66,291.2643,231,50.00
2026-07-11,12:01:18,25311,33706.66,290.5747,228,50.00
2026-07-11,12:01:28,25321,33570.00,289.3965,233,50.00
2026-07-11,12:01:38,25331,33320.00,287.2414,233,50.00
2026-07-11,12:01:48,25341,33110.00,285.4310,233,50.00
2026-07-11,12:01:58,25351,32993.33,284.4253,233,50.00
2026-07-11,12:02:08,25361,32906.66,283.6781,234,51.00
2026-07-11,12:02:18,25371,32846.66,283.1609,234,51.00
2026-07-11,12:02:28,25381,32853.33,283.2184,233,51.00
2026-07-11,12:02:38,25391,33040.00,284.8276,225,51.00
2026-07-11,12:02:48,25401,33340.00,287.4138,233,51.00
2026-07-11,12:02:58,25411,33976.66,292.9023,227,51.00
2026-07-11,12:03:08,25421,34853.33,300.4597,230,51.00
2026-07-11,12:03:18,25431,35430.00,305.4310,229,51.00
2026-07-11,12:03:28,25441,36140.00,311.5517,230,51.00
2026-07-11,12:03:38,25451,35370.00,304.9138,231,51.00
2026-07-11,12:03:48,25461,33680.00,290.3448,232,51.00
2026-07-11,12:03:58,25471,32840.00,283.1035,230,51.00
2026-07-11,12:04:08,25481,32420.00,279.4827,232,51.00
2026-07-11,12:04:18,25491,32000.00,275.8621,230,51.00
2026-07-11,12:04:28,25501,31646.67,272.8161,229,51.00
2026-07-11,12:04:38,25511,31326.67,270.0575,234,51.00
2026-07-11,12:04:48,25521,31033.33,267.5287,229,52.00
2026-07-11,12:04:58,25531,30720.00,264.8276,230,51.00
2026-07-11,12:05:08,25541,30433.33,262.3563,230,52.00
2026-07-11,12:05:18,25551,30006.67,258.6782,228,52.00
2026-07-11,12:05:28,25561,29786.67,256.7816,227,52.00
2026-07-11,12:05:38,25571,29670.00,255.7758,228,52.00
2026-07-11,12:05:48,25581,29770.00,256.6379,229,52.00
2026-07-11,12:05:58,25591,30040.00,258.9655,231,52.00
2026-07-11,12:06:08,25601,30526.67,263.1609,230,52.00
2026-07-11,12:06:18,25611,31210.00,269.0517,231,52.00
2026-07-11,12:06:28,25621,31946.67,275.4023,230,52.00
2026-07-11,12:06:38,25631,32730.00,282.1552,230,52.00
2026-07-11,12:06:48,25641,33593.33,289.5977,230,52.00
2026-07-11,12:06:58,25651,34520.00,297.5862,231,52.00
2026-07-11,12:07:08,25661,35240.00,303.7931,232,52.00
2026-07-11,12:07:18,25671,35636.66,307.2126,231,52.00
2026-07-11,12:07:28,25681,36363.33,313.4770,231,52.00
2026-07-11,12:07:38,25691,37983.33,327.4425,231,52.00
2026-07-11,12:07:48,25701,41400.00,356.8965,236,53.00
2026-07-11,12:07:58,25711,37530.00,323.5345,233,53.00
2026-07-11,12:08:08,25721,37190.00,320.6035,234,53.00
2026-07-11,12:08:18,25731,37546.66,323.6781,235,53.00
2026-07-11,12:08:28,25741,37866.66,326.4368,233,53.00
2026-07-11,12:08:38,25751,38390.00,330.9483,234,53.00
2026-07-11,12:08:48,25761,39576.66,341.1781,233,53.00
2026-07-11,12:08:58,25771,42560.00,366.8965,234,53.00
2026-07-11,12:09:08,25781,43730.00,376.9828,234,54.00
2026-07-11,12:09:18,25791,45450.00,391.8103,234,54.00
2026-07-11,12:09:28,25801,51816.66,446.6954,234,54.00
2026-07-11,12:09:38,25811,54612.50,470.7974,230,54.00
2026-07-11,12:09:47,25821,52796.66,455.1436,232,54.00
2026-07-11,12:09:57,25831,54612.50,470.7974,233,54.00
2026-07-11,12:10:07,25841,51710.00,445.7758,231,55.00
2026-07-11,12:10:17,25851,45013.33,388.0460,233,55.00
2026-07-11,12:10:27,25861,44920.00,387.2414,233,55.00
2026-07-11,12:10:37,25871,45380.00,391.2069,230,55.00
2026-07-11,12:10:47,25881,54612.50,470.7974,231,55.00
2026-07-11,12:10:57,25891,39026.66,336.4368,232,55.00
2026-07-11,12:11:07,25901,35233.33,303.7356,232,55.00
2026-07-11,12:11:17,25911,33043.33,284.8563,226,55.00
2026-07-11,12:11:27,25921,32580.00,280.8621,227,55.00
2026-07-11,12:11:37,25931,31100.00,268.1034,223,55.00
2026-07-11,12:11:47,25941,31280.00,269.6552,222,55.00
2026-07-11,12:11:57,25951,29540.00,254.6552,217,55.00
2026-07-11,12:12:07,25961,27053.33,233.2184,218,55.00
2026-07-11,12:12:17,25971,26290.00,226.6379,216,55.00
2026-07-11,12:12:27,25981,24676.67,212.7299,211,55.00
2026-07-11,12:12:37,25991,25753.33,222.0115,209,54.00
2026-07-11,12:12:47,26001,22816.67,196.6954,206,54.00
2026-07-11,12:12:57,26011,20980.00,180.8621,199,54.00
2026-07-11,12:13:07,26021,19910.00,171.6379,202,54.00
2026-07-11,12:13:17,26031,19026.67,164.0230,197,54.00
2026-07-11,12:13:27,26041,18206.67,156.9540,198,54.00
2026-07-11,12:13:37,26051,17450.00,150.4310,196,54.00
2026-07-11,12:13:47,26061,16683.33,143.8218,194,53.00
2026-07-11,12:13:57,26071,15863.33,136.7529,196,53.00
2026-07-11,12:14:07,26081,15013.33,129.4253,198,53.00
2026-07-11,12:14:17,26091,14123.33,121.7529,191,53.00
2026-07-11,12:14:27,26101,13306.67,114.7126,182,52.00
2026-07-11,12:14:37,26111,12563.33,108.3046,187,52.00
2026-07-11,12:14:47,26121,11953.33,103.0460,176,52.00
2026-07-11,12:14:57,26131,11406.67,98.3333,172,52.00
2026-07-11,12:15:07,26141,10923.33,94.1667,171,52.00
2026-07-11,12:15:17,26151,10490.00,90.4310,170,51.00
2026-07-11,12:15:27,26161,10100.00,87.0690,168,51.00
2026-07-11,12:15:37,26171,9730.00,83.8793,161,51.00
2026-07-11,12:15:47,26181,9376.67,80.8333,161,51.00
2026-07-11,12:15:57,26191,9040.00,77.9310,157,51.00
2026-07-11,12:16:07,26201,8720.00,75.1724,155,50.00
2026-07-11,12:16:17,26211,8446.67,72.8161,161,50.00
2026-07-11,12:16:27,26221,8196.67,70.6609,149,50.00
2026-07-11,12:16:37,26231,7966.67,68.6782,143,50.00
2026-07-11,12:16:47,26241,7766.67,66.9540,146,49.00
2026-07-11,12:16:57,26251,7576.67,65.3161,142,49.00
2026-07-11,12:17:07,26261,7403.33,63.8218,135,49.00
2026-07-11,12:17:17,26271,7230.00,62.3276,134,49.00
2026-07-11,12:17:27,26281,7083.33,61.0632,134,49.00
2026-07-11,12:17:37,26291,6950.00,59.9138,137,48.00
2026-07-11,12:17:47,26301,6833.33,58.9080,131,48.00
2026-07-11,12:17:57,26311,6733.33,58.0460,128,48.00
2026-07-11,12:18:07,26321,6656.67,57.3851,129,48.00
2026-07-11,12:18:17,26331,6593.33,56.8391,130,48.00
2026-07-11,12:18:27,26341,6540.00,56.3793,133,47.00
2026-07-11,12:18:37,26351,6500.00,56.0345,128,47.00
2026-07-11,12:18:47,26361,6460.00,55.6897,133,47.00
2026-07-11,12:18:57,26371,6423.33,55.3736,129,47.00
2026-07-11,12:19:07,26381,6383.33,55.0287,129,47.00
2026-07-11,12:19:17,26391,6346.67,54.7126,129,47.00
2026-07-11,12:19:27,26401,6310.00,54.3965,125,47.00
2026-07-11,12:19:37,26411,6283.33,54.1667,133,46.00
2026-07-11,12:19:47,26421,6263.33,53.9943,133,46.00
2026-07-11,12:19:57,26431,6240.00,53.7931,129,46.00
2026-07-11,12:20:07,26441,6216.67,53.5920,124,46.00
2026-07-11,12:20:17,26451,6193.33,53.3908,123,46.00
2026-07-11,12:20:27,26461,6173.33,53.2184,125,46.00
2026-07-11,12:20:37,26471,6153.33,53.0460,130,45.00
2026-07-11,12:20:47,26481,6130.00,52.8448,135,45.00
2026-07-11,12:20:57,26491,6110.00,52.6724,128,45.00
2026-07-11,12:21:06,26501,6090.00,52.5000,128,45.00
2026-07-11,12:21:16,26511,6063.33,52.2701,139,45.00
2026-07-11,12:21:26,26521,6036.67,52.0402,123,45.00
2026-07-11,12:21:36,26531,6023.33,51.9253,126,45.00
2026-07-11,12:21:46,26541,6003.33,51.7529,127,45.00
2026-07-11,12:21:56,26551,5980.00,51.5517,126,44.00
2026-07-11,12:22:06,26561,5950.00,51.2931,126,44.00
2026-07-11,12:22:16,26571,5930.00,51.1207,126,44.00
2026-07-11,12:22:26,26581,5913.33,50.9770,131,44.00
2026-07-11,12:22:36,26591,5903.33,50.8908,132,44.00
2026-07-11,12:22:46,26601,5886.67,50.7471,136,44.00
2026-07-11,12:22:56,26611,5863.33,50.5460,138,44.00
2026-07-11,12:23:06,26621,5823.33,50.2011,134,43.00
2026-07-11,12:23:16,26631,5776.67,49.7988,128,43.00
2026-07-11,12:23:26,26641,5730.00,49.3966,131,43.00
2026-07-11,12:23:36,26651,5683.33,48.9943,128,43.00
2026-07-11,12:23:46,26661,5630.00,48.5345,124,43.00
2026-07-11,12:23:56,26671,5580.00,48.1034,123,43.00
2026-07-11,12:24:06,26681,5533.33,47.7011,129,43.00
2026-07-11,12:24:16,26691,5486.67,47.2988,128,43.00
2026-07-11,12:24:26,26701,5453.33,47.0115,121,43.00
2026-07-11,12:24:36,26711,5423.33,46.7529,129,43.00
2026-07-11,12:24:46,26721,5403.33,46.5805,129,43.00
2026-07-11,12:24:56,26731,5396.67,46.5230,133,43.00
2026-07-11,12:25:06,26741,5406.67,46.6092,128,43.00
2026-07-11,12:25:16,26751,5430.00,46.8103,129,43.00
2026-07-11,12:25:26,26761,5476.67,47.2126,136,43.00
2026-07-11,12:25:36,26771,5546.67,47.8161,136,42.00
2026-07-11,12:25:46,26781,5606.67,48.3333,137,42.00
2026-07-11,12:25:56,26791,5673.33,48.9080,136,42.00
2026-07-11,12:26:06,26801,5753.33,49.5977,135,42.00
2026-07-11,12:26:16,26811,5856.67,50.4885,135,42.00
2026-07-11,12:26:26,26821,5973.33,51.4943,143,42.00
2026-07-11,12:26:36,26831,6090.00,52.5000,140,42.00
2026-07-11,12:26:46,26841,6213.33,53.5632,143,42.00
2026-07-11,12:26:56,26851,6346.67,54.7126,144,42.00
2026-07-11,12:27:06,26861,6493.33,55.9770,154,42.00
2026-07-11,12:27:16,26871,6626.67,57.1264,155,42.00
2026-07-11,12:27:26,26881,6773.33,58.3908,161,42.00
2026-07-11,12:27:36,26891,6943.33,59.8563,168,42.00
2026-07-11,12:27:46,26901,7103.33,61.2356,169,42.00
2026-07-11,12:27:56,26911,7280.00,62.7586,166,42.00
2026-07-11,12:28:06,26921,7446.67,64.1954,171,42.00
2026-07-11,12:28:16,26931,7636.67,65.8333,169,41.00
2026-07-11,12:28:26,26941,7863.33,67.7874,172,42.00
2026-07-11,12:28:36,26951,8116.67,69.9713,180,41.00
2026-07-11,12:28:46,26961,8350.00,71.9828,187,42.00
2026-07-11,12:28:56,26971,8596.67,74.1092,186,42.00
2026-07-11,12:29:06,26981,8830.00,76.1207,190,42.00
2026-07-11,12:29:16,26991,9066.67,78.1609,192,41.00
2026-07-11,12:29:26,27001,9290.00,80.0862,191,41.00
2026-07-11,12:29:36,27011,9530.00,82.1552,194,41.00
2026-07-11,12:29:46,27021,9766.67,84.1954,194,41.00
2026-07-11,12:29:56,27031,10023.33,86.4080,196,42.00
2026-07-11,12:30:06,27041,10283.33,88.6494,195,41.00
2026-07-11,12:30:16,27051,10533.33,90.8046,194,41.00
2026-07-11,12:30:26,27061,10780.00,92.9310,195,41.00
2026-07-11,12:30:36,27071,10973.33,94.5977,198,41.00
2026-07-11,12:30:46,27081,11156.67,96.1782,196,41.00
2026-07-11,12:30:56,27091,11316.67,97.5575,195,42.00
2026-07-11,12:31:06,27101,11453.33,98.7356,200,41.00
2026-07-11,12:31:16,27111,11580.00,99.8276,197,41.00
2026-07-11,12:31:26,27121,11683.33,100.7184,198,41.00
2026-07-11,12:31:36,27131,11780.00,101.5517,199,41.00
2026-07-11,12:31:46,27141,11883.33,102.4425,200,41.00
2026-07-11,12:31:56,27151,11993.33,103.3908,199,41.00
2026-07-11,12:32:06,27161,12080.00,104.1379,200,41.00
2026-07-11,12:32:15,27171,12156.67,104.7988,199,41.00
2026-07-11,12:32:25,27181,12230.00,105.4310,196,41.00
2026-07-11,12:32:35,27191,12283.33,105.8908,194,42.00
2026-07-11,12:32:45,27201,12320.00,106.2069,195,41.00
2026-07-11,12:32:55,27211,12350.00,106.4655,195,42.00
2026-07-11,12:33:05,27221,12350.00,106.4655,194,42.00
2026-07-11,12:33:15,27231,12360.00,106.5517,195,42.00
2026-07-11,12:33:25,27241,12373.33,106.6667,195,42.00
2026-07-11,12:33:35,27251,12393.33,106.8391,192,42.00
2026-07-11,12:33:45,27261,12396.67,106.8678,190,41.00
2026-07-11,12:33:55,27271,12356.67,106.5230,188,42.00
2026-07-11,12:34:05,27281,12323.33,106.2356,191,42.00
2026-07-11,12:34:15,27291,12286.67,105.9195,193,42.00
2026-07-11,12:34:25,27301,12240.00,105.5172,194,42.00
2026-07-11,12:34:35,27311,12203.33,105.2011,196,42.00
2026-07-11,12:34:45,27321,12200.00,105.1724,194,42.00
2026-07-11,12:34:55,27331,12186.67,105.0575,188,41.00
2026-07-11,12:35:05,27341,12183.33,105.0287,180,42.00
2026-07-11,12:35:15,27351,12180.00,105.0000,174,42.00
2026-07-11,12:35:25,27361,12186.67,105.0575,172,42.00
2026-07-11,12:35:35,27371,12196.67,105.1437,169,42.00
2026-07-11,12:35:45,27381,12230.00,105.4310,162,42.00
2026-07-11,12:35:55,27391,12270.00,105.7759,165,42.00
2026-07-11,12:36:05,27401,12310.00,106.1207,165,42.00
2026-07-11,12:36:15,27411,12336.67,106.3506,155,42.00
2026-07-11,12:36:25,27421,12353.33,106.4942,156,42.00
2026-07-11,12:36:35,27431,12393.33,106.8391,155,41.00
2026-07-11,12:36:45,27441,12410.00,106.9827,159,42.00
2026-07-11,12:36:55,27451,12416.67,107.0402,161,42.00
2026-07-11,12:37:05,27461,12390.00,106.8103,152,42.00
2026-07-11,12:37:15,27471,12343.33,106.4080,149,42.00
2026-07-11,12:37:25,27481,12303.33,106.0632,148,42.00
2026-07-11,12:37:35,27491,12250.00,105.6034,145,42.00
2026-07-11,12:37:45,27501,12186.67,105.0575,144,42.00
2026-07-11,12:37:55,27511,12120.00,104.4828,147,42.00
2026-07-11,12:38:05,27521,12050.00,103.8793,137,42.00
2026-07-11,12:38:15,27531,11990.00,103.3621,138,41.00
2026-07-11,12:38:25,27541,11923.33,102.7874,139,42.00
2026-07-11,12:38:35,27551,11883.33,102.4425,146,42.00
2026-07-11,12:38:45,27561,11880.00,102.4138,141,42.00
2026-07-11,12:38:55,27571,11880.00,102.4138,136,42.00
2026-07-11,12:39:05,27581,11893.33,102.5287,143,42.00
2026-07-11,12:39:15,27591,11906.67,102.6437,142,41.00
2026-07-11,12:39:25,27601,11916.67,102.7299,130,42.00
2026-07-11,12:39:35,27611,11936.67,102.9023,135,42.00
2026-07-11,12:39:45,27621,11963.33,103.1322,138,42.00
2026-07-11,12:39:55,27631,11983.33,103.3046,142,41.00
2026-07-11,12:40:05,27641,12003.33,103.4770,149,42.00
2026-07-11,12:40:15,27651,12033.33,103.7356,162,42.00
2026-07-11,12:40:25,27661,12080.00,104.1379,158,41.00
2026-07-11,12:40:35,27671,12126.67,104.5402,160,42.00
2026-07-11,12:40:45,27681,12190.00,105.0862,160,42.00
2026-07-11,12:40:55,27691,12260.00,105.6897,164,41.00
2026-07-11,12:41:05,27701,12353.33,106.4942,162,42.00
2026-07-11,12:41:15,27711,12466.67,107.4713,166,41.00
2026-07-11,12:41:25,27721,12580.00,108.4483,165,42.00
2026-07-11,12:41:35,27731,12706.67,109.5402,165,42.00
2026-07-11,12:41:45,27741,12846.67,110.7471,170,42.00
2026-07-11,12:41:55,27751,13006.67,112.1264,176,41.00
2026-07-11,12:42:05,27761,13163.33,113.4770,174,41.00
2026-07-11,12:42:15,27771,13333.33,114.9425,169,42.00
2026-07-11,12:42:25,27781,13483.33,116.2356,173,42.00
2026-07-11,12:42:35,27791,13633.33,117.5287,167,42.00
2026-07-11,12:42:45,27801,13793.33,118.9080,167,42.00
2026-07-11,12:42:55,27811,13926.67,120.0575,174,42.00
2026-07-11,12:43:05,27821,14016.67,120.8333,178,42.00
2026-07-11,12:43:15,27831,14063.33,121.2356,183,42.00
2026-07-11,12:43:25,27841,14123.33,121.7529,186,42.00
2026-07-11,12:43:34,27851,14156.67,122.0402,187,42.00
2026-07-11,12:43:44,27861,14166.67,122.1264,181,42.00
2026-07-11,12:43:54,27871,14150.00,121.9827,185,42.00
2026-07-11,12:44:04,27881,14103.33,121.5805,183,42.00
2026-07-11,12:44:14,27891,14023.33,120.8908,188,42.00
2026-07-11,12:44:24,27901,13920.00,120.0000,187,42.00
2026-07-11,12:44:34,27911,13803.33,118.9942,195,42.00
2026-07-11,12:44:44,27921,13686.67,117.9885,187,42.00
2026-07-11,12:44:54,27931,13570.00,116.9827,190,42.00
2026-07-11,12:45:04,27941,13500.00,116.3793,187,42.00
2026-07-11,12:45:14,27951,13480.00,116.2069,188,42.00
2026-07-11,12:45:24,27961,13506.67,116.4368,187,42.00
2026-07-11,12:45:34,27971,13586.67,117.1264,188,42.00
2026-07-11,12:45:44,27981,13760.00,118.6207,186,42.00
2026-07-11,12:45:54,27991,14000.00,120.6896,190,42.00
2026-07-11,12:46:04,28001,14300.00,123.2759,193,42.00
2026-07-11,12:46:14,28011,14626.67,126.0919,183,42.00
2026-07-11,12:46:24,28021,15010.00,129.3965,192,42.00
2026-07-11,12:46:34,28031,15506.67,133.6782,190,42.00
2026-07-11,12:46:44,28041,16236.67,139.9713,193,42.00
2026-07-11,12:46:54,28051,16876.67,145.4885,192,42.00
2026-07-11,12:47:04,28061,17063.33,147.0977,195,42.00
2026-07-11,12:47:14,28071,17620.00,151.8965,197,42.00
2026-07-11,12:47:24,28081,18470.00,159.2241,201,42.00
2026-07-11,12:47:34,28091,19560.00,168.6207,199,42.00
2026-07-11,12:47:44,28101,21220.00,182.9310,199,42.00
2026-07-11,12:47:54,28111,29350.00,253.0172,193,43.00
2026-07-11,12:48:04,28121,25863.33,222.9598,208,43.00
2026-07-11,12:48:14,28131,25533.33,220.1149,207,43.00
2026-07-11,12:48:24,28141,25150.00,216.8103,209,43.00
2026-07-11,12:48:34,28151,25323.33,218.3046,212,43.00
2026-07-11,12:48:44,28161,25803.33,222.4425,213,43.00
2026-07-11,12:48:54,28171,26343.33,227.0977,215,43.00
2026-07-11,12:49:04,28181,26313.33,226.8391,217,43.00
2026-07-11,12:49:14,28191,26443.33,227.9598,218,43.00
2026-07-11,12:49:24,28201,26530.00,228.7069,219,43.00
2026-07-11,12:49:34,28211,26620.00,229.4827,208,44.00
2026-07-11,12:49:44,28221,26733.33,230.4598,217,44.00
2026-07-11,12:49:54,28231,26770.00,230.7758,219,44.00
2026-07-11,12:50:04,28241,26660.00,229.8276,219,44.00
2026-07-11,12:50:14,28251,26373.33,227.3563,221,44.00
2026-07-11,12:50:24,28261,26026.67,224.3678,222,44.00
2026-07-11,12:50:34,28271,25650.00,221.1207,217,44.00
2026-07-11,12:50:44,28281,25230.00,217.5000,223,45.00
2026-07-11,12:50:54,28291,24823.33,213.9942,222,44.00
2026-07-11,12:51:04,28301,24390.00,210.2586,223,45.00
2026-07-11,12:51:14,28311,24010.00,206.9828,219,45.00
2026-07-11,12:51:24,28321,23656.67,203.9368,224,45.00
2026-07-11,12:51:34,28331,23323.33,201.0632,224,45.00
2026-07-11,12:51:44,28341,23006.67,198.3333,221,45.00
2026-07-11,12:51:54,28351,22733.33,195.9770,220,45.00
2026-07-11,12:52:04,28361,22466.67,193.6782,220,45.00
2026-07-11,12:52:14,28371,22186.67,191.2644,218,45.00
2026-07-11,12:52:24,28381,21926.67,189.0230,217,45.00
2026-07-11,12:52:34,28392,21633.33,186.4942,217,45.00
2026-07-11,12:52:44,28402,21313.33,183.7356,213,45.00
2026-07-11,12:52:54,28412,20946.67,180.5747,213,45.00
2026-07-11,12:53:04,28422,20543.33,177.0977,211,45.00
2026-07-11,12:53:14,28432,20136.67,173.5919,208,45.00
2026-07-11,12:53:24,28442,19700.00,169.8276,205,45.00
2026-07-11,12:53:34,28452,19240.00,165.8621,208,45.00
2026-07-11,12:53:44,28462,18793.33,162.0115,206,45.00
2026-07-11,12:53:54,28472,18363.33,158.3046,204,45.00
2026-07-11,12:54:04,28482,17950.00,154.7414,198,45.00
2026-07-11,12:54:14,28492,17536.67,151.1782,200,45.00
2026-07-11,12:54:24,28502,17136.67,147.7299,196,45.00
2026-07-11,12:54:34,28512,16716.67,144.1092,196,45.00
2026-07-11,12:54:43,28522,16290.00,140.4310,194,45.00
2026-07-11,12:54:53,28532,15863.33,136.7529,189,45.00
2026-07-11,12:55:03,28542,15430.00,133.0172,184,45.00
2026-07-11,12:55:13,28552,15000.00,129.3103,183,45.00
2026-07-11,12:55:23,28562,14553.33,125.4598,185,45.00
2026-07-11,12:55:33,28572,14123.33,121.7529,186,45.00
2026-07-11,12:55:43,28582,13700.00,118.1034,184,45.00
2026-07-11,12:55:53,28592,13290.00,114.5690,171,45.00
2026-07-11,12:56:03,28602,12913.33,111.3218,167,45.00
2026-07-11,12:56:13,28612,12566.67,108.3333,170,44.00
2026-07-11,12:56:23,28622,12243.33,105.5460,171,44.00
2026-07-11,12:56:33,28632,11946.67,102.9885,163,44.00
2026-07-11,12:56:43,28642,11656.67,100.4885,163,44.00
2026-07-11,12:56:53,28652,11373.33,98.0460,162,44.00
2026-07-11,12:57:03,28662,11086.67,95.5747,159,44.00
2026-07-11,12:57:13,28672,10803.33,93.1322,165,44.00
2026-07-11,12:57:23,28682,10506.67,90.5747,158,44.00
2026-07-11,12:57:33,28692,10200.00,87.9310,156,44.00
2026-07-11,12:57:43,28702,9903.33,85.3736,155,44.00
2026-07-11,12:57:53,28712,9603.33,82.7874,156,44.00
2026-07-11,12:58:03,28722,9313.33,80.2874,145,43.00
2026-07-11,12:58:13,28732,9050.00,78.0172,145,43.00
2026-07-11,12:58:23,28742,8796.67,75.8333,145,43.00
2026-07-11,12:58:33,28752,8576.67,73.9368,145,43.00
2026-07-11,12:58:43,28762,8346.67,71.9540,150,43.00
2026-07-11,12:58:53,28772,8130.00,70.0862,148,43.00
2026-07-11,12:59:03,28782,7900.00,68.1034,139,43.00
2026-07-11,12:59:13,28792,7680.00,66.2069,139,43.00
2026-07-11,12:59:23,28802,7450.00,64.2241,136,43.00
2026-07-11,12:59:33,28812,7226.67,62.2988,137,43.00
2026-07-11,12:59:43,28822,7023.33,60.5460,133,43.00
2026-07-11,12:59:53,28832,6833.33,58.9080,135,43.00
2026-07-11,13:00:03,28842,6626.67,57.1264,133,43.00
2026-07-11,13:00:13,28852,6433.33,55.4598,132,42.00
2026-07-11,13:00:23,28862,6230.00,53.7069,134,42.00
2026-07-11,13:00:33,28872,6030.00,51.9828,139,42.00
2026-07-11,13:00:43,28882,5823.33,50.2011,139,42.00
2026-07-11,13:00:53,28892,5633.33,48.5632,143,42.00
2026-07-11,13:01:03,28902,5446.67,46.9540,138,42.00
2026-07-11,13:01:13,28912,5276.67,45.4885,138,42.00
2026-07-11,13:01:23,28922,5103.33,43.9943,141,42.00
2026-07-11,13:01:33,28932,4970.00,42.8448,141,42.00
2026-07-11,13:01:43,28942,4850.00,41.8103,136,41.00
2026-07-11,13:01:53,28952,4760.00,41.0345,135,41.00
2026-07-11,13:02:03,28962,4663.33,40.2011,135,41.00
2026-07-11,13:02:13,28972,4596.67,39.6264,137,41.00
2026-07-11,13:02:23,28982,4540.00,39.1379,137,41.00
2026-07-11,13:02:33,28992,4493.33,38.7356,134,41.00
2026-07-11,13:02:43,29002,4460.00,38.4483,134,41.00
2026-07-11,13:02:53,29012,4430.00,38.1897,134,41.00
2026-07-11,13:03:03,29022,4410.00,38.0172,136,40.00
2026-07-11,13:03:13,29032,4393.33,37.8736,140,40.00
2026-07-11,13:03:23,29042,4373.33,37.7011,134,40.00
2026-07-11,13:03:33,29052,4363.33,37.6149,126,40.00
2026-07-11,13:03:43,29062,4373.33,37.7011,134,40.00
2026-07-11,13:03:53,29072,4426.67,38.1609,138,40.00
2026-07-11,13:04:03,29082,4500.00,38.7931,129,40.00
2026-07-11,13:04:13,29092,4586.67,39.5402,125,40.00
2026-07-11,13:04:23,29102,4706.67,40.5747,127,40.00
2026-07-11,13:04:33,29112,4850.00,41.8103,126,40.00
2026-07-11,13:04:43,29122,5000.00,43.1034,127,40.00
2026-07-11,13:04:53,29132,5166.67,44.5402,139,40.00
2026-07-11,13:05:03,29142,5336.67,46.0057,148,40.00
2026-07-11,13:05:13,29152,5506.67,47.4713,138,39.00
2026-07-11,13:05:23,29162,5680.00,48.9655,125,39.00
2026-07-11,13:05:33,29172,5826.67,50.2299,134,39.00
2026-07-11,13:05:42,29182,5960.00,51.3793,141,39.00
2026-07-11,13:05:52,29192,6076.67,52.3851,143,39.00
2026-07-11,13:06:02,29202,6153.33,53.0460,145,39.00
2026-07-11,13:06:12,29212,6186.67,53.3333,143,39.00
2026-07-11,13:06:22,29222,6190.00,53.3621,138,39.00
2026-07-11,13:06:32,29232,6193.33,53.3908,134,39.00
2026-07-11,13:06:42,29242,6186.67,53.3333,137,39.00
2026-07-11,13:06:52,29252,6170.00,53.1897,134,39.00
2026-07-11,13:07:02,29262,6153.33,53.0460,135,39.00
2026-07-11,13:07:12,29272,6133.33,52.8736,136,39.00
2026-07-11,13:07:22,29282,6100.00,52.5862,138,38.00
2026-07-11,13:07:32,29292,6066.67,52.2988,137,38.00
2026-07-11,13:07:42,29302,6050.00,52.1552,137,38.00
2026-07-11,13:07:52,29312,6043.33,52.0977,138,38.00
2026-07-11,13:08:02,29322,6040.00,52.0690,135,38.00
2026-07-11,13:08:12,29332,6050.00,52.1552,139,38.00
2026-07-11,13:08:22,29342,6073.33,52.3563,140,38.00
2026-07-11,13:08:32,29352,6103.33,52.6149,141,38.00
2026-07-11,13:08:42,29362,6136.67,52.9023,140,38.00
2026-07-11,13:08:52,29372,6176.67,53.2471,139,38.00
2026-07-11,13:09:02,29382,6213.33,53.5632,137,38.00
2026-07-11,13:09:12,29392,6250.00,53.8793,137,38.00
2026-07-11,13:09:22,29402,6286.67,54.1954,137,38.00
2026-07-11,13:09:32,29412,6343.33,54.6839,135,38.00
2026-07-11,13:09:42,29422,6410.00,55.2586,139,37.00
2026-07-11,13:09:52,29432,6456.67,55.6609,136,37.00
2026-07-11,13:10:02,29442,6496.67,56.0057,135,37.00
2026-07-11,13:10:12,29452,6536.67,56.3506,141,37.00
2026-07-11,13:10:22,29462,6566.67,56.6092,141,37.00
2026-07-11,13:10:32,29472,6603.33,56.9253,146,37.00
2026-07-11,13:10:42,29482,6636.67,57.2126,144,37.00
2026-07-11,13:10:52,29492,6663.33,57.4425,148,37.00
2026-07-11,13:11:02,29502,6643.33,57.2701,151,37.00
2026-07-11,13:11:12,29512,6670.00,57.5000,153,37.00
2026-07-11,13:11:22,29522,6750.00,58.1897,148,37.00
2026-07-11,13:11:32,29532,6770.00,58.3621,141,37.00
2026-07-11,13:11:42,29542,6840.00,58.9655,149,37.00
2026-07-11,13:11:52,29552,6960.00,60.0000,155,37.00
2026-07-11,13:12:02,29562,7026.67,60.5747,157,37.00
2026-07-11,13:12:12,29572,7143.33,61.5805,150,37.00
2026-07-11,13:12:22,29582,7210.00,62.1552,155,37.00
2026-07-11,13:12:32,29592,7266.67,62.6437,155,37.00
2026-07-11,13:12:42,29602,7386.67,63.6782,152,37.00
2026-07-11,13:12:52,29612,7440.00,64.1379,143,37.00
2026-07-11,13:13:02,29622,7510.00,64.7414,144,37.00
2026-07-11,13:13:12,29632,7503.33,64.6839,144,37.00
2026-07-11,13:13:22,29642,7590.00,65.4310,154,36.00
2026-07-11,13:13:32,29652,7613.33,65.6322,157,37.00
2026-07-11,13:13:42,29662,7646.67,65.9195,158,36.00
2026-07-11,13:13:52,29672,7660.00,66.0345,157,37.00
2026-07-11,13:14:02,29682,7690.00,66.2931,158,36.00
2026-07-11,13:14:12,29692,7716.67,66.5230,160,36.00
2026-07-11,13:14:22,29702,7750.00,66.8103,161,36.00
2026-07-11,13:14:32,29712,7760.00,66.8965,155,36.00
2026-07-11,13:14:42,29722,7803.33,67.2701,155,36.00
2026-07-11,13:14:52,29732,7833.33,67.5287,156,36.00
2026-07-11,13:15:02,29742,7863.33,67.7874,157,36.00
2026-07-11,13:15:12,29752,7873.33,67.8736,157,36.00
2026-07-11,13:15:22,29762,7870.00,67.8448,157,36.00
2026-07-11,13:15:32,29772,7856.67,67.7299,155,36.00
2026-07-11,13:15:42,29782,7876.67,67.9023,153,36.00
2026-07-11,13:15:52,29792,7863.33,67.7874,151,36.00
2026-07-11,13:16:02,29802,7796.67,67.2126,152,36.00
2026-07-11,13:16:12,29812,7696.67,66.3506,157,36.00
2026-07-11,13:16:22,29822,7706.67,66.4368,160,36.00
2026-07-11,13:16:31,29832,7593.33,65.4598,153,36.00
2026-07-11,13:16:41,29842,7480.00,64.4828,151,36.00
2026-07-11,13:16:51,29852,7400.00,63.7931,144,36.00
2026-07-11,13:17:01,29862,7363.33,63.4770,147,36.00
2026-07-11,13:17:11,29872,7293.33,62.8736,144,36.00
2026-07-11,13:17:21,29882,7230.00,62.3276,148,36.00
2026-07-11,13:17:31,29892,7160.00,61.7241,141,36.00
2026-07-11,13:17:41,29902,7243.33,62.4425,145,36.00
2026-07-11,13:17:51,29912,7203.33,62.0977,138,36.00
2026-07-11,13:18:01,29922,7230.00,62.3276,143,36.00
2026-07-11,13:18:11,29932,7123.33,61.4080,143,36.00
2026-07-11,13:18:21,29942,7103.33,61.2356,149,36.00
2026-07-11,13:18:31,29952,7040.00,60.6897,143,36.00
2026-07-11,13:18:41,29962,6976.67,60.1437,145,36.00
2026-07-11,13:18:51,29972,6780.00,58.4483,146,36.00
2026-07-11,13:19:01,29982,6713.33,57.8736,150,36.00
2026-07-11,13:19:11,29992,6543.33,56.4080,146,36.00
2026-07-11,13:19:21,30002,6413.33,55.2874,135,35.00
2026-07-11,13:19:31,30012,6210.00,53.5345,134,36.00
2026-07-11,13:19:41,30022,6056.67,52.2126,139,36.00
2026-07-11,13:19:51,30032,5860.00,50.5172,136,35.00
2026-07-11,13:20:01,30042,5676.67,48.9368,134,35.00
2026-07-11,13:20:11,30052,5550.00,47.8448,131,35.00
2026-07-11,13:20:21,30062,5376.67,46.3506,137,35.00
2026-07-11,13:20:31,30072,5150.00,44.3966,127,35.00
2026-07-11,13:20:41,30082,5010.00,43.1897,136,35.00
2026-07-11,13:20:51,30092,4926.67,42.4713,135,35.00
2026-07-11,13:21:01,30102,4740.00,40.8621,130,35.00
2026-07-11,13:21:11,30112,4576.67,39.4540,119,35.00
2026-07-11,13:21:21,30122,4560.00,39.3103,124,35.00
2026-07-11,13:21:31,30132,4496.67,38.7644,130,35.00
2026-07-11,13:21:41,30142,4476.67,38.5920,131,35.00
2026-07-11,13:21:51,30152,4486.67,38.6782,137,35.00
2026-07-11,13:22:01,30162,4506.67,38.8506,134,35.00
2026-07-11,13:22:11,30172,4443.33,38.3046,133,35.00
2026-07-11,13:22:21,30182,4446.67,38.3333,125,35.00
2026-07-11,13:22:31,30192,4376.67,37.7299,122,35.00
2026-07-11,13:22:41,30202,4310.00,37.1552,122,35.00
2026-07-11,13:22:51,30212,4246.67,36.6092,128,34.00
2026-07-11,13:23:01,30222,4093.33,35.2874,124,34.00
2026-07-11,13:23:11,30232,3976.67,34.2816,125,34.00
2026-07-11,13:23:21,30242,3873.33,33.3908,127,34.00
2026-07-11,13:23:31,30252,3840.00,33.1034,123,34.00
2026-07-11,13:23:41,30262,3763.33,32.4425,124,34.00
2026-07-11,13:23:51,30272,3750.00,32.3276,125,34.00
2026-07-11,13:24:01,30282,3770.00,32.5000,128,34.00
2026-07-11,13:24:11,30292,3806.67,32.8161,125,34.00
2026-07-11,13:24:21,30302,3896.67,33.5920,131,34.00
2026-07-11,13:24:31,30312,3966.67,34.1954,131,34.00
2026-07-11,13:24:41,30322,4053.33,34.9425,129,34.00
2026-07-11,13:24:51,30332,4146.67,35.7471,129,34.00
2026-07-11,13:25:01,30342,4230.00,36.4655,129,34.00
2026-07-11,13:25:11,30352,4300.00,37.0690,125,34.00
2026-07-11,13:25:21,30362,4403.33,37.9598,130,34.00
2026-07-11,13:25:31,30372,4453.33,38.3908,125,34.00
2026-07-11,13:25:41,30382,4490.00,38.7069,126,34.00
2026-07-11,13:25:51,30392,4570.00,39.3966,134,34.00
2026-07-11,13:26:01,30402,4603.33,39.6839,125,34.00
2026-07-11,13:26:11,30412,4643.33,40.0287,127,34.00
2026-07-11,13:26:21,30422,4646.67,40.0575,135,34.00
2026-07-11,13:26:31,30432,4676.67,40.3161,129,34.00
2026-07-11,13:26:41,30442,4706.67,40.5747,127,34.00
2026-07-11,13:26:51,30452,4656.67,40.1437,128,33.00
2026-07-11,13:27:01,30462,4613.33,39.7701,122,33.00
2026-07-11,13:27:10,30472,4576.67,39.4540,134,34.00
2026-07-11,13:27:20,30482,4560.00,39.3103,126,33.00
2026-07-11,13:27:30,30492,4523.33,38.9943,128,33.00
2026-07-11,13:27:40,30502,4510.00,38.8793,125,33.00
2026-07-11,13:27:50,30512,4510.00,38.8793,146,33.00
2026-07-11,13:28:00,30522,4506.67,38.8506,130,33.00
2026-07-11,13:28:10,30532,4483.33,38.6494,125,33.00
2026-07-11,13:28:20,30542,4483.33,38.6494,129,33.00
2026-07-11,13:28:30,30552,4496.67,38.7644,128,33.00
2026-07-11,13:28:40,30562,4510.00,38.8793,123,33.00
2026-07-11,13:28:50,30572,4483.33,38.6494,124,33.00
2026-07-11,13:29:00,30582,4496.67,38.7644,127,33.00
2026-07-11,13:29:10,30592,4526.67,39.0230,128,33.00
2026-07-11,13:29:20,30602,4523.33,38.9943,127,33.00
2026-07-11,13:29:30,30612,4533.33,39.0805,127,33.00
2026-07-11,13:29:40,30622,4506.67,38.8506,126,33.00
2026-07-11,13:29:50,30632,4480.00,38.6207,127,33.00
2026-07-11,13:30:00,30642,4496.67,38.7644,125,33.00
2026-07-11,13:30:10,30652,4523.33,38.9943,134,33.00
2026-07-11,13:30:20,30662,4510.00,38.8793,131,33.00
2026-07-11,13:30:30,30672,4536.67,39.1092,132,33.00
2026-07-11,13:30:40,30682,4553.33,39.2529,133,33.00
2026-07-11,13:30:50,30692,4580.00,39.4828,130,33.00
2026-07-11,13:31:00,30702,4630.00,39.9138,132,33.00
2026-07-11,13:31:10,30712,4730.00,40.7759,130,33.00
2026-07-11,13:31:20,30722,4776.67,41.1782,128,33.00
2026-07-11,13:31:30,30732,4910.00,42.3276,127,33.00
2026-07-11,13:31:40,30742,5003.33,43.1322,134,33.00
2026-07-11,13:31:50,30752,5130.00,44.2241,129,33.00
2026-07-11,13:32:00,30762,5223.33,45.0287,125,33.00
2026-07-11,13:32:10,30772,5336.67,46.0057,126,33.00
2026-07-11,13:32:20,30782,5420.00,46.7241,132,33.00
2026-07-11,13:32:30,30792,5546.67,47.8161,132,33.00
2026-07-11,13:32:40,30802,5626.67,48.5057,128,33.00
2026-07-11,13:32:50,30812,5676.67,48.9368,131,33.00
2026-07-11,13:33:00,30822,5730.00,49.3966,124,33.00
2026-07-11,13:33:10,30832,5743.33,49.5115,133,33.00
2026-07-11,13:33:20,30842,5753.33,49.5977,128,33.00
2026-07-11,13:33:30,30852,5790.00,49.9138,129,33.00
2026-07-11,13:33:40,30862,5780.00,49.8276,138,33.00
2026-07-11,13:33:50,30872,5786.67,49.8851,140,33.00
2026-07-11,13:34:00,30882,5743.33,49.5115,131,33.00
2026-07-11,13:34:10,30892,5730.00,49.3966,133,33.00
2026-07-11,13:34:20,30902,5666.67,48.8506,135,33.00
2026-07-11,13:34:30,30912,5570.00,48.0172,136,33.00
2026-07-11,13:34:40,30922,5546.67,47.8161,132,33.00
2026-07-11,13:34:50,30932,5513.33,47.5287,132,33.00
2026-07-11,13:35:00,30942,5396.67,46.5230,129,33.00
2026-07-11,13:35:10,30952,5400.00,46.5517,136,33.00
2026-07-11,13:35:20,30962,5323.33,45.8908,135,33.00
2026-07-11,13:35:30,30972,5316.67,45.8333,131,33.00
2026-07-11,13:35:40,30982,5246.67,45.2299,137,33.00
2026-07-11,13:35:50,30992,5173.33,44.5977,136,33.00
2026-07-11,13:36:00,31002,5120.00,44.1379,136,33.00
2026-07-11,13:36:10,31012,5056.67,43.5920,134,33.00
2026-07-11,13:36:20,31022,5020.00,43.2759,129,33.00
2026-07-11,13:36:30,31032,4983.33,42.9598,131,33.00
2026-07-11,13:36:40,31042,4963.33,42.7874,132,33.00
2026-07-11,13:36:50,31052,4936.67,42.5575,127,33.00
2026-07-11,13:37:00,31062,4943.33,42.6149,132,33.00
2026-07-11,13:37:10,31072,4980.00,42.9310,136,33.00
2026-07-11,13:37:20,31082,5070.00,43.7069,128,33.00
2026-07-11,13:37:30,31092,5126.67,44.1954,129,33.00
2026-07-11,13:37:40,31102,5220.00,45.0000,125,33.00
2026-07-11,13:37:49,31112,5250.00,45.2586,124,33.00
2026-07-11,13:37:59,31122,5306.67,45.7471,130,33.00
2026-07-11,13:38:09,31132,5323.33,45.8908,131,33.00
2026-07-11,13:38:19,31142,5330.00,45.9483,130,33.00
2026-07-11,13:38:29,31152,5316.67,45.8333,140,33.00
2026-07-11,13:38:39,31162,5326.67,45.9195,131,33.00
2026-07-11,13:38:49,31172,5326.67,45.9195,131,33.00
2026-07-11,13:38:59,31182,5306.67,45.7471,129,33.00
2026-07-11,13:39:09,31192,5310.00,45.7759,129,33.00
2026-07-11,13:39:19,31202,5280.00,45.5172,126,33.00
2026-07-11,13:39:29,31212,5330.00,45.9483,128,33.00
2026-07-11,13:39:39,31222,5300.00,45.6897,119,33.00
2026-07-11,13:39:49,31232,5320.00,45.8621,130,33.00
2026-07-11,13:39:59,31242,5253.33,45.2874,130,33.00
2026-07-11,13:40:09,31252,5263.33,45.3736,129,33.00
2026-07-11,13:40:19,31262,5170.00,44.5690,130,33.00
2026-07-11,13:40:29,31272,5196.67,44.7988,132,33.00
2026-07-11,13:40:39,31282,5183.33,44.6839,132,33.00
2026-07-11,13:40:49,31292,5140.00,44.3103,135,33.00
2026-07-11,13:40:59,31302,5126.67,44.1954,133,33.00
2026-07-11,13:41:09,31312,5033.33,43.3908,152,33.00
2026-07-11,13:41:19,31322,4996.67,43.0747,135,33.00
2026-07-11,13:41:29,31332,4970.00,42.8448,129,33.00
2026-07-11,13:41:39,31342,4893.33,42.1839,128,33.00
2026-07-11,13:41:49,31352,4876.67,42.0402,127,33.00
2026-07-11,13:41:59,31362,4800.00,41.3793,128,33.00
2026-07-11,13:42:09,31372,4723.33,40.7184,122,33.00
2026-07-11,13:42:19,31382,4656.67,40.1437,124,33.00
2026-07-11,13:42:29,31392,4600.00,39.6552,132,33.00
2026-07-11,13:42:39,31402,4493.33,38.7356,123,33.00
2026-07-11,13:42:49,31412,4450.00,38.3621,124,33.00
2026-07-11,13:42:59,31422,4376.67,37.7299,126,33.00
2026-07-11,13:43:09,31432,4353.33,37.5287,125,33.00
2026-07-11,13:43:19,31442,4313.33,37.1839,123,33.00
2026-07-11,13:43:29,31452,4300.00,37.0690,124,33.00
2026-07-11,13:43:39,31462,4250.00,36.6379,129,33.00
2026-07-11,13:43:49,31472,4203.33,36.2356,121,33.00
2026-07-11,13:43:59,31482,4186.67,36.0920,124,33.00
2026-07-11,13:44:09,31492,4153.33,35.8046,126,33.00
2026-07-11,13:44:19,31502,4123.33,35.5460,130,33.00
2026-07-11,13:44:29,31512,4080.00,35.1724,127,33.00
2026-07-11,13:44:39,31522,4013.33,34.5977,133,33.00
2026-07-11,13:44:49,31532,3980.00,34.3103,135,33.00
2026-07-11,13:44:59,31542,3903.33,33.6494,126,33.00
2026-07-11,13:45:09,31552,3846.67,33.1609,124,33.00
2026-07-11,13:45:19,31562,3753.33,32.3563,126,33.00
2026-07-11,13:45:29,31572,3680.00,31.7241,130,33.00
2026-07-11,13:45:39,31582,3603.33,31.0632,130,33.00
2026-07-11,13:45:49,31592,3536.67,30.4885,127,33.00
2026-07-11,13:45:59,31602,3486.67,30.0575,127,33.00
2026-07-11,13:46:09,31612,3420.00,29.4828,126,33.00
2026-07-11,13:46:19,31622,3333.33,28.7356,121,33.00
2026-07-11,13:46:29,31632,3266.67,28.1609,128,33.00
2026-07-11,13:46:39,31642,3156.67,27.2126,132,33.00
2026-07-11,13:46:49,31652,3160.00,27.2414,124,33.00
2026-07-11,13:46:59,31662,3080.00,26.5517,124,33.00
2026-07-11,13:47:09,31672,3026.67,26.0920,126,33.00
2026-07-11,13:47:19,31682,2933.33,25.2874,123,33.00
2026-07-11,13:47:29,31692,2850.00,24.5690,128,33.00
2026-07-11,13:47:39,31702,2790.00,24.0517,125,33.00
2026-07-11,13:47:49,31712,2730.00,23.5345,131,33.00
2026-07-11,13:47:58,31722,2663.33,22.9598,131,32.00
2026-07-11,13:48:08,31732,2606.67,22.4713,127,33.00
2026-07-11,13:48:18,31742,2560.00,22.0690,123,33.00
2026-07-11,13:48:28,31752,2486.67,21.4368,125,33.00
2026-07-11,13:48:38,31762,2433.33,20.9770,127,33.00
2026-07-11,13:48:48,31772,2396.67,20.6609,126,32.00
2026-07-11,13:48:58,31782,2363.33,20.3736,126,32.00
2026-07-11,13:49:08,31792,2316.67,19.9713,125,32.00
2026-07-11,13:49:18,31802,2310.00,19.9138,129,32.00
2026-07-11,13:49:28,31812,2313.33,19.9425,129,32.00
2026-07-11,13:49:38,31822,2306.67,19.8851,124,32.00
2026-07-11,13:49:48,31832,2303.33,19.8563,123,32.00
2026-07-11,13:49:58,31842,2313.33,19.9425,127,32.00
2026-07-11,13:50:08,31852,2333.33,20.1149,126,32.00
2026-07-11,13:50:18,31862,2320.00,20.0000,124,32.00
2026-07-11,13:50:28,31872,2353.33,20.2874,129,32.00
2026-07-11,13:50:38,31882,2383.33,20.5460,123,32.00
2026-07-11,13:50:48,31892,2403.33,20.7184,126,32.00
2026-07-11,13:50:58,31902,2390.00,20.6034,122,32.00
2026-07-11,13:51:08,31912,2410.00,20.7759,131,32.00
2026-07-11,13:51:18,31922,2450.00,21.1207,128,32.00
2026-07-11,13:51:28,31932,2476.67,21.3506,134,32.00
2026-07-11,13:51:38,31942,2480.00,21.3793,123,32.00
2026-07-11,13:51:48,31952,2480.00,21.3793,124,32.00
2026-07-11,13:51:58,31962,2453.33,21.1494,124,32.00
2026-07-11,13:52:08,31972,2463.33,21.2356,124,32.00
2026-07-11,13:52:18,31982,2413.33,20.8046,129,32.00
2026-07-11,13:52:28,31992,2376.67,20.4885,126,32.00
2026-07-11,13:52:38,32002,2386.67,20.5747,119,32.00
2026-07-11,13:52:48,32012,2353.33,20.2874,128,32.00
2026-07-11,13:52:58,32022,2330.00,20.0862,135,32.00
2026-07-11,13:53:08,32032,2343.33,20.2011,123,32.00
2026-07-11,13:53:18,32042,2330.00,20.0862,123,32.00
2026-07-11,13:53:28,32052,2360.00,20.3448,130,32.00
2026-07-11,13:53:38,32062,2363.33,20.3736,129,32.00
2026-07-11,13:53:48,32072,2380.00,20.5172,127,32.00
2026-07-11,13:53:58,32082,2373.33,20.4598,126,31.00
2026-07-11,13:54:08,32092,2390.00,20.6034,128,32.00
2026-07-11,13:54:18,32102,2390.00,20.6034,128,32.00
2026-07-11,13:54:28,32112,2363.33,20.3736,132,32.00
2026-07-11,13:54:38,32122,2390.00,20.6034,128,32.00
2026-07-11,13:54:48,32132,2393.33,20.6322,127,32.00
2026-07-11,13:54:58,32142,2370.00,20.4310,124,32.00
2026-07-11,13:55:08,32152,2366.67,20.4023,121,32.00
2026-07-11,13:55:18,32162,2323.33,20.0287,120,32.00
2026-07-11,13:55:28,32172,2276.67,19.6264,126,31.00
2026-07-11,13:55:38,32182,2216.67,19.1092,122,32.00
2026-07-11,13:55:48,32192,2160.00,18.6207,126,31.00
2026-07-11,13:55:58,32202,2060.00,17.7586,121,31.00
2026-07-11,13:56:08,32212,1970.00,16.9828,125,31.00
2026-07-11,13:56:18,32222,1863.33,16.0632,118,32.00
2026-07-11,13:56:28,32232,1750.00,15.0862,126,32.00
2026-07-11,13:56:38,32242,1613.33,13.9080,126,31.00
2026-07-11,13:56:48,32252,1503.33,12.9598,134,32.00
2026-07-11,13:56:58,32262,1390.00,11.9828,129,31.00
2026-07-11,13:57:08,32272,1293.33,11.1494,135,31.00
2026-07-11,13:57:18,32282,1203.33,10.3736,133,31.00
2026-07-11,13:57:28,32292,1140.00,9.8276,128,31.00
2026-07-11,13:57:38,32302,1096.67,9.4540,133,31.00
2026-07-11,13:57:48,32312,1066.67,9.1954,126,31.00
2026-07-11,13:57:58,32322,1050.00,9.0517,127,31.00
2026-07-11,13:58:08,32332,1046.67,9.0230,129,31.00
2026-07-11,13:58:18,32342,1060.00,9.1379,121,31.00
2026-07-11,13:58:27,32352,1080.00,9.3103,130,31.00
2026-07-11,13:58:37,32362,1126.67,9.7126,137,31.00
2026-07-11,13:58:47,32372,1180.00,10.1724,131,31.00
2026-07-11,13:58:57,32382,1280.00,11.0345,136,31.00
2026-07-11,13:59:07,32392,1346.67,11.6092,124,31.00
2026-07-11,13:59:17,32402,1436.67,12.3851,124,31.00
2026-07-11,13:59:27,32412,1490.00,12.8448,135,31.00
2026-07-11,13:59:37,32422,1556.67,13.4195,134,31.00
2026-07-11,13:59:47,32432,1610.00,13.8793,141,31.00
2026-07-11,13:59:57,32442,1676.67,14.4540,137,31.00
2026-07-11,14:00:07,32452,1740.00,15.0000,128,31.00
2026-07-11,14:00:17,32462,1783.33,15.3736,135,31.00
2026-07-11,14:00:27,32472,1813.33,15.6322,137,31.00
2026-07-11,14:00:37,32482,1856.67,16.0057,132,31.00
2026-07-11,14:00:47,32492,1900.00,16.3793,124,31.00
2026-07-11,14:00:57,32502,1930.00,16.6379,135,31.00
2026-07-11,14:01:07,32512,1983.33,17.0977,130,31.00
2026-07-11,14:01:17,32522,1993.33,17.1839,136,31.00
2026-07-11,14:01:27,32532,2010.00,17.3276,127,31.00
2026-07-11,14:01:37,32542,1966.67,16.9540,128,31.00
2026-07-11,14:01:47,32552,1973.33,17.0115,128,31.00
2026-07-11,14:01:57,32562,1936.67,16.6954,129,31.00
2026-07-11,14:02:07,32572,1906.67,16.4368,127,31.00
2026-07-11,14:02:17,32582,1930.00,16.6379,131,31.00
2026-07-11,14:02:27,32592,1920.00,16.5517,125,31.00
2026-07-11,14:02:37,32602,1950.00,16.8103,129,31.00
2026-07-11,14:02:47,32612,1913.33,16.4943,134,31.00
2026-07-11,14:02:57,32622,1886.67,16.2644,128,31.00
2026-07-11,14:03:07,32632,1870.00,16.1207,126,31.00
2026-07-11,14:03:17,32642,1793.33,15.4598,124,31.00
2026-07-11,14:03:27,32652,1706.67,14.7126,126,31.00
2026-07-11,14:03:37,32662,1713.33,14.7701,126,31.00
2026-07-11,14:03:47,32672,1723.33,14.8563,124,31.00
2026-07-11,14:03:57,32682,1716.67,14.7989,121,31.00
2026-07-11,14:04:07,32692,1716.67,14.7989,130,31.00
2026-07-11,14:04:17,32702,1670.00,14.3966,119,31.00
2026-07-11,14:04:27,32712,1650.00,14.2241,134,31.00
2026-07-11,14:04:37,32722,1640.00,14.1379,128,31.00
2026-07-11,14:04:47,32732,1640.00,14.1379,127,31.00
2026-07-11,14:04:57,32742,1653.33,14.2529,128,31.00
2026-07-11,14:05:07,32752,1720.00,14.8276,131,31.00
2026-07-11,14:05:17,32762,1726.67,14.8851,131,31.00
2026-07-11,14:05:27,32772,1783.33,15.3736,126,31.00
2026-07-11,14:05:37,32782,1836.67,15.8333,130,31.00
2026-07-11,14:05:47,32792,1913.33,16.4943,136,31.00
2026-07-11,14:05:57,32802,1973.33,17.0115,125,31.00
2026-07-11,14:06:07,32812,2060.00,17.7586,134,31.00
2026-07-11,14:06:17,32822,2173.33,18.7356,136,31.00
2026-07-11,14:06:27,32832,2293.33,19.7701,130,31.00
2026-07-11,14:06:37,32842,2406.67,20.7471,122,31.00
2026-07-11,14:06:47,32852,2516.67,21.6954,129,31.00
2026-07-11,14:06:57,32862,2656.67,22.9023,131,31.00
2026-07-11,14:07:07,32872,2763.33,23.8218,122,31.00
2026-07-11,14:07:17,32882,2830.00,24.3966,125,31.00
2026-07-11,14:07:27,32892,2893.33,24.9425,131,31.00
2026-07-11,14:07:37,32902,2943.33,25.3736,123,31.00
2026-07-11,14:07:47,32912,3033.33,26.1494,128,31.00
2026-07-11,14:07:57,32922,3076.67,26.5230,124,31.00
2026-07-11,14:08:07,32932,3096.67,26.6954,119,31.00
2026-07-11,14:08:17,32942,3140.00,27.0690,132,31.00
2026-07-11,14:08:27,32952,3126.67,26.9540,121,31.00
2026-07-11,14:08:36,32962,3103.33,26.7529,124,31.00
2026-07-11,14:08:46,32972,3043.33,26.2356,121,31.00
2026-07-11,14:08:56,32982,2906.67,25.0575,127,31.00
2026-07-11,14:09:06,32992,2780.00,23.9655,132,31.00
2026-07-11,14:09:16,33002,2620.00,22.5862,122,31.00
2026-07-11,14:09:26,33012,2473.33,21.3218,120,31.00
2026-07-11,14:09:36,33022,2373.33,20.4598,126,31.00
2026-07-11,14:09:46,33032,2296.67,19.7988,126,31.00
2026-07-11,14:09:56,33042,2296.67,19.7988,135,31.00
2026-07-11,14:10:06,33052,2326.67,20.0575,121,31.00
2026-07-11,14:10:16,33062,2390.00,20.6034,127,31.00
2026-07-11,14:10:26,33072,2443.33,21.0632,111,31.00
2026-07-11,14:10:36,33082,2500.00,21.5517,123,31.00
2026-07-11,14:10:46,33092,2493.33,21.4943,130,31.00
2026-07-11,14:10:56,33102,2463.33,21.2356,129,31.00
2026-07-11,14:11:06,33112,2410.00,20.7759,122,31.00
2026-07-11,14:11:16,33122,2330.00,20.0862,123,31.00
2026-07-11,14:11:26,33132,2256.67,19.4540,126,31.00
2026-07-11,14:11:36,33142,2193.33,18.9080,123,31.00
2026-07-11,14:11:46,33152,2136.67,18.4195,123,31.00
2026-07-11,14:11:56,33162,2073.33,17.8736,123,31.00
2026-07-11,14:12:06,33172,2020.00,17.4138,126,31.00
2026-07-11,14:12:16,33182,1983.33,17.0977,131,31.00
2026-07-11,14:12:26,33192,1963.33,16.9253,137,31.00
2026-07-11,14:12:36,33202,1946.67,16.7816,131,31.00
2026-07-11,14:12:46,33212,1946.67,16.7816,129,31.00
2026-07-11,14:12:56,33222,1966.67,16.9540,130,31.00
2026-07-11,14:13:06,33232,2013.33,17.3563,131,31.00
2026-07-11,14:13:16,33242,2073.33,17.8736,122,31.00
2026-07-11,14:13:26,33252,2136.67,18.4195,125,31.00
2026-07-11,14:13:36,33262,2176.67,18.7644,126,31.00
2026-07-11,14:13:46,33272,2213.33,19.0805,119,31.00
2026-07-11,14:13:56,33282,2250.00,19.3966,125,31.00
2026-07-11,14:14:06,33292,2283.33,19.6839,119,31.00
2026-07-11,14:14:16,33302,2290.00,19.7414,124,31.00
2026-07-11,14:14:26,33312,2300.00,19.8276,122,31.00
2026-07-11,14:14:36,33322,2323.33,20.0287,115,31.00
2026-07-11,14:14:46,33332,2350.00,20.2586,126,31.00
2026-07-11,14:14:56,33342,2396.67,20.6609,128,31.00
2026-07-11,14:15:06,33352,2450.00,21.1207,122,31.00
2026-07-11,14:15:16,33362,2486.67,21.4368,123,31.00
2026-07-11,14:15:26,33372,2533.33,21.8391,125,31.00
2026-07-11,14:15:36,33382,2586.67,22.2988,123,31.00
2026-07-11,14:15:46,33392,2626.67,22.6437,122,31.00
2026-07-11,14:15:56,33402,2656.67,22.9023,127,31.00
2026-07-11,14:16:06,33412,2670.00,23.0172,130,31.00
2026-07-11,14:16:16,33422,2653.33,22.8736,124,31.00
2026-07-11,14:16:26,33432,2630.00,22.6724,133,31.00
2026-07-11,14:16:36,33442,2603.33,22.4425,127,31.00
2026-07-11,14:16:46,33452,2576.67,22.2126,123,31.00
2026-07-11,14:16:56,33462,2480.00,21.3793,130,31.00
2026-07-11,14:17:06,33472,2376.67,20.4885,134,31.00
2026-07-11,14:17:16,33482,2300.00,19.8276,125,31.00
2026-07-11,14:17:26,33492,2246.67,19.3678,129,31.00
2026-07-11,14:17:36,33502,2196.67,18.9368,123,31.00
2026-07-11,14:17:46,33512,2193.33,18.9080,128,31.00
2026-07-11,14:17:56,33522,2173.33,18.7356,123,31.00
2026-07-11,14:18:06,33532,2160.00,18.6207,123,31.00
2026-07-11,14:18:16,33542,2156.67,18.5920,122,31.00
2026-07-11,14:18:26,33552,2150.00,18.5345,125,31.00
2026-07-11,14:18:36,33562,2156.67,18.5920,123,31.00
2026-07-11,14:18:46,33572,2160.00,18.6207,130,31.00
2026-07-11,14:18:56,33582,2180.00,18.7931,124,31.00
2026-07-11,14:19:05,33592,2186.67,18.8506,125,31.00
2026-07-11,14:19:15,33602,2173.33,18.7356,132,31.00
2026-07-11,14:19:25,33612,2150.00,18.5345,126,31.00
2026-07-11,14:19:35,33622,2116.67,18.2471,123,31.00
2026-07-11,14:19:45,33632,2100.00,18.1034,123,31.00
2026-07-11,14:19:55,33642,2080.00,17.9310,128,31.00
2026-07-11,14:20:05,33652,2070.00,17.8448,124,31.00
2026-07-11,14:20:15,33662,2026.67,17.4713,120,31.00
2026-07-11,14:20:25,33672,1990.00,17.1552,130,31.00
2026-07-11,14:20:35,33682,1906.67,16.4368,126,31.00
2026-07-11,14:20:45,33692,1833.33,15.8046,120,31.00
2026-07-11,14:20:55,33702,1746.67,15.0575,119,31.00
2026-07-11,14:21:05,33712,1656.67,14.2816,131,31.00
2026-07-11,14:21:15,33722,1580.00,13.6207,131,31.00
2026-07-11,14:21:25,33732,1516.67,13.0747,126,31.00
2026-07-11,14:21:35,33742,1473.33,12.7011,121,31.00
2026-07-11,14:21:45,33752,1473.33,12.7011,130,31.00
2026-07-11,14:21:55,33762,1520.00,13.1034,131,31.00
2026-07-11,14:22:05,33772,1603.33,13.8218,129,31.00
2026-07-11,14:22:15,33782,1723.33,14.8563,128,31.00
2026-07-11,14:22:25,33792,1873.33,16.1494,132,31.00
2026-07-11,14:22:35,33802,2033.33,17.5287,133,31.00
2026-07-11,14:22:45,33812,2243.33,19.3391,127,31.00
2026-07-11,14:22:55,33822,2460.00,21.2069,125,31.00
2026-07-11,14:23:05,33832,2686.67,23.1609,125,31.00
2026-07-11,14:23:15,33842,2896.67,24.9713,126,31.00
2026-07-11,14:23:25,33852,3076.67,26.5230,127,31.00
2026-07-11,14:23:35,33862,3183.33,27.4425,120,31.00
2026-07-11,14:23:45,33872,3293.33,28.3908,125,31.00
2026-07-11,14:23:55,33882,3443.33,29.6839,128,31.00
2026-07-11,14:24:05,33892,3600.00,31.0345,131,31.00
2026-07-11,14:24:15,33902,3776.67,32.5575,123,31.00
2026-07-11,14:24:25,33912,4040.00,34.8276,128,31.00
2026-07-11,14:24:35,33922,4376.67,37.7299,124,31.00
2026-07-11,14:24:45,33932,4723.33,40.7184,120,31.00
2026-07-11,14:24:55,33942,5056.67,43.5920,134,31.00
2026-07-11,14:25:05,33952,5356.67,46.1782,128,31.00
2026-07-11,14:25:15,33962,5500.00,47.4138,132,31.00
2026-07-11,14:25:25,33972,5530.00,47.6724,128,31.00
2026-07-11,14:25:35,33982,5530.00,47.6724,135,31.00
2026-07-11,14:25:45,33992,5583.33,48.1322,130,31.00
2026-07-11,14:25:55,34002,5630.00,48.5345,129,31.00
2026-07-11,14:26:05,34012,5806.67,50.0575,127,32.00
2026-07-11,14:26:15,34022,6063.33,52.2701,133,32.00
2026-07-11,14:26:25,34032,6270.00,54.0517,140,32.00
2026-07-11,14:26:35,34042,6373.33,54.9425,136,32.00
2026-07-11,14:26:45,34052,6446.67,55.5747,134,32.00
2026-07-11,14:26:55,34062,6503.33,56.0632,135,32.00
2026-07-11,14:27:05,34072,6523.33,56.2356,140,32.00
2026-07-11,14:27:15,34082,6490.00,55.9483,134,32.00
2026-07-11,14:27:25,34092,6433.33,55.4598,135,32.00
2026-07-11,14:27:35,34102,6380.00,55.0000,134,32.00
2026-07-11,14:27:45,34112,6383.33,55.0287,135,32.00
2026-07-11,14:27:55,34122,6433.33,55.4598,134,32.00
2026-07-11,14:28:05,34132,6583.33,56.7529,135,32.00
2026-07-11,14:28:15,34142,6696.67,57.7299,135,32.00
2026-07-11,14:28:25,34152,6790.00,58.5345,139,32.00
2026-07-11,14:28:35,34162,6806.67,58.6782,133,32.00
2026-07-11,14:28:45,34172,6746.67,58.1609,136,32.00
2026-07-11,14:28:55,34182,6623.33,57.0977,133,32.00
2026-07-11,14:29:04,34192,6473.33,55.8046,127,32.00
2026-07-11,14:29:14,34202,6313.33,54.4253,131,32.00
2026-07-11,14:29:24,34212,6123.33,52.7874,132,32.00
2026-07-11,14:29:34,34222,5933.33,51.1494,133,32.00
2026-07-11,14:29:44,34232,5760.00,49.6552,132,32.00
2026-07-11,14:29:54,34242,5630.00,48.5345,134,32.00
2026-07-11,14:30:04,34252,5656.67,48.7644,130,32.00
2026-07-11,14:30:14,34262,5676.67,48.9368,132,32.00
2026-07-11,14:30:24,34272,5733.33,49.4253,128,32.00
2026-07-11,14:30:34,34282,5860.00,50.5172,130,32.00
2026-07-11,14:30:44,34292,5990.00,51.6379,133,32.00
2026-07-11,14:30:54,34302,6073.33,52.3563,134,33.00
2026-07-11,14:31:04,34312,6100.00,52.5862,137,33.00
2026-07-11,14:31:14,34322,6073.33,52.3563,132,33.00
2026-07-11,14:31:24,34332,6036.67,52.0402,132,33.00
2026-07-11,14:31:34,34342,6000.00,51.7241,132,33.00
2026-07-11,14:31:44,34352,5990.00,51.6379,135,33.00
2026-07-11,14:31:54,34362,6006.67,51.7816,132,33.00
2026-07-11,14:32:04,34372,6030.00,51.9828,133,33.00
2026-07-11,14:32:14,34382,6013.33,51.8391,133,33.00
2026-07-11,14:32:24,34392,6043.33,52.0977,134,33.00
2026-07-11,14:32:34,34402,6073.33,52.3563,130,33.00
2026-07-11,14:32:44,34412,6140.00,52.9310,126,33.00
2026-07-11,14:32:54,34422,6226.67,53.6782,126,33.00
2026-07-11,14:33:04,34432,6296.67,54.2816,127,33.00
2026-07-11,14:33:14,34442,6363.33,54.8563,130,33.00
2026-07-11,14:33:24,34452,6416.67,55.3161,129,33.00
2026-07-11,14:33:34,34462,6436.67,55.4885,127,33.00
2026-07-11,14:33:44,34472,6450.00,55.6034,119,33.00
2026-07-11,14:33:54,34482,6453.33,55.6322,127,33.00
2026-07-11,14:34:04,34492,6483.33,55.8908,126,33.00
2026-07-11,14:34:14,34502,6586.67,56.7816,124,33.00
2026-07-11,14:34:24,34512,6700.00,57.7586,124,33.00
2026-07-11,14:34:34,34522,6743.33,58.1322,124,33.00
2026-07-11,14:34:44,34532,6806.67,58.6782,126,33.00
2026-07-11,14:34:54,34542,6943.33,59.8563,128,33.00
2026-07-11,14:35:04,34552,7090.00,61.1207,129,33.00
2026-07-11,14:35:14,34562,7156.67,61.6954,130,33.00
2026-07-11,14:35:24,34572,7190.00,61.9828,124,33.00
2026-07-11,14:35:34,34582,7213.33,62.1839,130,33.00
2026-07-11,14:35:44,34592,7243.33,62.4425,128,33.00
2026-07-11,14:35:54,34602,7270.00,62.6724,128,33.00
2026-07-11,14:36:04,34612,7290.00,62.8448,128,33.00
2026-07-11,14:36:14,34622,7293.33,62.8736,127,33.00
2026-07-11,14:36:24,34632,7296.67,62.9023,131,33.00
2026-07-11,14:36:34,34642,7300.00,62.9310,128,33.00
2026-07-11,14:36:44,34652,7300.00,62.9310,127,33.00
2026-07-11,14:36:54,34662,7293.33,62.8736,126,33.00
2026-07-11,14:37:04,34672,7296.67,62.9023,129,33.00
2026-07-11,14:37:14,34682,7290.00,62.8448,126,33.00
2026-07-11,14:37:24,34692,7290.00,62.8448,132,33.00
2026-07-11,14:37:34,34702,7273.33,62.7011,134,33.00
2026-07-11,14:37:44,34712,7236.67,62.3851,134,33.00
2026-07-11,14:37:54,34722,7220.00,62.2414,140,33.00
2026-07-11,14:38:04,34732,7186.67,61.9540,136,33.00
2026-07-11,14:38:14,34742,7100.00,61.2069,136,33.00
2026-07-11,14:38:24,34752,7076.67,61.0057,139,33.00
2026-07-11,14:38:34,34762,7020.00,60.5172,136,33.00
2026-07-11,14:38:44,34772,6913.33,59.5977,138,33.00
2026-07-11,14:38:54,34782,6780.00,58.4483,136,33.00
2026-07-11,14:39:04,34792,6633.33,57.1839,134,33.00
2026-07-11,14:39:14,34802,6460.00,55.6897,133,33.00
2026-07-11,14:39:24,34812,6270.00,54.0517,140,33.00
2026-07-11,14:39:34,34822,6070.00,52.3276,133,33.00
2026-07-11,14:39:43,34832,5873.33,50.6322,133,33.00
2026-07-11,14:39:53,34842,5710.00,49.2241,130,33.00
2026-07-11,14:40:03,34852,5563.33,47.9598,133,33.00
2026-07-11,14:40:13,34862,5440.00,46.8966,132,33.00
2026-07-11,14:40:23,34872,5323.33,45.8908,132,33.00
2026-07-11,14:40:33,34882,5283.33,45.5460,130,33.00
2026-07-11,14:40:43,34892,5226.67,45.0575,128,33.00
2026-07-11,14:40:53,34902,5176.67,44.6264,131,33.00
2026-07-11,14:41:03,34912,5150.00,44.3966,134,33.00
2026-07-11,14:41:13,34922,5146.67,44.3678,135,33.00
2026-07-11,14:41:23,34932,5156.67,44.4540,132,33.00
2026-07-11,14:41:33,34942,5176.67,44.6264,127,33.00
2026-07-11,14:41:43,34952,5166.67,44.5402,133,33.00
2026-07-11,14:41:53,34962,5086.67,43.8506,130,33.00
2026-07-11,14:42:03,34972,4923.33,42.4425,136,33.00
2026-07-11,14:42:13,34982,4726.67,40.7471,134,33.00
2026-07-11,14:42:23,34992,4536.67,39.1092,131,33.00
2026-07-11,14:42:33,35002,4323.33,37.2701,125,33.00
2026-07-11,14:42:43,35012,4166.67,35.9195,135,33.00
2026-07-11,14:42:53,35022,4096.67,35.3161,129,33.00
2026-07-11,14:43:03,35032,4140.00,35.6897,129,33.00
2026-07-11,14:43:13,35042,4230.00,36.4655,133,33.00
2026-07-11,14:43:23,35052,4346.67,37.4713,133,33.00
2026-07-11,14:43:33,35062,4400.00,37.9310,134,33.00
2026-07-11,14:43:43,35072,4403.33,37.9598,131,33.00
2026-07-11,14:43:53,35082,4296.67,37.0402,131,33.00
2026-07-11,14:44:03,35092,4106.67,35.4023,130,33.00
2026-07-11,14:44:13,35102,3866.67,33.3333,126,33.00
2026-07-11,14:44:23,35112,3700.00,31.8965,129,33.00
2026-07-11,14:44:33,35122,3603.33,31.0632,134,33.00
2026-07-11,14:44:43,35132,3546.67,30.5747,126,33.00
2026-07-11,14:44:53,35142,3553.33,30.6322,126,33.00
2026-07-11,14:45:03,35152,3546.67,30.5747,131,33.00
2026-07-11,14:45:13,35162,3510.00,30.2586,120,33.00
2026-07-11,14:45:23,35172,3463.33,29.8563,126,33.00
2026-07-11,14:45:33,35182,3380.00,29.1379,129,33.00
2026-07-11,14:45:43,35192,3320.00,28.6207,127,33.00
2026-07-11,14:45:53,35202,3246.67,27.9885,124,33.00
2026-07-11,14:46:03,35212,3183.33,27.4425,120,33.00
2026-07-11,14:46:13,35222,3110.00,26.8103,120,33.00
2026-07-11,14:46:23,35232,3043.33,26.2356,118,33.00
2026-07-11,14:46:33,35242,2966.67,25.5747,121,33.00
2026-07-11,14:46:43,35252,2913.33,25.1149,122,33.00
2026-07-11,14:46:53,35262,2876.67,24.7988,120,33.00
2026-07-11,14:47:03,35272,2856.67,24.6264,122,33.00
2026-07-11,14:47:13,35282,2863.33,24.6839,121,33.00
2026-07-11,14:47:23,35292,2866.67,24.7126,123,33.00
2026-07-11,14:47:33,35302,2870.00,24.7414,126,33.00
2026-07-11,14:47:43,35312,2870.00,24.7414,132,33.00
2026-07-11,14:47:53,35322,2860.00,24.6552,123,33.00
2026-07-11,14:48:03,35332,2856.67,24.6264,129,33.00
2026-07-11,14:48:13,35342,2866.67,24.7126,130,33.00
2026-07-11,14:48:23,35352,2910.00,25.0862,135,33.00
2026-07-11,14:48:33,35362,2966.67,25.5747,129,33.00
2026-07-11,14:48:43,35372,3013.33,25.9770,127,33.00
2026-07-11,14:48:53,35382,3040.00,26.2069,120,33.00
2026-07-11,14:49:03,35392,3063.33,26.4080,127,33.00
2026-07-11,14:49:13,35402,3103.33,26.7529,130,33.00
2026-07-11,14:49:23,35412,3190.00,27.5000,132,33.00
2026-07-11,14:49:33,35422,3356.67,28.9368,131,33.00
2026-07-11,14:49:43,35432,3556.67,30.6609,132,33.00
2026-07-11,14:49:53,35442,3773.33,32.5287,128,33.00
2026-07-11,14:50:03,35452,3996.67,34.4540,126,33.00
2026-07-11,14:50:13,35462,4186.67,36.0920,127,33.00
2026-07-11,14:50:22,35472,4383.33,37.7874,125,33.00
2026-07-11,14:50:32,35482,4553.33,39.2529,121,33.00
2026-07-11,14:50:42,35492,4676.67,40.3161,125,33.00
2026-07-11,14:50:52,35502,4803.33,41.4080,125,33.00
2026-07-11,14:51:02,35512,4896.67,42.2126,126,33.00
2026-07-11,14:51:12,35522,4976.67,42.9023,129,33.00
2026-07-11,14:51:22,35532,5106.67,44.0230,128,33.00
2026-07-11,14:51:32,35542,5213.33,44.9425,125,33.00
2026-07-11,14:51:42,35552,5340.00,46.0345,125,33.00
2026-07-11,14:51:52,35562,5503.33,47.4425,126,33.00
2026-07-11,14:52:02,35572,5710.00,49.2241,130,33.00
2026-07-11,14:52:12,35582,5923.33,51.0632,134,33.00
2026-07-11,14:52:22,35592,6146.67,52.9885,125,33.00
2026-07-11,14:52:32,35602,6363.33,54.8563,131,33.00
2026-07-11,14:52:42,35612,6603.33,56.9253,130,33.00
2026-07-11,14:52:52,35622,6796.67,58.5920,134,33.00
2026-07-11,14:53:02,35632,6946.67,59.8851,127,33.00
2026-07-11,14:53:12,35642,7056.67,60.8333,132,33.00
2026-07-11,14:53:22,35652,7146.67,61.6092,139,33.00
2026-07-11,14:53:32,35662,7213.33,62.1839,141,33.00
2026-07-11,14:53:42,35672,7233.33,62.3563,144,33.00
2026-07-11,14:53:52,35682,7266.67,62.6437,143,33.00
2026-07-11,14:54:02,35692,7266.67,62.6437,145,33.00
2026-07-11,14:54:12,35702,7276.67,62.7299,140,33.00
2026-07-11,14:54:22,35712,7303.33,62.9598,143,33.00
2026-07-11,14:54:32,35722,7330.00,63.1897,146,33.00
2026-07-11,14:54:42,35732,7363.33,63.4770,146,33.00
2026-07-11,14:54:52,35742,7390.00,63.7069,140,33.00
2026-07-11,14:55:02,35752,7453.33,64.2529,137,33.00
2026-07-11,14:55:12,35762,7510.00,64.7414,139,33.00
2026-07-11,14:55:22,35772,7566.67,65.2299,139,33.00
2026-07-11,14:55:32,35782,7603.33,65.5460,139,33.00
2026-07-11,14:55:42,35792,7606.67,65.5747,143,33.00
2026-07-11,14:55:52,35802,7600.00,65.5172,141,33.00
2026-07-11,14:56:02,35812,7590.00,65.4310,140,33.00
2026-07-11,14:56:12,35822,7570.00,65.2586,143,33.00
2026-07-11,14:56:22,35832,7546.67,65.0575,150,33.00
2026-07-11,14:56:32,35842,7513.33,64.7701,150,33.00
2026-07-11,14:56:42,35852,7473.33,64.4253,147,33.00
2026-07-11,14:56:52,35862,7426.67,64.0230,146,33.00
2026-07-11,14:57:02,35872,7376.67,63.5920,146,34.00
2026-07-11,14:57:12,35882,7296.67,62.9023,147,34.00
2026-07-11,14:57:22,35892,7213.33,62.1839,146,34.00
2026-07-11,14:57:32,35902,7126.67,61.4368,145,34.00
2026-07-11,14:57:42,35912,7020.00,60.5172,168,34.00
2026-07-11,14:57:52,35922,6890.00,59.3965,144,33.00
2026-07-11,14:58:02,35932,6730.00,58.0172,138,34.00
2026-07-11,14:58:12,35942,6593.33,56.8391,138,34.00
2026-07-11,14:58:22,35952,6463.33,55.7184,140,33.00
2026-07-11,14:58:32,35962,6320.00,54.4828,137,34.00
2026-07-11,14:58:42,35972,6176.67,53.2471,144,34.00
2026-07-11,14:58:52,35982,6023.33,51.9253,140,34.00
2026-07-11,14:59:02,35992,5880.00,50.6897,136,34.00
2026-07-11,14:59:12,36002,5810.00,50.0862,137,34.00
2026-07-11,14:59:22,36012,5756.67,49.6264,138,34.00
2026-07-11,14:59:32,36022,5723.33,49.3391,129,34.00
2026-07-11,14:59:42,36032,5670.00,48.8793,142,34.00
2026-07-11,14:59:52,36042,5633.33,48.5632,135,34.00
2026-07-11,15:00:02,36052,5580.00,48.1034,138,33.00
2026-07-11,15:00:12,36062,5510.00,47.5000,135,33.00
2026-07-11,15:00:22,36072,5486.67,47.2988,132,34.00
2026-07-11,15:00:32,36082,5480.00,47.2414,134,34.00
2026-07-11,15:00:42,36092,5466.67,47.1264,126,34.00
2026-07-11,15:00:52,36102,5423.33,46.7529,130,34.00
2026-07-11,15:01:02,36112,5406.67,46.6092,129,33.00
2026-07-11,15:01:12,36122,5400.00,46.5517,135,34.00
2026-07-11,15:01:21,36132,5410.00,46.6379,130,34.00
2026-07-11,15:01:31,36142,5406.67,46.6092,135,34.00
2026-07-11,15:01:41,36152,5386.67,46.4368,134,34.00
2026-07-11,15:01:51,36162,5316.67,45.8333,131,33.00
2026-07-11,15:02:01,36172,5220.00,45.0000,135,34.00
2026-07-11,15:02:11,36182,5103.33,43.9943,134,33.00
2026-07-11,15:02:21,36192,4950.00,42.6724,137,33.00
2026-07-11,15:02:31,36202,4786.67,41.2644,135,33.00
2026-07-11,15:02:41,36212,4620.00,39.8276,130,33.00
2026-07-11,15:02:51,36222,4480.00,38.6207,129,33.00
2026-07-11,15:03:01,36232,4340.00,37.4138,135,34.00
2026-07-11,15:03:11,36242,4223.33,36.4080,124,34.00
2026-07-11,15:03:21,36252,4136.67,35.6609,129,33.00
2026-07-11,15:03:31,36262,4063.33,35.0287,136,33.00
2026-07-11,15:03:41,36272,4030.00,34.7414,133,33.00
2026-07-11,15:03:51,36282,4010.00,34.5690,135,33.00
2026-07-11,15:04:01,36292,4023.33,34.6839,148,33.00
2026-07-11,15:04:11,36302,4066.67,35.0575,134,33.00
2026-07-11,15:04:21,36312,4126.67,35.5747,131,33.00
2026-07-11,15:04:31,36322,4196.67,36.1782,132,33.00
2026-07-11,15:04:41,36332,4270.00,36.8103,131,33.00
2026-07-11,15:04:51,36342,4273.33,36.8391,130,33.00
2026-07-11,15:05:01,36352,4250.00,36.6379,130,33.00
2026-07-11,15:05:11,36362,4223.33,36.4080,124,33.00
2026-07-11,15:05:21,36372,4163.33,35.8908,126,33.00
2026-07-11,15:05:31,36382,4086.67,35.2299,124,33.00
2026-07-11,15:05:41,36392,4026.67,34.7126,125,33.00
2026-07-11,15:05:51,36402,3976.67,34.2816,127,33.00
2026-07-11,15:06:01,36412,3943.33,33.9943,127,33.00
2026-07-11,15:06:11,36422,3906.67,33.6782,123,33.00
2026-07-11,15:06:21,36432,3873.33,33.3908,122,33.00
2026-07-11,15:06:31,36442,3823.33,32.9598,123,33.00
2026-07-11,15:06:41,36452,3776.67,32.5575,120,33.00
2026-07-11,15:06:51,36462,3686.67,31.7816,122,33.00
2026-07-11,15:07:01,36472,3570.00,30.7759,117,33.00
2026-07-11,15:07:11,36482,3426.67,29.5402,121,33.00
2026-07-11,15:07:21,36492,3283.33,28.3046,123,33.00
2026-07-11,15:07:31,36502,3140.00,27.0690,123,33.00
2026-07-11,15:07:41,36512,3003.33,25.8908,126,33.00
2026-07-11,15:07:51,36522,2860.00,24.6552,124,33.00
2026-07-11,15:08:01,36532,2743.33,23.6494,127,33.00
2026-07-11,15:08:11,36542,2640.00,22.7586,133,33.00
2026-07-11,15:08:21,36552,2570.00,22.1552,133,33.00
2026-07-11,15:08:31,36562,2516.67,21.6954,127,33.00
2026-07-11,15:08:41,36572,2510.00,21.6379,125,33.00
2026-07-11,15:08:51,36582,2510.00,21.6379,127,33.00
2026-07-11,15:09:01,36592,2510.00,21.6379,127,33.00
2026-07-11,15:09:11,36602,2520.00,21.7241,134,33.00
2026-07-11,15:09:21,36612,2536.67,21.8678,133,33.00
2026-07-11,15:09:31,36622,2580.00,22.2414,129,33.00
2026-07-11,15:09:41,36632,2636.67,22.7299,126,33.00
2026-07-11,15:09:51,36642,2720.00,23.4483,125,33.00
2026-07-11,15:10:01,36652,2830.00,24.3966,121,33.00
2026-07-11,15:10:11,36662,2946.67,25.4023,125,33.00
2026-07-11,15:10:21,36672,3080.00,26.5517,119,33.00
2026-07-11,15:10:31,36682,3186.67,27.4713,131,33.00
2026-07-11,15:10:41,36692,3273.33,28.2184,124,33.00
2026-07-11,15:10:51,36702,3326.67,28.6782,123,33.00
2026-07-11,15:11:01,36712,3353.33,28.9080,142,33.00
2026-07-11,15:11:11,36722,3353.33,28.9080,127,33.00
2026-07-11,15:11:21,36732,3366.67,29.0230,123,33.00
2026-07-11,15:11:31,36742,3383.33,29.1667,126,33.00
2026-07-11,15:11:41,36752,3396.67,29.2816,127,33.00
2026-07-11,15:11:50,36762,3436.67,29.6264,132,33.00
2026-07-11,15:12:00,36772,3506.67,30.2299,134,33.00
2026-07-11,15:12:10,36782,3610.00,31.1207,125,33.00
2026-07-11,15:12:20,36792,3763.33,32.4425,131,33.00
2026-07-11,15:12:30,36802,3936.67,33.9368,128,33.00
2026-07-11,15:12:40,36812,4116.67,35.4885,125,33.00
2026-07-11,15:12:50,36822,4293.33,37.0115,124,33.00
2026-07-11,15:13:00,36832,4413.33,38.0460,120,33.00
2026-07-11,15:13:10,36842,4503.33,38.8218,126,33.00
2026-07-11,15:13:20,36852,4526.67,39.0230,129,33.00
2026-07-11,15:13:30,36862,4493.33,38.7356,132,33.00
2026-07-11,15:13:40,36872,4443.33,38.3046,125,33.00
2026-07-11,15:13:50,36882,4376.67,37.7299,126,33.00
2026-07-11,15:14:00,36892,4323.33,37.2701,126,33.00
2026-07-11,15:14:10,36902,4296.67,37.0402,129,33.00
2026-07-11,15:14:20,36912,4306.67,37.1264,129,33.00
2026-07-11,15:14:30,36922,4383.33,37.7874,129,33.00
2026-07-11,15:14:40,36932,4483.33,38.6494,129,33.00
2026-07-11,15:14:50,36942,4596.67,39.6264,128,33.00
2026-07-11,15:15:00,36952,4733.33,40.8046,125,33.00
2026-07-11,15:15:10,36962,4826.67,41.6092,126,33.00
2026-07-11,15:15:20,36972,4913.33,42.3563,131,33.00
2026-07-11,15:15:30,36982,4980.00,42.9310,141,33.00
2026-07-11,15:15:40,36992,5013.33,43.2184,123,33.00
2026-07-11,15:15:50,37002,5003.33,43.1322,123,33.00
2026-07-11,15:16:00,37012,4990.00,43.0172,128,33.00
2026-07-11,15:16:10,37022,4956.67,42.7299,129,33.00
2026-07-11,15:16:20,37032,4943.33,42.6149,127,33.00
2026-07-11,15:16:30,37042,4956.67,42.7299,130,33.00
2026-07-11,15:16:40,37052,5000.00,43.1034,133,33.00
2026-07-11,15:16:50,37062,5086.67,43.8506,131,33.00
2026-07-11,15:17:00,37072,5226.67,45.0575,135,33.00
2026-07-11,15:17:10,37082,5393.33,46.4943,133,33.00
2026-07-11,15:17:20,37092,5610.00,48.3621,135,33.00
2026-07-11,15:17:30,37102,5870.00,50.6034,133,33.00
2026-07-11,15:17:40,37112,6176.67,53.2471,129,33.00
2026-07-11,15:17:50,37122,6496.67,56.0057,140,33.00
2026-07-11,15:18:00,37132,6796.67,58.5920,135,33.00
2026-07-11,15:18:10,37142,7053.33,60.8046,143,33.00
2026-07-11,15:18:20,37152,7263.33,62.6149,148,33.00
2026-07-11,15:18:30,37162,7366.67,63.5057,153,33.00
2026-07-11,15:18:40,37172,7383.33,63.6494,153,33.00
2026-07-11,15:18:50,37182,7310.00,63.0172,155,33.00
2026-07-11,15:19:00,37192,7143.33,61.5805,151,33.00
2026-07-11,15:19:10,37202,6940.00,59.8276,145,33.00
2026-07-11,15:19:20,37212,6700.00,57.7586,153,33.00
2026-07-11,15:19:30,37222,6450.00,55.6034,135,33.00
2026-07-11,15:19:40,37232,6176.67,53.2471,139,33.00
2026-07-11,15:19:50,37242,5853.33,50.4598,136,33.00
2026-07-11,15:20:00,37252,5560.00,47.9310,132,33.00
2026-07-11,15:20:10,37262,5253.33,45.2874,130,33.00
2026-07-11,15:20:20,37272,4963.33,42.7874,128,33.00
2026-07-11,15:20:30,37282,4760.00,41.0345,128,33.00
2026-07-11,15:20:40,37292,4603.33,39.6839,126,33.00
2026-07-11,15:20:50,37302,4533.33,39.0805,131,33.00
2026-07-11,15:21:00,37312,4530.00,39.0517,126,33.00
2026-07-11,15:21:10,37322,4580.00,39.4828,130,33.00
2026-07-11,15:21:20,37332,4666.67,40.2299,124,33.00
2026-07-11,15:21:30,37342,4813.33,41.4943,133,33.00
2026-07-11,15:21:40,37352,4976.67,42.9023,125,33.00
2026-07-11,15:21:50,37362,5160.00,44.4828,132,33.00
2026-07-11,15:22:00,37372,5303.33,45.7184,130,33.00
2026-07-11,15:22:09,37382,5423.33,46.7529,131,33.00
2026-07-11,15:22:19,37392,5516.67,47.5575,139,33.00
2026-07-11,15:22:29,37402,5606.67,48.3333,130,33.00
2026-07-11,15:22:39,37412,5633.33,48.5632,127,33.00
2026-07-11,15:22:49,37422,5663.33,48.8218,134,33.00
2026-07-11,15:22:59,37432,5686.67,49.0230,132,33.00
2026-07-11,15:23:09,37442,5690.00,49.0517,138,33.00
2026-07-11,15:23:19,37452,5663.33,48.8218,133,33.00
2026-07-11,15:23:29,37462,5566.67,47.9885,140,33.00
2026-07-11,15:23:39,37472,5443.33,46.9253,137,34.00
2026-07-11,15:23:49,37482,5303.33,45.7184,134,33.00
2026-07-11,15:23:59,37492,5166.67,44.5402,139,33.00
2026-07-11,15:24:09,37502,4993.33,43.0460,133,33.00
2026-07-11,15:24:19,37512,4816.67,41.5230,126,33.00
2026-07-11,15:24:29,37522,4663.33,40.2011,129,33.00
2026-07-11,15:24:39,37532,4550.00,39.2241,128,33.00
2026-07-11,15:24:49,37542,4470.00,38.5345,122,33.00
2026-07-11,15:24:59,37552,4413.33,38.0460,125,33.00
2026-07-11,15:25:09,37562,4386.67,37.8161,125,33.00
2026-07-11,15:25:19,37572,4383.33,37.7874,126,33.00
2026-07-11,15:25:29,37582,4410.00,38.0172,129,33.00
2026-07-11,15:25:39,37592,4466.67,38.5057,126,33.00
2026-07-11,15:25:49,37602,4553.33,39.2529,127,33.00
2026-07-11,15:25:59,37612,4646.67,40.0575,128,33.00
2026-07-11,15:26:09,37622,4736.67,40.8333,125,33.00
2026-07-11,15:26:19,37632,4803.33,41.4080,124,33.00
2026-07-11,15:26:29,37642,4840.00,41.7241,125,33.00
2026-07-11,15:26:39,37652,4836.67,41.6954,132,33.00
2026-07-11,15:26:49,37662,4786.67,41.2644,130,33.00
2026-07-11,15:26:59,37672,4720.00,40.6897,124,33.00
2026-07-11,15:27:09,37682,4590.00,39.5690,122,33.00
2026-07-11,15:27:19,37692,4456.67,38.4195,129,33.00
2026-07-11,15:27:29,37702,4306.67,37.1264,123,33.00
2026-07-11,15:27:39,37712,4126.67,35.5747,125,33.00
2026-07-11,15:27:49,37722,3996.67,34.4540,130,33.00
2026-07-11,15:27:59,37732,3876.67,33.4195,122,33.00
2026-07-11,15:28:09,37742,3733.33,32.1839,124,33.00
2026-07-11,15:28:19,37752,3616.67,31.1782,132,33.00
2026-07-11,15:28:29,37762,3523.33,30.3736,129,33.00
2026-07-11,15:28:39,37772,3436.67,29.6264,132,33.00
2026-07-11,15:28:49,37782,3336.67,28.7644,135,33.00
2026-07-11,15:28:59,37792,3260.00,28.1034,123,33.00
2026-07-11,15:29:09,37802,3196.67,27.5575,129,33.00
2026-07-11,15:29:19,37812,3156.67,27.2126,130,33.00
2026-07-11,15:29:29,37822,3143.33,27.0977,128,33.00
2026-07-11,15:29:39,37832,3143.33,27.0977,132,33.00
2026-07-11,15:29:49,37842,3170.00,27.3276,132,33.00
2026-07-11,15:29:59,37852,3216.67,27.7299,132,33.00
2026-07-11,15:30:09,37862,3266.67,28.1609,131,33.00
2026-07-11,15:30:19,37872,3320.00,28.6207,133,33.00
2026-07-11,15:30:29,37882,3336.67,28.7644,123,33.00
2026-07-11,15:30:39,37892,3340.00,28.7931,120,33.00
2026-07-11,15:30:49,37902,3340.00,28.7931,128,33.00
2026-07-11,15:30:59,37912,3323.33,28.6494,131,33.00
2026-07-11,15:31:09,37922,3290.00,28.3621,129,33.00
2026-07-11,15:31:19,37932,3246.67,27.9885,127,33.00
2026-07-11,15:31:29,37942,3193.33,27.5287,120,33.00
2026-07-11,15:31:39,37952,3140.00,27.0690,123,33.00
2026-07-11,15:31:49,37962,3073.33,26.4943,127,33.00
2026-07-11,15:31:59,37972,3000.00,25.8621,131,33.00
2026-07-11,15:32:09,37982,2903.33,25.0287,130,33.00
2026-07-11,15:32:19,37992,2813.33,24.2529,126,33.00
2026-07-11,15:32:28,38002,2730.00,23.5345,127,33.00
2026-07-11,15:32:38,38012,2643.33,22.7874,126,33.00
2026-07-11,15:32:48,38022,2530.00,21.8103,120,33.00
2026-07-11,15:32:58,38032,2436.67,21.0057,124,33.00
2026-07-11,15:33:08,38042,2340.00,20.1724,123,33.00
2026-07-11,15:33:18,38052,2263.33,19.5115,121,33.00
2026-07-11,15:33:28,38062,2186.67,18.8506,133,33.00
2026-07-11,15:33:38,38072,2103.33,18.1322,125,33.00
2026-07-11,15:33:48,38082,2046.67,17.6437,128,33.00
2026-07-11,15:33:58,38092,1993.33,17.1839,119,33.00
2026-07-11,15:34:08,38102,1943.33,16.7529,124,33.00
2026-07-11,15:34:18,38112,1876.67,16.1782,126,33.00
2026-07-11,15:34:28,38122,1796.67,15.4885,116,33.00
2026-07-11,15:34:38,38132,1713.33,14.7701,123,33.00
2026-07-11,15:34:48,38142,1603.33,13.8218,124,33.00
2026-07-11,15:34:58,38152,1496.67,12.9023,123,33.00
2026-07-11,15:35:08,38162,1383.33,11.9253,125,33.00
2026-07-11,15:35:18,38172,1250.00,10.7759,132,33.00
2026-07-11,15:35:28,38182,1123.33,9.6839,128,33.00
2026-07-11,15:35:38,38192,1010.00,8.7069,119,33.00
2026-07-11,15:35:48,38202,913.33,7.8736,131,33.00
2026-07-11,15:35:58,38212,823.33,7.0977,128,32.00
2026-07-11,15:36:08,38222,766.67,6.6092,124,32.00
2026-07-11,15:36:18,38232,730.00,6.2931,126,32.00
2026-07-11,15:36:28,38242,710.00,6.1207,125,32.00
2026-07-11,15:36:38,38252,706.67,6.0920,133,32.00
2026-07-11,15:36:48,38262,720.00,6.2069,132,32.00
2026-07-11,15:36:58,38272,746.67,6.4368,133,32.00
2026-07-11,15:37:08,38282,783.33,6.7529,125,32.00
2026-07-11,15:37:18,38292,836.67,7.2126,127,32.00
2026-07-11,15:37:28,38302,906.67,7.8161,126,32.00
2026-07-11,15:37:38,38312,976.67,8.4195,125,32.00
2026-07-11,15:37:48,38322,1046.67,9.0230,129,32.00
2026-07-11,15:37:58,38332,1116.67,9.6264,125,32.00
2026-07-11,15:38:08,38342,1190.00,10.2586,129,32.00
2026-07-11,15:38:18,38352,1260.00,10.8621,140,32.00
2026-07-11,15:38:28,38362,1333.33,11.4943,134,32.00
2026-07-11,15:38:38,38372,1383.33,11.9253,128,32.00
2026-07-11,15:38:48,38382,1403.33,12.0977,127,32.00
2026-07-11,15:38:58,38392,1413.33,12.1839,137,32.00
2026-07-11,15:39:08,38402,1406.67,12.1264,127,32.00
2026-07-11,15:39:18,38412,1413.33,12.1839,124,32.00
2026-07-11,15:39:28,38422,1396.67,12.0402,129,32.00
2026-07-11,15:39:38,38432,1400.00,12.0690,128,32.00
2026-07-11,15:39:48,38442,1393.33,12.0115,125,32.00
2026-07-11,15:39:58,38452,1396.67,12.0402,131,32.00
2026-07-11,15:40:08,38462,1406.67,12.1264,133,32.00
2026-07-11,15:40:18,38472,1433.33,12.3563,141,32.00
2026-07-11,15:40:28,38482,1470.00,12.6724,129,32.00
2026-07-11,15:40:38,38492,1536.67,13.2471,130,32.00
2026-07-11,15:40:48,38502,1626.67,14.0230,134,32.00
2026-07-11,15:40:58,38512,1766.67,15.2299,138,32.00
2026-07-11,15:41:08,38522,1906.67,16.4368,133,32.00
2026-07-11,15:41:18,38532,2063.33,17.7874,127,32.00
2026-07-11,15:41:28,38542,2236.67,19.2816,125,32.00
2026-07-11,15:41:38,38552,2396.67,20.6609,129,32.00
2026-07-11,15:41:48,38562,2516.67,21.6954,130,32.00
2026-07-11,15:41:58,38572,2610.00,22.5000,126,32.00
2026-07-11,15:42:08,38582,2660.00,22.9310,125,32.00
2026-07-11,15:42:18,38592,2720.00,23.4483,127,32.00
2026-07-11,15:42:28,38602,2766.67,23.8506,128,32.00
2026-07-11,15:42:38,38612,2816.67,24.2816,124,32.00
2026-07-11,15:42:48,38622,2863.33,24.6839,123,32.00
2026-07-11,15:42:58,38632,2916.67,25.1437,140,32.00
2026-07-11,15:43:08,38642,2956.67,25.4885,125,32.00
2026-07-11,15:43:18,38652,2993.33,25.8046,129,32.00
2026-07-11,15:43:27,38662,3016.67,26.0057,124,32.00
2026-07-11,15:43:37,38672,3026.67,26.0920,127,32.00
2026-07-11,15:43:47,38682,3026.67,26.0920,129,32.00
2026-07-11,15:43:57,38692,3016.67,26.0057,128,32.00
2026-07-11,15:44:07,38702,3003.33,25.8908,131,32.00
2026-07-11,15:44:17,38712,2986.67,25.7471,131,32.00
2026-07-11,15:44:27,38722,2956.67,25.4885,127,32.00
2026-07-11,15:44:37,38732,2943.33,25.3736,127,32.00
2026-07-11,15:44:47,38742,2933.33,25.2874,124,32.00
2026-07-11,15:44:57,38752,2923.33,25.2011,124,32.00
2026-07-11,15:45:07,38762,2920.00,25.1724,125,32.00
2026-07-11,15:45:17,38772,2920.00,25.1724,125,32.00
2026-07-11,15:45:27,38782,2923.33,25.2011,125,32.00
2026-07-11,15:45:37,38792,2923.33,25.2011,123,32.00
2026-07-11,15:45:47,38802,2926.67,25.2299,125,32.00
2026-07-11,15:45:57,38812,2936.67,25.3161,120,32.00
2026-07-11,15:46:07,38822,2943.33,25.3736,126,32.00
2026-07-11,15:46:17,38832,2953.33,25.4598,128,32.00
2026-07-11,15:46:27,38842,2953.33,25.4598,127,32.00
2026-07-11,15:46:37,38852,2970.00,25.6034,129,32.00
2026-07-11,15:46:47,38862,2996.67,25.8333,131,32.00
2026-07-11,15:46:57,38872,3006.67,25.9195,128,32.00
2026-07-11,15:47:07,38882,3016.67,26.0057,126,32.00
2026-07-11,15:47:17,38892,3023.33,26.0632,134,32.00
2026-07-11,15:47:27,38902,3020.00,26.0345,131,32.00
2026-07-11,15:47:37,38912,3013.33,25.9770,133,32.00
2026-07-11,15:47:47,38922,2996.67,25.8333,126,32.00
2026-07-11,15:47:57,38932,2953.33,25.4598,127,32.00
2026-07-11,15:48:07,38942,2923.33,25.2011,129,32.00
2026-07-11,15:48:17,38952,2896.67,24.9713,131,32.00
2026-07-11,15:48:27,38962,2863.33,24.6839,128,32.00
2026-07-11,15:48:37,38972,2836.67,24.4540,130,32.00
2026-07-11,15:48:47,38982,2803.33,24.1667,126,32.00
2026-07-11,15:48:57,38992,2783.33,23.9943,125,32.00
2026-07-11,15:49:07,39002,2763.33,23.8218,129,32.00
2026-07-11,15:49:17,39012,2756.67,23.7644,130,32.00
2026-07-11,15:49:27,39022,2750.00,23.7069,127,32.00
2026-07-11,15:49:37,39032,2750.00,23.7069,128,32.00
2026-07-11,15:49:47,39042,2750.00,23.7069,124,32.00
2026-07-11,15:49:57,39052,2743.33,23.6494,129,32.00
2026-07-11,15:50:07,39062,2743.33,23.6494,135,32.00
2026-07-11,15:50:17,39072,2730.00,23.5345,141,32.00
2026-07-11,15:50:27,39082,2706.67,23.3333,130,32.00
2026-07-11,15:50:37,39092,2673.33,23.0460,126,32.00
2026-07-11,15:50:47,39102,2633.33,22.7011,124,32.00
2026-07-11,15:50:57,39112,2583.33,22.2701,134,32.00
2026-07-11,15:51:07,39122,2520.00,21.7241,124,32.00
2026-07-11,15:51:17,39132,2473.33,21.3218,121,32.00
2026-07-11,15:51:27,39142,2426.67,20.9195,118,32.00
2026-07-11,15:51:37,39152,2390.00,20.6034,120,32.00
2026-07-11,15:51:47,39162,2366.67,20.4023,118,32.00
2026-07-11,15:51:57,39172,2353.33,20.2874,122,32.00
2026-07-11,15:52:07,39182,2356.67,20.3161,127,32.00
2026-07-11,15:52:17,39192,2370.00,20.4310,128,32.00
2026-07-11,15:52:27,39202,2390.00,20.6034,125,32.00
2026-07-11,15:52:37,39212,2416.67,20.8333,125,32.00
2026-07-11,15:52:47,39222,2440.00,21.0345,122,32.00
2026-07-11,15:52:57,39232,2466.67,21.2644,121,32.00
2026-07-11,15:53:07,39242,2483.33,21.4080,130,32.00
2026-07-11,15:53:17,39252,2503.33,21.5805,130,32.00
2026-07-11,15:53:27,39262,2526.67,21.7816,126,32.00
2026-07-11,15:53:37,39272,2573.33,22.1839,122,32.00
2026-07-11,15:53:46,39282,2613.33,22.5287,120,32.00
2026-07-11,15:53:56,39292,2653.33,22.8736,124,32.00
2026-07-11,15:54:06,39302,2696.67,23.2471,123,32.00
2026-07-11,15:54:16,39312,2743.33,23.6494,133,32.00
2026-07-11,15:54:26,39322,2790.00,24.0517,126,32.00
2026-07-11,15:54:36,39332,2836.67,24.4540,127,32.00
2026-07-11,15:54:46,39342,2876.67,24.7988,127,32.00
2026-07-11,15:54:56,39352,2920.00,25.1724,130,32.00
2026-07-11,15:55:06,39362,2956.67,25.4885,130,32.00
2026-07-11,15:55:16,39372,3003.33,25.8908,127,32.00
2026-07-11,15:55:26,39382,3030.00,26.1207,125,32.00
2026-07-11,15:55:36,39392,3053.33,26.3218,126,32.00
2026-07-11,15:55:46,39402,3066.67,26.4368,127,32.00
2026-07-11,15:55:56,39412,3080.00,26.5517,134,32.00
2026-07-11,15:56:06,39422,3083.33,26.5805,131,32.00
2026-07-11,15:56:16,39432,3086.67,26.6092,136,32.00
2026-07-11,15:56:26,39442,3080.00,26.5517,134,32.00
2026-07-11,15:56:36,39452,3073.33,26.4943,136,32.00
2026-07-11,15:56:46,39462,3066.67,26.4368,129,32.00
2026-07-11,15:56:56,39472,3066.67,26.4368,130,32.00
2026-07-11,15:57:06,39482,3066.67,26.4368,132,32.00
2026-07-11,15:57:16,39492,3070.00,26.4655,134,32.00
2026-07-11,15:57:26,39502,3073.33,26.4943,132,32.00
2026-07-11,15:57:36,39512,3076.67,26.5230,139,32.00
2026-07-11,15:57:46,39522,3076.67,26.5230,136,32.00
2026-07-11,15:57:56,39532,3083.33,26.5805,138,32.00
2026-07-11,15:58:06,39542,3080.00,26.5517,128,32.00
2026-07-11,15:58:16,39552,3080.00,26.5517,128,32.00
2026-07-11,15:58:26,39562,3073.33,26.4943,128,32.00
2026-07-11,15:58:36,39572,3066.67,26.4368,128,32.00
2026-07-11,15:58:46,39582,3060.00,26.3793,137,32.00
2026-07-11,15:58:56,39592,3046.67,26.2644,135,32.00
2026-07-11,15:59:06,39602,3036.67,26.1782,135,32.00
2026-07-11,15:59:16,39612,3026.67,26.0920,136,32.00
2026-07-11,15:59:26,39622,3016.67,26.0057,135,32.00
2026-07-11,15:59:36,39632,3010.00,25.9483,132,32.00
2026-07-11,15:59:46,39642,3003.33,25.8908,135,32.00
2026-07-11,15:59:56,39652,3006.67,25.9195,134,32.00
2026-07-11,16:00:06,39662,3006.67,25.9195,135,32.00
2026-07-11,16:00:16,39672,3013.33,25.9770,132,32.00
2026-07-11,16:00:26,39682,3023.33,26.0632,136,32.00
2026-07-11,16:00:36,39692,3033.33,26.1494,132,32.00
2026-07-11,16:00:46,39702,3046.67,26.2644,135,32.00
2026-07-11,16:00:56,39712,3060.00,26.3793,139,32.00
2026-07-11,16:01:06,39722,3066.67,26.4368,136,32.00
2026-07-11,16:01:16,39732,3083.33,26.5805,138,32.00
2026-07-11,16:01:26,39742,3093.33,26.6667,130,32.00
2026-07-11,16:01:36,39752,3106.67,26.7816,136,32.00
2026-07-11,16:01:46,39762,3120.00,26.8965,135,32.00
2026-07-11,16:01:56,39772,3136.67,27.0402,139,32.00
2026-07-11,16:02:06,39782,3153.33,27.1839,138,32.00
2026-07-11,16:02:16,39792,3173.33,27.3563,136,32.00
2026-07-11,16:02:26,39802,3196.67,27.5575,133,32.00
2026-07-11,16:02:36,39812,3216.67,27.7299,135,32.00
2026-07-11,16:02:46,39822,3233.33,27.8736,129,32.00
2026-07-11,16:02:56,39832,3260.00,28.1034,129,32.00
2026-07-11,16:03:06,39842,3283.33,28.3046,130,32.00
2026-07-11,16:03:16,39852,3316.67,28.5920,136,32.00
2026-07-11,16:03:26,39862,3353.33,28.9080,128,32.00
2026-07-11,16:03:36,39872,3393.33,29.2529,135,32.00
2026-07-11,16:03:46,39882,3443.33,29.6839,136,32.00
2026-07-11,16:03:56,39892,3490.00,30.0862,134,32.00
2026-07-11,16:04:05,39902,3530.00,30.4310,133,32.00
2026-07-11,16:04:15,39912,3570.00,30.7759,131,32.00
2026-07-11,16:04:25,39922,3600.00,31.0345,133,32.00
2026-07-11,16:04:35,39932,3633.33,31.3218,135,32.00
2026-07-11,16:04:45,39942,3663.33,31.5805,130,32.00
2026-07-11,16:04:55,39952,3690.00,31.8103,130,32.00
2026-07-11,16:05:05,39962,3710.00,31.9828,132,32.00
2026-07-11,16:05:15,39972,3733.33,32.1839,132,32.00
2026-07-11,16:05:25,39982,3746.67,32.2988,129,33.00
2026-07-11,16:05:35,39992,3763.33,32.4425,135,32.00
2026-07-11,16:05:45,40002,3773.33,32.5287,135,33.00
2026-07-11,16:05:55,40012,3773.33,32.5287,138,32.00
2026-07-11,16:06:05,40022,3760.00,32.4138,133,32.00
2026-07-11,16:06:15,40032,3736.67,32.2126,133,32.00
2026-07-11,16:06:25,40042,3696.67,31.8678,129,32.00
2026-07-11,16:06:35,40052,3643.33,31.4080,134,32.00
2026-07-11,16:06:45,40062,3573.33,30.8046,123,32.00
2026-07-11,16:06:55,40072,3490.00,30.0862,124,32.00
2026-07-11,16:07:05,40082,3376.67,29.1092,125,32.00
2026-07-11,16:07:15,40092,3266.67,28.1609,122,32.00
2026-07-11,16:07:25,40102,3146.67,27.1264,121,32.00
2026-07-11,16:07:35,40112,3023.33,26.0632,125,32.00
2026-07-11,16:07:45,40122,2890.00,24.9138,125,32.00
2026-07-11,16:07:55,40132,2770.00,23.8793,125,32.00
2026-07-11,16:08:05,40142,2643.33,22.7874,127,32.00
2026-07-11,16:08:15,40152,2516.67,21.6954,124,33.00
2026-07-11,16:08:25,40162,2433.33,20.9770,124,32.00
2026-07-11,16:08:35,40172,2366.67,20.4023,120,32.00
2026-07-11,16:08:45,40182,2306.67,19.8851,118,32.00
2026-07-11,16:08:55,40192,2260.00,19.4828,123,32.00
2026-07-11,16:09:05,40202,2223.33,19.1667,121,32.00
2026-07-11,16:09:15,40212,2193.33,18.9080,132,32.00
2026-07-11,16:09:25,40222,2190.00,18.8793,123,32.00
2026-07-11,16:09:35,40232,2210.00,19.0517,129,32.00
2026-07-11,16:09:45,40242,2246.67,19.3678,126,32.00
2026-07-11,16:09:55,40252,2290.00,19.7414,135,32.00
2026-07-11,16:10:05,40262,2346.67,20.2299,127,32.00
2026-07-11,16:10:15,40272,2400.00,20.6897,130,32.00
2026-07-11,16:10:25,40282,2450.00,21.1207,135,32.00
2026-07-11,16:10:35,40292,2476.67,21.3506,126,32.00
2026-07-11,16:10:45,40302,2473.33,21.3218,130,32.00
2026-07-11,16:10:55,40312,2453.33,21.1494,127,32.00
2026-07-11,16:11:05,40322,2393.33,20.6322,127,32.00
2026-07-11,16:11:15,40332,2306.67,19.8851,123,32.00
2026-07-11,16:11:25,40342,2203.33,18.9943,123,32.00
2026-07-11,16:11:35,40352,2083.33,17.9598,123,32.00
2026-07-11,16:11:45,40362,1966.67,16.9540,120,32.00
2026-07-11,16:11:55,40372,1860.00,16.0345,133,32.00
2026-07-11,16:12:05,40382,1760.00,15.1724,121,32.00
2026-07-11,16:12:15,40392,1653.33,14.2529,120,32.00
2026-07-11,16:12:25,40402,1563.33,13.4770,127,32.00
2026-07-11,16:12:35,40412,1486.67,12.8161,130,32.00
2026-07-11,16:12:45,40422,1410.00,12.1552,122,32.00
2026-07-11,16:12:55,40432,1340.00,11.5517,121,32.00
2026-07-11,16:13:05,40442,1263.33,10.8908,120,32.00
2026-07-11,16:13:15,40452,1200.00,10.3448,121,32.00
2026-07-11,16:13:25,40462,1143.33,9.8563,121,32.00
2026-07-11,16:13:35,40472,1096.67,9.4540,122,32.00
2026-07-11,16:13:45,40482,1056.67,9.1092,124,32.00
2026-07-11,16:13:55,40492,1030.00,8.8793,122,32.00
2026-07-11,16:14:05,40502,1016.67,8.7644,123,32.00
2026-07-11,16:14:15,40512,1023.33,8.8218,125,32.00
2026-07-11,16:14:25,40522,1043.33,8.9943,130,32.00
2026-07-11,16:14:35,40532,1080.00,9.3103,129,32.00
2026-07-11,16:14:45,40542,1126.67,9.7126,128,32.00
2026-07-11,16:14:54,40552,1190.00,10.2586,134,32.00
2026-07-11,16:15:04,40562,1253.33,10.8046,130,32.00
2026-07-11,16:15:14,40572,1323.33,11.4080,132,32.00
2026-07-11,16:15:24,40582,1373.33,11.8391,138,32.00
2026-07-11,16:15:34,40592,1423.33,12.2701,141,32.00
2026-07-11,16:15:44,40602,1440.00,12.4138,131,32.00
2026-07-11,16:15:54,40612,1453.33,12.5287,124,32.00
2026-07-11,16:16:04,40622,1446.67,12.4713,122,32.00
2026-07-11,16:16:14,40632,1433.33,12.3563,129,32.00
2026-07-11,16:16:24,40642,1426.67,12.2989,125,32.00
2026-07-11,16:16:34,40652,1416.67,12.2126,129,32.00
2026-07-11,16:16:44,40662,1416.67,12.2126,131,32.00
2026-07-11,16:16:54,40672,1433.33,12.3563,137,32.00
2026-07-11,16:17:04,40682,1476.67,12.7299,135,32.00
2026-07-11,16:17:14,40692,1546.67,13.3333,126,32.00
2026-07-11,16:17:24,40702,1603.33,13.8218,125,32.00
2026-07-11,16:17:34,40712,1653.33,14.2529,123,32.00
2026-07-11,16:17:44,40722,1686.67,14.5402,127,32.00
2026-07-11,16:17:54,40732,1733.33,14.9425,130,32.00
2026-07-11,16:18:04,40742,1763.33,15.2011,128,32.00
2026-07-11,16:18:14,40752,1793.33,15.4598,127,32.00
2026-07-11,16:18:24,40762,1813.33,15.6322,128,32.00
2026-07-11,16:18:34,40772,1846.67,15.9195,129,32.00
2026-07-11,16:18:44,40782,1896.67,16.3506,132,32.00
2026-07-11,16:18:54,40792,1953.33,16.8391,139,32.00
2026-07-11,16:19:04,40802,2006.67,17.2989,125,32.00
2026-07-11,16:19:14,40812,2080.00,17.9310,130,32.00
2026-07-11,16:19:24,40822,2160.00,18.6207,130,32.00
2026-07-11,16:19:34,40832,2226.67,19.1954,133,31.00
2026-07-11,16:19:44,40842,2283.33,19.6839,123,32.00
2026-07-11,16:19:54,40852,2346.67,20.2299,128,32.00
2026-07-11,16:20:04,40862,2400.00,20.6897,126,32.00
2026-07-11,16:20:14,40872,2433.33,20.9770,123,32.00
2026-07-11,16:20:24,40882,2453.33,21.1494,119,32.00
2026-07-11,16:20:34,40892,2466.67,21.2644,131,32.00
2026-07-11,16:20:44,40902,2463.33,21.2356,126,32.00
2026-07-11,16:20:54,40912,2453.33,21.1494,125,32.00
2026-07-11,16:21:04,40922,2430.00,20.9483,124,32.00
2026-07-11,16:21:14,40932,2410.00,20.7759,128,32.00
2026-07-11,16:21:24,40942,2393.33,20.6322,128,32.00
2026-07-11,16:21:34,40952,2366.67,20.4023,123,32.00
2026-07-11,16:21:44,40962,2340.00,20.1724,127,32.00
2026-07-11,16:21:54,40972,2313.33,19.9425,128,32.00
2026-07-11,16:22:04,40982,2276.67,19.6264,132,32.00
2026-07-11,16:22:14,40992,2243.33,19.3391,120,32.00
2026-07-11,16:22:24,41002,2206.67,19.0230,124,32.00
2026-07-11,16:22:34,41012,2180.00,18.7931,126,32.00
2026-07-11,16:22:44,41022,2156.67,18.5920,123,32.00
2026-07-11,16:22:54,41032,2140.00,18.4483,124,32.00
2026-07-11,16:23:04,41042,2136.67,18.4195,122,32.00
2026-07-11,16:23:14,41052,2140.00,18.4483,129,32.00
2026-07-11,16:23:24,41062,2150.00,18.5345,122,32.00
2026-07-11,16:23:34,41072,2163.33,18.6494,119,32.00
2026-07-11,16:23:44,41082,2176.67,18.7644,120,32.00
2026-07-11,16:23:54,41092,2193.33,18.9080,122,32.00
2026-07-11,16:24:04,41102,2213.33,19.0805,118,31.00
2026-07-11,16:24:14,41112,2230.00,19.2241,126,32.00
2026-07-11,16:24:24,41122,2246.67,19.3678,124,32.00
2026-07-11,16:24:34,41132,2266.67,19.5402,127,32.00
2026-07-11,16:24:44,41142,2290.00,19.7414,126,32.00
2026-07-11,16:24:54,41152,2310.00,19.9138,124,32.00
2026-07-11,16:25:04,41162,2340.00,20.1724,124,32.00
2026-07-11,16:25:14,41172,2380.00,20.5172,126,32.00
2026-07-11,16:25:23,41182,2420.00,20.8621,126,32.00
2026-07-11,16:25:33,41192,2463.33,21.2356,126,32.00
2026-07-11,16:25:43,41202,2506.67,21.6092,129,32.00
2026-07-11,16:25:53,41212,2560.00,22.0690,132,32.00
2026-07-11,16:26:03,41222,2603.33,22.4425,128,32.00
2026-07-11,16:26:13,41232,2643.33,22.7874,127,32.00
2026-07-11,16:26:23,41242,2680.00,23.1034,128,32.00
2026-07-11,16:26:33,41252,2723.33,23.4770,128,32.00
2026-07-11,16:26:43,41262,2760.00,23.7931,125,32.00
2026-07-11,16:26:53,41272,2800.00,24.1379,120,32.00
2026-07-11,16:27:03,41282,2843.33,24.5115,120,32.00
2026-07-11,16:27:13,41292,2886.67,24.8851,124,32.00
2026-07-11,16:27:23,41302,2926.67,25.2299,127,32.00
2026-07-11,16:27:33,41312,2963.33,25.5460,129,32.00
2026-07-11,16:27:43,41322,3013.33,25.9770,126,32.00
2026-07-11,16:27:53,41332,3050.00,26.2931,126,32.00
2026-07-11,16:28:03,41342,3090.00,26.6379,130,32.00
2026-07-11,16:28:13,41352,3126.67,26.9540,128,32.00
2026-07-11,16:28:23,41362,3166.67,27.2988,132,32.00
2026-07-11,16:28:33,41372,3200.00,27.5862,133,32.00
2026-07-11,16:28:43,41382,3230.00,27.8448,134,32.00
2026-07-11,16:28:53,41392,3250.00,28.0172,131,32.00
2026-07-11,16:29:03,41402,3270.00,28.1897,129,32.00
2026-07-11,16:29:13,41412,3276.67,28.2471,132,32.00
2026-07-11,16:29:23,41422,3283.33,28.3046,125,32.00
2026-07-11,16:29:33,41432,3293.33,28.3908,131,32.00
2026-07-11,16:29:43,41442,3290.00,28.3621,131,32.00
2026-07-11,16:29:53,41452,3280.00,28.2759,129,32.00
2026-07-11,16:30:03,41462,3266.67,28.1609,128,32.00
2026-07-11,16:30:13,41472,3266.67,28.1609,129,32.00
2026-07-11,16:30:23,41482,3266.67,28.1609,127,32.00
2026-07-11,16:30:33,41492,3276.67,28.2471,127,32.00
2026-07-11,16:30:43,41502,3290.00,28.3621,132,32.00
2026-07-11,16:30:53,41512,3306.67,28.5057,134,32.00
2026-07-11,16:31:03,41522,3353.33,28.9080,130,32.00
2026-07-11,16:31:13,41532,3413.33,29.4253,128,32.00
2026-07-11,16:31:23,41542,3460.00,29.8276,123,32.00
2026-07-11,16:31:33,41552,3490.00,30.0862,127,32.00
2026-07-11,16:31:43,41562,3506.67,30.2299,126,32.00
2026-07-11,16:31:53,41572,3506.67,30.2299,128,32.00
2026-07-11,16:32:03,41582,3476.67,29.9713,124,32.00
2026-07-11,16:32:13,41592,3443.33,29.6839,132,32.00
2026-07-11,16:32:23,41602,3433.33,29.5977,127,32.00
2026-07-11,16:32:33,41612,3386.67,29.1954,126,32.00
2026-07-11,16:32:43,41622,3353.33,28.9080,121,32.00
2026-07-11,16:32:53,41632,3343.33,28.8218,123,32.00
2026-07-11,16:33:03,41642,3326.67,28.6782,125,32.00
2026-07-11,16:33:13,41652,3306.67,28.5057,126,32.00
2026-07-11,16:33:23,41662,3290.00,28.3621,123,32.00
2026-07-11,16:33:33,41672,3283.33,28.3046,137,32.00
2026-07-11,16:33:43,41682,3283.33,28.3046,132,32.00
2026-07-11,16:33:53,41692,3290.00,28.3621,134,32.00
2026-07-11,16:34:03,41702,3283.33,28.3046,132,32.00
2026-07-11,16:34:13,41712,3296.67,28.4195,129,32.00
2026-07-11,16:34:23,41722,3316.67,28.5920,123,32.00
2026-07-11,16:34:33,41732,3360.00,28.9655,124,32.00
2026-07-11,16:34:43,41742,3453.33,29.7701,120,32.00
2026-07-11,16:34:53,41752,3576.67,30.8333,120,32.00
2026-07-11,16:35:03,41762,3696.67,31.8678,130,32.00
2026-07-11,16:35:13,41772,3846.67,33.1609,128,32.00
2026-07-11,16:35:23,41782,4010.00,34.5690,121,32.00
2026-07-11,16:35:33,41792,4160.00,35.8621,121,32.00
2026-07-11,16:35:42,41802,4303.33,37.0977,127,32.00
2026-07-11,16:35:52,41812,4410.00,38.0172,131,32.00
2026-07-11,16:36:02,41822,4486.67,38.6782,134,32.00
2026-07-11,16:36:12,41832,4560.00,39.3103,136,32.00
2026-07-11,16:36:22,41842,4613.33,39.7701,133,32.00
2026-07-11,16:36:32,41852,4660.00,40.1724,132,32.00
2026-07-11,16:36:42,41862,4706.67,40.5747,136,32.00
2026-07-11,16:36:52,41872,4746.67,40.9195,133,32.00
2026-07-11,16:37:02,41882,4776.67,41.1782,135,32.00
2026-07-11,16:37:12,41892,4820.00,41.5517,139,32.00
2026-07-11,16:37:22,41902,4860.00,41.8966,135,32.00
2026-07-11,16:37:32,41912,4913.33,42.3563,138,32.00
2026-07-11,16:37:42,41922,4976.67,42.9023,136,33.00
2026-07-11,16:37:52,41932,5043.33,43.4770,138,33.00
2026-07-11,16:38:02,41942,5093.33,43.9080,134,33.00
2026-07-11,16:38:12,41952,5180.00,44.6552,126,33.00
2026-07-11,16:38:22,41962,5263.33,45.3736,133,32.00
2026-07-11,16:38:32,41972,5330.00,45.9483,130,33.00
2026-07-11,16:38:42,41982,5383.33,46.4080,131,33.00
2026-07-11,16:38:52,41992,5423.33,46.7529,129,33.00
2026-07-11,16:39:02,42002,5463.33,47.0977,133,33.00
2026-07-11,16:39:12,42012,5503.33,47.4425,131,33.00
2026-07-11,16:39:22,42022,5556.67,47.9023,134,33.00
2026-07-11,16:39:32,42032,5603.33,48.3046,133,33.00
2026-07-11,16:39:42,42042,5636.67,48.5920,136,33.00
2026-07-11,16:39:52,42052,5676.67,48.9368,134,33.00
2026-07-11,16:40:02,42062,5716.67,49.2816,136,33.00
2026-07-11,16:40:12,42072,5760.00,49.6552,137,33.00
2026-07-11,16:40:22,42082,5803.33,50.0287,138,33.00
2026-07-11,16:40:32,42092,5846.67,50.4023,140,33.00
2026-07-11,16:40:42,42102,5883.33,50.7184,136,33.00
2026-07-11,16:40:52,42112,5916.67,51.0057,138,33.00
2026-07-11,16:41:02,42122,5940.00,51.2069,141,33.00
2026-07-11,16:41:12,42132,5953.33,51.3218,148,33.00
2026-07-11,16:41:22,42142,6030.00,51.9828,145,33.00
2026-07-11,16:41:32,42152,6063.33,52.2701,144,33.00
2026-07-11,16:41:42,42162,6046.67,52.1264,144,33.00
2026-07-11,16:41:52,42172,6103.33,52.6149,146,33.00
2026-07-11,16:42:02,42182,6116.67,52.7299,144,33.00
2026-07-11,16:42:12,42192,6113.33,52.7011,148,33.00
2026-07-11,16:42:22,42202,6093.33,52.5287,148,33.00
2026-07-11,16:42:32,42212,6073.33,52.3563,150,33.00
2026-07-11,16:42:42,42222,6063.33,52.2701,143,33.00
2026-07-11,16:42:52,42232,6053.33,52.1839,148,33.00
2026-07-11,16:43:02,42242,6050.00,52.1552,145,33.00
2026-07-11,16:43:12,42252,6036.67,52.0402,142,33.00
2026-07-11,16:43:22,42262,6066.67,52.2988,143,33.00
2026-07-11,16:43:32,42272,6120.00,52.7586,141,33.00
2026-07-11,16:43:42,42282,6203.33,53.4770,141,33.00
2026-07-11,16:43:52,42292,6290.00,54.2241,139,33.00
2026-07-11,16:44:02,42302,6436.67,55.4885,144,33.00
2026-07-11,16:44:12,42312,6556.67,56.5230,142,33.00
2026-07-11,16:44:22,42322,6643.33,57.2701,142,33.00
2026-07-11,16:44:32,42332,6716.67,57.9023,144,33.00
2026-07-11,16:44:42,42342,6773.33,58.3908,147,33.00
2026-07-11,16:44:52,42352,6793.33,58.5632,146,33.00
2026-07-11,16:45:02,42362,6786.67,58.5057,150,33.00
2026-07-11,16:45:12,42372,6750.00,58.1897,149,33.00
2026-07-11,16:45:22,42382,6680.00,57.5862,151,33.00
2026-07-11,16:45:32,42392,6573.33,56.6667,141,33.00
2026-07-11,16:45:42,42402,6426.67,55.4023,141,33.00
2026-07-11,16:45:52,42412,6270.00,54.0517,142,33.00
2026-07-11,16:46:02,42422,6130.00,52.8448,128,33.00
2026-07-11,16:46:12,42432,6003.33,51.7529,128,33.00
2026-07-11,16:46:22,42442,5850.00,50.4310,128,33.00
2026-07-11,16:46:32,42452,5643.33,48.6494,130,33.00
2026-07-11,16:46:42,42462,5386.67,46.4368,135,33.00
2026-07-11,16:46:51,42472,5126.67,44.1954,130,33.00
2026-07-11,16:47:01,42482,4880.00,42.0690,132,33.00
2026-07-11,16:47:11,42492,4750.00,40.9483,128,33.00
2026-07-11,16:47:21,42502,4736.67,40.8333,136,33.00
2026-07-11,16:47:31,42512,4783.33,41.2356,125,33.00
2026-07-11,16:47:41,42522,4903.33,42.2701,125,33.00
2026-07-11,16:47:51,42532,5046.67,43.5057,131,33.00
2026-07-11,16:48:01,42542,5186.67,44.7126,134,33.00
2026-07-11,16:48:11,42552,5320.00,45.8621,131,33.00
2026-07-11,16:48:21,42562,5386.67,46.4368,125,33.00
2026-07-11,16:48:31,42572,5386.67,46.4368,127,33.00
2026-07-11,16:48:41,42582,5313.33,45.8046,137,33.00
2026-07-11,16:48:51,42592,5173.33,44.5977,139,33.00
2026-07-11,16:49:01,42602,4970.00,42.8448,137,33.00
2026-07-11,16:49:11,42612,4766.67,41.0920,132,33.00
2026-07-11,16:49:21,42622,4536.67,39.1092,127,33.00
2026-07-11,16:49:31,42632,4300.00,37.0690,135,33.00
2026-07-11,16:49:41,42642,4080.00,35.1724,128,33.00
2026-07-11,16:49:51,42652,3933.33,33.9080,123,33.00
2026-07-11,16:50:01,42662,3783.33,32.6149,130,33.00
2026-07-11,16:50:11,42672,3716.67,32.0402,130,33.00
2026-07-11,16:50:21,42682,3690.00,31.8103,128,33.00
2026-07-11,16:50:31,42692,3666.67,31.6092,129,33.00
2026-07-11,16:50:41,42702,3600.00,31.0345,129,33.00
2026-07-11,16:50:51,42712,3533.33,30.4598,132,33.00
2026-07-11,16:51:01,42722,3446.67,29.7126,125,33.00
2026-07-11,16:51:11,42732,3366.67,29.0230,123,33.00
2026-07-11,16:51:21,42742,3320.00,28.6207,126,33.00
2026-07-11,16:51:31,42752,3330.00,28.7069,129,33.00
2026-07-11,16:51:41,42762,3346.67,28.8506,130,33.00
2026-07-11,16:51:51,42772,3360.00,28.9655,131,33.00
2026-07-11,16:52:01,42782,3396.67,29.2816,124,33.00
2026-07-11,16:52:11,42792,3453.33,29.7701,123,33.00
2026-07-11,16:52:21,42802,3463.33,29.8563,132,33.00
2026-07-11,16:52:31,42812,3500.00,30.1724,136,33.00
2026-07-11,16:52:41,42822,3553.33,30.6322,123,33.00
2026-07-11,16:52:51,42832,3523.33,30.3736,125,33.00
2026-07-11,16:53:01,42842,3496.67,30.1437,122,33.00
2026-07-11,16:53:11,42852,3470.00,29.9138,132,33.00
2026-07-11,16:53:21,42862,3473.33,29.9425,123,33.00
2026-07-11,16:53:31,42872,3473.33,29.9425,122,33.00
2026-07-11,16:53:41,42882,3473.33,29.9425,121,33.00
2026-07-11,16:53:51,42892,3480.00,30.0000,130,33.00
2026-07-11,16:54:01,42902,3486.67,30.0575,127,33.00
2026-07-11,16:54:11,42912,3490.00,30.0862,127,33.00
2026-07-11,16:54:21,42922,3480.00,30.0000,124,33.00
2026-07-11,16:54:31,42932,3443.33,29.6839,125,33.00
2026-07-11,16:54:41,42942,3386.67,29.1954,128,33.00
2026-07-11,16:54:51,42952,3323.33,28.6494,128,33.00
2026-07-11,16:55:01,42962,3246.67,27.9885,126,33.00
2026-07-11,16:55:11,42972,3166.67,27.2988,127,33.00
2026-07-11,16:55:21,42982,3080.00,26.5517,120,33.00
2026-07-11,16:55:31,42992,2990.00,25.7759,125,33.00
2026-07-11,16:55:41,43002,2890.00,24.9138,123,33.00
2026-07-11,16:55:51,43012,2796.67,24.1092,123,33.00
2026-07-11,16:56:01,43022,2683.33,23.1322,119,33.00
2026-07-11,16:56:11,43032,2543.33,21.9253,124,33.00
2026-07-11,16:56:21,43042,2393.33,20.6322,124,33.00
2026-07-11,16:56:31,43052,2230.00,19.2241,121,33.00
2026-07-11,16:56:41,43062,2060.00,17.7586,124,33.00
2026-07-11,16:56:51,43072,1933.33,16.6667,120,33.00
2026-07-11,16:57:01,43082,1816.67,15.6609,128,33.00
2026-07-11,16:57:10,43092,1713.33,14.7701,129,32.00
2026-07-11,16:57:20,43102,1580.00,13.6207,122,33.00
2026-07-11,16:57:30,43112,1446.67,12.4713,126,33.00
2026-07-11,16:57:40,43123,1303.33,11.2356,122,32.00
2026-07-11,16:57:50,43133,1156.67,9.9713,126,32.00
2026-07-11,16:58:00,43143,1030.00,8.8793,126,32.00
2026-07-11,16:58:10,43153,910.00,7.8448,124,32.00
2026-07-11,16:58:20,43163,790.00,6.8103,122,32.00
2026-07-11,16:58:30,43173,696.67,6.0057,130,32.00
2026-07-11,16:58:40,43183,620.00,5.3448,130,32.00
2026-07-11,16:58:50,43193,563.33,4.8563,137,32.00
2026-07-11,16:59:00,43203,523.33,4.5115,128,32.00
2026-07-11,16:59:10,43213,500.00,4.3103,129,32.00
2026-07-11,16:59:20,43223,493.33,4.2529,131,32.00
2026-07-11,16:59:30,43233,506.67,4.3678,132,32.00
2026-07-11,16:59:40,43243,536.67,4.6264,130,32.00
2026-07-11,16:59:50,43253,576.67,4.9713,129,32.00
2026-07-11,17:00:00,43263,616.67,5.3161,136,32.00
2026-07-11,17:00:10,43273,663.33,5.7184,128,32.00
2026-07-11,17:00:20,43283,696.67,6.0057,124,32.00
2026-07-11,17:00:30,43293,723.33,6.2356,127,32.00
2026-07-11,17:00:40,43303,740.00,6.3793,123,32.00
2026-07-11,17:00:50,43313,750.00,6.4655,133,32.00
2026-07-11,17:01:00,43323,746.67,6.4368,128,32.00
2026-07-11,17:01:10,43333,746.67,6.4368,127,32.00
2026-07-11,17:01:20,43343,763.33,6.5805,138,32.00
2026-07-11,17:01:30,43353,853.33,7.3563,130,32.00
2026-07-11,17:01:40,43363,970.00,8.3621,130,32.00
2026-07-11,17:01:50,43373,1056.67,9.1092,134,32.00
2026-07-11,17:02:00,43383,1070.00,9.2241,129,32.00
2026-07-11,17:02:10,43393,1020.00,8.7931,123,32.00
2026-07-11,17:02:20,43403,960.00,8.2759,123,32.00
2026-07-11,17:02:30,43413,916.67,7.9023,136,32.00
2026-07-11,17:02:40,43423,873.33,7.5287,128,32.00
2026-07-11,17:02:50,43433,863.33,7.4425,127,32.00
2026-07-11,17:03:00,43443,833.33,7.1839,123,32.00
2026-07-11,17:03:10,43453,860.00,7.4138,131,32.00
2026-07-11,17:03:20,43463,906.67,7.8161,133,31.00
2026-07-11,17:03:30,43473,953.33,8.2184,127,32.00
2026-07-11,17:03:40,43483,963.33,8.3046,127,32.00
2026-07-11,17:03:50,43493,940.00,8.1034,124,31.00
2026-07-11,17:04:00,43503,896.67,7.7299,128,31.00
2026-07-11,17:04:10,43513,856.67,7.3851,123,31.00
2026-07-11,17:04:20,43523,813.33,7.0115,122,31.00
2026-07-11,17:04:30,43533,780.00,6.7241,137,31.00
2026-07-11,17:04:40,43543,743.33,6.4080,134,31.00
2026-07-11,17:04:50,43553,700.00,6.0345,130,31.00
2026-07-11,17:05:00,43563,660.00,5.6897,122,31.00
2026-07-11,17:05:10,43573,640.00,5.5172,128,31.00
2026-07-11,17:05:20,43583,636.67,5.4885,123,31.00
2026-07-11,17:05:30,43593,663.33,5.7184,128,31.00
2026-07-11,17:05:40,43603,690.00,5.9483,135,31.00
2026-07-11,17:05:50,43613,703.33,6.0632,141,31.00
2026-07-11,17:06:00,43623,706.67,6.0920,122,31.00
2026-07-11,17:06:10,43633,710.00,6.1207,131,31.00
2026-07-11,17:06:20,43643,720.00,6.2069,133,31.00
2026-07-11,17:06:30,43653,746.67,6.4368,128,31.00
2026-07-11,17:06:40,43663,780.00,6.7241,126,31.00
2026-07-11,17:06:50,43673,803.33,6.9253,126,31.00
2026-07-11,17:07:00,43683,820.00,7.0690,123,31.00
2026-07-11,17:07:10,43693,836.67,7.2126,128,31.00
2026-07-11,17:07:20,43703,866.67,7.4713,127,31.00
2026-07-11,17:07:30,43713,883.33,7.6149,124,31.00
2026-07-11,17:07:39,43723,910.00,7.8448,125,31.00
2026-07-11,17:07:49,43733,953.33,8.2184,129,31.00
2026-07-11,17:07:59,43743,996.67,8.5920,135,31.00
2026-07-11,17:08:09,43753,1030.00,8.8793,134,31.00
2026-07-11,17:08:19,43763,1060.00,9.1379,132,31.00
2026-07-11,17:08:29,43773,1103.33,9.5115,125,31.00
2026-07-11,17:08:39,43783,1160.00,10.0000,122,31.00
2026-07-11,17:08:49,43793,1226.67,10.5747,130,31.00
2026-07-11,17:08:59,43803,1286.67,11.0920,128,31.00
2026-07-11,17:09:09,43813,1333.33,11.4943,125,31.00
2026-07-11,17:09:19,43823,1373.33,11.8391,128,31.00
2026-07-11,17:09:29,43833,1433.33,12.3563,126,31.00
2026-07-11,17:09:39,43843,1503.33,12.9598,130,31.00
2026-07-11,17:09:49,43853,1580.00,13.6207,131,31.00
2026-07-11,17:09:59,43863,1653.33,14.2529,138,31.00
2026-07-11,17:10:09,43873,1723.33,14.8563,135,31.00
2026-07-11,17:10:19,43883,1753.33,15.1149,130,31.00
2026-07-11,17:10:29,43893,1776.67,15.3161,129,31.00
2026-07-11,17:10:39,43903,1786.67,15.4023,131,31.00
2026-07-11,17:10:49,43913,1793.33,15.4598,127,31.00
2026-07-11,17:10:59,43923,1803.33,15.5460,129,31.00
2026-07-11,17:11:09,43933,1820.00,15.6897,125,31.00
2026-07-11,17:11:19,43943,1843.33,15.8908,122,31.00
2026-07-11,17:11:29,43953,1873.33,16.1494,134,31.00
2026-07-11,17:11:39,43963,1903.33,16.4080,129,31.00
2026-07-11,17:11:49,43973,1933.33,16.6667,121,31.00
2026-07-11,17:11:59,43983,1946.67,16.7816,124,31.00
2026-07-11,17:12:09,43993,1956.67,16.8678,121,31.00
2026-07-11,17:12:19,44003,1970.00,16.9828,120,31.00
2026-07-11,17:12:29,44013,1996.67,17.2126,131,31.00
2026-07-11,17:12:39,44023,2033.33,17.5287,124,31.00
2026-07-11,17:12:49,44033,2073.33,17.8736,128,31.00
2026-07-11,17:12:59,44043,2133.33,18.3908,126,31.00
2026-07-11,17:13:09,44053,2173.33,18.7356,130,31.00
2026-07-11,17:13:19,44063,2193.33,18.9080,132,31.00
2026-07-11,17:13:29,44073,2196.67,18.9368,132,31.00
2026-07-11,17:13:39,44083,2180.00,18.7931,126,31.00
2026-07-11,17:13:49,44093,2146.67,18.5057,130,31.00
2026-07-11,17:13:59,44103,2096.67,18.0747,129,31.00
2026-07-11,17:14:09,44113,2046.67,17.6437,129,31.00
2026-07-11,17:14:19,44123,2003.33,17.2701,127,31.00
2026-07-11,17:14:29,44133,1973.33,17.0115,127,31.00
2026-07-11,17:14:39,44143,1960.00,16.8966,121,31.00
2026-07-11,17:14:49,44153,1953.33,16.8391,126,31.00
2026-07-11,17:14:59,44163,1943.33,16.7529,121,31.00
2026-07-11,17:15:09,44173,1930.00,16.6379,123,31.00
2026-07-11,17:15:19,44183,1913.33,16.4943,125,31.00
2026-07-11,17:15:29,44193,1893.33,16.3218,125,31.00
2026-07-11,17:15:39,44203,1873.33,16.1494,127,31.00
2026-07-11,17:15:49,44213,1840.00,15.8621,130,31.00
2026-07-11,17:15:59,44223,1803.33,15.5460,122,31.00
2026-07-11,17:16:09,44233,1763.33,15.2011,123,31.00
2026-07-11,17:16:19,44243,1723.33,14.8563,125,31.00
2026-07-11,17:16:29,44253,1680.00,14.4828,125,31.00
2026-07-11,17:16:39,44263,1660.00,14.3103,127,31.00
2026-07-11,17:16:49,44273,1640.00,14.1379,126,31.00
2026-07-11,17:16:59,44283,1613.33,13.9080,125,31.00
2026-07-11,17:17:09,44293,1590.00,13.7069,120,31.00
2026-07-11,17:17:19,44303,1560.00,13.4483,121,31.00
2026-07-11,17:17:29,44313,1550.00,13.3621,120,31.00
2026-07-11,17:17:39,44323,1543.33,13.3046,126,31.00
2026-07-11,17:17:49,44333,1536.67,13.2471,127,31.00
2026-07-11,17:17:59,44343,1516.67,13.0747,126,31.00
2026-07-11,17:18:09,44353,1503.33,12.9598,128,31.00
2026-07-11,17:18:18,44363,1483.33,12.7874,126,31.00
2026-07-11,17:18:28,44373,1453.33,12.5287,131,31.00
2026-07-11,17:18:38,44383,1420.00,12.2414,127,31.00
2026-07-11,17:18:48,44393,1390.00,11.9828,124,31.00
2026-07-11,17:18:58,44403,1356.67,11.6954,133,31.00
2026-07-11,17:19:08,44413,1340.00,11.5517,132,31.00
2026-07-11,17:19:18,44423,1336.67,11.5230,134,31.00
2026-07-11,17:19:28,44433,1343.33,11.5805,137,31.00
2026-07-11,17:19:38,44443,1350.00,11.6379,130,31.00
2026-07-11,17:19:48,44453,1373.33,11.8391,125,31.00
2026-07-11,17:19:58,44463,1396.67,12.0402,134,31.00
2026-07-11,17:20:08,44473,1406.67,12.1264,119,31.00
2026-07-11,17:20:18,44483,1416.67,12.2126,124,31.00
2026-07-11,17:20:28,44493,1416.67,12.2126,128,31.00
2026-07-11,17:20:38,44503,1396.67,12.0402,128,31.00
2026-07-11,17:20:48,44513,1366.67,11.7816,125,31.00
2026-07-11,17:20:58,44523,1326.67,11.4368,128,31.00
2026-07-11,17:21:08,44533,1286.67,11.0920,126,31.00
2026-07-11,17:21:18,44543,1223.33,10.5460,122,31.00
2026-07-11,17:21:28,44553,1180.00,10.1724,130,31.00
2026-07-11,17:21:38,44563,1136.67,9.7989,123,31.00
2026-07-11,17:21:48,44573,1106.67,9.5402,122,31.00
2026-07-11,17:21:58,44583,1080.00,9.3103,129,31.00
2026-07-11,17:22:08,44593,1046.67,9.0230,130,31.00
2026-07-11,17:22:18,44603,1010.00,8.7069,132,31.00
2026-07-11,17:22:28,44613,983.33,8.4770,122,31.00
2026-07-11,17:22:38,44623,950.00,8.1897,120,31.00
2026-07-11,17:22:48,44633,913.33,7.8736,125,31.00
2026-07-11,17:22:58,44643,873.33,7.5287,125,31.00
2026-07-11,17:23:08,44653,820.00,7.0690,125,31.00
2026-07-11,17:23:18,44663,776.67,6.6954,121,31.00
2026-07-11,17:23:28,44673,736.67,6.3506,126,31.00
2026-07-11,17:23:38,44683,700.00,6.0345,121,31.00
2026-07-11,17:23:48,44693,660.00,5.6897,124,31.00
2026-07-11,17:23:58,44703,623.33,5.3736,132,31.00
2026-07-11,17:24:08,44713,596.67,5.1437,128,31.00
2026-07-11,17:24:18,44723,590.00,5.0862,125,31.00
2026-07-11,17:24:28,44733,596.67,5.1437,125,31.00
2026-07-11,17:24:38,44743,610.00,5.2586,129,31.00
2026-07-11,17:24:48,44753,623.33,5.3736,121,31.00
2026-07-11,17:24:58,44763,630.00,5.4310,132,30.00
2026-07-11,17:25:08,44773,640.00,5.5172,126,31.00
2026-07-11,17:25:18,44783,643.33,5.5460,127,30.00
2026-07-11,17:25:28,44793,650.00,5.6034,123,30.00
2026-07-11,17:25:38,44803,646.67,5.5747,129,31.00
2026-07-11,17:25:48,44813,646.67,5.5747,130,30.00
2026-07-11,17:25:58,44823,636.67,5.4885,123,30.00
2026-07-11,17:26:08,44833,626.67,5.4023,131,31.00
2026-07-11,17:26:18,44843,613.33,5.2874,129,30.00
2026-07-11,17:26:28,44853,606.67,5.2299,130,30.00
2026-07-11,17:26:38,44863,600.00,5.1724,128,30.00
2026-07-11,17:26:48,44873,596.67,5.1437,135,30.00
2026-07-11,17:26:58,44883,590.00,5.0862,120,30.00
2026-07-11,17:27:08,44893,590.00,5.0862,127,30.00
2026-07-11,17:27:18,44903,596.67,5.1437,126,30.00
2026-07-11,17:27:28,44913,613.33,5.2874,131,30.00
2026-07-11,17:27:38,44923,616.67,5.3161,128,30.00
2026-07-11,17:27:48,44933,616.67,5.3161,127,30.00
2026-07-11,17:27:58,44943,620.00,5.3448,129,30.00
2026-07-11,17:28:08,44953,626.67,5.4023,129,30.00
2026-07-11,17:28:18,44963,633.33,5.4598,136,30.00
2026-07-11,17:28:28,44973,643.33,5.5460,127,30.00
2026-07-11,17:28:37,44983,646.67,5.5747,126,30.00
2026-07-11,17:28:47,44993,656.67,5.6609,120,30.00
2026-07-11,17:28:57,45003,656.67,5.6609,122,30.00
2026-07-11,17:29:07,45013,666.67,5.7471,123,30.00
2026-07-11,17:29:17,45023,683.33,5.8908,126,30.00
2026-07-11,17:29:27,45033,706.67,6.0920,123,30.00
2026-07-11,17:29:37,45043,730.00,6.2931,128,30.00
2026-07-11,17:29:47,45053,750.00,6.4655,120,30.00
2026-07-11,17:29:57,45063,766.67,6.6092,130,30.00
2026-07-11,17:30:07,45073,783.33,6.7529,128,30.00
2026-07-11,17:30:17,45083,793.33,6.8391,128,30.00
2026-07-11,17:30:27,45093,803.33,6.9253,114,30.00
2026-07-11,17:30:37,45103,796.67,6.8678,126,30.00
2026-07-11,17:30:47,45113,793.33,6.8391,122,30.00
2026-07-11,17:30:57,45123,790.00,6.8103,122,30.00
2026-07-11,17:31:07,45133,790.00,6.8103,126,30.00
2026-07-11,17:31:17,45143,786.67,6.7816,129,30.00
2026-07-11,17:31:27,45153,786.67,6.7816,135,30.00
2026-07-11,17:31:37,45163,783.33,6.7529,134,30.00
2026-07-11,17:31:47,45173,770.00,6.6379,129,30.00
2026-07-11,17:31:57,45183,746.67,6.4368,125,30.00
2026-07-11,17:32:07,45193,713.33,6.1494,123,30.00
2026-07-11,17:32:17,45203,666.67,5.7471,132,30.00
2026-07-11,17:32:27,45213,613.33,5.2874,129,30.00
2026-07-11,17:32:37,45223,563.33,4.8563,123,30.00
2026-07-11,17:32:47,45233,533.33,4.5977,125,30.00
2026-07-11,17:32:57,45243,506.67,4.3678,127,30.00
2026-07-11,17:33:07,45253,486.67,4.1954,130,30.00
2026-07-11,17:33:17,45263,470.00,4.0517,132,30.00
2026-07-11,17:33:27,45273,463.33,3.9943,129,30.00
2026-07-11,17:33:37,45283,463.33,3.9943,128,30.00
2026-07-11,17:33:47,45293,456.67,3.9368,132,30.00
2026-07-11,17:33:57,45303,456.67,3.9368,132,30.00
2026-07-11,17:34:07,45313,446.67,3.8506,135,30.00
2026-07-11,17:34:17,45323,433.33,3.7356,130,30.00
2026-07-11,17:34:27,45333,430.00,3.7069,133,30.00
2026-07-11,17:34:37,45343,433.33,3.7356,131,30.00
2026-07-11,17:34:47,45353,436.67,3.7644,134,30.00
2026-07-11,17:34:57,45363,440.00,3.7931,134,30.00
2026-07-11,17:35:07,45373,440.00,3.7931,138,30.00
2026-07-11,17:35:17,45383,430.00,3.7069,131,30.00
2026-07-11,17:35:27,45393,426.67,3.6782,127,30.00
2026-07-11,17:35:37,45403,440.00,3.7931,130,30.00
2026-07-11,17:35:47,45413,466.67,4.0230,132,30.00
2026-07-11,17:35:57,45423,506.67,4.3678,133,30.00
2026-07-11,17:36:07,45433,570.00,4.9138,129,30.00
2026-07-11,17:36:17,45443,636.67,5.4885,132,30.00
2026-07-11,17:36:27,45453,706.67,6.0920,137,30.00
2026-07-11,17:36:37,45463,766.67,6.6092,141,30.00
2026-07-11,17:36:47,45473,820.00,7.0690,135,30.00
2026-07-11,17:36:57,45483,880.00,7.5862,129,30.00
2026-07-11,17:37:07,45493,930.00,8.0172,129,30.00
2026-07-11,17:37:17,45503,983.33,8.4770,140,30.00
2026-07-11,17:37:27,45513,1033.33,8.9080,127,30.00
2026-07-11,17:37:37,45523,1076.67,9.2816,128,30.00
2026-07-11,17:37:47,45533,1110.00,9.5690,128,30.00
2026-07-11,17:37:57,45543,1140.00,9.8276,125,30.00
2026-07-11,17:38:07,45553,1146.67,9.8851,138,30.00
2026-07-11,17:38:17,45563,1133.33,9.7701,130,30.00
2026-07-11,17:38:27,45573,1110.00,9.5690,122,30.00
2026-07-11,17:38:37,45583,1083.33,9.3391,130,30.00
2026-07-11,17:38:47,45593,1066.67,9.1954,124,31.00
2026-07-11,17:38:57,45603,1046.67,9.0230,128,30.00
2026-07-11,17:39:06,45613,1043.33,8.9943,127,30.00
2026-07-11,17:39:16,45623,1030.00,8.8793,123,30.00
2026-07-11,17:39:26,45633,1016.67,8.7644,121,30.00
2026-07-11,17:39:36,45643,1020.00,8.7931,125,30.00
2026-07-11,17:39:46,45653,1026.67,8.8506,128,30.00
2026-07-11,17:39:56,45663,1016.67,8.7644,133,31.00
2026-07-11,17:40:06,45673,1003.33,8.6494,121,30.00
2026-07-11,17:40:16,45683,986.67,8.5057,120,30.00
2026-07-11,17:40:26,45693,960.00,8.2759,116,30.00
2026-07-11,17:40:36,45703,926.67,7.9885,126,30.00
2026-07-11,17:40:46,45713,900.00,7.7586,132,30.00
2026-07-11,17:40:56,45723,873.33,7.5287,126,30.00
2026-07-11,17:41:06,45733,853.33,7.3563,128,30.00
2026-07-11,17:41:16,45743,830.00,7.1552,127,30.00
2026-07-11,17:41:26,45753,853.33,7.3563,129,30.00
2026-07-11,17:41:36,45763,833.33,7.1839,125,30.00
2026-07-11,17:41:46,45773,800.00,6.8966,126,30.00
2026-07-11,17:41:56,45783,756.67,6.5230,124,30.00
2026-07-11,17:42:06,45793,703.33,6.0632,124,30.00
2026-07-11,17:42:16,45803,643.33,5.5460,126,30.00
2026-07-11,17:42:26,45813,586.67,5.0575,128,30.00
2026-07-11,17:42:36,45823,540.00,4.6552,131,30.00
2026-07-11,17:42:46,45833,510.00,4.3966,125,30.00
2026-07-11,17:42:56,45843,500.00,4.3103,131,30.00
2026-07-11,17:43:06,45853,496.67,4.2816,138,30.00
2026-07-11,17:43:16,45863,496.67,4.2816,132,30.00
2026-07-11,17:43:26,45873,496.67,4.2816,133,30.00
2026-07-11,17:43:36,45883,490.00,4.2241,135,30.00
2026-07-11,17:43:46,45893,500.00,4.3103,128,30.00
2026-07-11,17:43:56,45903,506.67,4.3678,131,30.00
2026-07-11,17:44:06,45913,513.33,4.4253,131,30.00
2026-07-11,17:44:16,45923,503.33,4.3391,131,30.00
2026-07-11,17:44:26,45933,496.67,4.2816,136,30.00
2026-07-11,17:44:36,45943,480.00,4.1379,136,30.00
2026-07-11,17:44:46,45953,463.33,3.9943,121,30.00
2026-07-11,17:44:56,45963,440.00,3.7931,132,30.00
2026-07-11,17:45:06,45973,430.00,3.7069,133,30.00
2026-07-11,17:45:16,45983,426.67,3.6782,130,30.00
2026-07-11,17:45:26,45993,396.67,3.4195,125,30.00
2026-07-11,17:45:36,46003,380.00,3.2759,129,30.00
2026-07-11,17:45:46,46013,360.00,3.1034,122,30.00
2026-07-11,17:45:56,46023,346.67,2.9885,128,30.00
2026-07-11,17:46:06,46033,330.00,2.8448,133,30.00
2026-07-11,17:46:16,46043,310.00,2.6724,129,30.00
2026-07-11,17:46:26,46053,303.33,2.6149,128,30.00
2026-07-11,17:46:36,46063,303.33,2.6149,137,30.00
2026-07-11,17:46:46,46073,306.67,2.6437,138,30.00
2026-07-11,17:46:56,46083,310.00,2.6724,121,30.00
2026-07-11,17:47:06,46093,313.33,2.7011,129,30.00
2026-07-11,17:47:16,46103,306.67,2.6437,126,30.00
2026-07-11,17:47:26,46113,306.67,2.6437,136,30.00
2026-07-11,17:47:36,46123,300.00,2.5862,131,30.00
2026-07-11,17:47:46,46133,290.00,2.5000,131,30.00
2026-07-11,17:47:56,46143,283.33,2.4425,129,30.00
2026-07-11,17:48:06,46153,283.33,2.4425,130,30.00
2026-07-11,17:48:16,46163,280.00,2.4138,134,30.00
2026-07-11,17:48:26,46173,276.67,2.3851,136,30.00
2026-07-11,17:48:36,46183,276.67,2.3851,126,30.00
2026-07-11,17:48:46,46193,276.67,2.3851,127,30.00
2026-07-11,17:48:55,46203,280.00,2.4138,131,30.00
2026-07-11,17:49:05,46213,276.67,2.3851,132,30.00
2026-07-11,17:49:15,46223,270.00,2.3276,130,30.00
2026-07-11,17:49:25,46233,263.33,2.2701,131,30.00
2026-07-11,17:49:35,46243,250.00,2.1552,125,30.00
2026-07-11,17:49:45,46253,240.00,2.0690,131,30.00
2026-07-11,17:49:55,46263,233.33,2.0115,127,30.00
2026-07-11,17:50:05,46273,226.67,1.9540,129,30.00
2026-07-11,17:50:15,46283,220.00,1.8966,133,30.00
2026-07-11,17:50:25,46293,216.67,1.8678,128,30.00
2026-07-11,17:50:35,46303,213.33,1.8391,134,30.00
2026-07-11,17:50:45,46313,213.33,1.8391,130,30.00
2026-07-11,17:50:55,46323,216.67,1.8678,134,30.00
2026-07-11,17:51:05,46333,226.67,1.9540,128,30.00
2026-07-11,17:51:15,46343,233.33,2.0115,128,30.00
2026-07-11,17:51:25,46353,243.33,2.0977,129,30.00
2026-07-11,17:51:35,46363,250.00,2.1552,129,30.00
2026-07-11,17:51:45,46373,253.33,2.1839,124,30.00
2026-07-11,17:51:55,46383,253.33,2.1839,129,30.00
2026-07-11,17:52:05,46393,253.33,2.1839,132,30.00
2026-07-11,17:52:15,46403,250.00,2.1552,132,30.00
2026-07-11,17:52:25,46413,243.33,2.0977,140,30.00
2026-07-11,17:52:35,46423,243.33,2.0977,130,30.00
2026-07-11,17:52:45,46433,246.67,2.1264,133,30.00
2026-07-11,17:52:55,46443,250.00,2.1552,134,30.00
2026-07-11,17:53:05,46453,253.33,2.1839,133,30.00
2026-07-11,17:53:15,46463,250.00,2.1552,135,30.00
2026-07-11,17:53:25,46473,243.33,2.0977,136,30.00
2026-07-11,17:53:35,46483,236.67,2.0402,130,30.00
2026-07-11,17:53:45,46493,233.33,2.0115,134,30.00
2026-07-11,17:53:55,46503,230.00,1.9828,132,30.00
2026-07-11,17:54:05,46513,233.33,2.0115,130,30.00
2026-07-11,17:54:15,46523,230.00,1.9828,136,30.00
2026-07-11,17:54:25,46533,236.67,2.0402,138,30.00
2026-07-11,17:54:35,46543,240.00,2.0690,135,30.00
2026-07-11,17:54:45,46553,246.67,2.1264,133,30.00
2026-07-11,17:54:55,46563,250.00,2.1552,133,30.00
2026-07-11,17:55:05,46573,246.67,2.1264,137,30.00
2026-07-11,17:55:15,46583,240.00,2.0690,131,30.00
2026-07-11,17:55:25,46593,233.33,2.0115,135,30.00
2026-07-11,17:55:35,46603,226.67,1.9540,132,30.00
2026-07-11,17:55:45,46613,223.33,1.9253,134,30.00
2026-07-11,17:55:55,46623,216.67,1.8678,130,30.00
2026-07-11,17:56:05,46633,210.00,1.8103,132,30.00
2026-07-11,17:56:15,46643,200.00,1.7241,122,30.00
2026-07-11,17:56:25,46653,193.33,1.6667,130,30.00
2026-07-11,17:56:35,46663,190.00,1.6379,128,30.00
2026-07-11,17:56:45,46673,190.00,1.6379,135,30.00
2026-07-11,17:56:55,46683,196.67,1.6954,133,30.00
2026-07-11,17:57:05,46693,203.33,1.7529,140,30.00
2026-07-11,17:57:15,46703,203.33,1.7529,132,30.00
2026-07-11,17:57:25,46713,206.67,1.7816,132,30.00
2026-07-11,17:57:35,46723,213.33,1.8391,137,30.00
2026-07-11,17:57:45,46733,216.67,1.8678,131,30.00
2026-07-11,17:57:55,46743,213.33,1.8391,127,30.00
2026-07-11,17:58:05,46753,213.33,1.8391,129,30.00
2026-07-11,17:58:15,46763,206.67,1.7816,127,30.00
2026-07-11,17:58:25,46773,203.33,1.7529,124,30.00
2026-07-11,17:58:35,46783,200.00,1.7241,131,30.00
2026-07-11,17:58:45,46793,203.33,1.7529,135,30.00
2026-07-11,17:58:55,46803,206.67,1.7816,131,30.00
2026-07-11,17:59:05,46813,206.67,1.7816,129,30.00
2026-07-11,17:59:15,46823,213.33,1.8391,130,30.00
2026-07-11,17:59:24,46833,223.33,1.9253,128,30.00
2026-07-11,17:59:34,46843,236.67,2.0402,130,30.00
2026-07-11,17:59:44,46853,250.00,2.1552,132,30.00
2026-07-11,17:59:54,46863,260.00,2.2414,128,30.00
2026-07-11,18:00:04,46873,266.67,2.2989,134,30.00
2026-07-11,18:00:14,46883,266.67,2.2989,133,30.00
2026-07-11,18:00:24,46893,253.33,2.1839,132,30.00
2026-07-11,18:00:34,46903,240.00,2.0690,135,30.00
2026-07-11,18:00:44,46913,230.00,1.9828,136,30.00
2026-07-11,18:00:54,46923,220.00,1.8966,129,30.00
2026-07-11,18:01:04,46933,206.67,1.7816,120,30.00
2026-07-11,18:01:14,46943,186.67,1.6092,129,30.00
2026-07-11,18:01:24,46953,166.67,1.4368,126,30.00
2026-07-11,18:01:34,46963,150.00,1.2931,129,30.00
2026-07-11,18:01:44,46973,140.00,1.2069,135,30.00
2026-07-11,18:01:54,46983,133.33,1.1494,126,30.00
2026-07-11,18:02:04,46993,130.00,1.1207,127,30.00
2026-07-11,18:02:14,47003,133.33,1.1494,131,30.00
2026-07-11,18:02:24,47013,140.00,1.2069,137,30.00
2026-07-11,18:02:34,47023,146.67,1.2644,136,30.00
2026-07-11,18:02:44,47033,160.00,1.3793,129,30.00
2026-07-11,18:02:54,47043,170.00,1.4655,134,30.00
2026-07-11,18:03:04,47053,180.00,1.5517,136,30.00
2026-07-11,18:03:14,47063,180.00,1.5517,131,30.00
2026-07-11,18:03:24,47073,176.67,1.5230,132,30.00
2026-07-11,18:03:34,47083,186.67,1.6092,127,30.00
2026-07-11,18:03:44,47093,193.33,1.6667,124,30.00
2026-07-11,18:03:54,47103,200.00,1.7241,131,30.00
2026-07-11,18:04:04,47113,210.00,1.8103,132,30.00
2026-07-11,18:04:14,47123,210.00,1.8103,128,30.00
2026-07-11,18:04:24,47133,213.33,1.8391,135,30.00
2026-07-11,18:04:34,47143,216.67,1.8678,138,30.00
2026-07-11,18:04:44,47153,216.67,1.8678,132,30.00
2026-07-11,18:04:54,47163,213.33,1.8391,126,30.00
2026-07-11,18:05:04,47173,213.33,1.8391,128,30.00
2026-07-11,18:05:14,47183,213.33,1.8391,125,30.00
2026-07-11,18:05:24,47193,210.00,1.8103,137,30.00
2026-07-11,18:05:34,47203,206.67,1.7816,123,30.00
2026-07-11,18:05:44,47213,206.67,1.7816,141,30.00
2026-07-11,18:05:54,47223,210.00,1.8103,135,30.00
2026-07-11,18:06:04,47233,220.00,1.8966,130,30.00
2026-07-11,18:06:14,47243,223.33,1.9253,125,30.00
2026-07-11,18:06:24,47253,226.67,1.9540,119,30.00
2026-07-11,18:06:34,47263,236.67,2.0402,129,30.00
2026-07-11,18:06:44,47273,256.67,2.2126,123,30.00
2026-07-11,18:06:54,47283,266.67,2.2989,127,30.00
2026-07-11,18:07:04,47293,276.67,2.3851,124,30.00
2026-07-11,18:07:14,47303,283.33,2.4425,131,30.00
2026-07-11,18:07:24,47313,290.00,2.5000,135,30.00
2026-07-11,18:07:34,47323,303.33,2.6149,126,30.00
2026-07-11,18:07:44,47333,333.33,2.8736,126,30.00
2026-07-11,18:07:54,47343,376.67,3.2471,130,30.00
2026-07-11,18:08:04,47353,446.67,3.8506,144,30.00
2026-07-11,18:08:14,47363,506.67,4.3678,134,30.00
2026-07-11,18:08:24,47373,553.33,4.7701,132,30.00
2026-07-11,18:08:34,47383,570.00,4.9138,125,30.00
2026-07-11,18:08:44,47393,580.00,5.0000,122,30.00
2026-07-11,18:08:54,47403,583.33,5.0287,119,30.00
2026-07-11,18:09:04,47413,593.33,5.1149,133,30.00
2026-07-11,18:09:14,47423,603.33,5.2011,122,30.00
2026-07-11,18:09:24,47433,630.00,5.4310,128,30.00
2026-07-11,18:09:34,47443,646.67,5.5747,127,30.00
2026-07-11,18:09:43,47453,650.00,5.6034,126,30.00
2026-07-11,18:09:53,47463,630.00,5.4310,129,30.00
2026-07-11,18:10:03,47473,613.33,5.2874,131,30.00
2026-07-11,18:10:13,47483,613.33,5.2874,137,30.00
2026-07-11,18:10:23,47493,633.33,5.4598,128,30.00
2026-07-11,18:10:33,47503,650.00,5.6034,130,30.00
2026-07-11,18:10:43,47513,650.00,5.6034,128,30.00
2026-07-11,18:10:53,47523,640.00,5.5172,127,30.00
2026-07-11,18:11:03,47533,643.33,5.5460,134,30.00
2026-07-11,18:11:13,47543,640.00,5.5172,129,30.00
2026-07-11,18:11:23,47553,640.00,5.5172,126,30.00
2026-07-11,18:11:33,47563,626.67,5.4023,132,30.00
2026-07-11,18:11:43,47573,603.33,5.2011,132,30.00
2026-07-11,18:11:53,47583,576.67,4.9713,128,30.00
2026-07-11,18:12:03,47593,573.33,4.9425,130,30.00
2026-07-11,18:12:13,47603,583.33,5.0287,130,30.00
2026-07-11,18:12:23,47613,583.33,5.0287,131,30.00
2026-07-11,18:12:33,47623,573.33,4.9425,127,30.00
2026-07-11,18:12:43,47633,550.00,4.7414,121,30.00
2026-07-11,18:12:53,47643,526.67,4.5402,125,30.00
2026-07-11,18:13:03,47653,496.67,4.2816,121,30.00
2026-07-11,18:13:13,47663,463.33,3.9943,118,30.00
2026-07-11,18:13:23,47673,443.33,3.8218,122,30.00
2026-07-11,18:13:33,47683,436.67,3.7644,134,30.00
2026-07-11,18:13:43,47693,443.33,3.8218,133,30.00
2026-07-11,18:13:53,47703,443.33,3.8218,135,30.00
2026-07-11,18:14:03,47713,440.00,3.7931,130,30.00
2026-07-11,18:14:13,47723,446.67,3.8506,133,30.00
2026-07-11,18:14:23,47733,450.00,3.8793,132,30.00
2026-07-11,18:14:33,47743,446.67,3.8506,132,30.00
2026-07-11,18:14:43,47753,446.67,3.8506,132,30.00
2026-07-11,18:14:53,47763,440.00,3.7931,131,30.00
2026-07-11,18:15:03,47773,430.00,3.7069,123,30.00
2026-07-11,18:15:13,47783,400.00,3.4483,132,30.00
2026-07-11,18:15:23,47793,376.67,3.2471,138,30.00
2026-07-11,18:15:33,47803,353.33,3.0460,131,30.00
2026-07-11,18:15:43,47813,343.33,2.9598,138,30.00
2026-07-11,18:15:53,47823,340.00,2.9310,136,30.00
2026-07-11,18:16:03,47833,346.67,2.9885,137,30.00
2026-07-11,18:16:13,47843,353.33,3.0460,135,30.00
2026-07-11,18:16:23,47853,353.33,3.0460,127,30.00
2026-07-11,18:16:33,47863,350.00,3.0172,128,30.00
2026-07-11,18:16:43,47873,340.00,2.9310,130,30.00
2026-07-11,18:16:53,47883,323.33,2.7874,126,29.00
2026-07-11,18:17:03,47893,310.00,2.6724,136,29.00
2026-07-11,18:17:13,47903,293.33,2.5287,127,30.00
2026-07-11,18:17:23,47913,286.67,2.4713,136,30.00
2026-07-11,18:17:33,47923,290.00,2.5000,128,30.00
2026-07-11,18:17:43,47933,303.33,2.6149,129,30.00
2026-07-11,18:17:53,47943,310.00,2.6724,125,29.00
2026-07-11,18:18:03,47953,320.00,2.7586,121,30.00
2026-07-11,18:18:13,47963,326.67,2.8161,124,30.00
2026-07-11,18:18:23,47973,326.67,2.8161,129,30.00
2026-07-11,18:18:33,47983,326.67,2.8161,125,30.00
2026-07-11,18:18:43,47993,323.33,2.7874,122,30.00
2026-07-11,18:18:53,48003,323.33,2.7874,134,29.00
2026-07-11,18:19:03,48013,323.33,2.7874,136,30.00
2026-07-11,18:19:13,48023,323.33,2.7874,134,29.00
2026-07-11,18:19:23,48033,323.33,2.7874,130,30.00
2026-07-11,18:19:33,48043,326.67,2.8161,126,30.00
2026-07-11,18:19:42,48053,330.00,2.8448,126,30.00
2026-07-11,18:19:52,48063,333.33,2.8736,127,29.00
2026-07-11,18:20:02,48073,340.00,2.9310,132,30.00
2026-07-11,18:20:12,48083,340.00,2.9310,127,30.00
2026-07-11,18:20:22,48093,336.67,2.9023,132,29.00
2026-07-11,18:20:32,48103,330.00,2.8448,123,29.00
2026-07-11,18:20:42,48113,323.33,2.7874,131,30.00
2026-07-11,18:20:52,48123,316.67,2.7299,132,30.00
2026-07-11,18:21:02,48133,310.00,2.6724,133,29.00
2026-07-11,18:21:12,48143,310.00,2.6724,131,29.00
2026-07-11,18:21:22,48153,303.33,2.6149,134,30.00
2026-07-11,18:21:32,48163,296.67,2.5575,137,29.00
2026-07-11,18:21:42,48173,286.67,2.4713,128,29.00
2026-07-11,18:21:52,48183,273.33,2.3563,131,30.00
2026-07-11,18:22:02,48193,270.00,2.3276,131,29.00
2026-07-11,18:22:12,48203,273.33,2.3563,135,30.00
2026-07-11,18:22:22,48213,283.33,2.4425,138,29.00
2026-07-11,18:22:32,48223,286.67,2.4713,134,30.00
2026-07-11,18:22:42,48233,290.00,2.5000,126,30.00
2026-07-11,18:22:52,48243,286.67,2.4713,123,29.00
2026-07-11,18:23:02,48253,280.00,2.4138,132,29.00
2026-07-11,18:23:12,48263,270.00,2.3276,123,29.00
2026-07-11,18:23:22,48273,260.00,2.2414,130,29.00
2026-07-11,18:23:32,48283,253.33,2.1839,122,29.00
2026-07-11,18:23:42,48293,256.67,2.2126,126,29.00
2026-07-11,18:23:52,48303,260.00,2.2414,130,29.00
2026-07-11,18:24:02,48313,263.33,2.2701,129,29.00
2026-07-11,18:24:12,48323,256.67,2.2126,131,29.00
2026-07-11,18:24:22,48333,250.00,2.1552,129,29.00
2026-07-11,18:24:32,48343,240.00,2.0690,123,29.00
2026-07-11,18:24:42,48353,233.33,2.0115,119,29.00
2026-07-11,18:24:52,48363,226.67,1.9540,125,29.00
2026-07-11,18:25:02,48373,226.67,1.9540,125,29.00
2026-07-11,18:25:12,48383,226.67,1.9540,127,29.00
2026-07-11,18:25:22,48393,226.67,1.9540,129,29.00
2026-07-11,18:25:32,48403,226.67,1.9540,127,29.00
2026-07-11,18:25:42,48413,226.67,1.9540,138,29.00
2026-07-11,18:25:52,48423,223.33,1.9253,128,29.00
2026-07-11,18:26:02,48433,223.33,1.9253,133,29.00
2026-07-11,18:26:12,48443,226.67,1.9540,123,29.00
2026-07-11,18:26:22,48453,226.67,1.9540,133,29.00
2026-07-11,18:26:32,48463,226.67,1.9540,131,29.00
2026-07-11,18:26:42,48473,226.67,1.9540,131,29.00
2026-07-11,18:26:52,48483,226.67,1.9540,129,29.00
2026-07-11,18:27:02,48493,223.33,1.9253,125,29.00
2026-07-11,18:27:12,48503,213.33,1.8391,118,29.00
2026-07-11,18:27:22,48513,213.33,1.8391,132,30.00
2026-07-11,18:27:32,48523,216.67,1.8678,118,29.00
2026-07-11,18:27:42,48533,223.33,1.9253,132,29.00
2026-07-11,18:27:52,48543,223.33,1.9253,129,29.00
2026-07-11,18:28:02,48553,223.33,1.9253,129,29.00
2026-07-11,18:28:12,48563,220.00,1.8966,125,29.00
2026-07-11,18:28:22,48573,216.67,1.8678,119,29.00
2026-07-11,18:28:32,48583,213.33,1.8391,124,29.00
2026-07-11,18:28:42,48593,210.00,1.8103,124,29.00
2026-07-11,18:28:52,48603,206.67,1.7816,129,29.00
2026-07-11,18:29:02,48613,203.33,1.7529,136,29.00
2026-07-11,18:29:12,48623,196.67,1.6954,121,29.00
2026-07-11,18:29:22,48633,193.33,1.6667,124,29.00
2026-07-11,18:29:31,48643,190.00,1.6379,129,29.00
2026-07-11,18:29:41,48653,186.67,1.6092,128,29.00
2026-07-11,18:29:51,48663,183.33,1.5805,132,29.00
2026-07-11,18:30:01,48673,180.00,1.5517,135,29.00
2026-07-11,18:30:11,48683,176.67,1.5230,124,29.00
2026-07-11,18:30:21,48693,173.33,1.4943,126,29.00
2026-07-11,18:30:31,48703,170.00,1.4655,123,29.00
2026-07-11,18:30:41,48713,166.67,1.4368,134,29.00
2026-07-11,18:30:51,48723,160.00,1.3793,129,29.00
2026-07-11,18:31:01,48733,160.00,1.3793,128,29.00
2026-07-11,18:31:11,48743,156.67,1.3506,128,29.00
2026-07-11,18:31:21,48753,153.33,1.3218,132,29.00
2026-07-11,18:31:31,48763,150.00,1.2931,130,29.00
2026-07-11,18:31:41,48773,150.00,1.2931,128,29.00
2026-07-11,18:31:51,48783,143.33,1.2356,125,29.00
2026-07-11,18:32:01,48793,140.00,1.2069,130,29.00
2026-07-11,18:32:11,48803,136.67,1.1782,130,29.00
2026-07-11,18:32:21,48813,133.33,1.1494,129,29.00
2026-07-11,18:32:31,48823,130.00,1.1207,124,29.00
2026-07-11,18:32:41,48833,130.00,1.1207,124,29.00
2026-07-11,18:32:51,48843,126.67,1.0920,126,29.00
2026-07-11,18:33:01,48853,126.67,1.0920,130,29.00
2026-07-11,18:33:11,48863,123.33,1.0632,126,29.00
2026-07-11,18:33:21,48873,123.33,1.0632,127,29.00
2026-07-11,18:33:31,48883,120.00,1.0345,129,29.00
2026-07-11,18:33:41,48893,116.67,1.0057,129,29.00
2026-07-11,18:33:51,48903,116.67,1.0057,125,29.00
2026-07-11,18:34:01,48913,113.33,0.9770,127,29.00
2026-07-11,18:34:11,48923,113.33,0.9770,128,29.00
2026-07-11,18:34:21,48933,113.33,0.9770,134,29.00
2026-07-11,18:34:31,48943,110.00,0.9483,125,29.00
2026-07-11,18:34:41,48953,106.67,0.9195,132,29.00
2026-07-11,18:34:51,48963,103.33,0.8908,126,29.00
2026-07-11,18:35:01,48973,100.00,0.8621,136,29.00
2026-07-11,18:35:11,48983,93.33,0.8046,125,29.00
2026-07-11,18:35:21,48993,90.00,0.7759,137,29.00
2026-07-11,18:35:31,49003,83.33,0.7184,136,29.00
2026-07-11,23:56:47,13,20.00,0.1724,123,40.00
2026-07-11,23:56:57,23,23.33,0.2011,118,40.00
2026-07-11,23:57:25,51,203.33,1.7529,126,42.00
2026-07-11,23:57:35,61,23.33,0.2011,125,43.00
2026-07-11,23:57:45,71,26.67,0.2299,128,43.00
2026-07-11,23:57:55,81,20.00,0.1724,138,43.00
2026-07-11,23:58:05,91,20.00,0.1724,120,44.00
2026-07-11,23:58:15,101,16.67,0.1437,124,44.00
2026-07-11,23:58:25,111,23.33,0.2011,124,45.00
2026-07-11,23:58:35,121,26.67,0.2299,134,45.00
