date,time,elapsed_s,lux,irradiance_wm2,blue_channel,temp_c
2026-07-13,05:00:08,0,0.00,0.0000,114,30.00
2026-07-13,05:00:18,10,0.00,0.0000,122,29.00
2026-07-13,05:00:28,20,0.00,0.0000,235,28.00
2026-07-13,05:00:38,30,0.00,0.0000,125,28.00
2026-07-13,05:00:48,40,0.00,0.0000,114,28.00
2026-07-13,05:00:58,50,0.00,0.0000,123,28.00
2026-07-13,05:01:08,60,0.00,0.0000,118,28.00
2026-07-13,05:01:18,70,0.00,0.0000,123,28.00
2026-07-13,05:01:28,80,0.00,0.0000,122,28.00
2026-07-13,05:01:38,90,3.33,0.0287,126,28.00
2026-07-13,05:01:48,100,3.33,0.0287,125,28.00
2026-07-13,05:01:58,110,3.33,0.0287,144,28.00
2026-07-13,05:02:07,120,3.33,0.0287,147,28.00
2026-07-13,05:02:17,130,3.33,0.0287,158,28.00
2026-07-13,05:02:27,140,3.33,0.0287,155,28.00
2026-07-13,05:02:37,150,3.33,0.0287,166,28.00
2026-07-13,05:02:47,160,3.33,0.0287,169,28.00
2026-07-13,05:02:57,170,6.67,0.0575,178,28.00
2026-07-13,05:03:07,180,3.33,0.0287,184,29.00
2026-07-13,05:03:17,190,6.67,0.0575,123,29.00
2026-07-13,05:03:27,200,3.33,0.0287,124,28.00
2026-07-13,05:03:37,210,3.33,0.0287,191,28.00
2026-07-13,05:03:47,220,3.33,0.0287,196,28.00
2026-07-13,05:03:57,230,6.67,0.0575,202,28.00
2026-07-13,05:04:07,240,6.67,0.0575,203,28.00
2026-07-13,05:04:17,250,6.67,0.0575,208,28.00
2026-07-13,05:04:27,260,6.67,0.0575,217,28.00
2026-07-13,05:04:37,270,6.67,0.0575,224,29.00
2026-07-13,05:04:47,280,6.67,0.0575,228,29.00
2026-07-13,05:04:57,290,6.67,0.0575,231,29.00
2026-07-13,05:05:07,300,10.00,0.0862,145,29.00
2026-07-13,05:05:17,310,10.00,0.0862,131,28.00
2026-07-13,05:05:27,320,10.00,0.0862,128,29.00
2026-07-13,05:05:37,330,10.00,0.0862,133,29.00
2026-07-13,05:05:47,340,10.00,0.0862,129,29.00
2026-07-13,05:05:57,350,10.00,0.0862,133,28.00
2026-07-13,05:06:07,360,10.00,0.0862,129,29.00
2026-07-13,05:06:17,370,10.00,0.0862,152,28.00
2026-07-13,05:06:27,380,10.00,0.0862,128,29.00
2026-07-13,05:06:37,390,10.00,0.0862,124,29.00
2026-07-13,05:06:47,400,10.00,0.0862,140,28.00
2026-07-13,05:06:57,410,10.00,0.0862,133,29.00
2026-07-13,05:07:07,420,10.00,0.0862,125,28.00
2026-07-13,05:07:17,430,10.00,0.0862,128,28.00
2026-07-13,05:07:27,440,10.00,0.0862,126,28.00
2026-07-13,05:07:37,450,10.00,0.0862,128,29.00
2026-07-13,05:07:47,460,10.00,0.0862,122,28.00
2026-07-13,05:07:57,470,10.00,0.0862,123,28.00
2026-07-13,05:08:07,480,10.00,0.0862,124,28.00
2026-07-13,05:08:17,490,13.33,0.1149,125,28.00
2026-07-13,05:08:27,500,13.33,0.1149,142,28.00
2026-07-13,05:08:37,510,13.33,0.1149,131,29.00
2026-07-13,05:08:47,520,13.33,0.1149,131,28.00
2026-07-13,05:08:57,530,13.33,0.1149,139,28.00
2026-07-13,05:09:07,540,13.33,0.1149,144,29.00
2026-07-13,05:09:17,550,13.33,0.1149,135,29.00
2026-07-13,05:09:27,560,13.33,0.1149,153,29.00
2026-07-13,05:09:37,570,16.67,0.1437,167,29.00
2026-07-13,05:09:47,580,16.67,0.1437,129,28.00
2026-07-13,05:09:57,590,16.67,0.1437,122,29.00
2026-07-13,05:10:07,600,16.67,0.1437,129,28.00
2026-07-13,05:10:17,610,20.00,0.1724,131,29.00
2026-07-13,05:10:27,620,16.67,0.1437,124,28.00
2026-07-13,05:10:37,630,20.00,0.1724,128,29.00
2026-07-13,05:10:47,640,20.00,0.1724,127,29.00
2026-07-13,05:10:57,650,23.33,0.2011,130,29.00
2026-07-13,05:11:07,660,23.33,0.2011,127,29.00
2026-07-13,05:11:17,670,23.33,0.2011,128,28.00
2026-07-13,05:11:27,680,23.33,0.2011,122,28.00
2026-07-13,05:11:37,690,26.67,0.2299,128,29.00
2026-07-13,05:11:47,700,26.67,0.2299,129,28.00
2026-07-13,05:11:57,710,30.00,0.2586,134,28.00
2026-07-13,05:12:07,720,30.00,0.2586,126,29.00
2026-07-13,05:12:17,730,30.00,0.2586,132,29.00
2026-07-13,05:12:27,740,30.00,0.2586,125,29.00
2026-07-13,05:12:36,750,30.00,0.2586,129,28.00
2026-07-13,05:12:46,760,33.33,0.2874,128,28.00
2026-07-13,05:12:56,770,33.33,0.2874,133,29.00
2026-07-13,05:13:06,780,33.33,0.2874,132,29.00
2026-07-13,05:13:16,790,36.67,0.3161,131,29.00
2026-07-13,05:13:26,800,36.67,0.3161,132,29.00
2026-07-13,05:13:36,810,36.67,0.3161,132,29.00
2026-07-13,05:13:46,820,36.67,0.3161,133,28.00
2026-07-13,05:13:56,830,36.67,0.3161,142,29.00
2026-07-13,05:14:06,840,36.67,0.3161,126,28.00
2026-07-13,05:14:16,850,36.67,0.3161,125,28.00
2026-07-13,05:14:26,860,33.33,0.2874,131,29.00
2026-07-13,05:14:36,870,33.33,0.2874,126,29.00
2026-07-13,05:14:46,880,36.67,0.3161,122,29.00
2026-07-13,05:14:56,890,36.67,0.3161,134,28.00
2026-07-13,05:15:06,900,36.67,0.3161,128,29.00
2026-07-13,05:15:16,910,40.00,0.3448,132,29.00
2026-07-13,05:15:26,920,43.33,0.3736,127,29.00
2026-07-13,05:15:36,930,43.33,0.3736,131,28.00
2026-07-13,05:15:46,940,46.67,0.4023,128,29.00
2026-07-13,05:15:56,950,46.67,0.4023,135,29.00
2026-07-13,05:16:06,960,46.67,0.4023,125,29.00
2026-07-13,05:16:16,970,50.00,0.4310,133,29.00
2026-07-13,05:16:26,980,50.00,0.4310,130,29.00
2026-07-13,05:16:36,990,50.00,0.4310,136,29.00
2026-07-13,05:16:46,1000,50.00,0.4310,125,29.00
2026-07-13,05:16:56,1010,53.33,0.4598,133,29.00
2026-07-13,05:17:06,1020,53.33,0.4598,126,29.00
2026-07-13,05:17:16,1030,53.33,0.4598,127,28.00
2026-07-13,05:17:26,1040,53.33,0.4598,124,28.00
2026-07-13,05:17:36,1050,53.33,0.4598,137,29.00
2026-07-13,05:17:46,1060,50.00,0.4310,126,28.00
2026-07-13,05:17:56,1070,50.00,0.4310,133,29.00
2026-07-13,05:18:06,1080,50.00,0.4310,128,29.00
2026-07-13,05:18:16,1090,50.00,0.4310,125,28.00
2026-07-13,05:18:26,1100,46.67,0.4023,127,29.00
2026-07-13,05:18:36,1110,50.00,0.4310,128,28.00
2026-07-13,05:18:46,1120,46.67,0.4023,120,28.00
2026-07-13,05:18:56,1130,46.67,0.4023,127,29.00
2026-07-13,05:19:06,1140,46.67,0.4023,125,29.00
2026-07-13,05:19:16,1150,46.67,0.4023,128,29.00
2026-07-13,05:19:26,1160,46.67,0.4023,128,29.00
2026-07-13,05:19:36,1170,43.33,0.3736,129,29.00
2026-07-13,05:19:46,1180,43.33,0.3736,121,29.00
2026-07-13,05:19:56,1190,43.33,0.3736,125,29.00
2026-07-13,05:20:06,1200,40.00,0.3448,132,29.00
2026-07-13,05:20:16,1210,40.00,0.3448,130,28.00
2026-07-13,05:20:26,1220,40.00,0.3448,127,28.00
2026-07-13,05:20:36,1230,40.00,0.3448,127,28.00
2026-07-13,05:20:46,1240,40.00,0.3448,125,29.00
2026-07-13,05:20:56,1250,40.00,0.3448,120,29.00
2026-07-13,05:21:06,1260,40.00,0.3448,123,28.00
2026-07-13,05:21:16,1270,43.33,0.3736,132,29.00
2026-07-13,05:21:26,1280,43.33,0.3736,126,28.00
2026-07-13,05:21:36,1290,43.33,0.3736,128,28.00
2026-07-13,05:21:46,1300,46.67,0.4023,124,28.00
2026-07-13,05:21:56,1310,46.67,0.4023,125,28.00
2026-07-13,05:22:06,1320,50.00,0.4310,133,29.00
2026-07-13,05:22:16,1330,53.33,0.4598,130,28.00
2026-07-13,05:22:26,1340,53.33,0.4598,133,29.00
2026-07-13,05:22:36,1350,56.67,0.4885,136,29.00
2026-07-13,05:22:45,1360,56.67,0.4885,131,28.00
2026-07-13,05:22:55,1370,60.00,0.5172,127,28.00
2026-07-13,05:23:05,1380,60.00,0.5172,127,29.00
2026-07-13,05:23:15,1390,63.33,0.5460,132,29.00
2026-07-13,05:23:25,1400,63.33,0.5460,131,29.00
2026-07-13,05:23:35,1410,63.33,0.5460,128,28.00
2026-07-13,05:23:45,1420,66.67,0.5747,128,28.00
2026-07-13,05:23:55,1430,66.67,0.5747,129,29.00
2026-07-13,05:24:05,1440,66.67,0.5747,133,28.00
2026-07-13,05:24:15,1450,70.00,0.6034,125,29.00
2026-07-13,05:24:25,1460,70.00,0.6034,131,29.00
2026-07-13,05:24:35,1470,73.33,0.6322,138,28.00
2026-07-13,05:24:45,1480,73.33,0.6322,126,28.00
2026-07-13,05:24:55,1490,76.67,0.6609,129,28.00
2026-07-13,05:25:05,1500,80.00,0.6897,121,28.00
2026-07-13,05:25:15,1510,80.00,0.6897,128,29.00
2026-07-13,05:25:25,1520,83.33,0.7184,126,28.00
2026-07-13,05:25:35,1530,83.33,0.7184,134,29.00
2026-07-13,05:25:45,1540,86.67,0.7471,124,28.00
2026-07-13,05:25:55,1550,90.00,0.7759,136,28.00
2026-07-13,05:26:05,1560,90.00,0.7759,123,28.00
2026-07-13,05:26:15,1570,93.33,0.8046,134,28.00
2026-07-13,05:26:25,1580,96.67,0.8333,131,29.00
2026-07-13,05:26:35,1590,100.00,0.8621,131,28.00
2026-07-13,05:26:45,1600,100.00,0.8621,134,29.00
2026-07-13,05:26:55,1610,103.33,0.8908,132,29.00
2026-07-13,05:27:05,1620,103.33,0.8908,130,28.00
2026-07-13,05:27:15,1630,106.67,0.9195,130,29.00
2026-07-13,05:27:25,1640,106.67,0.9195,133,29.00
2026-07-13,05:27:35,1650,110.00,0.9483,129,29.00
2026-07-13,05:27:45,1660,110.00,0.9483,132,29.00
2026-07-13,05:27:55,1670,113.33,0.9770,129,29.00
2026-07-13,05:28:05,1680,113.33,0.9770,131,28.00
2026-07-13,05:28:15,1690,113.33,0.9770,131,29.00
2026-07-13,05:28:25,1700,113.33,0.9770,126,28.00
2026-07-13,05:28:35,1710,116.67,1.0057,128,29.00
2026-07-13,05:28:45,1720,116.67,1.0057,128,28.00
2026-07-13,05:28:55,1730,116.67,1.0057,128,28.00
2026-07-13,05:29:05,1740,113.33,0.9770,132,29.00
2026-07-13,05:29:15,1750,113.33,0.9770,131,29.00
2026-07-13,05:29:25,1760,113.33,0.9770,131,28.00
2026-07-13,05:29:35,1770,113.33,0.9770,128,29.00
2026-07-13,05:29:45,1780,113.33,0.9770,129,28.00
2026-07-13,05:29:55,1790,113.33,0.9770,128,29.00
2026-07-13,05:30:05,1800,113.33,0.9770,127,29.00
2026-07-13,05:30:15,1810,113.33,0.9770,128,29.00
2026-07-13,05:30:25,1820,110.00,0.9483,133,29.00
2026-07-13,05:30:35,1830,110.00,0.9483,138,28.00
2026-07-13,05:30:45,1840,110.00,0.9483,129,29.00
2026-07-13,05:30:55,1850,110.00,0.9483,132,29.00
2026-07-13,05:31:05,1860,110.00,0.9483,130,28.00
2026-07-13,05:31:15,1870,110.00,0.9483,127,28.00
2026-07-13,05:31:25,1880,110.00,0.9483,128,29.00
2026-07-13,05:31:35,1890,106.67,0.9195,136,28.00
2026-07-13,05:31:45,1900,106.67,0.9195,139,28.00
2026-07-13,05:31:55,1910,103.33,0.8908,130,28.00
2026-07-13,05:32:05,1920,103.33,0.8908,127,28.00
2026-07-13,05:32:15,1930,103.33,0.8908,132,28.00
2026-07-13,05:32:25,1940,100.00,0.8621,131,28.00
2026-07-13,05:32:35,1950,100.00,0.8621,138,28.00
2026-07-13,05:32:44,1960,96.67,0.8333,132,28.00
2026-07-13,05:32:54,1970,96.67,0.8333,133,28.00
2026-07-13,05:33:04,1980,96.67,0.8333,130,29.00
2026-07-13,05:33:14,1990,96.67,0.8333,127,28.00
2026-07-13,05:33:24,2000,96.67,0.8333,128,29.00
2026-07-13,05:33:34,2010,96.67,0.8333,136,29.00
2026-07-13,05:33:44,2020,96.67,0.8333,140,28.00
2026-07-13,05:33:54,2030,96.67,0.8333,135,28.00
2026-07-13,05:34:04,2040,93.33,0.8046,131,28.00
2026-07-13,05:34:14,2050,96.67,0.8333,129,29.00
2026-07-13,05:34:24,2060,93.33,0.8046,132,28.00
2026-07-13,05:34:34,2070,93.33,0.8046,130,28.00
2026-07-13,05:34:44,2080,93.33,0.8046,129,28.00
2026-07-13,05:34:54,2090,93.33,0.8046,129,29.00
2026-07-13,05:35:04,2100,90.00,0.7759,127,28.00
2026-07-13,05:35:14,2110,90.00,0.7759,133,28.00
2026-07-13,05:35:24,2120,86.67,0.7471,135,28.00
2026-07-13,05:35:34,2130,86.67,0.7471,128,29.00
2026-07-13,05:35:44,2140,86.67,0.7471,135,28.00
2026-07-13,05:35:54,2150,86.67,0.7471,124,28.00
2026-07-13,05:36:04,2160,86.67,0.7471,135,28.00
2026-07-13,05:36:14,2170,86.67,0.7471,132,28.00
2026-07-13,05:36:24,2180,83.33,0.7184,134,29.00
2026-07-13,05:36:34,2190,83.33,0.7184,134,28.00
2026-07-13,05:36:44,2200,83.33,0.7184,128,29.00
2026-07-13,05:36:54,2210,80.00,0.6897,130,28.00
2026-07-13,05:37:04,2220,80.00,0.6897,124,29.00
2026-07-13,05:37:14,2230,76.67,0.6609,129,28.00
2026-07-13,05:37:24,2240,76.67,0.6609,130,28.00
2026-07-13,05:37:34,2250,76.67,0.6609,134,28.00
2026-07-13,05:37:44,2260,73.33,0.6322,129,28.00
2026-07-13,05:37:54,2270,73.33,0.6322,134,28.00
2026-07-13,05:38:04,2280,70.00,0.6034,132,28.00
2026-07-13,05:38:14,2290,70.00,0.6034,131,28.00
2026-07-13,05:38:24,2300,66.67,0.5747,125,28.00
2026-07-13,05:38:34,2310,66.67,0.5747,131,28.00
2026-07-13,05:38:44,2320,66.67,0.5747,133,29.00
2026-07-13,05:38:54,2330,66.67,0.5747,129,28.00
2026-07-13,05:39:04,2340,63.33,0.5460,128,28.00
2026-07-13,05:39:14,2350,63.33,0.5460,129,28.00
2026-07-13,05:39:24,2360,63.33,0.5460,131,29.00
2026-07-13,05:39:34,2370,66.67,0.5747,130,28.00
2026-07-13,05:39:44,2380,66.67,0.5747,128,28.00
2026-07-13,05:39:54,2390,66.67,0.5747,134,28.00
2026-07-13,05:40:04,2400,70.00,0.6034,130,28.00
2026-07-13,05:40:14,2410,70.00,0.6034,127,28.00
2026-07-13,05:40:24,2420,73.33,0.6322,126,28.00
2026-07-13,05:40:34,2430,76.67,0.6609,131,28.00
2026-07-13,05:40:44,2440,76.67,0.6609,134,28.00
2026-07-13,05:40:54,2450,80.00,0.6897,132,28.00
2026-07-13,05:41:04,2460,83.33,0.7184,130,28.00
2026-07-13,05:41:14,2470,86.67,0.7471,134,28.00
2026-07-13,05:41:24,2480,86.67,0.7471,131,28.00
2026-07-13,05:41:34,2490,90.00,0.7759,137,28.00
2026-07-13,05:41:44,2500,93.33,0.8046,134,29.00
2026-07-13,05:41:54,2510,96.67,0.8333,132,28.00
2026-07-13,05:42:04,2520,96.67,0.8333,133,28.00
2026-07-13,05:42:14,2530,100.00,0.8621,131,28.00
2026-07-13,05:42:24,2540,100.00,0.8621,135,29.00
2026-07-13,05:42:34,2550,103.33,0.8908,133,28.00
2026-07-13,05:42:44,2560,103.33,0.8908,133,28.00
2026-07-13,05:42:54,2570,110.00,0.9483,126,28.00
2026-07-13,05:43:04,2580,113.33,0.9770,132,28.00
2026-07-13,05:43:13,2590,123.33,1.0632,129,29.00
2026-07-13,05:43:23,2600,133.33,1.1494,133,28.00
2026-07-13,05:43:33,2610,143.33,1.2356,133,28.00
2026-07-13,05:43:43,2620,153.33,1.3218,131,28.00
2026-07-13,05:43:53,2630,166.67,1.4368,134,28.00
2026-07-13,05:44:03,2640,180.00,1.5517,129,28.00
2026-07-13,05:44:13,2650,190.00,1.6379,130,28.00
2026-07-13,05:44:23,2660,193.33,1.6667,133,29.00
2026-07-13,05:44:33,2670,196.67,1.6954,132,28.00
2026-07-13,05:44:43,2680,200.00,1.7241,136,29.00
2026-07-13,05:44:53,2690,206.67,1.7816,137,29.00
2026-07-13,05:45:03,2700,213.33,1.8391,136,28.00
2026-07-13,05:45:13,2710,220.00,1.8966,122,29.00
2026-07-13,05:45:23,2720,226.67,1.9540,131,29.00
2026-07-13,05:45:33,2730,230.00,1.9828,127,28.00
2026-07-13,05:45:43,2740,230.00,1.9828,130,28.00
2026-07-13,05:45:53,2750,226.67,1.9540,133,29.00
2026-07-13,05:46:03,2760,223.33,1.9253,132,29.00
2026-07-13,05:46:13,2770,220.00,1.8966,128,28.00
2026-07-13,05:46:23,2780,213.33,1.8391,135,28.00
2026-07-13,05:46:33,2790,216.67,1.8678,131,28.00
2026-07-13,05:46:43,2800,216.67,1.8678,132,28.00
2026-07-13,05:46:53,2810,216.67,1.8678,125,29.00
2026-07-13,05:47:03,2820,216.67,1.8678,127,28.00
2026-07-13,05:47:13,2830,216.67,1.8678,132,28.00
2026-07-13,05:47:23,2840,220.00,1.8966,129,28.00
2026-07-13,05:47:33,2850,226.67,1.9540,130,28.00
2026-07-13,05:47:43,2860,226.67,1.9540,125,28.00
2026-07-13,05:47:53,2870,226.67,1.9540,133,28.00
2026-07-13,05:48:03,2880,230.00,1.9828,132,28.00
2026-07-13,05:48:13,2890,236.67,2.0402,130,28.00
2026-07-13,05:48:23,2900,240.00,2.0690,129,28.00
2026-07-13,05:48:33,2910,240.00,2.0690,131,29.00
2026-07-13,05:48:43,2920,236.67,2.0402,123,28.00
2026-07-13,05:48:53,2930,236.67,2.0402,133,28.00
2026-07-13,05:49:03,2940,236.67,2.0402,132,28.00
2026-07-13,05:49:13,2950,240.00,2.0690,129,28.00
2026-07-13,05:49:23,2960,246.67,2.1264,121,28.00
2026-07-13,05:49:33,2970,250.00,2.1552,129,28.00
2026-07-13,05:49:43,2980,250.00,2.1552,135,28.00
2026-07-13,05:49:53,2990,246.67,2.1264,126,28.00
2026-07-13,05:50:03,3000,240.00,2.0690,135,28.00
2026-07-13,05:50:13,3010,236.67,2.0402,124,28.00
2026-07-13,05:50:23,3020,230.00,1.9828,133,28.00
2026-07-13,05:50:33,3030,223.33,1.9253,122,28.00
2026-07-13,05:50:43,3040,216.67,1.8678,126,28.00
2026-07-13,05:50:53,3050,213.33,1.8391,123,28.00
2026-07-13,05:51:03,3060,206.67,1.7816,123,28.00
2026-07-13,05:51:13,3070,200.00,1.7241,122,29.00
2026-07-13,05:51:23,3080,193.33,1.6667,129,28.00
2026-07-13,05:51:33,3090,190.00,1.6379,126,28.00
2026-07-13,05:51:43,3100,186.67,1.6092,129,28.00
2026-07-13,05:51:53,3110,186.67,1.6092,130,28.00
2026-07-13,05:52:03,3120,183.33,1.5805,127,28.00
2026-07-13,05:52:13,3130,186.67,1.6092,132,29.00
2026-07-13,05:52:23,3140,186.67,1.6092,133,28.00
2026-07-13,05:52:33,3150,190.00,1.6379,137,28.00
2026-07-13,05:52:43,3160,190.00,1.6379,133,28.00
2026-07-13,05:52:53,3170,190.00,1.6379,137,28.00
2026-07-13,05:53:03,3180,190.00,1.6379,130,28.00
2026-07-13,05:53:13,3190,196.67,1.6954,130,28.00
2026-07-13,05:53:23,3200,196.67,1.6954,133,28.00
2026-07-13,05:53:33,3210,203.33,1.7529,129,28.00
2026-07-13,05:53:42,3220,213.33,1.8391,129,28.00
2026-07-13,05:53:52,3230,226.67,1.9540,138,28.00
2026-07-13,05:54:02,3240,236.67,2.0402,132,28.00
2026-07-13,05:54:12,3250,250.00,2.1552,126,28.00
2026-07-13,05:54:22,3260,260.00,2.2414,134,28.00
2026-07-13,05:54:32,3270,270.00,2.3276,135,28.00
2026-07-13,05:54:42,3280,280.00,2.4138,138,28.00
2026-07-13,05:54:52,3290,296.67,2.5575,132,28.00
2026-07-13,05:55:02,3300,310.00,2.6724,136,28.00
2026-07-13,05:55:12,3310,313.33,2.7011,129,28.00
2026-07-13,05:55:22,3320,303.33,2.6149,132,28.00
2026-07-13,05:55:32,3330,286.67,2.4713,133,28.00
2026-07-13,05:55:42,3340,273.33,2.3563,129,28.00
2026-07-13,05:55:52,3350,263.33,2.2701,129,29.00
2026-07-13,05:56:02,3360,260.00,2.2414,129,28.00
2026-07-13,05:56:12,3370,256.67,2.2126,133,29.00
2026-07-13,05:56:22,3380,253.33,2.1839,132,28.00
2026-07-13,05:56:32,3390,256.67,2.2126,133,28.00
2026-07-13,05:56:42,3400,260.00,2.2414,127,28.00
2026-07-13,05:56:52,3410,263.33,2.2701,133,28.00
2026-07-13,05:57:02,3420,263.33,2.2701,128,29.00
2026-07-13,05:57:12,3430,266.67,2.2989,126,28.00
2026-07-13,05:57:22,3440,266.67,2.2989,125,28.00
2026-07-13,05:57:32,3450,270.00,2.3276,134,28.00
2026-07-13,05:57:42,3460,276.67,2.3851,127,28.00
2026-07-13,05:57:52,3470,280.00,2.4138,131,28.00
2026-07-13,05:58:02,3480,283.33,2.4425,132,28.00
2026-07-13,05:58:12,3490,286.67,2.4713,127,28.00
2026-07-13,05:58:22,3500,280.00,2.4138,124,28.00
2026-07-13,05:58:32,3510,270.00,2.3276,126,29.00
2026-07-13,05:58:42,3520,263.33,2.2701,123,29.00
2026-07-13,05:58:52,3530,260.00,2.2414,133,28.00
2026-07-13,05:59:02,3540,256.67,2.2126,123,28.00
2026-07-13,05:59:12,3550,260.00,2.2414,125,28.00
2026-07-13,05:59:22,3560,266.67,2.2989,127,28.00
2026-07-13,05:59:32,3570,276.67,2.3851,130,28.00
2026-07-13,05:59:42,3580,286.67,2.4713,131,28.00
2026-07-13,05:59:52,3590,296.67,2.5575,126,28.00
2026-07-13,06:00:02,3600,296.67,2.5575,136,28.00
2026-07-13,06:00:12,3610,296.67,2.5575,130,28.00
2026-07-13,06:00:22,3620,293.33,2.5287,125,28.00
2026-07-13,06:00:32,3630,300.00,2.5862,128,28.00
2026-07-13,06:00:42,3640,310.00,2.6724,130,28.00
2026-07-13,06:00:52,3650,323.33,2.7874,133,29.00
2026-07-13,06:01:02,3660,340.00,2.9310,130,28.00
2026-07-13,06:01:12,3670,360.00,3.1034,135,28.00
2026-07-13,06:01:22,3680,376.67,3.2471,131,28.00
2026-07-13,06:01:32,3690,386.67,3.3333,131,28.00
2026-07-13,06:01:42,3700,396.67,3.4195,132,28.00
2026-07-13,06:01:52,3710,426.67,3.6782,132,28.00
2026-07-13,06:02:02,3720,433.33,3.7356,132,28.00
2026-07-13,06:02:12,3730,440.00,3.7931,132,28.00
2026-07-13,06:02:22,3740,450.00,3.8793,124,28.00
2026-07-13,06:02:32,3750,456.67,3.9368,127,28.00
2026-07-13,06:02:42,3760,456.67,3.9368,128,28.00
2026-07-13,06:02:52,3770,450.00,3.8793,133,28.00
2026-07-13,06:03:02,3780,430.00,3.7069,125,28.00
2026-07-13,06:03:12,3790,393.33,3.3908,128,28.00
2026-07-13,06:03:22,3800,363.33,3.1322,132,28.00
2026-07-13,06:03:32,3810,340.00,2.9310,133,29.00
2026-07-13,06:03:41,3820,326.67,2.8161,129,28.00
2026-07-13,06:03:51,3830,323.33,2.7874,132,28.00
2026-07-13,06:04:01,3840,323.33,2.7874,128,28.00
2026-07-13,06:04:11,3850,323.33,2.7874,128,29.00
2026-07-13,06:04:21,3860,326.67,2.8161,128,28.00
2026-07-13,06:04:31,3870,333.33,2.8736,127,29.00
2026-07-13,06:04:41,3880,340.00,2.9310,129,28.00
2026-07-13,06:04:51,3890,346.67,2.9885,131,28.00
2026-07-13,06:05:01,3900,350.00,3.0172,128,28.00
2026-07-13,06:05:11,3910,350.00,3.0172,131,29.00
2026-07-13,06:05:21,3920,350.00,3.0172,129,29.00
2026-07-13,06:05:31,3930,350.00,3.0172,129,28.00
2026-07-13,06:05:41,3940,350.00,3.0172,123,28.00
2026-07-13,06:05:51,3950,356.67,3.0747,132,28.00
2026-07-13,06:06:01,3960,363.33,3.1322,132,29.00
2026-07-13,06:06:11,3970,386.67,3.3333,128,28.00
2026-07-13,06:06:21,3980,430.00,3.7069,130,28.00
2026-07-13,06:06:31,3990,483.33,4.1667,129,28.00
2026-07-13,06:06:41,4000,540.00,4.6552,123,29.00
2026-07-13,06:06:51,4010,600.00,5.1724,128,28.00
2026-07-13,06:07:01,4020,653.33,5.6322,129,29.00
2026-07-13,06:07:11,4030,703.33,6.0632,124,28.00
2026-07-13,06:07:21,4040,743.33,6.4080,127,28.00
2026-07-13,06:07:31,4050,783.33,6.7529,133,29.00
2026-07-13,06:07:41,4060,803.33,6.9253,131,28.00
2026-07-13,06:07:51,4070,803.33,6.9253,132,29.00
2026-07-13,06:08:01,4080,813.33,7.0115,135,29.00
2026-07-13,06:08:11,4090,833.33,7.1839,127,29.00
2026-07-13,06:08:21,4100,880.00,7.5862,122,28.00
2026-07-13,06:08:31,4110,916.67,7.9023,119,28.00
2026-07-13,06:08:41,4120,966.67,8.3333,133,29.00
2026-07-13,06:08:51,4130,1023.33,8.8218,131,28.00
2026-07-13,06:09:01,4140,1063.33,9.1667,130,29.00
2026-07-13,06:09:11,4150,1096.67,9.4540,123,29.00
2026-07-13,06:09:21,4160,1120.00,9.6552,121,28.00
2026-07-13,06:09:31,4170,1133.33,9.7701,122,28.00
2026-07-13,06:09:41,4180,1143.33,9.8563,128,28.00
2026-07-13,06:09:51,4190,1143.33,9.8563,131,28.00
2026-07-13,06:10:01,4200,1126.67,9.7126,127,29.00
2026-07-13,06:10:11,4210,1100.00,9.4828,131,29.00
2026-07-13,06:10:21,4220,1083.33,9.3391,127,29.00
2026-07-13,06:10:31,4230,1086.67,9.3678,124,28.00
2026-07-13,06:10:41,4240,1103.33,9.5115,129,29.00
2026-07-13,06:10:51,4250,1126.67,9.7126,125,29.00
2026-07-13,06:11:01,4260,1150.00,9.9138,125,29.00
2026-07-13,06:11:11,4270,1173.33,10.1149,136,28.00
2026-07-13,06:11:21,4280,1180.00,10.1724,133,29.00
2026-07-13,06:11:31,4290,1180.00,10.1724,126,29.00
2026-07-13,06:11:41,4300,1173.33,10.1149,125,29.00
2026-07-13,06:11:51,4310,1176.67,10.1437,126,29.00
2026-07-13,06:12:01,4320,1183.33,10.2011,126,28.00
2026-07-13,06:12:11,4330,1196.67,10.3161,132,29.00
2026-07-13,06:12:21,4340,1203.33,10.3736,128,29.00
2026-07-13,06:12:31,4350,1200.00,10.3448,130,29.00
2026-07-13,06:12:41,4360,1203.33,10.3736,130,29.00
2026-07-13,06:12:51,4370,1206.67,10.4023,125,29.00
2026-07-13,06:13:01,4380,1210.00,10.4310,132,29.00
2026-07-13,06:13:11,4390,1216.67,10.4885,131,29.00
2026-07-13,06:13:21,4400,1240.00,10.6897,138,28.00
2026-07-13,06:13:31,4410,1286.67,11.0920,133,29.00
2026-07-13,06:13:41,4420,1310.00,11.2931,122,29.00
2026-07-13,06:13:50,4430,1336.67,11.5230,128,29.00
2026-07-13,06:14:00,4440,1360.00,11.7241,123,29.00
2026-07-13,06:14:10,4450,1370.00,11.8103,130,28.00
2026-07-13,06:14:20,4460,1363.33,11.7529,132,29.00
2026-07-13,06:14:30,4470,1360.00,11.7241,125,29.00
2026-07-13,06:14:40,4480,1360.00,11.7241,126,29.00
2026-07-13,06:14:50,4490,1340.00,11.5517,123,29.00
2026-07-13,06:15:00,4500,1306.67,11.2644,125,29.00
2026-07-13,06:15:10,4510,1236.67,10.6609,131,29.00
2026-07-13,06:15:20,4520,1176.67,10.1437,127,29.00
2026-07-13,06:15:30,4530,1120.00,9.6552,131,29.00
2026-07-13,06:15:40,4540,1073.33,9.2529,137,29.00
2026-07-13,06:15:50,4550,1060.00,9.1379,133,29.00
2026-07-13,06:16:00,4560,1060.00,9.1379,128,29.00
2026-07-13,06:16:10,4570,1060.00,9.1379,128,29.00
2026-07-13,06:16:20,4580,1043.33,8.9943,127,29.00
2026-07-13,06:16:30,4590,1016.67,8.7644,130,29.00
2026-07-13,06:16:40,4600,976.67,8.4195,130,29.00
2026-07-13,06:16:50,4610,950.00,8.1897,135,29.00
2026-07-13,06:17:00,4620,940.00,8.1034,126,29.00
2026-07-13,06:17:10,4630,940.00,8.1034,128,29.00
2026-07-13,06:17:20,4640,966.67,8.3333,136,29.00
2026-07-13,06:17:30,4650,1010.00,8.7069,134,29.00
2026-07-13,06:17:40,4660,1076.67,9.2816,127,29.00
2026-07-13,06:17:50,4670,1143.33,9.8563,127,29.00
2026-07-13,06:18:00,4680,1210.00,10.4310,127,29.00
2026-07-13,06:18:10,4690,1263.33,10.8908,125,29.00
2026-07-13,06:18:20,4700,1316.67,11.3506,131,29.00
2026-07-13,06:18:30,4710,1340.00,11.5517,129,29.00
2026-07-13,06:18:40,4720,1340.00,11.5517,129,29.00
2026-07-13,06:18:50,4730,1330.00,11.4655,129,29.00
2026-07-13,06:19:00,4740,1330.00,11.4655,134,29.00
2026-07-13,06:19:10,4750,1316.67,11.3506,130,29.00
2026-07-13,06:19:20,4760,1320.00,11.3793,128,29.00
2026-07-13,06:19:30,4770,1313.33,11.3218,126,29.00
2026-07-13,06:19:40,4780,1313.33,11.3218,126,29.00
2026-07-13,06:19:50,4790,1320.00,11.3793,127,29.00
2026-07-13,06:20:00,4800,1330.00,11.4655,121,29.00
2026-07-13,06:20:10,4810,1336.67,11.5230,129,28.00
2026-07-13,06:20:20,4820,1346.67,11.6092,129,28.00
2026-07-13,06:20:30,4830,1350.00,11.6379,123,29.00
2026-07-13,06:20:40,4840,1353.33,11.6667,127,28.00
2026-07-13,06:20:50,4850,1350.00,11.6379,128,28.00
2026-07-13,06:21:00,4860,1350.00,11.6379,120,29.00
2026-07-13,06:21:10,4870,1350.00,11.6379,128,29.00
2026-07-13,06:21:20,4880,1336.67,11.5230,126,29.00
2026-07-13,06:21:30,4890,1330.00,11.4655,126,29.00
2026-07-13,06:21:40,4900,1333.33,11.4943,130,29.00
2026-07-13,06:21:50,4910,1333.33,11.4943,122,29.00
2026-07-13,06:22:00,4920,1333.33,11.4943,131,29.00
2026-07-13,06:22:10,4930,1340.00,11.5517,129,29.00
2026-07-13,06:22:20,4940,1333.33,11.4943,119,29.00
2026-07-13,06:22:30,4950,1323.33,11.4080,125,29.00
2026-07-13,06:22:40,4960,1316.67,11.3506,122,29.00
2026-07-13,06:22:50,4970,1306.67,11.2644,133,28.00
2026-07-13,06:23:00,4980,1300.00,11.2069,127,29.00
2026-07-13,06:23:10,4990,1296.67,11.1782,126,29.00
2026-07-13,06:23:20,5000,1286.67,11.0920,126,29.00
2026-07-13,06:23:30,5010,1280.00,11.0345,126,29.00
2026-07-13,06:23:40,5020,1253.33,10.8046,123,29.00
2026-07-13,06:23:50,5030,1250.00,10.7759,123,28.00
2026-07-13,06:24:00,5040,1240.00,10.6897,126,29.00
2026-07-13,06:24:10,5050,1226.67,10.5747,130,29.00
2026-07-13,06:24:19,5060,1213.33,10.4598,125,29.00
2026-07-13,06:24:29,5070,1196.67,10.3161,131,29.00
2026-07-13,06:24:39,5080,1186.67,10.2299,136,29.00
2026-07-13,06:24:49,5090,1183.33,10.2011,127,29.00
2026-07-13,06:24:59,5100,1180.00,10.1724,129,29.00
2026-07-13,06:25:09,5110,1193.33,10.2874,127,29.00
2026-07-13,06:25:19,5120,1210.00,10.4310,126,29.00
2026-07-13,06:25:29,5130,1226.67,10.5747,124,29.00
2026-07-13,06:25:39,5140,1243.33,10.7184,132,29.00
2026-07-13,06:25:49,5150,1280.00,11.0345,129,29.00
2026-07-13,06:25:59,5160,1293.33,11.1494,129,29.00
2026-07-13,06:26:09,5170,1306.67,11.2644,132,29.00
2026-07-13,06:26:19,5180,1313.33,11.3218,134,29.00
2026-07-13,06:26:29,5190,1313.33,11.3218,128,29.00
2026-07-13,06:26:39,5200,1313.33,11.3218,127,29.00
2026-07-13,06:26:49,5210,1316.67,11.3506,122,29.00
2026-07-13,06:26:59,5220,1333.33,11.4943,134,29.00
2026-07-13,06:27:09,5230,1356.67,11.6954,122,29.00
2026-07-13,06:27:19,5240,1376.67,11.8678,125,29.00
2026-07-13,06:27:29,5250,1393.33,12.0115,131,29.00
2026-07-13,06:27:39,5260,1413.33,12.1839,128,29.00
2026-07-13,06:27:49,5270,1426.67,12.2989,128,29.00
2026-07-13,06:27:59,5280,1440.00,12.4138,126,29.00
2026-07-13,06:28:09,5290,1440.00,12.4138,132,29.00
2026-07-13,06:28:19,5300,1450.00,12.5000,128,28.00
2026-07-13,06:28:29,5310,1446.67,12.4713,129,29.00
2026-07-13,06:28:39,5320,1423.33,12.2701,129,29.00
2026-07-13,06:28:49,5330,1373.33,11.8391,131,29.00
2026-07-13,06:28:59,5340,1316.67,11.3506,127,29.00
2026-07-13,06:29:09,5350,1246.67,10.7471,128,29.00
2026-07-13,06:29:19,5360,1190.00,10.2586,118,29.00
2026-07-13,06:29:29,5370,1150.00,9.9138,126,29.00
2026-07-13,06:29:39,5380,1130.00,9.7414,126,29.00
2026-07-13,06:29:49,5390,1126.67,9.7126,128,29.00
2026-07-13,06:29:59,5400,1126.67,9.7126,134,29.00
2026-07-13,06:30:09,5410,1126.67,9.7126,131,29.00
2026-07-13,06:30:19,5420,1123.33,9.6839,130,29.00
2026-07-13,06:30:29,5430,1106.67,9.5402,127,29.00
2026-07-13,06:30:39,5440,1083.33,9.3391,127,29.00
2026-07-13,06:30:49,5450,1056.67,9.1092,129,29.00
2026-07-13,06:30:59,5460,1030.00,8.8793,131,29.00
2026-07-13,06:31:09,5470,1003.33,8.6494,134,29.00
2026-07-13,06:31:19,5480,970.00,8.3621,139,29.00
2026-07-13,06:31:29,5490,943.33,8.1322,134,29.00
2026-07-13,06:31:39,5500,920.00,7.9310,125,29.00
2026-07-13,06:31:49,5510,903.33,7.7874,133,29.00
2026-07-13,06:31:59,5520,883.33,7.6149,128,29.00
2026-07-13,06:32:09,5530,870.00,7.5000,121,29.00
2026-07-13,06:32:19,5540,853.33,7.3563,123,29.00
2026-07-13,06:32:29,5550,830.00,7.1552,127,29.00
2026-07-13,06:32:39,5560,826.67,7.1264,127,29.00
2026-07-13,06:32:49,5570,820.00,7.0690,129,29.00
2026-07-13,06:32:59,5580,826.67,7.1264,132,29.00
2026-07-13,06:33:09,5590,860.00,7.4138,128,29.00
2026-07-13,06:33:19,5600,890.00,7.6724,130,29.00
2026-07-13,06:33:29,5610,923.33,7.9598,126,29.00
2026-07-13,06:33:39,5620,956.67,8.2471,122,29.00
2026-07-13,06:33:49,5630,983.33,8.4770,124,29.00
2026-07-13,06:33:59,5640,1006.67,8.6782,124,29.00
2026-07-13,06:34:09,5650,1040.00,8.9655,123,29.00
2026-07-13,06:34:18,5660,1073.33,9.2529,125,29.00
2026-07-13,06:34:28,5670,1126.67,9.7126,133,29.00
2026-07-13,06:34:38,5680,1183.33,10.2011,131,29.00
2026-07-13,06:34:48,5690,1236.67,10.6609,129,29.00
2026-07-13,06:34:58,5700,1280.00,11.0345,126,29.00
2026-07-13,06:35:08,5710,1313.33,11.3218,125,29.00
2026-07-13,06:35:18,5720,1370.00,11.8103,125,29.00
2026-07-13,06:35:28,5730,1443.33,12.4425,128,29.00
2026-07-13,06:35:38,5740,1536.67,13.2471,128,29.00
2026-07-13,06:35:48,5750,1653.33,14.2529,122,29.00
2026-07-13,06:35:58,5760,1786.67,15.4023,126,29.00
2026-07-13,06:36:08,5770,1923.33,16.5805,131,29.00
2026-07-13,06:36:18,5780,2056.67,17.7299,128,29.00
2026-07-13,06:36:28,5790,2200.00,18.9655,128,29.00
2026-07-13,06:36:38,5800,2306.67,19.8851,125,29.00
2026-07-13,06:36:48,5810,2400.00,20.6897,128,29.00
2026-07-13,06:36:58,5820,2456.67,21.1782,127,29.00
2026-07-13,06:37:08,5830,2480.00,21.3793,121,29.00
2026-07-13,06:37:18,5840,2493.33,21.4943,125,29.00
2026-07-13,06:37:28,5850,2506.67,21.6092,125,29.00
2026-07-13,06:37:38,5860,2516.67,21.6954,119,29.00
2026-07-13,06:37:48,5870,2516.67,21.6954,118,29.00
2026-07-13,06:37:58,5880,2496.67,21.5230,123,29.00
2026-07-13,06:38:08,5890,2486.67,21.4368,126,29.00
2026-07-13,06:38:18,5900,2470.00,21.2931,120,29.00
2026-07-13,06:38:28,5910,2450.00,21.1207,118,29.00
2026-07-13,06:38:38,5920,2430.00,20.9483,118,29.00
2026-07-13,06:38:48,5930,2406.67,20.7471,117,29.00
2026-07-13,06:38:58,5940,2363.33,20.3736,120,29.00
2026-07-13,06:39:08,5950,2290.00,19.7414,125,29.00
2026-07-13,06:39:18,5960,2223.33,19.1667,122,29.00
2026-07-13,06:39:28,5970,2196.67,18.9368,120,29.00
2026-07-13,06:39:38,5980,2176.67,18.7644,123,29.00
2026-07-13,06:39:48,5990,2163.33,18.6494,122,29.00
2026-07-13,06:39:58,6000,2160.00,18.6207,127,29.00
2026-07-13,06:40:08,6010,2176.67,18.7644,117,29.00
2026-07-13,06:40:18,6020,2206.67,19.0230,121,29.00
2026-07-13,06:40:28,6030,2253.33,19.4253,127,29.00
2026-07-13,06:40:38,6040,2313.33,19.9425,125,29.00
2026-07-13,06:40:48,6050,2340.00,20.1724,119,29.00
2026-07-13,06:40:58,6060,2340.00,20.1724,120,29.00
2026-07-13,06:41:08,6070,2336.67,20.1437,124,29.00
2026-07-13,06:41:18,6080,2330.00,20.0862,123,29.00
2026-07-13,06:41:28,6090,2286.67,19.7126,124,29.00
2026-07-13,06:41:38,6100,2220.00,19.1379,117,29.00
2026-07-13,06:41:48,6110,2153.33,18.5632,120,29.00
2026-07-13,06:41:58,6120,2086.67,17.9885,124,29.00
2026-07-13,06:42:08,6130,2026.67,17.4713,126,29.00
2026-07-13,06:42:18,6140,1976.67,17.0402,129,29.00
2026-07-13,06:42:28,6150,1920.00,16.5517,134,29.00
2026-07-13,06:42:38,6160,1860.00,16.0345,127,29.00
2026-07-13,06:42:48,6170,1816.67,15.6609,128,29.00
2026-07-13,06:42:58,6180,1790.00,15.4310,127,29.00
2026-07-13,06:43:08,6190,1766.67,15.2299,127,29.00
2026-07-13,06:43:18,6200,1743.33,15.0287,128,29.00
2026-07-13,06:43:28,6210,1706.67,14.7126,121,29.00
2026-07-13,06:43:38,6220,1646.67,14.1954,124,29.00
2026-07-13,06:43:48,6230,1606.67,13.8506,123,29.00
2026-07-13,06:43:58,6240,1580.00,13.6207,119,29.00
2026-07-13,06:44:08,6250,1566.67,13.5057,125,29.00
2026-07-13,06:44:18,6260,1576.67,13.5920,122,29.00
2026-07-13,06:44:27,6270,1606.67,13.8506,130,29.00
2026-07-13,06:44:37,6280,1650.00,14.2241,127,29.00
2026-07-13,06:44:47,6290,1710.00,14.7414,123,29.00
2026-07-13,06:44:57,6300,1746.67,15.0575,128,29.00
2026-07-13,06:45:07,6310,1776.67,15.3161,127,29.00
2026-07-13,06:45:17,6320,1796.67,15.4885,129,29.00
2026-07-13,06:45:27,6330,1816.67,15.6609,124,29.00
2026-07-13,06:45:37,6340,1826.67,15.7471,129,29.00
2026-07-13,06:45:47,6350,1820.00,15.6897,130,29.00
2026-07-13,06:45:57,6360,1810.00,15.6034,133,29.00
2026-07-13,06:46:07,6370,1816.67,15.6609,125,29.00
2026-07-13,06:46:17,6380,1856.67,16.0057,129,29.00
2026-07-13,06:46:27,6390,1916.67,16.5230,131,29.00
2026-07-13,06:46:37,6400,1980.00,17.0690,126,29.00
2026-07-13,06:46:47,6410,2073.33,17.8736,124,29.00
2026-07-13,06:46:57,6420,2186.67,18.8506,136,29.00
2026-07-13,06:47:07,6430,2310.00,19.9138,120,29.00
2026-07-13,06:47:17,6440,2450.00,21.1207,123,29.00
2026-07-13,06:47:27,6450,2593.33,22.3563,124,29.00
2026-07-13,06:47:37,6460,2726.67,23.5057,129,29.00
2026-07-13,06:47:47,6470,2810.00,24.2241,123,29.00
2026-07-13,06:47:57,6480,2840.00,24.4828,133,29.00
2026-07-13,06:48:07,6490,2853.33,24.5977,124,29.00
2026-07-13,06:48:17,6500,2816.67,24.2816,125,29.00
2026-07-13,06:48:27,6510,2706.67,23.3333,134,29.00
2026-07-13,06:48:37,6520,2580.00,22.2414,128,29.00
2026-07-13,06:48:47,6530,2433.33,20.9770,130,29.00
2026-07-13,06:48:57,6540,2330.00,20.0862,131,29.00
2026-07-13,06:49:07,6550,2266.67,19.5402,136,29.00
2026-07-13,06:49:17,6560,2226.67,19.1954,137,29.00
2026-07-13,06:49:27,6570,2210.00,19.0517,136,29.00
2026-07-13,06:49:37,6580,2176.67,18.7644,133,29.00
2026-07-13,06:49:47,6590,2106.67,18.1609,125,29.00
2026-07-13,06:49:57,6600,2050.00,17.6724,131,29.00
2026-07-13,06:50:07,6610,1943.33,16.7529,136,29.00
2026-07-13,06:50:17,6620,1830.00,15.7759,130,29.00
2026-07-13,06:50:27,6630,1730.00,14.9138,135,29.00
2026-07-13,06:50:37,6640,1660.00,14.3103,132,29.00
2026-07-13,06:50:47,6650,1656.67,14.2816,128,29.00
2026-07-13,06:50:57,6660,1670.00,14.3966,125,29.00
2026-07-13,06:51:07,6670,1730.00,14.9138,130,29.00
2026-07-13,06:51:17,6680,1786.67,15.4023,130,29.00
2026-07-13,06:51:27,6690,1846.67,15.9195,129,29.00
2026-07-13,06:51:37,6700,1910.00,16.4655,130,29.00
2026-07-13,06:51:47,6710,1966.67,16.9540,125,29.00
2026-07-13,06:51:57,6720,2010.00,17.3276,126,29.00
2026-07-13,06:52:07,6730,2040.00,17.5862,118,29.00
2026-07-13,06:52:17,6740,2063.33,17.7874,131,29.00
2026-07-13,06:52:27,6750,2063.33,17.7874,126,29.00
2026-07-13,06:52:37,6760,2063.33,17.7874,127,29.00
2026-07-13,06:52:47,6770,2080.00,17.9310,125,29.00
2026-07-13,06:52:57,6780,2140.00,18.4483,125,29.00
2026-07-13,06:53:07,6790,2180.00,18.7931,129,29.00
2026-07-13,06:53:17,6800,2196.67,18.9368,131,29.00
2026-07-13,06:53:27,6810,2173.33,18.7356,132,29.00
2026-07-13,06:53:37,6820,2093.33,18.0460,130,29.00
2026-07-13,06:53:47,6830,2000.00,17.2414,132,29.00
2026-07-13,06:53:57,6840,1883.33,16.2356,131,29.00
2026-07-13,06:54:07,6850,1773.33,15.2874,134,29.00
2026-07-13,06:54:17,6860,1680.00,14.4828,121,29.00
2026-07-13,06:54:27,6870,1613.33,13.9080,123,29.00
2026-07-13,06:54:37,6880,1580.00,13.6207,123,29.00
2026-07-13,06:54:47,6890,1550.00,13.3621,129,29.00
2026-07-13,06:54:57,6900,1533.33,13.2184,121,29.00
2026-07-13,06:55:07,6910,1530.00,13.1897,126,29.00
2026-07-13,06:55:17,6920,1516.67,13.0747,126,29.00
2026-07-13,06:55:27,6930,1513.33,13.0460,130,29.00
2026-07-13,06:55:36,6940,1486.67,12.8161,130,29.00
2026-07-13,06:55:46,6950,1460.00,12.5862,130,29.00
2026-07-13,06:55:56,6960,1456.67,12.5575,130,29.00
2026-07-13,06:56:06,6970,1463.33,12.6149,123,29.00
2026-07-13,06:56:16,6980,1450.00,12.5000,124,29.00
2026-07-13,06:56:26,6990,1430.00,12.3276,132,29.00
2026-07-13,06:56:36,7000,1413.33,12.1839,131,29.00
2026-07-13,06:56:46,7010,1410.00,12.1552,123,29.00
2026-07-13,06:56:56,7020,1426.67,12.2989,124,29.00
2026-07-13,06:57:06,7030,1446.67,12.4713,128,29.00
2026-07-13,06:57:16,7040,1480.00,12.7586,132,29.00
2026-07-13,06:57:26,7050,1530.00,13.1897,130,29.00
2026-07-13,06:57:36,7060,1583.33,13.6494,131,29.00
2026-07-13,06:57:46,7070,1610.00,13.8793,128,29.00
2026-07-13,06:57:56,7080,1600.00,13.7931,125,29.00
2026-07-13,06:58:06,7090,1580.00,13.6207,127,29.00
2026-07-13,06:58:16,7100,1583.33,13.6494,135,29.00
2026-07-13,06:58:26,7110,1620.00,13.9655,131,29.00
2026-07-13,06:58:36,7120,1660.00,14.3103,127,29.00
2026-07-13,06:58:46,7130,1716.67,14.7989,126,29.00
2026-07-13,06:58:56,7140,1770.00,15.2586,126,29.00
2026-07-13,06:59:06,7150,1833.33,15.8046,129,29.00
2026-07-13,06:59:16,7160,1913.33,16.4943,131,29.00
2026-07-13,06:59:26,7170,1980.00,17.0690,134,29.00
2026-07-13,06:59:36,7180,2000.00,17.2414,131,29.00
2026-07-13,06:59:46,7190,2006.67,17.2989,127,29.00
2026-07-13,06:59:56,7200,2013.33,17.3563,130,29.00
2026-07-13,07:00:06,7210,2013.33,17.3563,124,29.00
2026-07-13,07:00:16,7220,2003.33,17.2701,130,29.00
2026-07-13,07:00:26,7230,1973.33,17.0115,126,29.00
2026-07-13,07:00:36,7240,1946.67,16.7816,131,29.00
2026-07-13,07:00:46,7250,1943.33,16.7529,127,29.00
2026-07-13,07:00:56,7260,1963.33,16.9253,135,29.00
2026-07-13,07:01:06,7270,1976.67,17.0402,129,29.00
2026-07-13,07:01:16,7280,1966.67,16.9540,125,29.00
2026-07-13,07:01:26,7290,1933.33,16.6667,126,29.00
2026-07-13,07:01:36,7300,1910.00,16.4655,130,29.00
2026-07-13,07:01:46,7310,1916.67,16.5230,127,29.00
2026-07-13,07:01:56,7320,1960.00,16.8966,128,29.00
2026-07-13,07:02:06,7330,2013.33,17.3563,121,29.00
2026-07-13,07:02:16,7340,2060.00,17.7586,130,29.00
2026-07-13,07:02:26,7350,2106.67,18.1609,125,29.00
2026-07-13,07:02:36,7360,2116.67,18.2471,127,29.00
2026-07-13,07:02:46,7370,2153.33,18.5632,136,29.00
2026-07-13,07:02:56,7380,2220.00,19.1379,130,29.00
2026-07-13,07:03:06,7390,2300.00,19.8276,131,29.00
2026-07-13,07:03:16,7400,2343.33,20.2011,141,29.00
2026-07-13,07:03:26,7410,2363.33,20.3736,134,29.00
2026-07-13,07:03:36,7420,2343.33,20.2011,134,29.00
2026-07-13,07:03:46,7430,2310.00,19.9138,129,29.00
2026-07-13,07:03:56,7440,2283.33,19.6839,130,29.00
2026-07-13,07:04:06,7450,2283.33,19.6839,123,29.00
2026-07-13,07:04:16,7460,2290.00,19.7414,125,29.00
2026-07-13,07:04:26,7470,2300.00,19.8276,128,29.00
2026-07-13,07:04:36,7480,2323.33,20.0287,128,29.00
2026-07-13,07:04:46,7490,2350.00,20.2586,121,29.00
2026-07-13,07:04:56,7500,2353.33,20.2874,129,29.00
2026-07-13,07:05:06,7510,2343.33,20.2011,127,29.00
2026-07-13,07:05:16,7520,2323.33,20.0287,126,29.00
2026-07-13,07:05:26,7530,2306.67,19.8851,126,29.00
2026-07-13,07:05:35,7540,2320.00,20.0000,121,29.00
2026-07-13,07:05:45,7550,2350.00,20.2586,122,29.00
2026-07-13,07:05:55,7560,2380.00,20.5172,124,29.00
2026-07-13,07:06:05,7570,2383.33,20.5460,133,29.00
2026-07-13,07:06:15,7580,2333.33,20.1149,122,29.00
2026-07-13,07:06:25,7590,2280.00,19.6552,130,29.00
2026-07-13,07:06:35,7600,2213.33,19.0805,129,29.00
2026-07-13,07:06:45,7610,2133.33,18.3908,125,29.00
2026-07-13,07:06:55,7620,2053.33,17.7011,127,29.00
2026-07-13,07:07:05,7630,2010.00,17.3276,127,29.00
2026-07-13,07:07:15,7640,1976.67,17.0402,125,29.00
2026-07-13,07:07:25,7650,1933.33,16.6667,126,29.00
2026-07-13,07:07:35,7660,1860.00,16.0345,128,29.00
2026-07-13,07:07:45,7670,1780.00,15.3448,128,29.00
2026-07-13,07:07:55,7680,1723.33,14.8563,122,29.00
2026-07-13,07:08:05,7690,1706.67,14.7126,123,29.00
2026-07-13,07:08:15,7700,1706.67,14.7126,132,29.00
2026-07-13,07:08:25,7710,1683.33,14.5115,129,29.00
2026-07-13,07:08:35,7720,1650.00,14.2241,126,29.00
2026-07-13,07:08:45,7730,1610.00,13.8793,130,29.00
2026-07-13,07:08:55,7740,1563.33,13.4770,132,29.00
2026-07-13,07:09:05,7750,1530.00,13.1897,139,29.00
2026-07-13,07:09:15,7760,1520.00,13.1034,125,29.00
2026-07-13,07:09:25,7770,1540.00,13.2759,125,29.00
2026-07-13,07:09:35,7780,1556.67,13.4195,125,29.00
2026-07-13,07:09:45,7790,1566.67,13.5057,130,29.00
2026-07-13,07:09:55,7800,1583.33,13.6494,139,29.00
2026-07-13,07:10:05,7810,1580.00,13.6207,128,29.00
2026-07-13,07:10:15,7820,1563.33,13.4770,130,29.00
2026-07-13,07:10:25,7830,1543.33,13.3046,123,29.00
2026-07-13,07:10:35,7840,1540.00,13.2759,123,29.00
2026-07-13,07:10:45,7850,1570.00,13.5345,125,29.00
2026-07-13,07:10:55,7860,1593.33,13.7356,128,29.00
2026-07-13,07:11:05,7870,1623.33,13.9943,125,29.00
2026-07-13,07:11:15,7880,1660.00,14.3103,124,29.00
2026-07-13,07:11:25,7890,1686.67,14.5402,132,29.00
2026-07-13,07:11:35,7900,1710.00,14.7414,136,29.00
2026-07-13,07:11:45,7910,1723.33,14.8563,128,29.00
2026-07-13,07:11:55,7920,1746.67,15.0575,121,29.00
2026-07-13,07:12:05,7930,1813.33,15.6322,131,29.00
2026-07-13,07:12:15,7940,1900.00,16.3793,123,29.00
2026-07-13,07:12:25,7950,2006.67,17.2989,124,29.00
2026-07-13,07:12:35,7960,2110.00,18.1897,121,29.00
2026-07-13,07:12:45,7970,2210.00,19.0517,121,29.00
2026-07-13,07:12:55,7980,2256.67,19.4540,123,29.00
2026-07-13,07:13:05,7990,2286.67,19.7126,129,29.00
2026-07-13,07:13:15,8000,2286.67,19.7126,131,29.00
2026-07-13,07:13:25,8010,2266.67,19.5402,123,29.00
2026-07-13,07:13:35,8020,2263.33,19.5115,127,29.00
2026-07-13,07:13:45,8030,2253.33,19.4253,118,29.00
2026-07-13,07:13:55,8040,2243.33,19.3391,131,29.00
2026-07-13,07:14:05,8050,2230.00,19.2241,132,29.00
2026-07-13,07:14:15,8060,2253.33,19.4253,130,29.00
2026-07-13,07:14:25,8070,2326.67,20.0575,134,29.00
2026-07-13,07:14:35,8080,2436.67,21.0057,129,29.00
2026-07-13,07:14:45,8090,2590.00,22.3276,126,29.00
2026-07-13,07:14:55,8100,2730.00,23.5345,128,29.00
2026-07-13,07:15:05,8110,2843.33,24.5115,126,29.00
2026-07-13,07:15:15,8120,2893.33,24.9425,121,29.00
2026-07-13,07:15:25,8130,2876.67,24.7988,124,29.00
2026-07-13,07:15:35,8140,2810.00,24.2241,128,29.00
2026-07-13,07:15:45,8150,2710.00,23.3621,125,29.00
2026-07-13,07:15:55,8160,2603.33,22.4425,121,29.00
2026-07-13,07:16:04,8170,2496.67,21.5230,121,29.00
2026-07-13,07:16:14,8180,2420.00,20.8621,122,29.00
2026-07-13,07:16:24,8190,2333.33,20.1149,129,29.00
2026-07-13,07:16:34,8200,2280.00,19.6552,121,29.00
2026-07-13,07:16:44,8210,2260.00,19.4828,124,29.00
2026-07-13,07:16:54,8220,2286.67,19.7126,121,29.00
2026-07-13,07:17:04,8230,2330.00,20.0862,127,29.00
2026-07-13,07:17:14,8240,2386.67,20.5747,128,29.00
2026-07-13,07:17:24,8250,2440.00,21.0345,129,29.00
2026-07-13,07:17:34,8260,2493.33,21.4943,131,29.00
2026-07-13,07:17:44,8270,2560.00,22.0690,128,29.00
2026-07-13,07:17:54,8280,2600.00,22.4138,134,29.00
2026-07-13,07:18:04,8290,2613.33,22.5287,127,29.00
2026-07-13,07:18:14,8300,2590.00,22.3276,128,29.00
2026-07-13,07:18:24,8310,2536.67,21.8678,130,29.00
2026-07-13,07:18:34,8320,2496.67,21.5230,124,29.00
2026-07-13,07:18:44,8330,2460.00,21.2069,126,29.00
2026-07-13,07:18:54,8340,2413.33,20.8046,129,29.00
2026-07-13,07:19:04,8350,2393.33,20.6322,133,29.00
2026-07-13,07:19:14,8360,2403.33,20.7184,124,29.00
2026-07-13,07:19:24,8370,2436.67,21.0057,127,29.00
2026-07-13,07:19:34,8380,2460.00,21.2069,125,29.00
2026-07-13,07:19:44,8390,2473.33,21.3218,126,29.00
2026-07-13,07:19:54,8400,2476.67,21.3506,135,29.00
2026-07-13,07:20:04,8410,2500.00,21.5517,129,29.00
2026-07-13,07:20:14,8420,2576.67,22.2126,129,29.00
2026-07-13,07:20:24,8430,2636.67,22.7299,126,29.00
2026-07-13,07:20:34,8440,2666.67,22.9885,120,29.00
2026-07-13,07:20:44,8450,2683.33,23.1322,122,29.00
2026-07-13,07:20:54,8460,2710.00,23.3621,118,29.00
2026-07-13,07:21:04,8470,2753.33,23.7356,121,29.00
2026-07-13,07:21:14,8480,2840.00,24.4828,125,29.00
2026-07-13,07:21:24,8490,2870.00,24.7414,119,29.00
2026-07-13,07:21:34,8500,2793.33,24.0805,123,29.00
2026-07-13,07:21:44,8510,2630.00,22.6724,116,29.00
2026-07-13,07:21:54,8520,2443.33,21.0632,113,29.00
2026-07-13,07:22:04,8530,2306.67,19.8851,121,29.00
2026-07-13,07:22:14,8540,2230.00,19.2241,127,29.00
2026-07-13,07:22:24,8550,2240.00,19.3103,131,29.00
2026-07-13,07:22:34,8560,2286.67,19.7126,123,29.00
2026-07-13,07:22:44,8570,2296.67,19.7988,125,29.00
2026-07-13,07:22:54,8580,2276.67,19.6264,131,29.00
2026-07-13,07:23:04,8590,2276.67,19.6264,129,29.00
2026-07-13,07:23:14,8600,2260.00,19.4828,130,29.00
2026-07-13,07:23:24,8610,2233.33,19.2529,127,29.00
2026-07-13,07:23:34,8620,2210.00,19.0517,128,29.00
2026-07-13,07:23:44,8630,2203.33,18.9943,121,29.00
2026-07-13,07:23:54,8640,2206.67,19.0230,126,29.00
2026-07-13,07:24:04,8650,2183.33,18.8218,128,29.00
2026-07-13,07:24:14,8660,2103.33,18.1322,121,29.00
2026-07-13,07:24:24,8670,2000.00,17.2414,124,29.00
2026-07-13,07:24:34,8680,1910.00,16.4655,137,29.00
2026-07-13,07:24:44,8690,1850.00,15.9483,128,29.00
2026-07-13,07:24:54,8700,1836.67,15.8333,130,29.00
2026-07-13,07:25:04,8710,1826.67,15.7471,130,29.00
2026-07-13,07:25:14,8720,1803.33,15.5460,136,29.00
2026-07-13,07:25:24,8730,1780.00,15.3448,128,29.00
2026-07-13,07:25:34,8740,1753.33,15.1149,125,29.00
2026-07-13,07:25:44,8750,1690.00,14.5690,130,29.00
2026-07-13,07:25:54,8760,1656.67,14.2816,134,29.00
2026-07-13,07:26:04,8770,1670.00,14.3966,135,29.00
2026-07-13,07:26:14,8780,1746.67,15.0575,131,29.00
2026-07-13,07:26:23,8790,1816.67,15.6609,126,29.00
2026-07-13,07:26:33,8800,1840.00,15.8621,132,29.00
2026-07-13,07:26:43,8810,1846.67,15.9195,134,29.00
2026-07-13,07:26:53,8820,1866.67,16.0920,131,29.00
2026-07-13,07:27:03,8830,1916.67,16.5230,123,29.00
2026-07-13,07:27:13,8840,1960.00,16.8966,120,29.00
2026-07-13,07:27:23,8850,1990.00,17.1552,123,29.00
2026-07-13,07:27:33,8860,1993.33,17.1839,125,29.00
2026-07-13,07:27:43,8870,1966.67,16.9540,130,29.00
2026-07-13,07:27:53,8880,1936.67,16.6954,130,29.00
2026-07-13,07:28:03,8890,1920.00,16.5517,135,29.00
2026-07-13,07:28:13,8900,1923.33,16.5805,131,29.00
2026-07-13,07:28:23,8910,1936.67,16.6954,130,29.00
2026-07-13,07:28:33,8920,1933.33,16.6667,127,29.00
2026-07-13,07:28:43,8930,1920.00,16.5517,127,29.00
2026-07-13,07:28:53,8940,1890.00,16.2931,131,29.00
2026-07-13,07:29:03,8950,1850.00,15.9483,132,29.00
2026-07-13,07:29:13,8960,1803.33,15.5460,128,29.00
2026-07-13,07:29:23,8970,1750.00,15.0862,129,29.00
2026-07-13,07:29:33,8980,1686.67,14.5402,127,29.00
2026-07-13,07:29:43,8990,1653.33,14.2529,133,29.00
2026-07-13,07:29:53,9000,1653.33,14.2529,133,29.00
2026-07-13,07:30:03,9010,1666.67,14.3678,127,29.00
2026-07-13,07:30:13,9020,1666.67,14.3678,121,29.00
2026-07-13,07:30:23,9030,1653.33,14.2529,125,29.00
2026-07-13,07:30:33,9040,1653.33,14.2529,127,29.00
2026-07-13,07:30:43,9050,1680.00,14.4828,123,29.00
2026-07-13,07:30:53,9060,1726.67,14.8851,125,29.00
2026-07-13,07:31:03,9070,1760.00,15.1724,132,29.00
2026-07-13,07:31:13,9080,1776.67,15.3161,131,29.00
2026-07-13,07:31:23,9090,1810.00,15.6034,130,29.00
2026-07-13,07:31:33,9100,1860.00,16.0345,127,29.00
2026-07-13,07:31:43,9110,1930.00,16.6379,134,29.00
2026-07-13,07:31:53,9120,1990.00,17.1552,134,29.00
2026-07-13,07:32:03,9130,2040.00,17.5862,129,29.00
2026-07-13,07:32:13,9140,2090.00,18.0172,127,29.00
2026-07-13,07:32:23,9150,2170.00,18.7069,128,29.00
2026-07-13,07:32:33,9160,2243.33,19.3391,137,29.00
2026-07-13,07:32:43,9170,2316.67,19.9713,129,29.00
2026-07-13,07:32:53,9180,2346.67,20.2299,128,29.00
2026-07-13,07:33:03,9190,2330.00,20.0862,137,29.00
2026-07-13,07:33:13,9200,2286.67,19.7126,133,29.00
2026-07-13,07:33:23,9210,2246.67,19.3678,125,29.00
2026-07-13,07:33:33,9220,2206.67,19.0230,126,29.00
2026-07-13,07:33:43,9230,2160.00,18.6207,124,29.00
2026-07-13,07:33:53,9240,2070.00,17.8448,120,29.00
2026-07-13,07:34:03,9250,1970.00,16.9828,127,29.00
2026-07-13,07:34:13,9260,1866.67,16.0920,135,29.00
2026-07-13,07:34:23,9270,1780.00,15.3448,133,29.00
2026-07-13,07:34:33,9280,1686.67,14.5402,131,29.00
2026-07-13,07:34:43,9290,1613.33,13.9080,134,29.00
2026-07-13,07:34:53,9300,1560.00,13.4483,131,29.00
2026-07-13,07:35:03,9310,1560.00,13.4483,138,29.00
2026-07-13,07:35:13,9320,1606.67,13.8506,136,29.00
2026-07-13,07:35:23,9330,1733.33,14.9425,127,29.00
2026-07-13,07:35:33,9340,1883.33,16.2356,133,29.00
2026-07-13,07:35:43,9350,2010.00,17.3276,128,29.00
2026-07-13,07:35:53,9360,2063.33,17.7874,123,29.00
2026-07-13,07:36:03,9370,2046.67,17.6437,129,29.00
2026-07-13,07:36:13,9380,1986.67,17.1264,128,29.00
2026-07-13,07:36:23,9390,1933.33,16.6667,132,29.00
2026-07-13,07:36:33,9400,1893.33,16.3218,135,29.00
2026-07-13,07:36:43,9410,1876.67,16.1782,125,29.00
2026-07-13,07:36:52,9420,1866.67,16.0920,132,29.00
2026-07-13,07:37:02,9430,1863.33,16.0632,135,29.00
2026-07-13,07:37:12,9440,1876.67,16.1782,130,29.00
2026-07-13,07:37:22,9450,1943.33,16.7529,129,29.00
2026-07-13,07:37:32,9460,2006.67,17.2989,128,29.00
2026-07-13,07:37:42,9470,2036.67,17.5575,123,29.00
2026-07-13,07:37:52,9480,2026.67,17.4713,129,29.00
2026-07-13,07:38:02,9490,1996.67,17.2126,128,29.00
2026-07-13,07:38:12,9500,1980.00,17.0690,133,29.00
2026-07-13,07:38:22,9510,1980.00,17.0690,128,29.00
2026-07-13,07:38:32,9520,1980.00,17.0690,135,29.00
2026-07-13,07:38:42,9530,1950.00,16.8103,128,29.00
2026-07-13,07:38:52,9540,1906.67,16.4368,135,29.00
2026-07-13,07:39:02,9550,1896.67,16.3506,132,29.00
2026-07-13,07:39:12,9560,1913.33,16.4943,134,29.00
2026-07-13,07:39:22,9570,1933.33,16.6667,130,29.00
2026-07-13,07:39:32,9580,1980.00,17.0690,126,29.00
2026-07-13,07:39:42,9590,2036.67,17.5575,128,29.00
2026-07-13,07:39:52,9600,2073.33,17.8736,125,29.00
2026-07-13,07:40:02,9610,2053.33,17.7011,122,29.00
2026-07-13,07:40:12,9620,2010.00,17.3276,137,29.00
2026-07-13,07:40:22,9630,1970.00,16.9828,128,29.00
2026-07-13,07:40:32,9640,1940.00,16.7241,132,29.00
2026-07-13,07:40:42,9650,1890.00,16.2931,129,29.00
2026-07-13,07:40:52,9660,1840.00,15.8621,128,29.00
2026-07-13,07:41:02,9670,1826.67,15.7471,121,29.00
2026-07-13,07:41:12,9680,1853.33,15.9770,129,29.00
2026-07-13,07:41:22,9690,1930.00,16.6379,125,29.00
2026-07-13,07:41:32,9700,2040.00,17.5862,124,29.00
2026-07-13,07:41:42,9710,2190.00,18.8793,120,29.00
2026-07-13,07:41:52,9720,2310.00,19.9138,137,29.00
2026-07-13,07:42:02,9730,2433.33,20.9770,131,29.00
2026-07-13,07:42:12,9740,2636.67,22.7299,124,29.00
2026-07-13,07:42:22,9750,2823.33,24.3391,122,29.00
2026-07-13,07:42:32,9760,2966.67,25.5747,125,29.00
2026-07-13,07:42:42,9770,3066.67,26.4368,123,29.00
2026-07-13,07:42:52,9780,3093.33,26.6667,126,29.00
2026-07-13,07:43:02,9790,3100.00,26.7241,119,29.00
2026-07-13,07:43:12,9800,3126.67,26.9540,124,29.00
2026-07-13,07:43:22,9810,3200.00,27.5862,123,29.00
2026-07-13,07:43:32,9820,3273.33,28.2184,122,29.00
2026-07-13,07:43:42,9830,3330.00,28.7069,127,29.00
2026-07-13,07:43:52,9840,3346.67,28.8506,126,29.00
2026-07-13,07:44:02,9850,3333.33,28.7356,123,29.00
2026-07-13,07:44:12,9860,3273.33,28.2184,125,29.00
2026-07-13,07:44:22,9870,3160.00,27.2414,125,29.00
2026-07-13,07:44:32,9880,3043.33,26.2356,123,29.00
2026-07-13,07:44:42,9890,2903.33,25.0287,118,29.00
2026-07-13,07:44:52,9900,2766.67,23.8506,123,29.00
2026-07-13,07:45:02,9910,2646.67,22.8161,125,29.00
2026-07-13,07:45:12,9920,2513.33,21.6667,123,29.00
2026-07-13,07:45:22,9930,2426.67,20.9195,121,29.00
2026-07-13,07:45:32,9940,2376.67,20.4885,123,29.00
2026-07-13,07:45:42,9950,2433.33,20.9770,125,29.00
2026-07-13,07:45:52,9960,2520.00,21.7241,128,29.00
2026-07-13,07:46:02,9970,2536.67,21.8678,133,29.00
2026-07-13,07:46:12,9980,2506.67,21.6092,128,29.00
2026-07-13,07:46:22,9990,2440.00,21.0345,127,29.00
2026-07-13,07:46:32,10000,2353.33,20.2874,132,29.00
2026-07-13,07:46:42,10010,2276.67,19.6264,128,29.00
2026-07-13,07:46:52,10020,2243.33,19.3391,117,29.00
2026-07-13,07:47:02,10030,2266.67,19.5402,129,29.00
2026-07-13,07:47:12,10040,2333.33,20.1149,125,29.00
2026-07-13,07:47:21,10050,2396.67,20.6609,121,29.00
2026-07-13,07:47:31,10060,2453.33,21.1494,126,29.00
2026-07-13,07:47:41,10070,2520.00,21.7241,121,29.00
2026-07-13,07:47:51,10080,2590.00,22.3276,125,29.00
2026-07-13,07:48:01,10090,2623.33,22.6149,119,29.00
2026-07-13,07:48:11,10100,2646.67,22.8161,119,29.00
2026-07-13,07:48:21,10110,2633.33,22.7011,124,29.00
2026-07-13,07:48:31,10120,2613.33,22.5287,126,29.00
2026-07-13,07:48:41,10130,2606.67,22.4713,125,29.00
2026-07-13,07:48:51,10140,2566.67,22.1264,126,29.00
2026-07-13,07:49:01,10150,2536.67,21.8678,123,29.00
2026-07-13,07:49:11,10160,2510.00,21.6379,122,29.00
2026-07-13,07:49:21,10170,2583.33,22.2701,130,29.00
2026-07-13,07:49:31,10180,2663.33,22.9598,128,29.00
2026-07-13,07:49:41,10190,2730.00,23.5345,120,29.00
2026-07-13,07:49:51,10200,2813.33,24.2529,126,29.00
2026-07-13,07:50:01,10210,2943.33,25.3736,126,29.00
2026-07-13,07:50:11,10220,3080.00,26.5517,125,29.00
2026-07-13,07:50:21,10230,3220.00,27.7586,125,29.00
2026-07-13,07:50:31,10240,3460.00,29.8276,130,29.00
2026-07-13,07:50:41,10250,3713.33,32.0115,126,29.00
2026-07-13,07:50:51,10260,3873.33,33.3908,131,29.00
2026-07-13,07:51:01,10270,3966.67,34.1954,125,29.00
2026-07-13,07:51:11,10280,4023.33,34.6839,123,29.00
2026-07-13,07:51:21,10290,4056.67,34.9713,122,29.00
2026-07-13,07:51:31,10300,4050.00,34.9138,126,29.00
2026-07-13,07:51:41,10310,4026.67,34.7126,134,29.00
2026-07-13,07:51:51,10320,4033.33,34.7701,133,29.00
2026-07-13,07:52:01,10330,4200.00,36.2069,126,29.00
2026-07-13,07:52:11,10340,4516.67,38.9368,129,29.00
2026-07-13,07:52:21,10350,4783.33,41.2356,136,29.00
2026-07-13,07:52:31,10360,4916.67,42.3851,133,29.00
2026-07-13,07:52:41,10370,5030.00,43.3621,129,29.00
2026-07-13,07:52:51,10380,5136.67,44.2816,132,30.00
2026-07-13,07:53:01,10390,5230.00,45.0862,131,29.00
2026-07-13,07:53:11,10400,5200.00,44.8276,134,30.00
2026-07-13,07:53:21,10410,5103.33,43.9943,133,29.00
2026-07-13,07:53:31,10420,5130.00,44.2241,132,30.00
2026-07-13,07:53:41,10430,5153.33,44.4253,133,30.00
2026-07-13,07:53:51,10440,5090.00,43.8793,133,30.00
2026-07-13,07:54:01,10450,4943.33,42.6149,134,30.00
2026-07-13,07:54:11,10460,4863.33,41.9253,124,30.00
2026-07-13,07:54:21,10470,4980.00,42.9310,125,30.00
2026-07-13,07:54:31,10480,5336.67,46.0057,132,30.00
2026-07-13,07:54:41,10490,5776.67,49.7988,133,30.00
2026-07-13,07:54:51,10500,6133.33,52.8736,165,30.00
2026-07-13,07:55:01,10510,6343.33,54.6839,139,30.00
2026-07-13,07:55:11,10520,6476.67,55.8333,138,30.00
2026-07-13,07:55:21,10530,6520.00,56.2069,139,30.00
2026-07-13,07:55:31,10540,6480.00,55.8621,137,30.00
2026-07-13,07:55:41,10550,6433.33,55.4598,128,30.00
2026-07-13,07:55:51,10560,6413.33,55.2874,131,30.00
2026-07-13,07:56:01,10570,6433.33,55.4598,130,30.00
2026-07-13,07:56:11,10580,6386.67,55.0575,128,30.00
2026-07-13,07:56:21,10590,6370.00,54.9138,124,30.00
2026-07-13,07:56:31,10600,6286.67,54.1954,123,30.00
2026-07-13,07:56:41,10610,6186.67,53.3333,131,30.00
2026-07-13,07:56:51,10620,6103.33,52.6149,126,30.00
2026-07-13,07:57:01,10630,6003.33,51.7529,131,30.00
2026-07-13,07:57:11,10640,5840.00,50.3448,134,30.00
2026-07-13,07:57:21,10650,5750.00,49.5690,129,30.00
2026-07-13,07:57:31,10660,5843.33,50.3736,134,30.00
2026-07-13,07:57:40,10670,5896.67,50.8333,129,30.00
2026-07-13,07:57:50,10680,5896.67,50.8333,132,30.00
2026-07-13,07:58:00,10690,5880.00,50.6897,136,30.00
2026-07-13,07:58:10,10700,5833.33,50.2874,131,30.00
2026-07-13,07:58:20,10710,5820.00,50.1724,128,30.00
2026-07-13,07:58:30,10720,5900.00,50.8621,122,30.00
2026-07-13,07:58:40,10730,5953.33,51.3218,133,30.00
2026-07-13,07:58:50,10740,6023.33,51.9253,132,30.00
2026-07-13,07:59:00,10750,6060.00,52.2414,134,30.00
2026-07-13,07:59:10,10760,6066.67,52.2988,134,30.00
2026-07-13,07:59:20,10770,6076.67,52.3851,135,30.00
2026-07-13,07:59:30,10780,6046.67,52.1264,126,30.00
2026-07-13,07:59:40,10790,6026.67,51.9540,130,30.00
2026-07-13,07:59:50,10800,6006.67,51.7816,131,31.00
2026-07-13,08:00:00,10810,5926.67,51.0920,140,31.00
2026-07-13,08:00:10,10820,5876.67,50.6609,130,31.00
2026-07-13,08:00:20,10830,5823.33,50.2011,130,31.00
2026-07-13,08:00:30,10840,5780.00,49.8276,131,31.00
2026-07-13,08:00:40,10850,5763.33,49.6839,131,31.00
2026-07-13,08:00:50,10860,5700.00,49.1379,130,30.00
2026-07-13,08:01:00,10870,5673.33,48.9080,134,31.00
2026-07-13,08:01:10,10880,5663.33,48.8218,140,31.00
2026-07-13,08:01:20,10890,5686.67,49.0230,134,31.00
2026-07-13,08:01:30,10900,5720.00,49.3103,132,31.00
2026-07-13,08:01:40,10910,5763.33,49.6839,125,31.00
2026-07-13,08:01:50,10920,5856.67,50.4885,130,31.00
2026-07-13,08:02:00,10930,5910.00,50.9483,131,31.00
2026-07-13,08:02:10,10940,5993.33,51.6667,128,31.00
2026-07-13,08:02:20,10950,6053.33,52.1839,136,31.00
2026-07-13,08:02:30,10960,6103.33,52.6149,138,31.00
2026-07-13,08:02:40,10970,6163.33,53.1322,142,31.00
2026-07-13,08:02:50,10980,6226.67,53.6782,137,31.00
2026-07-13,08:03:00,10990,6280.00,54.1379,135,31.00
2026-07-13,08:03:10,11000,6316.67,54.4540,135,31.00
2026-07-13,08:03:20,11010,6346.67,54.7126,136,31.00
2026-07-13,08:03:30,11020,6360.00,54.8276,135,31.00
2026-07-13,08:03:40,11030,6410.00,55.2586,128,31.00
2026-07-13,08:03:50,11040,6440.00,55.5172,134,31.00
2026-07-13,08:04:00,11050,6470.00,55.7759,134,31.00
2026-07-13,08:04:10,11060,6506.67,56.0920,136,31.00
2026-07-13,08:04:20,11070,6536.67,56.3506,136,31.00
2026-07-13,08:04:30,11080,6600.00,56.8965,135,31.00
2026-07-13,08:04:40,11090,6626.67,57.1264,137,31.00
2026-07-13,08:04:50,11100,6653.33,57.3563,135,31.00
2026-07-13,08:05:00,11110,6696.67,57.7299,134,31.00
2026-07-13,08:05:10,11120,6733.33,58.0460,135,31.00
2026-07-13,08:05:20,11130,6753.33,58.2184,140,31.00
2026-07-13,08:05:30,11140,6786.67,58.5057,142,31.00
2026-07-13,08:05:40,11150,6810.00,58.7069,143,31.00
2026-07-13,08:05:50,11160,6806.67,58.6782,138,31.00
2026-07-13,08:06:00,11170,6806.67,58.6782,135,31.00
2026-07-13,08:06:10,11180,6793.33,58.5632,140,31.00
2026-07-13,08:06:20,11190,6770.00,58.3621,136,31.00
2026-07-13,08:06:30,11200,6743.33,58.1322,129,31.00
2026-07-13,08:06:40,11210,6696.67,57.7299,138,31.00
2026-07-13,08:06:50,11220,6650.00,57.3276,136,31.00
2026-07-13,08:07:00,11230,6600.00,56.8965,131,31.00
2026-07-13,08:07:10,11240,6550.00,56.4655,130,31.00
2026-07-13,08:07:20,11250,6490.00,55.9483,137,31.00
2026-07-13,08:07:30,11260,6443.33,55.5460,136,31.00
2026-07-13,08:07:40,11270,6346.67,54.7126,135,31.00
2026-07-13,08:07:50,11280,6273.33,54.0805,135,31.00
2026-07-13,08:08:00,11290,6213.33,53.5632,135,31.00
2026-07-13,08:08:09,11300,6130.00,52.8448,135,31.00
2026-07-13,08:08:19,11310,6056.67,52.2126,129,31.00
2026-07-13,08:08:29,11320,5990.00,51.6379,132,31.00
2026-07-13,08:08:39,11330,5913.33,50.9770,131,31.00
2026-07-13,08:08:49,11340,5843.33,50.3736,130,31.00
2026-07-13,08:08:59,11350,5753.33,49.5977,131,31.00
2026-07-13,08:09:09,11360,5656.67,48.7644,135,31.00
2026-07-13,08:09:19,11370,5580.00,48.1034,132,31.00
2026-07-13,08:09:29,11380,5480.00,47.2414,139,31.00
2026-07-13,08:09:39,11390,5386.67,46.4368,135,31.00
2026-07-13,08:09:49,11400,5280.00,45.5172,132,31.00
2026-07-13,08:09:59,11410,5173.33,44.5977,139,31.00
2026-07-13,08:10:09,11420,5063.33,43.6494,138,31.00
2026-07-13,08:10:19,11430,4960.00,42.7586,130,31.00
2026-07-13,08:10:29,11440,4853.33,41.8391,126,31.00
2026-07-13,08:10:39,11450,4746.67,40.9195,123,31.00
2026-07-13,08:10:49,11460,4663.33,40.2011,123,31.00
2026-07-13,08:10:59,11470,4576.67,39.4540,123,31.00
2026-07-13,08:11:09,11480,4496.67,38.7644,124,31.00
2026-07-13,08:11:19,11490,4440.00,38.2759,125,31.00
2026-07-13,08:11:29,11500,4410.00,38.0172,129,31.00
2026-07-13,08:11:39,11510,4393.33,37.8736,123,31.00
2026-07-13,08:11:49,11520,4386.67,37.8161,125,31.00
2026-07-13,08:11:59,11530,4373.33,37.7011,134,31.00
2026-07-13,08:12:09,11540,4340.00,37.4138,131,31.00
2026-07-13,08:12:19,11550,4313.33,37.1839,131,31.00
2026-07-13,08:12:29,11560,4336.67,37.3851,124,31.00
2026-07-13,08:12:39,11570,4433.33,38.2184,128,31.00
2026-07-13,08:12:49,11580,4510.00,38.8793,134,31.00
2026-07-13,08:12:59,11590,4576.67,39.4540,128,31.00
2026-07-13,08:13:09,11600,4746.67,40.9195,137,31.00
2026-07-13,08:13:19,11610,4996.67,43.0747,129,31.00
2026-07-13,08:13:29,11620,5226.67,45.0575,124,31.00
2026-07-13,08:13:39,11630,5420.00,46.7241,135,31.00
2026-07-13,08:13:49,11640,5553.33,47.8736,139,31.00
2026-07-13,08:13:59,11650,5593.33,48.2184,138,31.00
2026-07-13,08:14:09,11660,5520.00,47.5862,130,31.00
2026-07-13,08:14:19,11670,5383.33,46.4080,138,31.00
2026-07-13,08:14:29,11680,5216.67,44.9713,126,31.00
2026-07-13,08:14:39,11690,4960.00,42.7586,127,31.00
2026-07-13,08:14:49,11700,4596.67,39.6264,132,31.00
2026-07-13,08:14:59,11710,4210.00,36.2931,124,31.00
2026-07-13,08:15:09,11720,3860.00,33.2759,119,31.00
2026-07-13,08:15:19,11730,3533.33,30.4598,126,31.00
2026-07-13,08:15:29,11740,3233.33,27.8736,123,31.00
2026-07-13,08:15:39,11750,2990.00,25.7759,126,31.00
2026-07-13,08:15:49,11760,2766.67,23.8506,129,31.00
2026-07-13,08:15:59,11770,2606.67,22.4713,127,31.00
2026-07-13,08:16:09,11780,2473.33,21.3218,124,31.00
2026-07-13,08:16:19,11790,2390.00,20.6034,119,30.00
2026-07-13,08:16:29,11800,2336.67,20.1437,124,30.00
2026-07-13,08:16:39,11810,2313.33,19.9425,127,31.00
2026-07-13,08:16:49,11820,2320.00,20.0000,128,30.00
2026-07-13,08:16:59,11830,2360.00,20.3448,123,30.00
2026-07-13,08:17:09,11840,2436.67,21.0057,121,30.00
2026-07-13,08:17:19,11850,2573.33,22.1839,123,30.00
2026-07-13,08:17:29,11860,2740.00,23.6207,132,30.00
2026-07-13,08:17:39,11870,2963.33,25.5460,124,30.00
2026-07-13,08:17:49,11880,3253.33,28.0460,128,30.00
2026-07-13,08:17:59,11890,3620.00,31.2069,114,30.00
2026-07-13,08:18:09,11900,4043.33,34.8563,125,30.00
2026-07-13,08:18:19,11910,4410.00,38.0172,141,30.00
2026-07-13,08:18:29,11920,4670.00,40.2586,128,30.00
2026-07-13,08:18:38,11930,4870.00,41.9828,127,30.00
2026-07-13,08:18:48,11940,4950.00,42.6724,131,30.00
2026-07-13,08:18:58,11950,5003.33,43.1322,127,30.00
2026-07-13,08:19:08,11960,5150.00,44.3966,128,30.00
2026-07-13,08:19:18,11970,5383.33,46.4080,126,30.00
2026-07-13,08:19:28,11980,5556.67,47.9023,131,30.00
2026-07-13,08:19:38,11990,5643.33,48.6494,138,30.00
2026-07-13,08:19:48,12000,5663.33,48.8218,151,30.00
2026-07-13,08:19:58,12010,5643.33,48.6494,142,30.00
2026-07-13,08:20:08,12020,5650.00,48.7069,128,30.00
2026-07-13,08:20:18,12030,5553.33,47.8736,135,31.00
2026-07-13,08:20:28,12040,5420.00,46.7241,134,31.00
2026-07-13,08:20:38,12050,5283.33,45.5460,132,30.00
2026-07-13,08:20:48,12060,5230.00,45.0862,132,30.00
2026-07-13,08:20:58,12070,5240.00,45.1724,141,31.00
2026-07-13,08:21:08,12080,5240.00,45.1724,129,30.00
2026-07-13,08:21:18,12090,5223.33,45.0287,133,31.00
2026-07-13,08:21:28,12100,5283.33,45.5460,139,30.00
2026-07-13,08:21:38,12110,5343.33,46.0632,131,31.00
2026-07-13,08:21:48,12120,5450.00,46.9828,130,31.00
2026-07-13,08:21:58,12130,5603.33,48.3046,130,31.00
2026-07-13,08:22:08,12140,5710.00,49.2241,128,31.00
2026-07-13,08:22:18,12150,5816.67,50.1437,128,31.00
2026-07-13,08:22:28,12160,5900.00,50.8621,131,31.00
2026-07-13,08:22:38,12170,5956.67,51.3506,131,31.00
2026-07-13,08:22:48,12180,6100.00,52.5862,137,31.00
2026-07-13,08:22:58,12190,6216.67,53.5920,134,31.00
2026-07-13,08:23:08,12200,6293.33,54.2529,130,31.00
2026-07-13,08:23:18,12210,6366.67,54.8851,131,31.00
2026-07-13,08:23:28,12220,6420.00,55.3448,126,31.00
2026-07-13,08:23:38,12230,6430.00,55.4310,127,31.00
2026-07-13,08:23:48,12240,6450.00,55.6034,134,31.00
2026-07-13,08:23:58,12250,6386.67,55.0575,133,31.00
2026-07-13,08:24:08,12260,6376.67,54.9713,125,31.00
2026-07-13,08:24:18,12270,6370.00,54.9138,130,31.00
2026-07-13,08:24:28,12280,6353.33,54.7701,122,31.00
2026-07-13,08:24:38,12290,6213.33,53.5632,135,31.00
2026-07-13,08:24:48,12300,6193.33,53.3908,128,31.00
2026-07-13,08:24:58,12310,6380.00,55.0000,132,31.00
2026-07-13,08:25:08,12320,6566.67,56.6092,140,31.00
2026-07-13,08:25:18,12330,6706.67,57.8161,144,31.00
2026-07-13,08:25:28,12340,6783.33,58.4770,149,31.00
2026-07-13,08:25:38,12350,6910.00,59.5690,147,31.00
2026-07-13,08:25:48,12360,7090.00,61.1207,147,31.00
2026-07-13,08:25:58,12370,7136.67,61.5230,142,31.00
2026-07-13,08:26:08,12380,7306.67,62.9885,138,31.00
2026-07-13,08:26:18,12390,7553.33,65.1149,141,31.00
2026-07-13,08:26:28,12400,7763.33,66.9253,175,31.00
2026-07-13,08:26:38,12410,7846.67,67.6437,148,31.00
2026-07-13,08:26:48,12420,8013.33,69.0805,146,31.00
2026-07-13,08:26:58,12430,8280.00,71.3793,150,31.00
2026-07-13,08:27:08,12440,8396.67,72.3850,152,31.00
2026-07-13,08:27:18,12450,8443.33,72.7874,154,31.00
2026-07-13,08:27:28,12460,8543.33,73.6494,157,31.00
2026-07-13,08:27:38,12470,8596.67,74.1092,159,31.00
2026-07-13,08:27:48,12480,8550.00,73.7069,151,32.00
2026-07-13,08:27:58,12490,8550.00,73.7069,151,31.00
2026-07-13,08:28:08,12500,8470.00,73.0172,151,31.00
2026-07-13,08:28:18,12510,8313.33,71.6667,151,31.00
2026-07-13,08:28:28,12520,8226.67,70.9195,144,31.00
2026-07-13,08:28:38,12530,8246.67,71.0919,141,32.00
2026-07-13,08:28:48,12540,8420.00,72.5862,143,32.00
2026-07-13,08:28:58,12550,8640.00,74.4828,147,31.00
2026-07-13,08:29:08,12560,8736.67,75.3161,155,32.00
2026-07-13,08:29:18,12570,8826.67,76.0919,157,32.00
2026-07-13,08:29:28,12580,9120.00,78.6207,154,32.00
2026-07-13,08:29:37,12590,9470.00,81.6379,160,32.00
2026-07-13,08:29:47,12600,9653.33,83.2184,178,32.00
2026-07-13,08:29:57,12610,9776.67,84.2816,176,32.00
2026-07-13,08:30:07,12620,9780.00,84.3103,172,32.00
2026-07-13,08:30:17,12630,9786.67,84.3678,168,32.00
2026-07-13,08:30:27,12640,9876.67,85.1437,172,32.00
2026-07-13,08:30:37,12650,10043.33,86.5805,176,32.00
2026-07-13,08:30:47,12660,10263.33,88.4770,181,32.00
2026-07-13,08:30:57,12670,10383.33,89.5115,181,32.00
2026-07-13,08:31:07,12680,10520.00,90.6897,179,32.00
2026-07-13,08:31:17,12690,10550.00,90.9483,182,32.00
2026-07-13,08:31:27,12700,10553.33,90.9770,179,32.00
2026-07-13,08:31:37,12710,10526.67,90.7471,184,32.00
2026-07-13,08:31:47,12720,10580.00,91.2069,175,32.00
2026-07-13,08:31:57,12730,10643.33,91.7529,179,32.00
2026-07-13,08:32:07,12740,10623.33,91.5805,178,32.00
2026-07-13,08:32:17,12750,10553.33,90.9770,180,33.00
2026-07-13,08:32:27,12760,10500.00,90.5172,181,33.00
2026-07-13,08:32:37,12770,10576.67,91.1782,180,32.00
2026-07-13,08:32:47,12780,10533.33,90.8046,183,33.00
2026-07-13,08:32:57,12790,10436.67,89.9713,184,33.00
2026-07-13,08:33:07,12800,10443.33,90.0287,177,33.00
2026-07-13,08:33:17,12810,10580.00,91.2069,184,33.00
2026-07-13,08:33:27,12820,10853.33,93.5632,188,33.00
2026-07-13,08:33:37,12830,11116.67,95.8333,191,33.00
2026-07-13,08:33:47,12840,11276.67,97.2126,193,33.00
2026-07-13,08:33:57,12850,11366.67,97.9885,190,33.00
2026-07-13,08:34:07,12860,11443.33,98.6494,184,33.00
2026-07-13,08:34:17,12870,11433.33,98.5632,184,33.00
2026-07-13,08:34:27,12880,11423.33,98.4770,181,33.00
2026-07-13,08:34:37,12890,11490.00,99.0517,185,33.00
2026-07-13,08:34:47,12900,11566.67,99.7126,187,33.00
2026-07-13,08:34:57,12910,11693.33,100.8046,191,33.00
2026-07-13,08:35:07,12920,11763.33,101.4080,193,33.00
2026-07-13,08:35:17,12930,11786.67,101.6092,186,33.00
2026-07-13,08:35:27,12940,11753.33,101.3218,192,33.00
2026-07-13,08:35:37,12950,11706.67,100.9195,187,33.00
2026-07-13,08:35:47,12960,11713.33,100.9770,187,33.00
2026-07-13,08:35:57,12970,11783.33,101.5805,186,33.00
2026-07-13,08:36:07,12980,11896.67,102.5575,186,33.00
2026-07-13,08:36:17,12990,12000.00,103.4483,195,33.00
2026-07-13,08:36:27,13000,12070.00,104.0517,177,33.00
2026-07-13,08:36:37,13010,12060.00,103.9655,193,33.00
2026-07-13,08:36:47,13020,12033.33,103.7356,187,33.00
2026-07-13,08:36:57,13030,12023.33,103.6494,185,33.00
2026-07-13,08:37:07,13040,11896.67,102.5575,186,33.00
2026-07-13,08:37:17,13050,11700.00,100.8621,183,33.00
2026-07-13,08:37:27,13060,11433.33,98.5632,180,33.00
2026-07-13,08:37:37,13070,11273.33,97.1839,179,33.00
2026-07-13,08:37:47,13080,11116.67,95.8333,179,33.00
2026-07-13,08:37:57,13090,10906.67,94.0230,175,33.00
2026-07-13,08:38:07,13100,10686.67,92.1264,174,33.00
2026-07-13,08:38:17,13110,10480.00,90.3448,172,34.00
2026-07-13,08:38:27,13120,10383.33,89.5115,175,33.00
2026-07-13,08:38:37,13130,10343.33,89.1667,171,34.00
2026-07-13,08:38:47,13140,10356.67,89.2816,176,33.00
2026-07-13,08:38:57,13150,10550.00,90.9483,175,34.00
2026-07-13,08:39:07,13160,10733.33,92.5287,176,33.00
2026-07-13,08:39:17,13170,10766.67,92.8161,175,34.00
2026-07-13,08:39:27,13180,10643.33,91.7529,172,34.00
2026-07-13,08:39:37,13190,10436.67,89.9713,172,33.00
2026-07-13,08:39:47,13200,10383.33,89.5115,158,34.00
2026-07-13,08:39:57,13210,10416.67,89.7988,174,34.00
2026-07-13,08:40:06,13220,10506.67,90.5747,178,34.00
2026-07-13,08:40:16,13230,10633.33,91.6667,173,34.00
2026-07-13,08:40:26,13240,10936.67,94.2816,177,34.00
2026-07-13,08:40:36,13250,11150.00,96.1207,175,34.00
2026-07-13,08:40:46,13260,11226.67,96.7816,177,33.00
2026-07-13,08:40:56,13270,11230.00,96.8103,179,34.00
2026-07-13,08:41:06,13280,11296.67,97.3850,174,34.00
2026-07-13,08:41:16,13290,11463.33,98.8218,174,34.00
2026-07-13,08:41:26,13300,11560.00,99.6552,167,34.00
2026-07-13,08:41:36,13310,11533.33,99.4253,183,34.00
2026-07-13,08:41:46,13320,11456.67,98.7644,180,34.00
2026-07-13,08:41:56,13330,11413.33,98.3908,179,34.00
2026-07-13,08:42:06,13340,11396.67,98.2471,177,34.00
2026-07-13,08:42:16,13350,11343.33,97.7874,176,34.00
2026-07-13,08:42:26,13360,11443.33,98.6494,173,34.00
2026-07-13,08:42:36,13370,11610.00,100.0862,177,34.00
2026-07-13,08:42:46,13380,11706.67,100.9195,179,34.00
2026-07-13,08:42:56,13390,11676.67,100.6609,179,34.00
2026-07-13,08:43:06,13400,11616.67,100.1437,174,34.00
2026-07-13,08:43:16,13410,11626.67,100.2299,176,34.00
2026-07-13,08:43:26,13420,11753.33,101.3218,178,34.00
2026-07-13,08:43:36,13430,11790.00,101.6379,173,34.00
2026-07-13,08:43:46,13440,11793.33,101.6667,179,34.00
2026-07-13,08:43:56,13450,11780.00,101.5517,174,34.00
2026-07-13,08:44:06,13460,11723.33,101.0632,175,34.00
2026-07-13,08:44:16,13470,11713.33,100.9770,176,34.00
2026-07-13,08:44:26,13480,11760.00,101.3793,170,34.00
2026-07-13,08:44:36,13490,11793.33,101.6667,175,34.00
2026-07-13,08:44:46,13500,11730.00,101.1207,194,34.00
2026-07-13,08:44:56,13510,11680.00,100.6897,171,34.00
2026-07-13,08:45:06,13520,11643.33,100.3736,170,34.00
2026-07-13,08:45:16,13530,11703.33,100.8908,180,34.00
2026-07-13,08:45:26,13540,11783.33,101.5805,175,34.00
2026-07-13,08:45:36,13550,11860.00,102.2414,177,34.00
2026-07-13,08:45:46,13560,11896.67,102.5575,186,34.00
2026-07-13,08:45:56,13570,11976.67,103.2471,179,34.00
2026-07-13,08:46:06,13580,11903.33,102.6149,178,34.00
2026-07-13,08:46:16,13590,11906.67,102.6437,175,34.00
2026-07-13,08:46:26,13600,11890.00,102.5000,168,34.00
2026-07-13,08:46:36,13610,11893.33,102.5287,178,34.00
2026-07-13,08:46:46,13620,11886.67,102.4713,176,34.00
2026-07-13,08:46:56,13630,11926.67,102.8161,179,34.00
2026-07-13,08:47:06,13640,11976.67,103.2471,175,34.00
2026-07-13,08:47:16,13650,11990.00,103.3621,177,34.00
2026-07-13,08:47:26,13660,12020.00,103.6207,173,34.00
2026-07-13,08:47:36,13670,12043.33,103.8218,173,34.00
2026-07-13,08:47:46,13680,12040.00,103.7931,172,34.00
2026-07-13,08:47:56,13690,12106.67,104.3678,174,34.00
2026-07-13,08:48:06,13700,12113.33,104.4253,182,34.00
2026-07-13,08:48:16,13710,12086.67,104.1954,180,34.00
2026-07-13,08:48:26,13720,12010.00,103.5345,179,34.00
2026-07-13,08:48:36,13730,11883.33,102.4425,177,34.00
2026-07-13,08:48:46,13740,11746.67,101.2644,172,34.00
2026-07-13,08:48:56,13750,11656.67,100.4885,174,34.00
2026-07-13,08:49:06,13760,11743.33,101.2356,180,34.00
2026-07-13,08:49:16,13770,11806.67,101.7816,179,34.00
2026-07-13,08:49:26,13780,11913.33,102.7011,180,34.00
2026-07-13,08:49:36,13790,12040.00,103.7931,182,34.00
2026-07-13,08:49:46,13800,12033.33,103.7356,173,34.00
2026-07-13,08:49:56,13810,11903.33,102.6149,181,34.00
2026-07-13,08:50:06,13820,11740.00,101.2069,182,34.00
2026-07-13,08:50:16,13830,11466.67,98.8506,179,34.00
2026-07-13,08:50:26,13840,11290.00,97.3276,171,34.00
2026-07-13,08:50:36,13850,11256.67,97.0402,173,34.00
2026-07-13,08:50:46,13860,11386.67,98.1609,171,34.00
2026-07-13,08:50:55,13870,11643.33,100.3736,185,34.00
2026-07-13,08:51:05,13880,11820.00,101.8966,181,34.00
2026-07-13,08:51:15,13890,12050.00,103.8793,183,35.00
2026-07-13,08:51:25,13900,12326.67,106.2644,181,34.00
2026-07-13,08:51:35,13910,12466.67,107.4713,184,34.00
2026-07-13,08:51:45,13920,12456.67,107.3850,186,34.00
2026-07-13,08:51:55,13930,12340.00,106.3793,182,35.00
2026-07-13,08:52:05,13940,12176.67,104.9713,182,34.00
2026-07-13,08:52:15,13950,11973.33,103.2184,180,34.00
2026-07-13,08:52:25,13960,11810.00,101.8103,181,35.00
2026-07-13,08:52:35,13970,11706.67,100.9195,177,35.00
2026-07-13,08:52:45,13980,11726.67,101.0919,183,34.00
2026-07-13,08:52:55,13990,11893.33,102.5287,176,35.00
2026-07-13,08:53:05,14000,12006.67,103.5057,171,35.00
2026-07-13,08:53:15,14010,12066.67,104.0230,182,35.00
2026-07-13,08:53:25,14020,12123.33,104.5115,185,35.00
2026-07-13,08:53:35,14030,12153.33,104.7701,180,35.00
2026-07-13,08:53:45,14040,12200.00,105.1724,191,35.00
2026-07-13,08:53:55,14050,12213.33,105.2874,188,35.00
2026-07-13,08:54:05,14060,12216.67,105.3161,188,35.00
2026-07-13,08:54:15,14070,12276.67,105.8333,187,35.00
2026-07-13,08:54:25,14080,12373.33,106.6667,193,35.00
2026-07-13,08:54:35,14091,12403.33,106.9253,193,34.00
2026-07-13,08:54:45,14101,12363.33,106.5805,184,35.00
2026-07-13,08:54:55,14111,12260.00,105.6897,189,35.00
2026-07-13,08:55:05,14121,12206.67,105.2299,193,35.00
2026-07-13,08:55:15,14131,12100.00,104.3103,188,35.00
2026-07-13,08:55:25,14141,12016.67,103.5919,188,35.00
2026-07-13,08:55:35,14151,11740.00,101.2069,186,35.00
2026-07-13,08:55:45,14161,11496.67,99.1092,182,35.00
2026-07-13,08:55:55,14171,11303.33,97.4425,180,35.00
2026-07-13,08:56:05,14181,11176.67,96.3506,184,35.00
2026-07-13,08:56:15,14191,11060.00,95.3448,181,35.00
2026-07-13,08:56:25,14201,11020.00,95.0000,181,35.00
2026-07-13,08:56:35,14211,11023.33,95.0287,186,35.00
2026-07-13,08:56:45,14221,10950.00,94.3966,179,35.00
2026-07-13,08:56:55,14231,10790.00,93.0172,177,35.00
2026-07-13,08:57:05,14241,10560.00,91.0345,178,35.00
2026-07-13,08:57:15,14251,10440.00,90.0000,174,35.00
2026-07-13,08:57:25,14261,10453.33,90.1149,168,35.00
2026-07-13,08:57:35,14271,10486.67,90.4023,171,35.00
2026-07-13,08:57:45,14281,10603.33,91.4080,175,35.00
2026-07-13,08:57:55,14291,10683.33,92.0977,176,35.00
2026-07-13,08:58:05,14301,10710.00,92.3276,196,34.00
2026-07-13,08:58:15,14311,10733.33,92.5287,176,34.00
2026-07-13,08:58:25,14321,10693.33,92.1839,180,34.00
2026-07-13,08:58:35,14331,10726.67,92.4713,181,34.00
2026-07-13,08:58:45,14341,10743.33,92.6149,183,34.00
2026-07-13,08:58:55,14351,10793.33,93.0460,182,34.00
2026-07-13,08:59:05,14361,10840.00,93.4483,179,34.00
2026-07-13,08:59:15,14371,10966.67,94.5402,185,34.00
2026-07-13,08:59:25,14381,11073.33,95.4598,182,34.00
2026-07-13,08:59:35,14391,11146.67,96.0919,188,34.00
2026-07-13,08:59:45,14401,11076.67,95.4885,179,34.00
2026-07-13,08:59:55,14411,11013.33,94.9425,182,34.00
2026-07-13,09:00:05,14421,10953.33,94.4253,184,34.00
2026-07-13,09:00:15,14431,10886.67,93.8506,183,34.00
2026-07-13,09:00:25,14441,10940.00,94.3103,181,34.00
2026-07-13,09:00:35,14451,11033.33,95.1149,179,34.00
2026-07-13,09:00:45,14461,11163.33,96.2356,185,34.00
2026-07-13,09:00:55,14471,11336.67,97.7299,188,34.00
2026-07-13,09:01:05,14481,11356.67,97.9023,185,34.00
2026-07-13,09:01:15,14491,11410.00,98.3621,188,34.00
2026-07-13,09:01:25,14501,11473.33,98.9080,190,34.00
2026-07-13,09:01:35,14511,11473.33,98.9080,186,34.00
2026-07-13,09:01:45,14521,11400.00,98.2759,184,34.00
2026-07-13,09:01:54,14531,11356.67,97.9023,187,34.00
2026-07-13,09:02:04,14541,11373.33,98.0460,186,34.00
2026-07-13,09:02:14,14551,11290.00,97.3276,188,34.00
2026-07-13,09:02:24,14561,11213.33,96.6667,187,34.00
2026-07-13,09:02:34,14571,11276.67,97.2126,179,34.00
2026-07-13,09:02:44,14581,11476.67,98.9368,186,34.00
2026-07-13,09:02:54,14591,11683.33,100.7184,191,34.00
2026-07-13,09:03:04,14601,11736.67,101.1782,192,34.00
2026-07-13,09:03:14,14611,11750.00,101.2931,188,34.00
2026-07-13,09:03:24,14621,11560.00,99.6552,189,34.00
2026-07-13,09:03:34,14631,11196.67,96.5230,189,34.00
2026-07-13,09:03:44,14641,10953.33,94.4253,180,34.00
2026-07-13,09:03:54,14651,10856.67,93.5919,184,34.00
2026-07-13,09:04:04,14661,11013.33,94.9425,183,34.00
2026-07-13,09:04:14,14671,11200.00,96.5517,186,34.00
2026-07-13,09:04:24,14681,11453.33,98.7356,188,34.00
2026-07-13,09:04:34,14691,11626.67,100.2299,185,34.00
2026-07-13,09:04:44,14701,11556.67,99.6264,185,34.00
2026-07-13,09:04:54,14711,11223.33,96.7529,184,34.00
2026-07-13,09:05:04,14721,10970.00,94.5690,181,34.00
2026-07-13,09:05:14,14731,10950.00,94.3966,168,34.00
2026-07-13,09:05:24,14741,11116.67,95.8333,180,34.00
2026-07-13,09:05:34,14751,11453.33,98.7356,187,34.00
2026-07-13,09:05:44,14761,11910.00,102.6724,191,34.00
2026-07-13,09:05:54,14771,12276.67,105.8333,193,34.00
2026-07-13,09:06:04,14781,12540.00,108.1034,193,34.00
2026-07-13,09:06:14,14791,12653.33,109.0805,195,34.00
2026-07-13,09:06:24,14801,12616.67,108.7644,212,34.00
2026-07-13,09:06:34,14811,12536.67,108.0747,191,34.00
2026-07-13,09:06:44,14821,12430.00,107.1552,190,34.00
2026-07-13,09:06:54,14831,12296.67,106.0057,183,34.00
2026-07-13,09:07:04,14841,12240.00,105.5172,183,34.00
2026-07-13,09:07:14,14851,12323.33,106.2356,190,34.00
2026-07-13,09:07:24,14861,12436.67,107.2126,189,34.00
2026-07-13,09:07:34,14871,12636.67,108.9368,196,34.00
2026-07-13,09:07:44,14881,12706.67,109.5402,199,34.00
2026-07-13,09:07:54,14891,12660.00,109.1379,194,34.00
2026-07-13,09:08:04,14901,12663.33,109.1667,192,34.00
2026-07-13,09:08:14,14911,12646.67,109.0230,194,34.00
2026-07-13,09:08:24,14921,12450.00,107.3276,184,34.00
2026-07-13,09:08:34,14931,12326.67,106.2644,191,35.00
2026-07-13,09:08:44,14941,12530.00,108.0172,189,34.00
2026-07-13,09:08:54,14951,12810.00,110.4310,188,35.00
2026-07-13,09:09:04,14961,12780.00,110.1724,187,34.00
2026-07-13,09:09:14,14971,12556.67,108.2471,186,35.00
2026-07-13,09:09:24,14981,12200.00,105.1724,185,35.00
2026-07-13,09:09:34,14991,11900.00,102.5862,184,35.00
2026-07-13,09:09:44,15001,11753.33,101.3218,182,34.00
2026-07-13,09:09:54,15011,11686.67,100.7471,182,34.00
2026-07-13,09:10:04,15021,12060.00,103.9655,182,35.00
2026-07-13,09:10:14,15031,12503.33,107.7874,188,35.00
2026-07-13,09:10:24,15041,12903.33,111.2356,186,35.00
2026-07-13,09:10:34,15051,13256.67,114.2816,191,35.00
2026-07-13,09:10:44,15061,13420.00,115.6896,200,35.00
2026-07-13,09:10:54,15071,13470.00,116.1207,199,35.00
2026-07-13,09:11:04,15081,13430.00,115.7759,200,35.00
2026-07-13,09:11:14,15091,13443.33,115.8908,200,35.00
2026-07-13,09:11:24,15101,13433.33,115.8046,200,35.00
2026-07-13,09:11:34,15111,13380.00,115.3448,200,35.00
2026-07-13,09:11:44,15121,13216.67,113.9368,199,35.00
2026-07-13,09:11:54,15131,13013.33,112.1839,203,35.00
2026-07-13,09:12:04,15141,12870.00,110.9483,199,35.00
2026-07-13,09:12:14,15151,13050.00,112.5000,200,35.00
2026-07-13,09:12:24,15161,13186.67,113.6782,203,35.00
2026-07-13,09:12:34,15171,13256.67,114.2816,205,35.00
2026-07-13,09:12:44,15181,13276.67,114.4540,206,35.00
2026-07-13,09:12:54,15191,13270.00,114.3965,204,35.00
2026-07-13,09:13:03,15201,13226.67,114.0230,198,35.00
2026-07-13,09:13:13,15211,13280.00,114.4827,206,35.00
2026-07-13,09:13:23,15221,13310.00,114.7414,208,35.00
2026-07-13,09:13:33,15231,13300.00,114.6552,205,35.00
2026-07-13,09:13:43,15241,13213.33,113.9080,202,35.00
2026-07-13,09:13:53,15251,13163.33,113.4770,202,35.00
2026-07-13,09:14:03,15261,13126.67,113.1609,204,35.00
2026-07-13,09:14:13,15271,13110.00,113.0172,202,35.00
2026-07-13,09:14:23,15281,13006.67,112.1264,203,35.00
2026-07-13,09:14:33,15291,12886.67,111.0919,200,35.00
2026-07-13,09:14:43,15301,12760.00,110.0000,203,35.00
2026-07-13,09:14:53,15311,12596.67,108.5919,206,35.00
2026-07-13,09:15:03,15321,12563.33,108.3046,199,35.00
2026-07-13,09:15:13,15331,12540.00,108.1034,199,35.00
2026-07-13,09:15:23,15341,12653.33,109.0805,201,35.00
2026-07-13,09:15:33,15351,12616.67,108.7644,199,35.00
2026-07-13,09:15:43,15361,12336.67,106.3506,200,35.00
2026-07-13,09:15:53,15371,11996.67,103.4195,198,35.00
2026-07-13,09:16:03,15381,11636.67,100.3161,192,35.00
2026-07-13,09:16:13,15391,11396.67,98.2471,193,35.00
2026-07-13,09:16:23,15401,11313.33,97.5287,189,35.00
2026-07-13,09:16:33,15411,11300.00,97.4138,190,35.00
2026-07-13,09:16:43,15421,11176.67,96.3506,188,35.00
2026-07-13,09:16:53,15431,11053.33,95.2874,199,35.00
2026-07-13,09:17:03,15441,11113.33,95.8046,191,35.00
2026-07-13,09:17:13,15451,11360.00,97.9310,187,35.00
2026-07-13,09:17:23,15461,11820.00,101.8966,197,35.00
2026-07-13,09:17:33,15471,12286.67,105.9195,197,35.00
2026-07-13,09:17:43,15481,12623.33,108.8218,201,35.00
2026-07-13,09:17:53,15491,12836.67,110.6609,204,35.00
2026-07-13,09:18:03,15501,12893.33,111.1494,192,35.00
2026-07-13,09:18:13,15511,12726.67,109.7126,200,35.00
2026-07-13,09:18:23,15521,12463.33,107.4425,198,35.00
2026-07-13,09:18:33,15531,12213.33,105.2874,199,35.00
2026-07-13,09:18:43,15541,12336.67,106.3506,197,35.00
2026-07-13,09:18:53,15551,12713.33,109.5977,196,35.00
2026-07-13,09:19:03,15561,13000.00,112.0690,200,35.00
2026-07-13,09:19:13,15571,13140.00,113.2759,208,35.00
2026-07-13,09:19:23,15581,13180.00,113.6207,201,35.00
2026-07-13,09:19:33,15591,13193.33,113.7356,205,35.00
2026-07-13,09:19:43,15601,13070.00,112.6724,206,35.00
2026-07-13,09:19:53,15611,12963.33,111.7529,204,35.00
2026-07-13,09:20:03,15621,12843.33,110.7184,199,35.00
2026-07-13,09:20:13,15631,12660.00,109.1379,201,35.00
2026-07-13,09:20:23,15641,12533.33,108.0460,198,35.00
2026-07-13,09:20:33,15651,12416.67,107.0402,198,35.00
2026-07-13,09:20:43,15661,12233.33,105.4598,201,35.00
2026-07-13,09:20:53,15671,12080.00,104.1379,195,35.00
2026-07-13,09:21:03,15681,11896.67,102.5575,190,35.00
2026-07-13,09:21:13,15691,11853.33,102.1839,193,35.00
2026-07-13,09:21:23,15701,11890.00,102.5000,191,35.00
2026-07-13,09:21:33,15711,11920.00,102.7586,192,35.00
2026-07-13,09:21:43,15721,12053.33,103.9080,194,35.00
2026-07-13,09:21:53,15731,12113.33,104.4253,194,35.00
2026-07-13,09:22:03,15741,12220.00,105.3448,193,35.00
2026-07-13,09:22:13,15751,12300.00,106.0345,200,35.00
2026-07-13,09:22:23,15761,12350.00,106.4655,197,35.00
2026-07-13,09:22:33,15771,12403.33,106.9253,198,35.00
2026-07-13,09:22:43,15781,12423.33,107.0977,198,35.00
2026-07-13,09:22:53,15791,12413.33,107.0115,200,35.00
2026-07-13,09:23:03,15801,12336.67,106.3506,193,35.00
2026-07-13,09:23:13,15811,12210.00,105.2586,196,35.00
2026-07-13,09:23:23,15821,12070.00,104.0517,193,35.00
2026-07-13,09:23:33,15831,11970.00,103.1897,199,35.00
2026-07-13,09:23:43,15841,11840.00,102.0690,197,35.00
2026-07-13,09:23:52,15851,11723.33,101.0632,194,35.00
2026-07-13,09:24:02,15861,11543.33,99.5115,193,35.00
2026-07-13,09:24:12,15871,11496.67,99.1092,190,35.00
2026-07-13,09:24:22,15881,11623.33,100.2011,194,35.00
2026-07-13,09:24:32,15891,11853.33,102.1839,197,35.00
2026-07-13,09:24:42,15901,11966.67,103.1609,199,35.00
2026-07-13,09:24:52,15911,12023.33,103.6494,194,35.00
2026-07-13,09:25:02,15921,11900.00,102.5862,193,35.00
2026-07-13,09:25:12,15931,11680.00,100.6897,187,35.00
2026-07-13,09:25:22,15941,11710.00,100.9483,188,35.00
2026-07-13,09:25:32,15951,11876.67,102.3850,193,35.00
2026-07-13,09:25:42,15961,12176.67,104.9713,200,35.00
2026-07-13,09:25:52,15971,12450.00,107.3276,199,35.00
2026-07-13,09:26:02,15981,12653.33,109.0805,199,35.00
2026-07-13,09:26:12,15991,12773.33,110.1149,202,35.00
2026-07-13,09:26:22,16001,12753.33,109.9425,199,35.00
2026-07-13,09:26:32,16011,12776.67,110.1437,201,35.00
2026-07-13,09:26:42,16021,12783.33,110.2011,203,35.00
2026-07-13,09:26:52,16031,12890.00,111.1207,202,35.00
2026-07-13,09:27:02,16041,12910.00,111.2931,200,35.00
2026-07-13,09:27:12,16051,12933.33,111.4942,202,35.00
2026-07-13,09:27:22,16061,12926.67,111.4368,203,35.00
2026-07-13,09:27:32,16071,12836.67,110.6609,202,35.00
2026-07-13,09:27:42,16081,12910.00,111.2931,203,35.00
2026-07-13,09:27:52,16091,12910.00,111.2931,205,35.00
2026-07-13,09:28:02,16101,12966.67,111.7816,205,35.00
2026-07-13,09:28:12,16111,12996.67,112.0402,207,35.00
2026-07-13,09:28:22,16121,13000.00,112.0690,206,35.00
2026-07-13,09:28:32,16131,13000.00,112.0690,208,35.00
2026-07-13,09:28:42,16141,12983.33,111.9253,208,35.00
2026-07-13,09:28:52,16151,12826.67,110.5747,210,35.00
2026-07-13,09:29:02,16161,12660.00,109.1379,209,35.00
2026-07-13,09:29:12,16171,12463.33,107.4425,210,35.00
2026-07-13,09:29:22,16181,12393.33,106.8391,205,35.00
2026-07-13,09:29:32,16191,12486.67,107.6437,206,35.00
2026-07-13,09:29:42,16201,12443.33,107.2701,213,35.00
2026-07-13,09:29:52,16211,12356.67,106.5230,208,35.00
2026-07-13,09:30:02,16221,12023.33,103.6494,202,35.00
2026-07-13,09:30:12,16231,11683.33,100.7184,203,35.00
2026-07-13,09:30:22,16241,11760.00,101.3793,196,35.00
2026-07-13,09:30:32,16251,12173.33,104.9425,202,35.00
2026-07-13,09:30:42,16261,12610.00,108.7069,206,35.00
2026-07-13,09:30:52,16271,12796.67,110.3161,206,35.00
2026-07-13,09:31:02,16281,12926.67,111.4368,205,35.00
2026-07-13,09:31:12,16291,12966.67,111.7816,210,35.00
2026-07-13,09:31:22,16301,12903.33,111.2356,201,35.00
2026-07-13,09:31:32,16311,12906.67,111.2644,208,35.00
2026-07-13,09:31:42,16321,12786.67,110.2299,206,35.00
2026-07-13,09:31:52,16331,12613.33,108.7356,206,35.00
2026-07-13,09:32:02,16341,12320.00,106.2069,203,35.00
2026-07-13,09:32:12,16351,12086.67,104.1954,201,35.00
2026-07-13,09:32:22,16361,11940.00,102.9310,199,35.00
2026-07-13,09:32:32,16371,12053.33,103.9080,198,35.00
2026-07-13,09:32:42,16381,12150.00,104.7414,197,35.00
2026-07-13,09:32:52,16391,12100.00,104.3103,194,35.00
2026-07-13,09:33:02,16401,11970.00,103.1897,192,35.00
2026-07-13,09:33:12,16411,11806.67,101.7816,193,35.00
2026-07-13,09:33:22,16421,11600.00,100.0000,191,35.00
2026-07-13,09:33:32,16431,11486.67,99.0230,193,35.00
2026-07-13,09:33:42,16441,11440.00,98.6207,194,35.00
2026-07-13,09:33:52,16451,11430.00,98.5345,189,35.00
2026-07-13,09:34:02,16461,11663.33,100.5460,192,35.00
2026-07-13,09:34:12,16471,11816.67,101.8678,199,35.00
2026-07-13,09:34:22,16481,11773.33,101.4942,199,35.00
2026-07-13,09:34:31,16491,11783.33,101.5805,203,35.00
2026-07-13,09:34:41,16501,11893.33,102.5287,204,35.00
2026-07-13,09:34:51,16511,12076.67,104.1092,205,35.00
2026-07-13,09:35:01,16521,12196.67,105.1437,206,35.00
2026-07-13,09:35:11,16531,12393.33,106.8391,206,35.00
2026-07-13,09:35:21,16541,12456.67,107.3850,206,35.00
2026-07-13,09:35:31,16551,12506.67,107.8161,206,35.00
2026-07-13,09:35:41,16561,12610.00,108.7069,208,35.00
2026-07-13,09:35:51,16571,12843.33,110.7184,205,35.00
2026-07-13,09:36:01,16581,13030.00,112.3276,206,35.00
2026-07-13,09:36:11,16591,13160.00,113.4483,207,35.00
2026-07-13,09:36:21,16601,13403.33,115.5460,208,35.00
2026-07-13,09:36:31,16611,13546.67,116.7816,208,35.00
2026-07-13,09:36:41,16621,13713.33,118.2184,211,35.00
2026-07-13,09:36:51,16631,13813.33,119.0805,210,35.00
2026-07-13,09:37:01,16641,13936.67,120.1437,211,35.00
2026-07-13,09:37:11,16651,14063.33,121.2356,213,35.00
2026-07-13,09:37:21,16661,14230.00,122.6724,212,35.00
2026-07-13,09:37:31,16671,14410.00,124.2241,213,36.00
2026-07-13,09:37:41,16681,14600.00,125.8621,216,35.00
2026-07-13,09:37:51,16691,14786.67,127.4713,215,35.00
2026-07-13,09:38:01,16701,14996.67,129.2816,218,36.00
2026-07-13,09:38:11,16711,15083.33,130.0287,217,36.00
2026-07-13,09:38:21,16721,15113.33,130.2874,216,36.00
2026-07-13,09:38:31,16731,15130.00,130.4310,214,36.00
2026-07-13,09:38:41,16741,15150.00,130.6034,212,36.00
2026-07-13,09:38:51,16751,14926.67,128.6782,211,36.00
2026-07-13,09:39:01,16761,14756.67,127.2126,208,36.00
2026-07-13,09:39:11,16771,14976.67,129.1092,210,36.00
2026-07-13,09:39:21,16781,15410.00,132.8448,214,36.00
2026-07-13,09:39:31,16791,15543.33,133.9942,214,36.00
2026-07-13,09:39:41,16801,15453.33,133.2184,206,36.00
2026-07-13,09:39:51,16811,15320.00,132.0690,210,36.00
2026-07-13,09:40:01,16821,15353.33,132.3563,210,36.00
2026-07-13,09:40:11,16831,15456.67,133.2471,208,36.00
2026-07-13,09:40:21,16841,15490.00,133.5345,209,36.00
2026-07-13,09:40:31,16851,15433.33,133.0460,208,36.00
2026-07-13,09:40:41,16861,15330.00,132.1552,206,36.00
2026-07-13,09:40:51,16871,15320.00,132.0690,207,36.00
2026-07-13,09:41:01,16881,15183.33,130.8908,207,36.00
2026-07-13,09:41:11,16891,14890.00,128.3621,206,36.00
2026-07-13,09:41:21,16901,14630.00,126.1207,205,36.00
2026-07-13,09:41:31,16911,14426.67,124.3678,206,36.00
2026-07-13,09:41:41,16921,14240.00,122.7586,204,36.00
2026-07-13,09:41:51,16931,13900.00,119.8276,203,36.00
2026-07-13,09:42:01,16941,13430.00,115.7759,204,36.00
2026-07-13,09:42:11,16951,13006.67,112.1264,200,36.00
2026-07-13,09:42:21,16961,12590.00,108.5345,197,36.00
2026-07-13,09:42:31,16971,12240.00,105.5172,194,36.00
2026-07-13,09:42:41,16981,12073.33,104.0805,189,36.00
2026-07-13,09:42:51,16991,12060.00,103.9655,197,36.00
2026-07-13,09:43:01,17001,12103.33,104.3391,198,36.00
2026-07-13,09:43:11,17011,12226.67,105.4023,191,36.00
2026-07-13,09:43:21,17021,12423.33,107.0977,198,36.00
2026-07-13,09:43:31,17031,12600.00,108.6207,200,36.00
2026-07-13,09:43:41,17041,12660.00,109.1379,199,36.00
2026-07-13,09:43:51,17051,12736.67,109.7988,201,36.00
2026-07-13,09:44:01,17061,12716.67,109.6264,198,36.00
2026-07-13,09:44:11,17071,12676.67,109.2816,203,36.00
2026-07-13,09:44:21,17081,12590.00,108.5345,205,36.00
2026-07-13,09:44:31,17091,12566.67,108.3333,206,36.00
2026-07-13,09:44:41,17101,12573.33,108.3908,200,36.00
2026-07-13,09:44:51,17111,12540.00,108.1034,206,36.00
2026-07-13,09:45:00,17121,12596.67,108.5919,203,36.00
2026-07-13,09:45:10,17131,12650.00,109.0517,203,36.00
2026-07-13,09:45:20,17141,12640.00,108.9655,201,36.00
2026-07-13,09:45:30,17151,12600.00,108.6207,205,36.00
2026-07-13,09:45:40,17161,12546.67,108.1609,208,36.00
2026-07-13,09:45:50,17171,12483.33,107.6149,204,36.00
2026-07-13,09:46:00,17181,12343.33,106.4080,199,36.00
2026-07-13,09:46:10,17191,12053.33,103.9080,198,36.00
2026-07-13,09:46:20,17201,11816.67,101.8678,192,36.00
2026-07-13,09:46:30,17211,11673.33,100.6322,193,36.00
2026-07-13,09:46:40,17221,11586.67,99.8850,190,36.00
2026-07-13,09:46:50,17231,11503.33,99.1667,192,36.00
2026-07-13,09:47:00,17241,11450.00,98.7069,192,36.00
2026-07-13,09:47:10,17251,11403.33,98.3046,187,36.00
2026-07-13,09:47:20,17261,11470.00,98.8793,189,36.00
2026-07-13,09:47:30,17271,11553.33,99.5977,186,36.00
2026-07-13,09:47:40,17281,11630.00,100.2586,192,36.00
2026-07-13,09:47:50,17291,11650.00,100.4310,194,36.00
2026-07-13,09:48:00,17301,11680.00,100.6897,197,36.00
2026-07-13,09:48:10,17311,11740.00,101.2069,197,36.00
2026-07-13,09:48:20,17321,11836.67,102.0402,200,36.00
2026-07-13,09:48:30,17331,11990.00,103.3621,199,36.00
2026-07-13,09:48:40,17341,12173.33,104.9425,203,36.00
2026-07-13,09:48:50,17351,12313.33,106.1494,202,36.00
2026-07-13,09:49:00,17361,12473.33,107.5287,206,36.00
2026-07-13,09:49:10,17371,12576.67,108.4195,206,36.00
2026-07-13,09:49:20,17381,12656.67,109.1092,204,36.00
2026-07-13,09:49:30,17391,12693.33,109.4253,199,36.00
2026-07-13,09:49:40,17401,12666.67,109.1954,196,36.00
2026-07-13,09:49:50,17411,12753.33,109.9425,203,36.00
2026-07-13,09:50:00,17421,12936.67,111.5230,204,36.00
2026-07-13,09:50:10,17431,13166.67,113.5057,205,36.00
2026-07-13,09:50:20,17441,13403.33,115.5460,208,36.00
2026-07-13,09:50:30,17451,13610.00,117.3276,209,36.00
2026-07-13,09:50:40,17461,13780.00,118.7931,209,36.00
2026-07-13,09:50:50,17471,13926.67,120.0575,209,36.00
2026-07-13,09:51:00,17481,13993.33,120.6322,211,36.00
2026-07-13,09:51:10,17491,14003.33,120.7184,212,36.00
2026-07-13,09:51:20,17501,14103.33,121.5805,214,36.00
2026-07-13,09:51:30,17511,14256.67,122.9023,212,36.00
2026-07-13,09:51:40,17521,14223.33,122.6149,212,36.00
2026-07-13,09:51:50,17531,14140.00,121.8965,212,36.00
2026-07-13,09:52:00,17541,14013.33,120.8046,209,36.00
2026-07-13,09:52:10,17551,13840.00,119.3103,211,36.00
2026-07-13,09:52:20,17561,13683.33,117.9598,207,36.00
2026-07-13,09:52:30,17571,13520.00,116.5517,202,36.00
2026-07-13,09:52:40,17581,13380.00,115.3448,204,36.00
2026-07-13,09:52:50,17591,13443.33,115.8908,207,36.00
2026-07-13,09:53:00,17601,13683.33,117.9598,197,36.00
2026-07-13,09:53:10,17611,13886.67,119.7126,203,36.00
2026-07-13,09:53:20,17621,14116.67,121.6954,208,36.00
2026-07-13,09:53:30,17631,14256.67,122.9023,210,36.00
2026-07-13,09:53:40,17641,14420.00,124.3103,211,36.00
2026-07-13,09:53:50,17651,14580.00,125.6896,208,36.00
2026-07-13,09:54:00,17661,14610.00,125.9483,207,36.00
2026-07-13,09:54:10,17671,14623.33,126.0632,210,36.00
2026-07-13,09:54:20,17681,14586.67,125.7471,206,36.00
2026-07-13,09:54:30,17691,14526.67,125.2299,206,36.00
2026-07-13,09:54:40,17701,14456.67,124.6264,198,36.00
2026-07-13,09:54:50,17711,14413.33,124.2529,210,36.00
2026-07-13,09:55:00,17721,14396.67,124.1092,210,36.00
2026-07-13,09:55:09,17731,14313.33,123.3908,207,36.00
2026-07-13,09:55:19,17741,14273.33,123.0460,206,36.00
2026-07-13,09:55:29,17751,14216.67,122.5575,203,36.00
2026-07-13,09:55:39,17761,14150.00,121.9827,202,36.00
2026-07-13,09:55:49,17771,14120.00,121.7241,204,36.00
2026-07-13,09:55:59,17781,14000.00,120.6896,204,36.00
2026-07-13,09:56:09,17791,13890.00,119.7414,203,36.00
2026-07-13,09:56:19,17801,13716.67,118.2471,205,36.00
2026-07-13,09:56:29,17811,13570.00,116.9827,205,36.00
2026-07-13,09:56:39,17821,13433.33,115.8046,203,36.00
2026-07-13,09:56:49,17831,13266.67,114.3678,203,36.00
2026-07-13,09:56:59,17841,13153.33,113.3908,200,36.00
2026-07-13,09:57:09,17851,13036.67,112.3850,199,36.00
2026-07-13,09:57:19,17861,12876.67,111.0057,198,36.00
2026-07-13,09:57:29,17871,12660.00,109.1379,201,36.00
2026-07-13,09:57:39,17881,12400.00,106.8965,196,36.00
2026-07-13,09:57:49,17891,12066.67,104.0230,190,36.00
2026-07-13,09:57:59,17901,11690.00,100.7759,179,36.00
2026-07-13,09:58:09,17911,11320.00,97.5862,188,36.00
2026-07-13,09:58:19,17921,10976.67,94.6264,178,36.00
2026-07-13,09:58:29,17931,10733.33,92.5287,173,36.00
2026-07-13,09:58:39,17941,10550.00,90.9483,179,36.00
2026-07-13,09:58:49,17951,10446.67,90.0575,185,36.00
2026-07-13,09:58:59,17961,10343.33,89.1667,177,36.00
2026-07-13,09:59:09,17971,10203.33,87.9598,180,36.00
2026-07-13,09:59:19,17981,10040.00,86.5517,184,36.00
2026-07-13,09:59:29,17991,9906.67,85.4023,176,36.00
2026-07-13,09:59:39,18001,9773.33,84.2529,171,36.00
2026-07-13,09:59:49,18011,9620.00,82.9310,172,36.00
2026-07-13,09:59:59,18021,9466.67,81.6092,170,36.00
2026-07-13,10:00:09,18031,9293.33,80.1149,160,36.00
2026-07-13,10:00:19,18041,9136.67,78.7644,155,36.00
2026-07-13,10:00:29,18051,8926.67,76.9540,156,36.00
2026-07-13,10:00:39,18061,8740.00,75.3448,153,36.00
2026-07-13,10:00:49,18071,8550.00,73.7069,144,36.00
2026-07-13,10:00:59,18081,8396.67,72.3850,142,36.00
2026-07-13,10:01:09,18091,8306.67,71.6092,152,35.00
2026-07-13,10:01:19,18101,8213.33,70.8046,159,35.00
2026-07-13,10:01:29,18111,8030.00,69.2241,154,35.00
2026-07-13,10:01:39,18121,7846.67,67.6437,146,35.00
2026-07-13,10:01:49,18131,7656.67,66.0057,152,35.00
2026-07-13,10:01:59,18141,7543.33,65.0287,156,35.00
2026-07-13,10:02:09,18151,7493.33,64.5977,156,35.00
2026-07-13,10:02:19,18161,7460.00,64.3103,151,35.00
2026-07-13,10:02:29,18171,7476.67,64.4540,151,35.00
2026-07-13,10:02:39,18181,7610.00,65.6034,151,35.00
2026-07-13,10:02:49,18191,7876.67,67.9023,155,35.00
2026-07-13,10:02:59,18201,8230.00,70.9483,152,35.00
2026-07-13,10:03:09,18211,8586.67,74.0230,162,35.00
2026-07-13,10:03:19,18221,8833.33,76.1494,166,35.00
2026-07-13,10:03:29,18231,8996.67,77.5575,166,35.00
2026-07-13,10:03:39,18241,9073.33,78.2184,164,35.00
2026-07-13,10:03:49,18251,9073.33,78.2184,165,35.00
2026-07-13,10:03:59,18261,9016.67,77.7299,162,35.00
2026-07-13,10:04:09,18271,9020.00,77.7586,168,35.00
2026-07-13,10:04:19,18281,9033.33,77.8736,164,35.00
2026-07-13,10:04:29,18291,9106.67,78.5057,164,35.00
2026-07-13,10:04:39,18301,9193.33,79.2529,169,35.00
2026-07-13,10:04:49,18311,9353.33,80.6322,171,35.00
2026-07-13,10:04:59,18321,9563.33,82.4425,174,35.00
2026-07-13,10:05:09,18331,9790.00,84.3966,176,35.00
2026-07-13,10:05:19,18341,9996.67,86.1782,173,34.00
2026-07-13,10:05:29,18351,10116.67,87.2126,175,35.00
2026-07-13,10:05:38,18361,10240.00,88.2759,179,35.00
2026-07-13,10:05:48,18371,10303.33,88.8218,183,35.00
2026-07-13,10:05:58,18381,10366.67,89.3678,178,35.00
2026-07-13,10:06:08,18391,10396.67,89.6264,177,35.00
2026-07-13,10:06:18,18401,10476.67,90.3161,182,35.00
2026-07-13,10:06:28,18411,10520.00,90.6897,186,35.00
2026-07-13,10:06:38,18421,10553.33,90.9770,181,34.00
2026-07-13,10:06:48,18431,10550.00,90.9483,182,35.00
2026-07-13,10:06:58,18441,10516.67,90.6609,184,35.00
2026-07-13,10:07:08,18451,10560.00,91.0345,184,35.00
2026-07-13,10:07:18,18461,10583.33,91.2356,181,34.00
2026-07-13,10:07:28,18471,10610.00,91.4655,177,35.00
2026-07-13,10:07:38,18481,10633.33,91.6667,182,35.00
2026-07-13,10:07:48,18491,10620.00,91.5517,178,35.00
2026-07-13,10:07:58,18501,10576.67,91.1782,171,35.00
2026-07-13,10:08:08,18511,10543.33,90.8908,180,35.00
2026-07-13,10:08:18,18521,10536.67,90.8333,182,35.00
2026-07-13,10:08:28,18531,10490.00,90.4310,181,35.00
2026-07-13,10:08:38,18541,10443.33,90.0287,176,35.00
2026-07-13,10:08:48,18551,10410.00,89.7414,179,35.00
2026-07-13,10:08:58,18561,10396.67,89.6264,184,35.00
2026-07-13,10:09:08,18571,10410.00,89.7414,180,34.00
2026-07-13,10:09:18,18581,10383.33,89.5115,176,35.00
2026-07-13,10:09:28,18591,10286.67,88.6782,174,35.00
2026-07-13,10:09:38,18601,10123.33,87.2701,175,34.00
2026-07-13,10:09:48,18611,9970.00,85.9483,166,34.00
2026-07-13,10:09:58,18621,9800.00,84.4828,171,35.00
2026-07-13,10:10:08,18631,9630.00,83.0172,165,35.00
2026-07-13,10:10:18,18641,9446.67,81.4368,167,35.00
2026-07-13,10:10:28,18651,9263.33,79.8563,162,34.00
2026-07-13,10:10:38,18661,9083.33,78.3046,160,34.00
2026-07-13,10:10:48,18671,8910.00,76.8103,159,34.00
2026-07-13,10:10:58,18681,8760.00,75.5172,156,34.00
2026-07-13,10:11:08,18691,8610.00,74.2241,154,35.00
2026-07-13,10:11:18,18701,8420.00,72.5862,146,34.00
2026-07-13,10:11:28,18711,8313.33,71.6667,147,34.00
2026-07-13,10:11:38,18721,8203.33,70.7184,145,34.00
2026-07-13,10:11:48,18731,8080.00,69.6552,147,34.00
2026-07-13,10:11:58,18741,8000.00,68.9655,149,34.00
2026-07-13,10:12:08,18751,7936.67,68.4195,144,34.00
2026-07-13,10:12:18,18761,7870.00,67.8448,146,34.00
2026-07-13,10:12:28,18771,7783.33,67.0977,148,34.00
2026-07-13,10:12:38,18781,7640.00,65.8621,140,34.00
2026-07-13,10:12:48,18791,7493.33,64.5977,141,34.00
2026-07-13,10:12:58,18801,7360.00,63.4483,137,34.00
2026-07-13,10:13:08,18811,7203.33,62.0977,139,34.00
2026-07-13,10:13:18,18821,7060.00,60.8621,136,34.00
2026-07-13,10:13:28,18831,6916.67,59.6264,133,34.00
2026-07-13,10:13:38,18841,6790.00,58.5345,133,34.00
2026-07-13,10:13:48,18851,6703.33,57.7874,136,34.00
2026-07-13,10:13:58,18861,6630.00,57.1552,137,34.00
2026-07-13,10:14:08,18871,6536.67,56.3506,131,34.00
2026-07-13,10:14:18,18881,6446.67,55.5747,129,34.00
2026-07-13,10:14:28,18891,6350.00,54.7414,135,34.00
2026-07-13,10:14:38,18901,6270.00,54.0517,134,34.00
2026-07-13,10:14:48,18911,6180.00,53.2759,130,34.00
2026-07-13,10:14:58,18921,6083.33,52.4425,132,34.00
2026-07-13,10:15:08,18931,5973.33,51.4943,128,34.00
2026-07-13,10:15:18,18941,5843.33,50.3736,133,33.00
2026-07-13,10:15:28,18951,5723.33,49.3391,128,34.00
2026-07-13,10:15:38,18961,5586.67,48.1609,123,33.00
2026-07-13,10:15:48,18971,5423.33,46.7529,122,33.00
2026-07-13,10:15:57,18981,5330.00,45.9483,130,33.00
2026-07-13,10:16:07,18991,5223.33,45.0287,125,33.00
2026-07-13,10:16:17,19001,5133.33,44.2529,124,33.00
2026-07-13,10:16:27,19011,5026.67,43.3333,126,33.00
2026-07-13,10:16:37,19021,4936.67,42.5575,125,33.00
2026-07-13,10:16:47,19031,4846.67,41.7816,128,33.00
2026-07-13,10:16:57,19041,4763.33,41.0632,124,33.00
2026-07-13,10:17:07,19051,4666.67,40.2299,127,33.00
2026-07-13,10:17:17,19061,4593.33,39.5977,125,33.00
2026-07-13,10:17:27,19071,4530.00,39.0517,130,33.00
2026-07-13,10:17:37,19081,4473.33,38.5632,128,33.00
2026-07-13,10:17:47,19091,4423.33,38.1322,125,33.00
2026-07-13,10:17:57,19101,4383.33,37.7874,129,33.00
2026-07-13,10:18:07,19111,4350.00,37.5000,128,33.00
2026-07-13,10:18:17,19121,4326.67,37.2988,129,33.00
2026-07-13,10:18:27,19131,4306.67,37.1264,125,33.00
2026-07-13,10:18:37,19141,4296.67,37.0402,122,33.00
2026-07-13,10:18:47,19151,4296.67,37.0402,121,33.00
2026-07-13,10:18:57,19161,4300.00,37.0690,125,33.00
2026-07-13,10:19:07,19171,4326.67,37.2988,120,33.00
2026-07-13,10:19:17,19181,4353.33,37.5287,124,33.00
2026-07-13,10:19:27,19191,4400.00,37.9310,129,33.00
2026-07-13,10:19:37,19201,4436.67,38.2471,126,33.00
2026-07-13,10:19:47,19211,4476.67,38.5920,126,33.00
2026-07-13,10:19:57,19221,4510.00,38.8793,127,33.00
2026-07-13,10:20:07,19231,4540.00,39.1379,126,33.00
2026-07-13,10:20:17,19241,4563.33,39.3391,129,33.00
2026-07-13,10:20:27,19251,4583.33,39.5115,125,33.00
2026-07-13,10:20:37,19261,4613.33,39.7701,127,33.00
2026-07-13,10:20:47,19271,4643.33,40.0287,129,33.00
2026-07-13,10:20:57,19281,4680.00,40.3448,126,33.00
2026-07-13,10:21:07,19291,4726.67,40.7471,130,33.00
2026-07-13,10:21:17,19301,4750.00,40.9483,132,33.00
2026-07-13,10:21:27,19311,4773.33,41.1494,127,33.00
2026-07-13,10:21:37,19321,4796.67,41.3506,123,33.00
2026-07-13,10:21:47,19331,4816.67,41.5230,133,33.00
2026-07-13,10:21:57,19341,4833.33,41.6667,128,33.00
2026-07-13,10:22:07,19351,4836.67,41.6954,133,33.00
2026-07-13,10:22:17,19361,4826.67,41.6092,124,33.00
2026-07-13,10:22:27,19371,4820.00,41.5517,126,33.00
2026-07-13,10:22:37,19381,4803.33,41.4080,128,32.00
2026-07-13,10:22:47,19391,4783.33,41.2356,127,33.00
2026-07-13,10:22:57,19401,4770.00,41.1207,126,32.00
2026-07-13,10:23:07,19411,4760.00,41.0345,124,32.00
2026-07-13,10:23:17,19421,4753.33,40.9770,131,32.00
2026-07-13,10:23:27,19431,4743.33,40.8908,131,32.00
2026-07-13,10:23:37,19441,4730.00,40.7759,122,32.00
2026-07-13,10:23:47,19451,4716.67,40.6609,127,32.00
2026-07-13,10:23:57,19461,4696.67,40.4885,126,32.00
2026-07-13,10:24:07,19471,4673.33,40.2874,128,32.00
2026-07-13,10:24:17,19481,4663.33,40.2011,127,32.00
2026-07-13,10:24:27,19491,4656.67,40.1437,128,32.00
2026-07-13,10:24:37,19501,4653.33,40.1149,127,32.00
2026-07-13,10:24:47,19511,4656.67,40.1437,122,32.00
2026-07-13,10:24:57,19521,4670.00,40.2586,125,32.00
2026-07-13,10:25:07,19531,4710.00,40.6034,124,32.00
2026-07-13,10:25:17,19541,4736.67,40.8333,122,32.00
2026-07-13,10:25:27,19551,4763.33,41.0632,122,32.00
2026-07-13,10:25:37,19561,4793.33,41.3218,129,32.00
2026-07-13,10:25:47,19571,4820.00,41.5517,131,32.00
2026-07-13,10:25:57,19581,4846.67,41.7816,132,32.00
2026-07-13,10:26:06,19591,4870.00,41.9828,133,32.00
2026-07-13,10:26:16,19601,4886.67,42.1264,130,32.00
2026-07-13,10:26:26,19611,4893.33,42.1839,128,32.00
2026-07-13,10:26:36,19621,4893.33,42.1839,132,32.00
2026-07-13,10:26:46,19631,4900.00,42.2414,133,32.00
2026-07-13,10:26:56,19641,4896.67,42.2126,131,32.00
2026-07-13,10:27:06,19651,4896.67,42.2126,128,32.00
2026-07-13,10:27:16,19661,4900.00,42.2414,126,32.00
2026-07-13,10:27:26,19671,4900.00,42.2414,128,32.00
2026-07-13,10:27:36,19681,4883.33,42.0977,126,32.00
2026-07-13,10:27:46,19691,4880.00,42.0690,125,32.00
2026-07-13,10:27:56,19701,4850.00,41.8103,130,32.00
2026-07-13,10:28:06,19711,4830.00,41.6379,129,32.00
2026-07-13,10:28:16,19721,4813.33,41.4943,129,32.00
2026-07-13,10:28:26,19731,4780.00,41.2069,128,32.00
2026-07-13,10:28:36,19741,4740.00,40.8621,125,32.00
2026-07-13,10:28:46,19751,4676.67,40.3161,124,32.00
2026-07-13,10:28:56,19761,4646.67,40.0575,126,32.00
2026-07-13,10:29:06,19771,4613.33,39.7701,126,32.00
2026-07-13,10:29:16,19781,4580.00,39.4828,125,32.00
2026-07-13,10:29:26,19791,4536.67,39.1092,124,32.00
2026-07-13,10:29:36,19801,4513.33,38.9080,125,32.00
2026-07-13,10:29:46,19811,4503.33,38.8218,128,32.00
2026-07-13,10:29:56,19821,4503.33,38.8218,122,32.00
2026-07-13,10:30:06,19831,4493.33,38.7356,120,32.00
2026-07-13,10:30:16,19841,4503.33,38.8218,123,32.00
2026-07-13,10:30:26,19851,4510.00,38.8793,125,32.00
2026-07-13,10:30:36,19861,4520.00,38.9655,130,32.00
2026-07-13,10:30:46,19871,4540.00,39.1379,126,32.00
2026-07-13,10:30:56,19881,4560.00,39.3103,128,32.00
2026-07-13,10:31:06,19891,4563.33,39.3391,127,32.00
2026-07-13,10:31:16,19901,4563.33,39.3391,133,32.00
2026-07-13,10:31:26,19911,4556.67,39.2816,136,32.00
2026-07-13,10:31:36,19921,4553.33,39.2529,137,32.00
2026-07-13,10:31:46,19931,4543.33,39.1667,126,32.00
2026-07-13,10:31:56,19941,4520.00,38.9655,126,32.00
2026-07-13,10:32:06,19951,4496.67,38.7644,130,32.00
2026-07-13,10:32:16,19961,4463.33,38.4770,130,32.00
2026-07-13,10:32:26,19971,4436.67,38.2471,131,32.00
2026-07-13,10:32:36,19981,4416.67,38.0747,127,32.00
2026-07-13,10:32:46,19991,4406.67,37.9885,126,32.00
2026-07-13,10:32:56,20001,4406.67,37.9885,131,32.00
2026-07-13,10:33:06,20011,4410.00,38.0172,126,32.00
2026-07-13,10:33:16,20021,4443.33,38.3046,122,32.00
2026-07-13,10:33:26,20031,4480.00,38.6207,125,32.00
2026-07-13,10:33:36,20041,4526.67,39.0230,126,32.00
2026-07-13,10:33:46,20051,4566.67,39.3678,126,32.00
2026-07-13,10:33:56,20061,4613.33,39.7701,131,32.00
2026-07-13,10:34:06,20071,4663.33,40.2011,128,32.00
2026-07-13,10:34:16,20081,4726.67,40.7471,129,32.00
2026-07-13,10:34:26,20091,4780.00,41.2069,129,32.00
2026-07-13,10:34:36,20101,4836.67,41.6954,130,32.00
2026-07-13,10:34:46,20111,4893.33,42.1839,131,32.00
2026-07-13,10:34:56,20121,4956.67,42.7299,137,32.00
2026-07-13,10:35:06,20131,5030.00,43.3621,136,32.00
2026-07-13,10:35:16,20141,5130.00,44.2241,133,32.00
2026-07-13,10:35:26,20151,5240.00,45.1724,133,32.00
2026-07-13,10:35:36,20161,5353.33,46.1494,139,32.00
2026-07-13,10:35:46,20171,5463.33,47.0977,132,32.00
2026-07-13,10:35:56,20181,5590.00,48.1897,134,32.00
2026-07-13,10:36:06,20191,5713.33,49.2529,132,32.00
2026-07-13,10:36:16,20201,5846.67,50.4023,137,32.00
2026-07-13,10:36:26,20211,5983.33,51.5805,140,32.00
2026-07-13,10:36:35,20221,6116.67,52.7299,141,32.00
2026-07-13,10:36:45,20231,6226.67,53.6782,135,32.00
2026-07-13,10:36:55,20241,6296.67,54.2816,136,32.00
2026-07-13,10:37:05,20251,6353.33,54.7701,136,32.00
2026-07-13,10:37:15,20261,6380.00,55.0000,133,32.00
2026-07-13,10:37:25,20271,6420.00,55.3448,125,32.00
2026-07-13,10:37:35,20281,6463.33,55.7184,127,32.00
2026-07-13,10:37:45,20291,6483.33,55.8908,130,32.00
2026-07-13,10:37:55,20301,6510.00,56.1207,133,32.00
2026-07-13,10:38:05,20311,6543.33,56.4080,130,32.00
2026-07-13,10:38:15,20321,6570.00,56.6379,126,32.00
2026-07-13,10:38:25,20331,6600.00,56.8965,125,32.00
2026-07-13,10:38:35,20341,6633.33,57.1839,127,32.00
2026-07-13,10:38:45,20351,6690.00,57.6724,131,32.00
2026-07-13,10:38:55,20361,6746.67,58.1609,132,32.00
2026-07-13,10:39:05,20371,6810.00,58.7069,134,32.00
2026-07-13,10:39:15,20381,6890.00,59.3965,136,32.00
2026-07-13,10:39:25,20391,6956.67,59.9713,134,32.00
2026-07-13,10:39:35,20401,7016.67,60.4885,138,32.00
2026-07-13,10:39:45,20411,7066.67,60.9195,135,32.00
2026-07-13,10:39:55,20421,7106.67,61.2644,138,32.00
2026-07-13,10:40:05,20431,7143.33,61.5805,144,32.00
2026-07-13,10:40:15,20441,7180.00,61.8965,144,32.00
2026-07-13,10:40:25,20451,7200.00,62.0690,140,32.00
2026-07-13,10:40:35,20461,7223.33,62.2701,142,32.00
2026-07-13,10:40:45,20471,7290.00,62.8448,144,32.00
2026-07-13,10:40:55,20481,7356.67,63.4195,142,32.00
2026-07-13,10:41:05,20491,7433.33,64.0805,138,32.00
2026-07-13,10:41:15,20501,7516.67,64.7989,142,32.00
2026-07-13,10:41:25,20511,7610.00,65.6034,153,32.00
2026-07-13,10:41:35,20521,7730.00,66.6379,148,32.00
2026-07-13,10:41:45,20531,7866.67,67.8161,154,32.00
2026-07-13,10:41:55,20541,8020.00,69.1379,152,32.00
2026-07-13,10:42:05,20551,8213.33,70.8046,155,33.00
2026-07-13,10:42:15,20561,8423.33,72.6149,162,32.00
2026-07-13,10:42:25,20571,8640.00,74.4828,166,33.00
2026-07-13,10:42:35,20581,8840.00,76.2069,170,33.00
2026-07-13,10:42:45,20591,9023.33,77.7874,172,33.00
2026-07-13,10:42:55,20601,9180.00,79.1379,170,33.00
2026-07-13,10:43:05,20611,9310.00,80.2586,174,33.00
2026-07-13,10:43:15,20621,9446.67,81.4368,174,33.00
2026-07-13,10:43:25,20631,9580.00,82.5862,169,33.00
2026-07-13,10:43:35,20641,9686.67,83.5057,169,33.00
2026-07-13,10:43:45,20651,9753.33,84.0805,166,33.00
2026-07-13,10:43:55,20661,9820.00,84.6552,169,33.00
2026-07-13,10:44:05,20671,9846.67,84.8850,165,33.00
2026-07-13,10:44:15,20681,9840.00,84.8276,168,33.00
2026-07-13,10:44:25,20691,9790.00,84.3966,166,33.00
2026-07-13,10:44:35,20701,9746.67,84.0230,153,33.00
2026-07-13,10:44:45,20711,9683.33,83.4770,164,33.00
2026-07-13,10:44:55,20721,9623.33,82.9598,162,33.00
2026-07-13,10:45:05,20731,9570.00,82.5000,162,33.00
2026-07-13,10:45:15,20741,9520.00,82.0690,163,33.00
2026-07-13,10:45:25,20751,9460.00,81.5517,158,33.00
2026-07-13,10:45:35,20761,9393.33,80.9770,162,33.00
2026-07-13,10:45:45,20771,9293.33,80.1149,160,33.00
2026-07-13,10:45:55,20781,9160.00,78.9655,154,33.00
2026-07-13,10:46:05,20791,8993.33,77.5287,148,33.00
2026-07-13,10:46:15,20801,8793.33,75.8046,144,33.00
2026-07-13,10:46:25,20811,8610.00,74.2241,148,33.00
2026-07-13,10:46:35,20821,8433.33,72.7011,138,33.00
2026-07-13,10:46:45,20831,8310.00,71.6379,138,33.00
2026-07-13,10:46:54,20841,8210.00,70.7759,141,33.00
2026-07-13,10:47:04,20851,8143.33,70.2011,142,33.00
2026-07-13,10:47:14,20861,8086.67,69.7126,139,33.00
2026-07-13,10:47:24,20871,8063.33,69.5115,137,33.00
2026-07-13,10:47:34,20881,8026.67,69.1954,140,33.00
2026-07-13,10:47:44,20891,8013.33,69.0805,130,33.00
2026-07-13,10:47:54,20901,7973.33,68.7356,132,33.00
2026-07-13,10:48:04,20911,7933.33,68.3908,136,33.00
2026-07-13,10:48:14,20921,7886.67,67.9885,132,33.00
2026-07-13,10:48:24,20931,7836.67,67.5575,130,33.00
2026-07-13,10:48:34,20941,7776.67,67.0402,134,33.00
2026-07-13,10:48:44,20951,7730.00,66.6379,131,33.00
2026-07-13,10:48:54,20961,7696.67,66.3506,133,33.00
2026-07-13,10:49:04,20971,7696.67,66.3506,133,33.00
2026-07-13,10:49:14,20981,7746.67,66.7816,128,33.00
2026-07-13,10:49:24,20991,7816.67,67.3851,127,33.00
2026-07-13,10:49:34,21001,7886.67,67.9885,126,33.00
2026-07-13,10:49:44,21011,7966.67,68.6782,130,33.00
2026-07-13,10:49:54,21021,8063.33,69.5115,135,33.00
2026-07-13,10:50:04,21031,8150.00,70.2586,136,33.00
2026-07-13,10:50:14,21041,8226.67,70.9195,138,33.00
2026-07-13,10:50:24,21051,8290.00,71.4655,132,33.00
2026-07-13,10:50:34,21061,8343.33,71.9253,136,33.00
2026-07-13,10:50:44,21071,8380.00,72.2414,140,33.00
2026-07-13,10:50:54,21081,8403.33,72.4425,145,33.00
2026-07-13,10:51:04,21091,8426.67,72.6437,141,33.00
2026-07-13,10:51:14,21101,8456.67,72.9023,144,33.00
2026-07-13,10:51:24,21111,8480.00,73.1034,142,33.00
2026-07-13,10:51:34,21121,8466.67,72.9885,146,33.00
2026-07-13,10:51:44,21131,8493.33,73.2184,151,33.00
2026-07-13,10:51:54,21141,8566.67,73.8506,150,33.00
2026-07-13,10:52:04,21151,8656.67,74.6264,152,33.00
2026-07-13,10:52:14,21161,8756.67,75.4885,161,33.00
2026-07-13,10:52:24,21171,8850.00,76.2931,166,33.00
2026-07-13,10:52:34,21181,8940.00,77.0690,164,33.00
2026-07-13,10:52:44,21191,8986.67,77.4713,157,33.00
2026-07-13,10:52:54,21201,8960.00,77.2414,155,33.00
2026-07-13,10:53:04,21211,8880.00,76.5517,160,33.00
2026-07-13,10:53:14,21221,8766.67,75.5747,160,33.00
2026-07-13,10:53:24,21231,8623.33,74.3391,160,33.00
2026-07-13,10:53:34,21241,8453.33,72.8736,152,33.00
2026-07-13,10:53:44,21251,8276.67,71.3506,147,33.00
2026-07-13,10:53:54,21261,8116.67,69.9713,142,33.00
2026-07-13,10:54:04,21271,7966.67,68.6782,133,33.00
2026-07-13,10:54:14,21281,7850.00,67.6724,133,34.00
2026-07-13,10:54:24,21291,7756.67,66.8678,130,33.00
2026-07-13,10:54:34,21301,7680.00,66.2069,133,33.00
2026-07-13,10:54:44,21311,7616.67,65.6609,134,33.00
2026-07-13,10:54:54,21321,7560.00,65.1724,140,33.00
2026-07-13,10:55:04,21331,7526.67,64.8851,137,33.00
2026-07-13,10:55:14,21341,7513.33,64.7701,133,33.00
2026-07-13,10:55:24,21351,7503.33,64.6839,129,33.00
2026-07-13,10:55:34,21361,7473.33,64.4253,130,34.00
2026-07-13,10:55:44,21371,7456.67,64.2816,124,33.00
2026-07-13,10:55:54,21381,7426.67,64.0230,135,33.00
2026-07-13,10:56:04,21391,7413.33,63.9080,136,33.00
2026-07-13,10:56:14,21401,7396.67,63.7644,131,33.00
2026-07-13,10:56:24,21411,7396.67,63.7644,131,33.00
2026-07-13,10:56:34,21421,7410.00,63.8793,134,33.00
2026-07-13,10:56:44,21431,7410.00,63.8793,129,33.00
2026-07-13,10:56:54,21441,7436.67,64.1092,125,33.00
2026-07-13,10:57:04,21451,7446.67,64.1954,128,33.00
2026-07-13,10:57:13,21461,7436.67,64.1092,131,33.00
2026-07-13,10:57:23,21471,7430.00,64.0517,133,33.00
2026-07-13,10:57:33,21481,7400.00,63.7931,133,33.00
2026-07-13,10:57:43,21491,7356.67,63.4195,131,33.00
2026-07-13,10:57:53,21501,7300.00,62.9310,128,33.00
2026-07-13,10:58:03,21511,7230.00,62.3276,125,33.00
2026-07-13,10:58:13,21521,7180.00,61.8965,133,33.00
2026-07-13,10:58:23,21531,7133.33,61.4943,132,33.00
2026-07-13,10:58:33,21541,7083.33,61.0632,127,33.00
2026-07-13,10:58:43,21551,7040.00,60.6897,134,33.00
2026-07-13,10:58:53,21561,6980.00,60.1724,135,33.00
2026-07-13,10:59:03,21571,6923.33,59.6839,136,33.00
2026-07-13,10:59:13,21581,6863.33,59.1667,132,33.00
2026-07-13,10:59:23,21591,6786.67,58.5057,133,33.00
2026-07-13,10:59:33,21601,6720.00,57.9310,133,33.00
2026-07-13,10:59:43,21611,6650.00,57.3276,131,33.00
2026-07-13,10:59:53,21621,6573.33,56.6667,133,33.00
2026-07-13,11:00:03,21631,6506.67,56.0920,134,33.00
2026-07-13,11:00:13,21641,6446.67,55.5747,132,33.00
2026-07-13,11:00:23,21651,6373.33,54.9425,133,33.00
2026-07-13,11:00:33,21661,6313.33,54.4253,132,33.00
2026-07-13,11:00:43,21671,6270.00,54.0517,133,33.00
2026-07-13,11:00:53,21681,6233.33,53.7356,132,33.00
2026-07-13,11:01:03,21691,6196.67,53.4195,125,33.00
2026-07-13,11:01:13,21701,6170.00,53.1897,128,33.00
2026-07-13,11:01:23,21711,6150.00,53.0172,127,33.00
2026-07-13,11:01:33,21721,6126.67,52.8161,128,33.00
2026-07-13,11:01:43,21731,6113.33,52.7011,131,33.00
2026-07-13,11:01:53,21741,6100.00,52.5862,128,33.00
2026-07-13,11:02:03,21751,6090.00,52.5000,128,33.00
2026-07-13,11:02:13,21761,6090.00,52.5000,126,33.00
2026-07-13,11:02:23,21771,6083.33,52.4425,130,33.00
2026-07-13,11:02:33,21781,6076.67,52.3851,133,33.00
2026-07-13,11:02:43,21791,6073.33,52.3563,130,33.00
2026-07-13,11:02:53,21801,6073.33,52.3563,127,33.00
2026-07-13,11:03:03,21811,6083.33,52.4425,128,33.00
2026-07-13,11:03:13,21821,6103.33,52.6149,126,33.00
2026-07-13,11:03:23,21831,6133.33,52.8736,127,33.00
2026-07-13,11:03:33,21841,6166.67,53.1609,125,33.00
2026-07-13,11:03:43,21851,6210.00,53.5345,126,33.00
2026-07-13,11:03:53,21861,6260.00,53.9655,128,33.00
2026-07-13,11:04:03,21871,6310.00,54.3965,129,33.00
2026-07-13,11:04:13,21881,6370.00,54.9138,128,33.00
2026-07-13,11:04:23,21891,6436.67,55.4885,127,33.00
2026-07-13,11:04:33,21901,6490.00,55.9483,131,33.00
2026-07-13,11:04:43,21911,6540.00,56.3793,127,33.00
2026-07-13,11:04:53,21921,6590.00,56.8103,131,33.00
2026-07-13,11:05:03,21931,6640.00,57.2414,130,33.00
2026-07-13,11:05:13,21941,6696.67,57.7299,131,33.00
2026-07-13,11:05:23,21951,6760.00,58.2759,132,33.00
2026-07-13,11:05:33,21961,6840.00,58.9655,133,33.00
2026-07-13,11:05:43,21971,6906.67,59.5402,135,33.00
2026-07-13,11:05:53,21981,6973.33,60.1149,131,33.00
2026-07-13,11:06:03,21991,7033.33,60.6322,135,33.00
2026-07-13,11:06:13,22001,7083.33,61.0632,138,33.00
2026-07-13,11:06:23,22011,7136.67,61.5230,137,33.00
2026-07-13,11:06:33,22021,7196.67,62.0402,143,33.00
2026-07-13,11:06:43,22031,7280.00,62.7586,139,33.00
2026-07-13,11:06:53,22041,7346.67,63.3333,142,33.00
2026-07-13,11:07:03,22051,7416.67,63.9368,145,33.00
2026-07-13,11:07:13,22061,7486.67,64.5402,145,33.00
2026-07-13,11:07:23,22071,7566.67,65.2299,145,33.00
2026-07-13,11:07:33,22081,7656.67,66.0057,148,33.00
2026-07-13,11:07:43,22091,7766.67,66.9540,147,33.00
2026-07-13,11:07:52,22101,7863.33,67.7874,145,33.00
2026-07-13,11:08:02,22111,7970.00,68.7069,148,33.00
2026-07-13,11:08:12,22121,8066.67,69.5402,152,33.00
2026-07-13,11:08:22,22131,8170.00,70.4310,154,33.00
2026-07-13,11:08:32,22141,8246.67,71.0919,150,33.00
2026-07-13,11:08:42,22151,8316.67,71.6954,145,33.00
2026-07-13,11:08:52,22161,8376.67,72.2126,149,33.00
2026-07-13,11:09:02,22171,8440.00,72.7586,151,33.00
2026-07-13,11:09:12,22181,8490.00,73.1897,152,33.00
2026-07-13,11:09:22,22191,8550.00,73.7069,154,33.00
2026-07-13,11:09:32,22201,8593.33,74.0805,155,33.00
2026-07-13,11:09:42,22211,8640.00,74.4828,153,33.00
2026-07-13,11:09:52,22221,8686.67,74.8850,153,33.00
2026-07-13,11:10:02,22231,8730.00,75.2586,155,33.00
2026-07-13,11:10:12,22241,8770.00,75.6034,157,33.00
2026-07-13,11:10:22,22251,8806.67,75.9195,163,33.00
2026-07-13,11:10:32,22261,8826.67,76.0919,160,33.00
2026-07-13,11:10:42,22271,8840.00,76.2069,161,33.00
2026-07-13,11:10:52,22281,8846.67,76.2644,162,33.00
2026-07-13,11:11:02,22291,8836.67,76.1782,163,33.00
2026-07-13,11:11:12,22301,8830.00,76.1207,159,33.00
2026-07-13,11:11:22,22311,8816.67,76.0057,161,33.00
2026-07-13,11:11:32,22321,8800.00,75.8621,164,33.00
2026-07-13,11:11:42,22331,8780.00,75.6897,161,33.00
2026-07-13,11:11:52,22341,8773.33,75.6322,165,33.00
2026-07-13,11:12:02,22351,8763.33,75.5460,160,33.00
2026-07-13,11:12:12,22361,8770.00,75.6034,162,33.00
2026-07-13,11:12:22,22371,8773.33,75.6322,162,33.00
2026-07-13,11:12:32,22381,8800.00,75.8621,161,33.00
2026-07-13,11:12:42,22391,8836.67,76.1782,161,33.00
2026-07-13,11:12:52,22401,8890.00,76.6379,167,33.00
2026-07-13,11:13:02,22411,8950.00,77.1552,161,33.00
2026-07-13,11:13:12,22421,9016.67,77.7299,160,33.00
2026-07-13,11:13:22,22431,9090.00,78.3621,163,33.00
2026-07-13,11:13:32,22441,9163.33,78.9942,160,33.00
2026-07-13,11:13:42,22451,9253.33,79.7701,163,33.00
2026-07-13,11:13:52,22461,9333.33,80.4598,164,33.00
2026-07-13,11:14:02,22471,9410.00,81.1207,162,33.00
2026-07-13,11:14:12,22481,9473.33,81.6667,161,33.00
2026-07-13,11:14:22,22491,9533.33,82.1839,159,33.00
2026-07-13,11:14:32,22501,9613.33,82.8736,159,34.00
2026-07-13,11:14:42,22511,9690.00,83.5345,162,34.00
2026-07-13,11:14:52,22521,9790.00,84.3966,162,34.00
2026-07-13,11:15:02,22531,9916.67,85.4885,162,34.00
2026-07-13,11:15:12,22541,10056.67,86.6954,166,34.00
2026-07-13,11:15:22,22551,10230.00,88.1897,170,34.00
2026-07-13,11:15:32,22561,10420.00,89.8276,172,34.00
2026-07-13,11:15:42,22571,10613.33,91.4942,177,34.00
2026-07-13,11:15:52,22581,10820.00,93.2759,175,34.00
2026-07-13,11:16:02,22591,11016.67,94.9713,180,34.00
2026-07-13,11:16:12,22601,11203.33,96.5805,185,34.00
2026-07-13,11:16:22,22611,11356.67,97.9023,185,34.00
2026-07-13,11:16:32,22621,11490.00,99.0517,186,34.00
2026-07-13,11:16:42,22631,11630.00,100.2586,193,34.00
2026-07-13,11:16:52,22641,11730.00,101.1207,191,34.00
2026-07-13,11:17:02,22651,11810.00,101.8103,191,34.00
2026-07-13,11:17:12,22661,11853.33,102.1839,194,34.00
2026-07-13,11:17:22,22671,11876.67,102.3850,194,34.00
2026-07-13,11:17:32,22681,11896.67,102.5575,192,34.00
2026-07-13,11:17:42,22691,11900.00,102.5862,192,34.00
2026-07-13,11:17:52,22701,11853.33,102.1839,195,35.00
2026-07-13,11:18:02,22711,11783.33,101.5805,190,34.00
2026-07-13,11:18:12,22721,11693.33,100.8046,186,34.00
2026-07-13,11:18:21,22731,11583.33,99.8563,187,35.00
2026-07-13,11:18:31,22741,11443.33,98.6494,181,35.00
2026-07-13,11:18:41,22751,11300.00,97.4138,177,35.00
2026-07-13,11:18:51,22761,11150.00,96.1207,170,35.00
2026-07-13,11:19:01,22771,10976.67,94.6264,169,35.00
2026-07-13,11:19:11,22781,10803.33,93.1322,164,35.00
2026-07-13,11:19:21,22791,10633.33,91.6667,161,35.00
2026-07-13,11:19:31,22801,10496.67,90.4885,193,34.00
2026-07-13,11:19:41,22811,10363.33,89.3391,164,35.00
2026-07-13,11:19:51,22821,10253.33,88.3908,163,35.00
2026-07-13,11:20:01,22831,10150.00,87.5000,168,35.00
2026-07-13,11:20:11,22841,10070.00,86.8103,165,35.00
2026-07-13,11:20:21,22851,10006.67,86.2644,165,35.00
2026-07-13,11:20:31,22861,9943.33,85.7184,160,35.00
2026-07-13,11:20:41,22871,9896.67,85.3161,164,34.00
2026-07-13,11:20:51,22881,9856.67,84.9713,167,35.00
2026-07-13,11:21:01,22891,9830.00,84.7414,165,35.00
2026-07-13,11:21:11,22901,9786.67,84.3678,163,35.00
2026-07-13,11:21:21,22911,9763.33,84.1667,168,35.00
2026-07-13,11:21:31,22921,9743.33,83.9942,163,35.00
2026-07-13,11:21:41,22931,9736.67,83.9368,165,35.00
2026-07-13,11:21:51,22941,9743.33,83.9942,166,35.00
2026-07-13,11:22:01,22951,9770.00,84.2241,168,35.00
2026-07-13,11:22:11,22961,9813.33,84.5977,169,35.00
2026-07-13,11:22:21,22971,9836.67,84.7988,169,35.00
2026-07-13,11:22:31,22981,9853.33,84.9425,170,35.00
2026-07-13,11:22:41,22991,9883.33,85.2011,172,35.00
2026-07-13,11:22:51,23001,9913.33,85.4598,182,35.00
2026-07-13,11:23:01,23011,9953.33,85.8046,169,35.00
2026-07-13,11:23:11,23021,9983.33,86.0632,171,35.00
2026-07-13,11:23:21,23031,10026.67,86.4368,170,35.00
2026-07-13,11:23:31,23041,10080.00,86.8966,174,35.00
2026-07-13,11:23:41,23051,10136.67,87.3850,178,35.00
2026-07-13,11:23:51,23061,10190.00,87.8448,173,35.00
2026-07-13,11:24:01,23071,10270.00,88.5345,177,35.00
2026-07-13,11:24:11,23081,10346.67,89.1954,178,35.00
2026-07-13,11:24:21,23091,10440.00,90.0000,178,35.00
2026-07-13,11:24:31,23101,10540.00,90.8621,188,35.00
2026-07-13,11:24:41,23111,10660.00,91.8966,187,35.00
2026-07-13,11:24:51,23121,10783.33,92.9598,190,35.00
2026-07-13,11:25:01,23131,10893.33,93.9080,190,35.00
2026-07-13,11:25:11,23141,11003.33,94.8563,194,35.00
2026-07-13,11:25:21,23151,11146.67,96.0919,195,35.00
2026-07-13,11:25:31,23161,11280.00,97.2414,196,35.00
2026-07-13,11:25:41,23171,11410.00,98.3621,196,35.00
2026-07-13,11:25:51,23181,11556.67,99.6264,198,35.00
2026-07-13,11:26:01,23191,11703.33,100.8908,197,35.00
2026-07-13,11:26:11,23201,11846.67,102.1264,194,35.00
2026-07-13,11:26:21,23211,11993.33,103.3908,202,35.00
2026-07-13,11:26:31,23221,12140.00,104.6552,200,35.00
2026-07-13,11:26:41,23231,12293.33,105.9770,203,35.00
2026-07-13,11:26:51,23241,12456.67,107.3850,205,35.00
2026-07-13,11:27:01,23251,12610.00,108.7069,204,35.00
2026-07-13,11:27:11,23261,12776.67,110.1437,203,35.00
2026-07-13,11:27:21,23271,12950.00,111.6379,203,35.00
2026-07-13,11:27:31,23281,13110.00,113.0172,204,35.00
2026-07-13,11:27:41,23291,13283.33,114.5115,204,35.00
2026-07-13,11:27:51,23301,13456.67,116.0057,208,36.00
2026-07-13,11:28:01,23311,13636.67,117.5575,205,36.00
2026-07-13,11:28:11,23321,13820.00,119.1379,207,36.00
2026-07-13,11:28:21,23331,13996.67,120.6609,206,36.00
2026-07-13,11:28:31,23341,14186.67,122.2988,210,36.00
2026-07-13,11:28:41,23351,14353.33,123.7356,210,36.00
2026-07-13,11:28:51,23361,14530.00,125.2586,211,36.00
2026-07-13,11:29:01,23371,14680.00,126.5517,212,36.00
2026-07-13,11:29:11,23381,14816.67,127.7299,213,36.00
2026-07-13,11:29:21,23391,14963.33,128.9942,213,36.00
2026-07-13,11:29:30,23401,15076.67,129.9713,213,36.00
2026-07-13,11:29:40,23411,15180.00,130.8621,214,36.00
2026-07-13,11:29:50,23421,15273.33,131.6667,216,36.00
2026-07-13,11:30:00,23431,15373.33,132.5287,217,36.00
2026-07-13,11:30:10,23441,15470.00,133.3621,217,36.00
2026-07-13,11:30:20,23451,15570.00,134.2241,218,36.00
2026-07-13,11:30:30,23461,15676.67,135.1437,218,36.00
2026-07-13,11:30:40,23471,15823.33,136.4080,219,36.00
2026-07-13,11:30:50,23481,15926.67,137.2988,216,36.00
2026-07-13,11:31:00,23491,16043.33,138.3046,221,36.00
2026-07-13,11:31:10,23501,16166.67,139.3678,214,36.00
2026-07-13,11:31:20,23511,16313.33,140.6322,221,36.00
2026-07-13,11:31:30,23521,16453.33,141.8391,222,36.00
2026-07-13,11:31:40,23531,16580.00,142.9310,222,36.00
2026-07-13,11:31:50,23541,16720.00,144.1379,221,36.00
2026-07-13,11:32:00,23551,16853.33,145.2873,222,37.00
2026-07-13,11:32:10,23561,16996.67,146.5230,221,36.00
2026-07-13,11:32:20,23571,17176.67,148.0747,222,37.00
2026-07-13,11:32:30,23581,17346.67,149.5402,222,37.00
2026-07-13,11:32:40,23591,17550.00,151.2931,221,37.00
2026-07-13,11:32:50,23601,17763.33,153.1322,222,37.00
2026-07-13,11:33:00,23611,18000.00,155.1724,222,37.00
2026-07-13,11:33:10,23621,18263.33,157.4425,223,37.00
2026-07-13,11:33:20,23631,18553.33,159.9425,224,37.00
2026-07-13,11:33:30,23641,18856.67,162.5575,224,37.00
2026-07-13,11:33:40,23651,19176.67,165.3161,225,37.00
2026-07-13,11:33:50,23661,19506.67,168.1609,224,37.00
2026-07-13,11:34:00,23671,19853.33,171.1494,225,37.00
2026-07-13,11:34:10,23681,20213.33,174.2529,226,38.00
2026-07-13,11:34:20,23691,20563.33,177.2701,223,38.00
2026-07-13,11:34:30,23701,20933.33,180.4598,216,38.00
2026-07-13,11:34:40,23711,21290.00,183.5345,222,38.00
2026-07-13,11:34:50,23721,21720.00,187.2414,224,38.00
2026-07-13,11:35:00,23731,22120.00,190.6897,227,38.00
2026-07-13,11:35:10,23741,22540.00,194.3103,227,38.00
2026-07-13,11:35:20,23751,22966.67,197.9885,226,38.00
2026-07-13,11:35:30,23761,23383.33,201.5804,226,39.00
2026-07-13,11:35:40,23771,23806.67,205.2299,227,39.00
2026-07-13,11:35:50,23781,24253.33,209.0804,225,39.00
2026-07-13,11:36:00,23791,24750.00,213.3620,226,39.00
2026-07-13,11:36:10,23801,25350.00,218.5345,223,39.00
2026-07-13,11:36:20,23811,26186.67,225.7471,228,39.00
2026-07-13,11:36:30,23821,27713.33,238.9080,228,40.00
2026-07-13,11:36:40,23831,30060.00,259.1379,230,39.00
2026-07-13,11:36:50,23841,31010.00,267.3276,229,40.00
2026-07-13,11:37:00,23851,29903.33,257.7874,230,40.00
2026-07-13,11:37:10,23861,29780.00,256.7241,229,40.00
2026-07-13,11:37:20,23871,29836.67,257.2126,229,40.00
2026-07-13,11:37:30,23881,29926.67,257.9885,228,40.00
2026-07-13,11:37:40,23891,30130.00,259.7414,230,40.00
2026-07-13,11:37:50,23901,30113.33,259.5977,231,40.00
2026-07-13,11:38:00,23911,30403.33,262.0977,230,41.00
2026-07-13,11:38:10,23921,30643.33,264.1667,231,41.00
2026-07-13,11:38:20,23931,30696.67,264.6264,232,41.00
2026-07-13,11:38:30,23941,30806.67,265.5747,231,41.00
2026-07-13,11:38:40,23951,31030.00,267.5000,229,41.00
2026-07-13,11:38:50,23961,31220.00,269.1379,230,42.00
2026-07-13,11:39:00,23971,31576.67,272.2126,233,42.00
2026-07-13,11:39:10,23981,31980.00,275.6896,232,42.00
2026-07-13,11:39:20,23991,32606.67,281.0919,233,42.00
2026-07-13,11:39:30,24001,32776.66,282.5574,229,42.00
2026-07-13,11:39:40,24011,32596.67,281.0057,233,42.00
2026-07-13,11:39:50,24021,32363.33,278.9942,235,43.00
2026-07-13,11:40:00,24031,32300.00,278.4483,234,43.00
2026-07-13,11:40:10,24041,32410.00,279.3965,233,43.00
2026-07-13,11:40:20,24051,32616.67,281.1782,234,43.00
2026-07-13,11:40:30,24061,32920.00,283.7931,233,43.00
2026-07-13,11:40:40,24071,33270.00,286.8103,233,43.00
2026-07-13,11:40:50,24081,33603.33,289.6839,234,43.00
2026-07-13,11:40:59,24091,33900.00,292.2414,235,43.00
2026-07-13,11:41:09,24101,34196.66,294.7988,233,43.00
2026-07-13,11:41:19,24111,34516.66,297.5574,234,44.00
2026-07-13,11:41:29,24121,34873.33,300.6322,234,44.00
2026-07-13,11:41:39,24131,35260.00,303.9655,229,44.00
2026-07-13,11:41:49,24141,35650.00,307.3276,234,44.00
2026-07-13,11:41:59,24151,36036.66,310.6609,233,44.00
2026-07-13,11:42:09,24161,36416.66,313.9368,233,44.00
2026-07-13,11:42:19,24171,36820.00,317.4138,233,45.00
2026-07-13,11:42:29,24181,37280.00,321.3793,234,45.00
2026-07-13,11:42:39,24191,37763.33,325.5460,232,45.00
2026-07-13,11:42:49,24201,38406.66,331.0919,232,45.00
2026-07-13,11:42:59,24211,39310.00,338.8793,232,45.00
2026-07-13,11:43:09,24221,40396.66,348.2471,232,45.00
2026-07-13,11:43:19,24231,42256.66,364.2816,231,46.00
2026-07-13,11:43:29,24241,45566.66,392.8161,232,46.00
2026-07-13,11:43:39,24251,49936.66,430.4885,232,46.00
2026-07-13,11:43:49,24261,52206.66,450.0574,234,46.00
2026-07-13,11:43:59,24271,53893.33,464.5977,235,47.00
2026-07-13,11:44:09,24281,54612.50,470.7974,235,47.00
2026-07-13,11:44:19,24291,54612.50,470.7974,234,47.00
2026-07-13,11:44:29,24301,54612.50,470.7974,228,47.00
2026-07-13,11:44:39,24311,54612.50,470.7974,232,48.00
2026-07-13,11:44:49,24321,54612.50,470.7974,233,48.00
2026-07-13,11:44:59,24331,54612.50,470.7974,233,49.00
2026-07-13,11:45:09,24341,54612.50,470.7974,235,49.00
2026-07-13,11:45:19,24351,54612.50,470.7974,234,49.00
2026-07-13,11:45:29,24361,54612.50,470.7974,235,50.00
2026-07-13,11:45:39,24371,54612.50,470.7974,235,50.00
2026-07-13,11:45:49,24381,54612.50,470.7974,234,51.00
2026-07-13,11:45:59,24391,54612.50,470.7974,235,51.00
2026-07-13,11:46:09,24401,54612.50,470.7974,236,51.00
2026-07-13,11:46:19,24411,54612.50,470.7974,234,51.00
2026-07-13,11:46:29,24421,54370.00,468.7068,234,51.00
2026-07-13,11:46:39,24431,54612.50,470.7974,234,51.00
2026-07-13,11:46:49,24441,54612.50,470.7974,234,52.00
2026-07-13,11:46:59,24451,54612.50,470.7974,235,52.00
2026-07-13,11:47:09,24461,54612.50,470.7974,235,52.00
2026-07-13,11:47:19,24471,54612.50,470.7974,234,52.00
2026-07-13,11:47:29,24481,54612.50,470.7974,237,53.00
2026-07-13,11:47:39,24491,54612.50,470.7974,234,53.00
2026-07-13,11:47:49,24501,54612.50,470.7974,234,53.00
2026-07-13,11:47:59,24511,54612.50,470.7974,234,53.00
2026-07-13,11:48:09,24521,54612.50,470.7974,234,53.00
2026-07-13,11:48:19,24531,54612.50,470.7974,234,54.00
2026-07-13,11:48:29,24541,54030.00,465.7758,234,54.00
2026-07-13,11:48:39,24551,54343.33,468.4770,233,54.00
2026-07-13,11:48:49,24561,54193.33,467.1839,232,54.00
2026-07-13,11:48:59,24571,54003.33,465.5460,232,54.00
2026-07-13,11:49:09,24581,48500.00,418.1035,231,54.00
2026-07-13,11:49:19,24591,51216.66,441.5229,233,54.00
2026-07-13,11:49:29,24601,49306.66,425.0574,233,54.00
2026-07-13,11:49:39,24611,47033.33,405.4597,232,54.00
2026-07-13,11:49:49,24621,46010.00,396.6379,233,54.00
2026-07-13,11:49:59,24631,45400.00,391.3793,233,54.00
2026-07-13,11:50:09,24641,44390.00,382.6724,235,54.00
2026-07-13,11:50:19,24651,43953.33,378.9080,237,54.00
2026-07-13,11:50:29,24661,43953.33,378.9080,236,54.00
2026-07-13,11:50:39,24671,44390.00,382.6724,236,54.00
2026-07-13,11:50:49,24681,44300.00,381.8965,235,54.00
2026-07-13,11:50:59,24691,44306.66,381.9540,237,54.00
2026-07-13,11:51:09,24701,44600.00,384.4828,229,54.00
2026-07-13,11:51:19,24711,45046.66,388.3333,233,54.00
2026-07-13,11:51:29,24721,45446.66,391.7816,233,54.00
2026-07-13,11:51:39,24731,48096.66,414.6264,233,54.00
2026-07-13,11:51:49,24741,50303.33,433.6494,233,54.00
2026-07-13,11:51:59,24751,52803.33,455.2011,236,54.00
2026-07-13,11:52:09,24761,54612.50,470.7974,235,54.00
2026-07-13,11:52:19,24771,54612.50,470.7974,236,54.00
2026-07-13,11:52:29,24781,54612.50,470.7974,236,55.00
2026-07-13,11:52:39,24791,54612.50,470.7974,236,55.00
2026-07-13,11:52:49,24801,54612.50,470.7974,234,55.00
2026-07-13,11:52:59,24811,54612.50,470.7974,235,55.00
2026-07-13,11:53:08,24821,54612.50,470.7974,236,56.00
2026-07-13,11:53:18,24831,54612.50,470.7974,236,56.00
2026-07-13,11:53:28,24841,54612.50,470.7974,237,56.00
2026-07-13,11:53:38,24851,54612.50,470.7974,238,56.00
2026-07-13,11:53:48,24861,54612.50,470.7974,238,57.00
2026-07-13,11:53:58,24871,54612.50,470.7974,236,57.00
2026-07-13,11:54:08,24881,54612.50,470.7974,236,57.00
2026-07-13,11:54:18,24891,54612.50,470.7974,237,57.00
2026-07-13,11:54:28,24901,54612.50,470.7974,238,58.00
2026-07-13,11:54:38,24911,54612.50,470.7974,236,58.00
2026-07-13,11:54:48,24921,54612.50,470.7974,238,58.00
2026-07-13,11:54:58,24931,54612.50,470.7974,237,58.00
2026-07-13,11:55:08,24941,54612.50,470.7974,239,58.00
2026-07-13,11:55:18,24951,54612.50,470.7974,239,58.00
2026-07-13,11:55:28,24961,54612.50,470.7974,238,58.00
2026-07-13,11:55:38,24971,52330.00,451.1207,238,58.00
2026-07-13,11:55:48,24981,50220.00,432.9310,237,58.00
2026-07-13,11:55:58,24991,47773.33,411.8391,235,58.00
2026-07-13,11:56:08,25001,46146.66,397.8161,235,58.00
2026-07-13,11:56:18,25011,44730.00,385.6035,233,58.00
2026-07-13,11:56:28,25021,43326.66,373.5057,230,58.00
2026-07-13,11:56:38,25031,41773.33,360.1149,230,58.00
2026-07-13,11:56:48,25041,40616.66,350.1436,232,58.00
2026-07-13,11:56:58,25051,39753.33,342.7011,233,57.00
2026-07-13,11:57:08,25061,38950.00,335.7758,232,57.00
2026-07-13,11:57:18,25071,38286.66,330.0574,233,57.00
2026-07-13,11:57:28,25081,37866.66,326.4368,236,57.00
2026-07-13,11:57:38,25091,37416.66,322.5574,233,57.00
2026-07-13,11:57:48,25101,36966.66,318.6781,232,57.00
2026-07-13,11:57:58,25111,36573.33,315.2874,235,57.00
2026-07-13,11:58:08,25121,36423.33,313.9942,234,57.00
2026-07-13,11:58:18,25131,36213.33,312.1839,236,57.00
2026-07-13,11:58:28,25141,36066.66,310.9195,234,56.00
2026-07-13,11:58:38,25151,35956.66,309.9713,233,56.00
2026-07-13,11:58:48,25161,35776.66,308.4195,233,56.00
2026-07-13,11:58:58,25171,35726.66,307.9885,233,56.00
2026-07-13,11:59:08,25181,36000.00,310.3448,233,56.00
2026-07-13,11:59:18,25191,35646.66,307.2988,232,56.00
2026-07-13,11:59:28,25201,35410.00,305.2586,229,56.00
2026-07-13,11:59:38,25211,35500.00,306.0345,229,56.00
2026-07-13,11:59:48,25221,35640.00,307.2414,234,55.00
2026-07-13,11:59:58,25231,35940.00,309.8276,234,55.00
2026-07-13,12:00:08,25241,36210.00,312.1552,234,55.00
2026-07-13,12:00:18,25251,36433.33,314.0804,235,55.00
2026-07-13,12:00:28,25261,36743.33,316.7529,234,55.00
2026-07-13,12:00:38,25271,36816.66,317.3850,233,55.00
2026-07-13,12:00:48,25281,37263.33,321.2356,236,55.00
2026-07-13,12:00:58,25291,37783.33,325.7184,235,55.00
2026-07-13,12:01:08,25301,37703.33,325.0287,230,55.00
2026-07-13,12:01:18,25311,37766.66,325.5747,234,55.00
2026-07-13,12:01:28,25321,37883.33,326.5804,235,55.00
2026-07-13,12:01:38,25331,37880.00,326.5517,235,55.00
2026-07-13,12:01:48,25341,37973.33,327.3563,234,55.00
2026-07-13,12:01:58,25351,38120.00,328.6207,234,55.00
2026-07-13,12:02:08,25361,38496.66,331.8678,236,55.00
2026-07-13,12:02:18,25371,38680.00,333.4483,236,55.00
2026-07-13,12:02:28,25381,38710.00,333.7069,236,55.00
2026-07-13,12:02:38,25391,38410.00,331.1207,232,55.00
2026-07-13,12:02:48,25401,37616.66,324.2816,237,55.00
2026-07-13,12:02:58,25411,37313.33,321.6667,236,55.00
2026-07-13,12:03:08,25421,36896.66,318.0747,235,55.00
2026-07-13,12:03:18,25431,36616.66,315.6609,234,55.00
2026-07-13,12:03:28,25441,36260.00,312.5862,231,55.00
2026-07-13,12:03:38,25451,36076.66,311.0057,233,54.00
2026-07-13,12:03:48,25461,35786.66,308.5057,232,54.00
2026-07-13,12:03:58,25471,35460.00,305.6897,230,54.00
2026-07-13,12:04:08,25481,35113.33,302.7011,232,54.00
2026-07-13,12:04:18,25491,34783.33,299.8563,232,54.00
2026-07-13,12:04:28,25501,34513.33,297.5287,224,54.00
2026-07-13,12:04:37,25511,34340.00,296.0345,231,54.00
2026-07-13,12:04:47,25521,34256.66,295.3161,232,54.00
2026-07-13,12:04:57,25531,34133.33,294.2529,230,54.00
2026-07-13,12:05:07,25541,34050.00,293.5345,228,54.00
2026-07-13,12:05:17,25551,33990.00,293.0172,228,54.00
2026-07-13,12:05:27,25561,33920.00,292.4138,227,54.00
2026-07-13,12:05:37,25571,33846.66,291.7816,227,54.00
2026-07-13,12:05:47,25581,33756.66,291.0057,229,54.00
2026-07-13,12:05:57,25591,33683.33,290.3736,227,54.00
2026-07-13,12:06:07,25601,33626.66,289.8850,221,54.00
2026-07-13,12:06:17,25611,33573.33,289.4253,228,54.00
2026-07-13,12:06:27,25621,33486.66,288.6781,226,54.00
2026-07-13,12:06:37,25631,33320.00,287.2414,226,54.00
2026-07-13,12:06:47,25641,33133.33,285.6322,225,54.00
2026-07-13,12:06:57,25651,32916.66,283.7643,225,54.00
2026-07-13,12:07:07,25661,32710.00,281.9827,226,54.00
2026-07-13,12:07:17,25671,32493.33,280.1149,229,54.00
2026-07-13,12:07:27,25681,32246.67,277.9885,228,54.00
2026-07-13,12:07:37,25691,31986.67,275.7471,226,54.00
2026-07-13,12:07:47,25701,31723.33,273.4770,227,54.00
2026-07-13,12:07:57,25711,31453.33,271.1494,229,54.00
2026-07-13,12:08:07,25721,31200.00,268.9655,227,54.00
2026-07-13,12:08:17,25731,30926.67,266.6092,226,53.00
2026-07-13,12:08:27,25741,30660.00,264.3103,228,54.00
2026-07-13,12:08:37,25751,30406.67,262.1264,226,54.00
2026-07-13,12:08:47,25761,30156.67,259.9713,228,54.00
2026-07-13,12:08:57,25771,29923.33,257.9597,230,54.00
2026-07-13,12:09:07,25781,29676.67,255.8333,228,53.00
2026-07-13,12:09:17,25791,29420.00,253.6207,227,53.00
2026-07-13,12:09:27,25801,29170.00,251.4655,221,53.00
2026-07-13,12:09:37,25811,28913.33,249.2529,229,53.00
2026-07-13,12:09:47,25821,28660.00,247.0690,227,53.00
2026-07-13,12:09:57,25831,28403.33,244.8563,228,53.00
2026-07-13,12:10:07,25841,28163.33,242.7873,227,53.00
2026-07-13,12:10:17,25851,27896.67,240.4885,227,53.00
2026-07-13,12:10:27,25861,27596.67,237.9023,230,53.00
2026-07-13,12:10:37,25871,27306.67,235.4023,230,53.00
2026-07-13,12:10:47,25881,27033.33,233.0460,229,53.00
2026-07-13,12:10:57,25891,26790.00,230.9483,230,53.00
2026-07-13,12:11:07,25901,26596.67,229.2816,228,53.00
2026-07-13,12:11:17,25911,26433.33,227.8736,227,52.00
2026-07-13,12:11:27,25921,26306.67,226.7816,230,52.00
2026-07-13,12:11:37,25931,26216.67,226.0057,229,52.00
2026-07-13,12:11:47,25941,26163.33,225.5460,229,52.00
2026-07-13,12:11:57,25951,26153.33,225.4598,228,52.00
2026-07-13,12:12:07,25961,26186.67,225.7471,230,52.00
2026-07-13,12:12:17,25971,26253.33,226.3218,228,52.00
2026-07-13,12:12:27,25981,26336.67,227.0402,226,52.00
2026-07-13,12:12:37,25991,26453.33,228.0460,226,52.00
2026-07-13,12:12:47,26001,26626.67,229.5402,227,52.00
2026-07-13,12:12:57,26011,26823.33,231.2356,227,52.00
2026-07-13,12:13:07,26021,27053.33,233.2184,226,52.00
2026-07-13,12:13:17,26031,27313.33,235.4598,226,52.00
2026-07-13,12:13:27,26041,27583.33,237.7873,226,51.00
2026-07-13,12:13:37,26051,27883.33,240.3736,229,51.00
2026-07-13,12:13:47,26061,28190.00,243.0172,228,52.00
2026-07-13,12:13:57,26071,28496.67,245.6609,227,51.00
2026-07-13,12:14:07,26081,28813.33,248.3908,230,51.00
2026-07-13,12:14:17,26091,29150.00,251.2931,226,51.00
2026-07-13,12:14:27,26101,29493.33,254.2529,221,52.00
2026-07-13,12:14:37,26111,29860.00,257.4138,230,51.00
2026-07-13,12:14:47,26121,30236.67,260.6609,228,52.00
2026-07-13,12:14:57,26131,30606.67,263.8506,229,51.00
2026-07-13,12:15:07,26141,30713.33,264.7701,228,51.00
2026-07-13,12:15:17,26151,30783.33,265.3736,227,51.00
2026-07-13,12:15:27,26161,30866.67,266.0919,228,51.00
2026-07-13,12:15:37,26171,30960.00,266.8965,227,51.00
2026-07-13,12:15:47,26181,31076.67,267.9023,229,51.00
2026-07-13,12:15:57,26191,31190.00,268.8793,228,52.00
2026-07-13,12:16:07,26201,31250.00,269.3965,228,52.00
2026-07-13,12:16:17,26211,31313.33,269.9425,228,51.00
2026-07-13,12:16:27,26221,31346.67,270.2299,228,51.00
2026-07-13,12:16:36,26231,31380.00,270.5172,229,51.00
2026-07-13,12:16:46,26241,31403.33,270.7184,228,51.00
2026-07-13,12:16:56,26251,31410.00,270.7758,232,52.00
2026-07-13,12:17:06,26261,31380.00,270.5172,230,52.00
2026-07-13,12:17:16,26271,31353.33,270.2874,230,51.00
2026-07-13,12:17:26,26281,31306.67,269.8850,230,52.00
2026-07-13,12:17:36,26291,31270.00,269.5689,232,52.00
2026-07-13,12:17:46,26301,31273.33,269.5977,232,52.00
2026-07-13,12:17:56,26311,31310.00,269.9138,231,52.00
2026-07-13,12:18:06,26321,31383.33,270.5460,231,52.00
2026-07-13,12:18:16,26331,31486.67,271.4368,232,52.00
2026-07-13,12:18:26,26341,31630.00,272.6724,231,52.00
2026-07-13,12:18:36,26351,31800.00,274.1379,231,52.00
2026-07-13,12:18:46,26361,32006.67,275.9195,229,52.00
2026-07-13,12:18:56,26371,32256.67,278.0747,230,52.00
2026-07-13,12:19:06,26381,32443.33,279.6839,229,52.00
2026-07-13,12:19:16,26391,32556.67,280.6609,230,52.00
2026-07-13,12:19:26,26401,32626.67,281.2644,229,52.00
2026-07-13,12:19:36,26411,32680.00,281.7241,231,52.00
2026-07-13,12:19:46,26421,32683.33,281.7529,228,52.00
2026-07-13,12:19:56,26431,32633.33,281.3218,229,52.00
2026-07-13,12:20:06,26441,32493.33,280.1149,231,52.00
2026-07-13,12:20:16,26451,32303.33,278.4770,231,52.00
2026-07-13,12:20:26,26461,32086.67,276.6092,229,52.00
2026-07-13,12:20:36,26471,31826.67,274.3678,230,52.00
2026-07-13,12:20:46,26481,31550.00,271.9827,231,52.00
2026-07-13,12:20:56,26491,31256.67,269.4540,227,52.00
2026-07-13,12:21:06,26501,30953.33,266.8391,225,52.00
2026-07-13,12:21:16,26511,30643.33,264.1667,229,52.00
2026-07-13,12:21:26,26521,30340.00,261.5517,228,52.00
2026-07-13,12:21:36,26531,30043.33,258.9942,228,52.00
2026-07-13,12:21:46,26541,29723.33,256.2356,228,52.00
2026-07-13,12:21:56,26551,29363.33,253.1322,229,52.00
2026-07-13,12:22:06,26561,28986.67,249.8851,228,52.00
2026-07-13,12:22:16,26571,28576.67,246.3506,228,52.00
2026-07-13,12:22:26,26581,28150.00,242.6724,231,52.00
2026-07-13,12:22:36,26591,27733.33,239.0804,229,52.00
2026-07-13,12:22:46,26601,27353.33,235.8046,226,52.00
2026-07-13,12:22:56,26611,27020.00,232.9310,225,52.00
2026-07-13,12:23:06,26621,26753.33,230.6322,225,52.00
2026-07-13,12:23:16,26631,26560.00,228.9655,226,52.00
2026-07-13,12:23:26,26641,26430.00,227.8448,225,52.00
2026-07-13,12:23:36,26651,26350.00,227.1552,226,52.00
2026-07-13,12:23:46,26661,26333.33,227.0115,227,52.00
2026-07-13,12:23:56,26671,26350.00,227.1552,226,52.00
2026-07-13,12:24:06,26681,26380.00,227.4138,226,51.00
2026-07-13,12:24:16,26691,26410.00,227.6724,225,51.00
2026-07-13,12:24:26,26701,26453.33,228.0460,221,51.00
2026-07-13,12:24:36,26711,26510.00,228.5345,226,51.00
2026-07-13,12:24:46,26721,26566.67,229.0230,227,51.00
2026-07-13,12:24:56,26731,26636.67,229.6264,226,51.00
2026-07-13,12:25:06,26741,26686.67,230.0575,223,51.00
2026-07-13,12:25:16,26751,26706.67,230.2299,223,51.00
2026-07-13,12:25:26,26761,26706.67,230.2299,223,51.00
2026-07-13,12:25:36,26771,26683.33,230.0287,224,51.00
2026-07-13,12:25:46,26781,26663.33,229.8563,224,51.00
2026-07-13,12:25:56,26791,26650.00,229.7414,226,51.00
2026-07-13,12:26:06,26801,26660.00,229.8276,226,51.00
2026-07-13,12:26:16,26811,26696.67,230.1437,227,51.00
2026-07-13,12:26:26,26821,26753.33,230.6322,229,51.00
2026-07-13,12:26:36,26831,26823.33,231.2356,226,51.00
2026-07-13,12:26:46,26841,26863.33,231.5804,226,51.00
2026-07-13,12:26:56,26851,26880.00,231.7241,226,51.00
2026-07-13,12:27:06,26861,26880.00,231.7241,226,51.00
2026-07-13,12:27:16,26871,26863.33,231.5804,227,51.00
2026-07-13,12:27:26,26881,26826.67,231.2644,227,51.00
2026-07-13,12:27:36,26891,26776.67,230.8333,229,51.00
2026-07-13,12:27:46,26901,26720.00,230.3448,227,51.00
2026-07-13,12:27:55,26911,26640.00,229.6552,228,51.00
2026-07-13,12:28:05,26921,26546.67,228.8506,226,51.00
2026-07-13,12:28:15,26931,26426.67,227.8161,225,51.00
2026-07-13,12:28:25,26941,26296.67,226.6954,225,51.00
2026-07-13,12:28:35,26951,26173.33,225.6322,226,51.00
2026-07-13,12:28:45,26961,26060.00,224.6552,226,51.00
2026-07-13,12:28:55,26971,25926.67,223.5057,228,51.00
2026-07-13,12:29:05,26981,25706.67,221.6092,229,51.00
2026-07-13,12:29:15,26991,25433.33,219.2529,230,50.00
2026-07-13,12:29:25,27001,25116.67,216.5230,221,50.00
2026-07-13,12:29:35,27011,24776.67,213.5919,228,50.00
2026-07-13,12:29:45,27021,24460.00,210.8621,227,50.00
2026-07-13,12:29:55,27031,24160.00,208.2759,224,50.00
2026-07-13,12:30:05,27041,23880.00,205.8621,226,50.00
2026-07-13,12:30:15,27051,23623.33,203.6494,226,50.00
2026-07-13,12:30:25,27061,23383.33,201.5804,228,50.00
2026-07-13,12:30:35,27071,23150.00,199.5690,228,50.00
2026-07-13,12:30:45,27081,22913.33,197.5287,228,50.00
2026-07-13,12:30:55,27091,22706.67,195.7471,228,50.00
2026-07-13,12:31:05,27101,22493.33,193.9080,229,50.00
2026-07-13,12:31:15,27111,22303.33,192.2701,227,50.00
2026-07-13,12:31:25,27121,22120.00,190.6897,226,49.00
2026-07-13,12:31:35,27131,21946.67,189.1954,226,49.00
2026-07-13,12:31:45,27141,21790.00,187.8448,228,49.00
2026-07-13,12:31:55,27151,21636.67,186.5230,227,49.00
2026-07-13,12:32:05,27161,21510.00,185.4310,225,49.00
2026-07-13,12:32:15,27171,21400.00,184.4828,226,49.00
2026-07-13,12:32:25,27181,21293.33,183.5632,222,49.00
2026-07-13,12:32:35,27191,21200.00,182.7586,219,49.00
2026-07-13,12:32:45,27201,21123.33,182.0977,218,49.00
2026-07-13,12:32:55,27211,21050.00,181.4655,220,49.00
2026-07-13,12:33:05,27221,20973.33,180.8046,224,49.00
2026-07-13,12:33:15,27231,20900.00,180.1724,222,49.00
2026-07-13,12:33:25,27241,20843.33,179.6839,221,49.00
2026-07-13,12:33:35,27251,20780.00,179.1379,220,49.00
2026-07-13,12:33:45,27261,20740.00,178.7931,223,48.00
2026-07-13,12:33:55,27271,20693.33,178.3908,221,48.00
2026-07-13,12:34:05,27281,20653.33,178.0460,223,48.00
2026-07-13,12:34:15,27291,20623.33,177.7873,223,48.00
2026-07-13,12:34:25,27301,20593.33,177.5287,224,48.00
2026-07-13,12:34:35,27311,20560.00,177.2414,226,48.00
2026-07-13,12:34:45,27321,20533.33,177.0115,225,48.00
2026-07-13,12:34:55,27331,20513.33,176.8391,226,48.00
2026-07-13,12:35:05,27341,20480.00,176.5517,226,48.00
2026-07-13,12:35:15,27351,20476.67,176.5230,226,48.00
2026-07-13,12:35:25,27361,20456.67,176.3506,224,48.00
2026-07-13,12:35:35,27371,20463.33,176.4080,225,48.00
2026-07-13,12:35:45,27381,20463.33,176.4080,223,48.00
2026-07-13,12:35:55,27391,20473.33,176.4942,223,48.00
2026-07-13,12:36:05,27401,20466.67,176.4368,222,48.00
2026-07-13,12:36:15,27411,20470.00,176.4655,223,47.00
2026-07-13,12:36:25,27421,20476.67,176.5230,222,47.00
2026-07-13,12:36:35,27431,20500.00,176.7241,222,47.00
2026-07-13,12:36:45,27441,20526.67,176.9540,219,47.00
2026-07-13,12:36:55,27451,20553.33,177.1839,220,47.00
2026-07-13,12:37:05,27461,20583.33,177.4425,218,47.00
2026-07-13,12:37:15,27471,20613.33,177.7011,218,47.00
2026-07-13,12:37:25,27481,20646.67,177.9885,219,47.00
2026-07-13,12:37:35,27491,20666.67,178.1609,219,47.00
2026-07-13,12:37:45,27501,20666.67,178.1609,220,47.00
2026-07-13,12:37:55,27511,20660.00,178.1035,223,47.00
2026-07-13,12:38:05,27521,20646.67,177.9885,221,47.00
2026-07-13,12:38:15,27531,20643.33,177.9598,220,47.00
2026-07-13,12:38:25,27541,20636.67,177.9023,221,47.00
2026-07-13,12:38:35,27551,20640.00,177.9310,224,47.00
2026-07-13,12:38:45,27561,20626.67,177.8161,224,47.00
2026-07-13,12:38:55,27571,20596.67,177.5575,223,47.00
2026-07-13,12:39:05,27581,20580.00,177.4138,220,47.00
2026-07-13,12:39:15,27591,20556.67,177.2126,220,47.00
2026-07-13,12:39:24,27601,20540.00,177.0690,221,47.00
2026-07-13,12:39:34,27611,20536.67,177.0402,222,47.00
2026-07-13,12:39:44,27621,20543.33,177.0977,220,47.00
2026-07-13,12:39:54,27631,20546.67,177.1264,221,47.00
2026-07-13,12:40:04,27641,20546.67,177.1264,223,47.00
2026-07-13,12:40:14,27651,20530.00,176.9828,225,47.00
2026-07-13,12:40:24,27661,20516.67,176.8678,222,47.00
2026-07-13,12:40:34,27671,20473.33,176.4942,223,47.00
2026-07-13,12:40:44,27681,20450.00,176.2931,223,47.00
2026-07-13,12:40:54,27691,20420.00,176.0345,222,47.00
2026-07-13,12:41:04,27701,20373.33,175.6322,219,47.00
2026-07-13,12:41:14,27711,20333.33,175.2873,224,47.00
2026-07-13,12:41:24,27721,20300.00,175.0000,225,47.00
2026-07-13,12:41:34,27731,20256.67,174.6264,224,47.00
2026-07-13,12:41:44,27741,20220.00,174.3103,222,47.00
2026-07-13,12:41:54,27751,20186.67,174.0230,220,47.00
2026-07-13,12:42:04,27761,20150.00,173.7069,220,47.00
2026-07-13,12:42:14,27771,20106.67,173.3333,223,47.00
2026-07-13,12:42:24,27781,20040.00,172.7586,222,47.00
2026-07-13,12:42:34,27791,19980.00,172.2414,222,47.00
2026-07-13,12:42:44,27801,19906.67,171.6092,221,47.00
2026-07-13,12:42:54,27811,19843.33,171.0632,222,47.00
2026-07-13,12:43:04,27821,19766.67,170.4023,222,47.00
2026-07-13,12:43:14,27831,19686.67,169.7126,224,47.00
2026-07-13,12:43:24,27841,19586.67,168.8506,222,47.00
2026-07-13,12:43:34,27851,19486.67,167.9885,221,47.00
2026-07-13,12:43:44,27861,19386.67,167.1264,220,46.00
2026-07-13,12:43:54,27871,19293.33,166.3218,218,47.00
2026-07-13,12:44:04,27881,19190.00,165.4310,220,46.00
2026-07-13,12:44:14,27891,19096.67,164.6264,218,46.00
2026-07-13,12:44:24,27901,19000.00,163.7931,216,46.00
2026-07-13,12:44:34,27911,18896.67,162.9023,220,46.00
2026-07-13,12:44:44,27921,18773.33,161.8391,218,47.00
2026-07-13,12:44:54,27931,18676.67,161.0057,220,46.00
2026-07-13,12:45:04,27941,18576.67,160.1437,221,46.00
2026-07-13,12:45:14,27951,18476.67,159.2816,221,46.00
2026-07-13,12:45:24,27961,18390.00,158.5345,221,46.00
2026-07-13,12:45:34,27971,18310.00,157.8448,222,46.00
2026-07-13,12:45:44,27981,18243.33,157.2701,223,46.00
2026-07-13,12:45:54,27991,18190.00,156.8103,220,46.00
2026-07-13,12:46:04,28001,18146.67,156.4368,218,46.00
2026-07-13,12:46:14,28011,18110.00,156.1207,217,46.00
2026-07-13,12:46:24,28021,18096.67,156.0057,212,46.00
2026-07-13,12:46:34,28031,18076.67,155.8333,215,46.00
2026-07-13,12:46:44,28041,18053.33,155.6322,217,46.00
2026-07-13,12:46:54,28051,18046.67,155.5747,219,46.00
2026-07-13,12:47:04,28061,18046.67,155.5747,220,46.00
2026-07-13,12:47:14,28071,18053.33,155.6322,221,46.00
2026-07-13,12:47:24,28081,18073.33,155.8046,222,46.00
2026-07-13,12:47:34,28091,18140.00,156.3793,223,46.00
2026-07-13,12:47:44,28101,18216.67,157.0402,218,46.00
2026-07-13,12:47:54,28111,18303.33,157.7873,222,46.00
2026-07-13,12:48:04,28121,18403.33,158.6494,221,46.00
2026-07-13,12:48:14,28131,18506.67,159.5402,223,46.00
2026-07-13,12:48:24,28141,18603.33,160.3736,221,46.00
2026-07-13,12:48:34,28151,18713.33,161.3218,220,46.00
2026-07-13,12:48:44,28161,18836.67,162.3851,220,46.00
2026-07-13,12:48:54,28171,18960.00,163.4483,220,46.00
2026-07-13,12:49:04,28181,19090.00,164.5690,220,46.00
2026-07-13,12:49:14,28191,19203.33,165.5460,220,46.00
2026-07-13,12:49:24,28201,19310.00,166.4655,220,46.00
2026-07-13,12:49:34,28211,19386.67,167.1264,220,46.00
2026-07-13,12:49:44,28221,19443.33,167.6149,218,46.00
2026-07-13,12:49:54,28231,19473.33,167.8736,220,46.00
2026-07-13,12:50:04,28241,19493.33,168.0460,217,46.00
2026-07-13,12:50:14,28251,19493.33,168.0460,220,46.00
2026-07-13,12:50:24,28261,19463.33,167.7873,222,46.00
2026-07-13,12:50:34,28271,19420.00,167.4138,221,46.00
2026-07-13,12:50:43,28281,19350.00,166.8103,220,46.00
2026-07-13,12:50:53,28291,19253.33,165.9770,218,45.00
2026-07-13,12:51:03,28301,19140.00,165.0000,219,46.00
2026-07-13,12:51:13,28311,19016.67,163.9368,218,46.00
2026-07-13,12:51:23,28321,18893.33,162.8736,218,46.00
2026-07-13,12:51:33,28331,18766.67,161.7816,219,45.00
2026-07-13,12:51:43,28341,18670.00,160.9483,219,45.00
2026-07-13,12:51:53,28351,18566.67,160.0575,220,45.00
2026-07-13,12:52:03,28361,18470.00,159.2241,220,45.00
2026-07-13,12:52:13,28371,18383.33,158.4770,219,45.00
2026-07-13,12:52:23,28381,18283.33,157.6149,220,45.00
2026-07-13,12:52:33,28391,18183.33,156.7529,223,45.00
2026-07-13,12:52:43,28401,18073.33,155.8046,219,45.00
2026-07-13,12:52:53,28411,17963.33,154.8563,221,45.00
2026-07-13,12:53:03,28421,17833.33,153.7356,222,45.00
2026-07-13,12:53:13,28431,17706.67,152.6437,222,45.00
2026-07-13,12:53:23,28441,17586.67,151.6092,223,45.00
2026-07-13,12:53:33,28451,17450.00,150.4310,221,45.00
2026-07-13,12:53:43,28461,17300.00,149.1379,222,45.00
2026-07-13,12:53:53,28471,17156.67,147.9023,222,45.00
2026-07-13,12:54:03,28481,17010.00,146.6379,221,45.00
2026-07-13,12:54:13,28491,16883.33,145.5460,219,45.00
2026-07-13,12:54:23,28501,16740.00,144.3103,215,45.00
2026-07-13,12:54:33,28511,16593.33,143.0460,216,45.00
2026-07-13,12:54:43,28521,16453.33,141.8391,219,45.00
2026-07-13,12:54:53,28531,16340.00,140.8621,217,45.00
2026-07-13,12:55:03,28541,16240.00,140.0000,215,45.00
2026-07-13,12:55:13,28551,16146.67,139.1954,213,45.00
2026-07-13,12:55:23,28561,16076.67,138.5919,212,45.00
2026-07-13,12:55:33,28571,16020.00,138.1034,214,45.00
2026-07-13,12:55:43,28581,15983.33,137.7874,212,44.00
2026-07-13,12:55:53,28591,15963.33,137.6149,213,44.00
2026-07-13,12:56:03,28601,15943.33,137.4425,208,44.00
2026-07-13,12:56:13,28611,15933.33,137.3563,208,44.00
2026-07-13,12:56:23,28621,15933.33,137.3563,207,44.00
2026-07-13,12:56:33,28631,15943.33,137.4425,209,44.00
2026-07-13,12:56:43,28641,15966.67,137.6437,207,44.00
2026-07-13,12:56:53,28651,15986.67,137.8161,209,44.00
2026-07-13,12:57:03,28661,16050.00,138.3621,207,44.00
2026-07-13,12:57:13,28671,16110.00,138.8793,208,44.00
2026-07-13,12:57:23,28681,16163.33,139.3391,210,44.00
2026-07-13,12:57:33,28691,16213.33,139.7701,210,44.00
2026-07-13,12:57:43,28701,16280.00,140.3448,207,44.00
2026-07-13,12:57:53,28711,16333.33,140.8046,210,44.00
2026-07-13,12:58:03,28721,16393.33,141.3218,210,44.00
2026-07-13,12:58:13,28731,16456.67,141.8678,207,44.00
2026-07-13,12:58:23,28741,16516.67,142.3851,208,44.00
2026-07-13,12:58:33,28751,16590.00,143.0172,211,44.00
2026-07-13,12:58:43,28761,16673.33,143.7356,211,44.00
2026-07-13,12:58:53,28771,16736.67,144.2816,206,44.00
2026-07-13,12:59:03,28781,16790.00,144.7414,210,44.00
2026-07-13,12:59:13,28791,16846.67,145.2299,208,44.00
2026-07-13,12:59:23,28801,16900.00,145.6897,199,44.00
2026-07-13,12:59:33,28811,16940.00,146.0345,209,44.00
2026-07-13,12:59:43,28821,16970.00,146.2931,209,44.00
2026-07-13,12:59:53,28831,16973.33,146.3218,209,44.00
2026-07-13,13:00:03,28841,16950.00,146.1207,208,44.00
2026-07-13,13:00:13,28851,16920.00,145.8621,208,44.00
2026-07-13,13:00:23,28861,16870.00,145.4310,208,44.00
2026-07-13,13:00:33,28871,16813.33,144.9425,208,44.00
2026-07-13,13:00:43,28881,16726.67,144.1954,205,43.00
2026-07-13,13:00:53,28891,16620.00,143.2759,211,43.00
2026-07-13,13:01:03,28901,16513.33,142.3563,210,43.00
2026-07-13,13:01:13,28911,16416.67,141.5230,207,43.00
2026-07-13,13:01:23,28921,16306.67,140.5747,208,43.00
2026-07-13,13:01:32,28931,16200.00,139.6552,207,43.00
2026-07-13,13:01:42,28941,16090.00,138.7069,206,43.00
2026-07-13,13:01:52,28952,15986.67,137.8161,207,43.00
2026-07-13,13:02:02,28962,15883.33,136.9253,206,43.00
2026-07-13,13:02:12,28972,15766.67,135.9195,211,43.00
2026-07-13,13:02:22,28982,15676.67,135.1437,210,43.00
2026-07-13,13:02:32,28992,15596.67,134.4540,208,43.00
2026-07-13,13:02:42,29002,15520.00,133.7931,203,43.00
2026-07-13,13:02:52,29012,15446.67,133.1609,209,43.00
2026-07-13,13:03:02,29022,15386.67,132.6437,208,43.00
2026-07-13,13:03:12,29032,15330.00,132.1552,209,43.00
2026-07-13,13:03:22,29042,15296.67,131.8678,210,43.00
2026-07-13,13:03:32,29052,15276.67,131.6954,209,43.00
2026-07-13,13:03:42,29062,15260.00,131.5517,208,43.00
2026-07-13,13:03:52,29072,15266.67,131.6092,207,43.00
2026-07-13,13:04:02,29082,15273.33,131.6667,208,43.00
2026-07-13,13:04:12,29092,15283.33,131.7529,209,43.00
2026-07-13,13:04:22,29102,15300.00,131.8965,205,43.00
2026-07-13,13:04:32,29112,15316.67,132.0402,208,43.00
2026-07-13,13:04:42,29122,15343.33,132.2701,207,43.00
2026-07-13,13:04:52,29132,15396.67,132.7299,206,43.00
2026-07-13,13:05:02,29142,15436.67,133.0747,206,43.00
2026-07-13,13:05:12,29152,15470.00,133.3621,206,43.00
2026-07-13,13:05:22,29162,15506.67,133.6782,206,43.00
2026-07-13,13:05:32,29172,15536.67,133.9368,205,43.00
2026-07-13,13:05:42,29182,15560.00,134.1379,204,43.00
2026-07-13,13:05:52,29192,15586.67,134.3678,204,43.00
2026-07-13,13:06:02,29202,15613.33,134.5977,201,43.00
2026-07-13,13:06:12,29212,15643.33,134.8563,202,43.00
2026-07-13,13:06:22,29222,15670.00,135.0862,204,43.00
2026-07-13,13:06:32,29232,15690.00,135.2586,204,43.00
2026-07-13,13:06:42,29242,15710.00,135.4310,203,43.00
2026-07-13,13:06:52,29252,15743.33,135.7184,204,43.00
2026-07-13,13:07:02,29262,15770.00,135.9483,204,43.00
2026-07-13,13:07:12,29272,15786.67,136.0919,204,43.00
2026-07-13,13:07:22,29282,15806.67,136.2644,202,43.00
2026-07-13,13:07:32,29292,15810.00,136.2931,202,43.00
2026-07-13,13:07:42,29302,15803.33,136.2356,196,43.00
2026-07-13,13:07:52,29312,15786.67,136.0919,202,43.00
2026-07-13,13:08:02,29322,15770.00,135.9483,203,43.00
2026-07-13,13:08:12,29332,15750.00,135.7758,206,43.00
2026-07-13,13:08:22,29342,15730.00,135.6034,205,43.00
2026-07-13,13:08:32,29352,15720.00,135.5172,204,43.00
2026-07-13,13:08:42,29362,15716.67,135.4885,206,43.00
2026-07-13,13:08:52,29372,15706.67,135.4023,205,43.00
2026-07-13,13:09:02,29382,15696.67,135.3161,207,43.00
2026-07-13,13:09:12,29392,15690.00,135.2586,205,43.00
2026-07-13,13:09:22,29402,15666.67,135.0575,206,43.00
2026-07-13,13:09:32,29412,15656.67,134.9713,207,43.00
2026-07-13,13:09:42,29422,15650.00,134.9138,208,43.00
2026-07-13,13:09:52,29432,15646.67,134.8851,210,43.00
2026-07-13,13:10:02,29442,15650.00,134.9138,210,43.00
2026-07-13,13:10:12,29452,15666.67,135.0575,209,43.00
2026-07-13,13:10:22,29462,15686.67,135.2299,213,43.00
2026-07-13,13:10:32,29472,15706.67,135.4023,211,43.00
2026-07-13,13:10:42,29482,15720.00,135.5172,212,43.00
2026-07-13,13:10:52,29492,15726.67,135.5747,210,43.00
2026-07-13,13:11:02,29502,15743.33,135.7184,209,43.00
2026-07-13,13:11:12,29512,15753.33,135.8046,210,43.00
2026-07-13,13:11:22,29522,15773.33,135.9770,210,43.00
2026-07-13,13:11:32,29532,15786.67,136.0919,211,43.00
2026-07-13,13:11:42,29542,15830.00,136.4655,210,43.00
2026-07-13,13:11:52,29552,15866.67,136.7816,210,43.00
2026-07-13,13:12:02,29562,15910.00,137.1552,209,43.00
2026-07-13,13:12:12,29572,15960.00,137.5862,209,43.00
2026-07-13,13:12:22,29582,16040.00,138.2758,210,43.00
2026-07-13,13:12:32,29592,16146.67,139.1954,213,43.00
2026-07-13,13:12:42,29602,16286.67,140.4023,209,43.00
2026-07-13,13:12:52,29612,16426.67,141.6092,212,43.00
2026-07-13,13:13:02,29622,16576.67,142.9023,210,43.00
2026-07-13,13:13:11,29632,16746.67,144.3678,208,43.00
2026-07-13,13:13:21,29642,16930.00,145.9483,206,43.00
2026-07-13,13:13:31,29652,17113.33,147.5287,208,43.00
2026-07-13,13:13:41,29662,17296.67,149.1092,210,43.00
2026-07-13,13:13:51,29672,17476.67,150.6609,210,43.00
2026-07-13,13:14:01,29682,17656.67,152.2126,214,43.00
2026-07-13,13:14:11,29692,17826.67,153.6782,212,43.00
2026-07-13,13:14:21,29702,18030.00,155.4310,216,43.00
2026-07-13,13:14:31,29712,18230.00,157.1552,217,43.00
2026-07-13,13:14:41,29722,18446.67,159.0230,219,43.00
2026-07-13,13:14:51,29732,18680.00,161.0345,218,43.00
2026-07-13,13:15:01,29742,18926.67,163.1609,222,43.00
2026-07-13,13:15:11,29752,19196.67,165.4885,223,43.00
2026-07-13,13:15:21,29762,19496.67,168.0747,224,43.00
2026-07-13,13:15:31,29772,19810.00,170.7759,224,43.00
2026-07-13,13:15:41,29782,20136.67,173.5919,224,43.00
2026-07-13,13:15:51,29792,20483.33,176.5804,223,43.00
2026-07-13,13:16:01,29802,20863.33,179.8563,224,43.00
2026-07-13,13:16:11,29812,21266.67,183.3333,224,43.00
2026-07-13,13:16:21,29822,21693.33,187.0115,226,43.00
2026-07-13,13:16:31,29832,22153.33,190.9770,228,43.00
2026-07-13,13:16:41,29842,22613.33,194.9425,228,44.00
2026-07-13,13:16:51,29852,23113.33,199.2529,230,44.00
2026-07-13,13:17:01,29862,23610.00,203.5345,231,44.00
2026-07-13,13:17:11,29872,24150.00,208.1897,230,44.00
2026-07-13,13:17:21,29882,24710.00,213.0172,229,44.00
2026-07-13,13:17:31,29892,25326.67,218.3333,232,44.00
2026-07-13,13:17:41,29902,25986.67,224.0230,231,44.00
2026-07-13,13:17:51,29912,26713.33,230.2873,233,45.00
2026-07-13,13:18:01,29922,27530.00,237.3276,234,45.00
2026-07-13,13:18:11,29932,28460.00,245.3448,230,45.00
2026-07-13,13:18:21,29942,29556.67,254.7988,232,45.00
2026-07-13,13:18:31,29952,30856.67,266.0057,230,45.00
2026-07-13,13:18:41,29962,32523.33,280.3736,230,45.00
2026-07-13,13:18:51,29972,35080.00,302.4138,226,46.00
2026-07-13,13:19:01,29982,39690.00,342.1552,226,46.00
2026-07-13,13:19:11,29992,43050.00,371.1207,226,46.00
2026-07-13,13:19:21,30002,46883.33,404.1667,227,46.00
2026-07-13,13:19:31,30012,47736.66,411.5230,227,47.00
2026-07-13,13:19:41,30022,54612.50,470.7974,227,47.00
2026-07-13,13:19:51,30032,54612.50,470.7974,232,47.00
2026-07-13,13:20:01,30042,53530.00,461.4655,230,48.00
2026-07-13,13:20:11,30052,52833.33,455.4597,231,48.00
2026-07-13,13:20:21,30062,46600.00,401.7242,230,49.00
2026-07-13,13:20:31,30072,45940.00,396.0345,230,49.00
2026-07-13,13:20:41,30082,45613.33,393.2184,229,49.00
2026-07-13,13:20:51,30092,46166.66,397.9885,228,50.00
2026-07-13,13:21:01,30102,49013.33,422.5287,223,50.00
2026-07-13,13:21:11,30112,51003.33,439.6839,230,50.00
2026-07-13,13:21:21,30122,54612.50,470.7974,232,51.00
2026-07-13,13:21:31,30132,54612.50,470.7974,233,51.00
2026-07-13,13:21:41,30142,54612.50,470.7974,235,51.00
2026-07-13,13:21:51,30152,54612.50,470.7974,234,51.00
2026-07-13,13:22:01,30162,54612.50,470.7974,236,52.00
2026-07-13,13:22:11,30172,54612.50,470.7974,235,52.00
2026-07-13,13:22:21,30182,54612.50,470.7974,235,53.00
2026-07-13,13:22:31,30192,54612.50,470.7974,236,53.00
2026-07-13,13:22:41,30202,54612.50,470.7974,234,53.00
2026-07-13,13:22:51,30212,54612.50,470.7974,237,54.00
2026-07-13,13:23:01,30222,54612.50,470.7974,233,54.00
2026-07-13,13:23:11,30232,54612.50,470.7974,235,54.00
2026-07-13,13:23:21,30242,54612.50,470.7974,233,55.00
2026-07-13,13:23:31,30252,54612.50,470.7974,230,55.00
2026-07-13,13:23:41,30262,54612.50,470.7974,234,55.00
2026-07-13,13:23:51,30272,54612.50,470.7974,234,56.00
2026-07-13,13:24:01,30282,54612.50,470.7974,238,56.00
2026-07-13,13:24:11,30292,54612.50,470.7974,237,57.00
2026-07-13,13:24:21,30302,54612.50,470.7974,242,57.00
2026-07-13,13:24:31,30312,54612.50,470.7974,238,58.00
2026-07-13,13:24:41,30322,54612.50,470.7974,239,58.00
2026-07-13,13:24:51,30332,54612.50,470.7974,239,59.00
2026-07-13,13:25:01,30342,54612.50,470.7974,240,59.00
2026-07-13,13:25:11,30352,54612.50,470.7974,240,60.00
2026-07-13,13:25:21,30362,54612.50,470.7974,240,61.00
2026-07-13,13:25:31,30372,54612.50,470.7974,239,61.00
2026-07-13,13:25:40,30382,54612.50,470.7974,238,62.00
2026-07-13,13:25:50,30392,54612.50,470.7974,237,62.00
2026-07-13,13:26:00,30402,54612.50,470.7974,236,62.00
2026-07-13,13:26:10,30412,54612.50,470.7974,234,62.00
2026-07-13,13:26:20,30422,54612.50,470.7974,234,62.00
2026-07-13,13:26:30,30432,54612.50,470.7974,231,63.00
2026-07-13,13:26:40,30442,54612.50,470.7974,233,63.00
2026-07-13,13:26:50,30452,54612.50,470.7974,234,63.00
2026-07-13,13:27:00,30462,54612.50,470.7974,233,63.00
2026-07-13,13:27:10,30472,54612.50,470.7974,234,63.00
2026-07-13,13:27:20,30482,54612.50,470.7974,233,63.00
2026-07-13,13:27:30,30492,54612.50,470.7974,233,63.00
2026-07-13,13:27:40,30502,54612.50,470.7974,231,63.00
2026-07-13,13:27:50,30512,54612.50,470.7974,233,63.00
2026-07-13,13:28:00,30522,54612.50,470.7974,234,63.00
2026-07-13,13:28:10,30532,54612.50,470.7974,234,63.00
2026-07-13,13:28:20,30542,54612.50,470.7974,234,64.00
2026-07-13,13:28:30,30552,54612.50,470.7974,234,64.00
2026-07-13,13:28:40,30562,54612.50,470.7974,234,64.00
2026-07-13,13:28:50,30572,52703.33,454.3391,233,64.00
2026-07-13,13:29:00,30582,51476.66,443.7643,233,64.00
2026-07-13,13:29:10,30592,50340.00,433.9655,232,64.00
2026-07-13,13:29:20,30602,48763.33,420.3736,231,64.00
2026-07-13,13:29:30,30612,48030.00,414.0517,234,64.00
2026-07-13,13:29:40,30622,48376.66,417.0402,231,64.00
2026-07-13,13:29:50,30632,49736.66,428.7643,232,64.00
2026-07-13,13:30:00,30642,53280.00,459.3103,233,64.00
2026-07-13,13:30:10,30652,54612.50,470.7974,235,64.00
2026-07-13,13:30:20,30662,54612.50,470.7974,236,64.00
2026-07-13,13:30:30,30672,54612.50,470.7974,238,64.00
2026-07-13,13:30:40,30682,54612.50,470.7974,238,64.00
2026-07-13,13:30:50,30692,54612.50,470.7974,239,64.00
2026-07-13,13:31:00,30702,54612.50,470.7974,234,64.00
2026-07-13,13:31:10,30712,54612.50,470.7974,239,64.00
2026-07-13,13:31:20,30722,54612.50,470.7974,238,65.00
2026-07-13,13:31:30,30732,54612.50,470.7974,238,65.00
2026-07-13,13:31:40,30742,54612.50,470.7974,238,65.00
2026-07-13,13:31:50,30752,54612.50,470.7974,239,65.00
2026-07-13,13:32:00,30762,54612.50,470.7974,238,65.00
2026-07-13,13:32:10,30772,54612.50,470.7974,238,66.00
2026-07-13,13:32:20,30782,54612.50,470.7974,238,66.00
2026-07-13,13:32:30,30792,54612.50,470.7974,238,66.00
2026-07-13,13:32:40,30802,54612.50,470.7974,236,67.00
2026-07-13,13:32:50,30812,54612.50,470.7974,237,67.00
2026-07-13,13:33:00,30822,54612.50,470.7974,237,67.00
2026-07-13,13:33:10,30832,54612.50,470.7974,237,67.00
2026-07-13,13:33:20,30842,54612.50,470.7974,235,67.00
2026-07-13,13:33:30,30852,54612.50,470.7974,235,67.00
2026-07-13,13:33:40,30862,54612.50,470.7974,235,67.00
2026-07-13,13:33:50,30872,53876.66,464.4540,235,67.00
2026-07-13,13:34:00,30882,51606.66,444.8850,234,67.00
2026-07-13,13:34:10,30892,49563.33,427.2701,234,67.00
2026-07-13,13:34:20,30902,48026.66,414.0230,231,66.00
2026-07-13,13:34:30,30912,46333.33,399.4253,233,66.00
2026-07-13,13:34:40,30922,44936.66,387.3850,234,66.00
2026-07-13,13:34:50,30932,43773.33,377.3563,233,66.00
2026-07-13,13:35:00,30942,42863.33,369.5115,235,66.00
2026-07-13,13:35:10,30952,41923.33,361.4080,234,66.00
2026-07-13,13:35:20,30962,41253.33,355.6322,234,65.00
2026-07-13,13:35:30,30972,40666.66,350.5747,234,65.00
2026-07-13,13:35:40,30982,40020.00,345.0000,233,65.00
2026-07-13,13:35:50,30992,39200.00,337.9310,234,65.00
2026-07-13,13:36:00,31002,38473.33,331.6667,235,65.00
2026-07-13,13:36:10,31012,38206.66,329.3678,233,65.00
2026-07-13,13:36:20,31022,38296.66,330.1436,234,65.00
2026-07-13,13:36:30,31032,38563.33,332.4425,233,64.00
2026-07-13,13:36:40,31042,38693.33,333.5632,234,64.00
2026-07-13,13:36:50,31052,38740.00,333.9655,234,64.00
2026-07-13,13:37:00,31062,39000.00,336.2069,233,64.00
2026-07-13,13:37:10,31072,38200.00,329.3103,233,64.00
2026-07-13,13:37:20,31082,37300.00,321.5517,233,64.00
2026-07-13,13:37:30,31092,36940.00,318.4483,232,63.00
2026-07-13,13:37:40,31102,37016.66,319.1092,226,63.00
2026-07-13,13:37:50,31112,37520.00,323.4483,231,63.00
2026-07-13,13:37:59,31122,38080.00,328.2758,231,63.00
2026-07-13,13:38:09,31132,37860.00,326.3793,232,62.00
2026-07-13,13:38:19,31142,37046.66,319.3678,229,62.00
2026-07-13,13:38:29,31152,36283.33,312.7874,231,62.00
2026-07-13,13:38:39,31162,35273.33,304.0804,230,62.00
2026-07-13,13:38:49,31172,34130.00,294.2242,231,62.00
2026-07-13,13:38:59,31182,33086.66,285.2299,231,61.00
2026-07-13,13:39:09,31192,32333.33,278.7356,230,61.00
2026-07-13,13:39:19,31202,31790.00,274.0517,232,61.00
2026-07-13,13:39:29,31212,31316.67,269.9713,231,61.00
2026-07-13,13:39:39,31222,30873.33,266.1494,232,61.00
2026-07-13,13:39:49,31232,30423.33,262.2701,232,61.00
2026-07-13,13:39:59,31242,30016.67,258.7644,231,61.00
2026-07-13,13:40:09,31252,29686.67,255.9195,232,60.00
2026-07-13,13:40:19,31262,29493.33,254.2529,233,60.00
2026-07-13,13:40:29,31272,28993.33,249.9425,232,60.00
2026-07-13,13:40:39,31282,28516.67,245.8333,233,60.00
2026-07-13,13:40:49,31292,28083.33,242.0977,233,60.00
2026-07-13,13:40:59,31302,27763.33,239.3391,226,59.00
2026-07-13,13:41:09,31312,27513.33,237.1839,230,59.00
2026-07-13,13:41:19,31322,27303.33,235.3736,229,59.00
2026-07-13,13:41:29,31332,27150.00,234.0517,228,59.00
2026-07-13,13:41:39,31342,27006.67,232.8161,227,59.00
2026-07-13,13:41:49,31352,26873.33,231.6667,227,58.00
2026-07-13,13:41:59,31362,26750.00,230.6034,228,58.00
2026-07-13,13:42:09,31372,26630.00,229.5690,227,58.00
2026-07-13,13:42:19,31382,26513.33,228.5632,228,58.00
2026-07-13,13:42:29,31392,26380.00,227.4138,228,58.00
2026-07-13,13:42:39,31402,26266.67,226.4368,230,58.00
2026-07-13,13:42:49,31412,26136.67,225.3161,230,58.00
2026-07-13,13:42:59,31422,26010.00,224.2241,230,58.00
2026-07-13,13:43:09,31432,25990.00,224.0517,231,57.00
2026-07-13,13:43:19,31442,25903.33,223.3046,227,57.00
2026-07-13,13:43:29,31452,25600.00,220.6896,227,57.00
2026-07-13,13:43:39,31462,25530.00,220.0862,229,57.00
2026-07-13,13:43:49,31472,25516.67,219.9713,228,57.00
2026-07-13,13:43:59,31482,25553.33,220.2873,228,56.00
2026-07-13,13:44:09,31492,25640.00,221.0345,227,56.00
2026-07-13,13:44:19,31502,25770.00,222.1552,225,56.00
2026-07-13,13:44:29,31512,25946.67,223.6782,229,56.00
2026-07-13,13:44:39,31522,26113.33,225.1149,224,56.00
2026-07-13,13:44:49,31532,26293.33,226.6667,223,56.00
2026-07-13,13:44:59,31542,26453.33,228.0460,225,56.00
2026-07-13,13:45:09,31552,26653.33,229.7701,227,56.00
2026-07-13,13:45:19,31562,26843.33,231.4080,225,55.00
2026-07-13,13:45:29,31572,27040.00,233.1034,223,55.00
2026-07-13,13:45:39,31582,27233.33,234.7701,228,55.00
2026-07-13,13:45:49,31592,27456.67,236.6954,226,55.00
2026-07-13,13:45:59,31602,27630.00,238.1896,224,55.00
2026-07-13,13:46:09,31612,27783.33,239.5115,228,55.00
2026-07-13,13:46:19,31622,27913.33,240.6322,228,55.00
2026-07-13,13:46:29,31632,28010.00,241.4655,228,55.00
2026-07-13,13:46:39,31642,28120.00,242.4138,226,55.00
2026-07-13,13:46:49,31652,28270.00,243.7069,229,54.00
2026-07-13,13:46:59,31662,28413.33,244.9425,232,54.00
2026-07-13,13:47:09,31672,28560.00,246.2069,229,54.00
2026-07-13,13:47:19,31682,28723.33,247.6149,228,54.00
2026-07-13,13:47:29,31692,28870.00,248.8793,230,54.00
2026-07-13,13:47:39,31702,29020.00,250.1724,230,54.00
2026-07-13,13:47:49,31712,29203.33,251.7529,228,54.00
2026-07-13,13:47:59,31722,29373.33,253.2184,229,54.00
2026-07-13,13:48:09,31732,29523.33,254.5115,228,54.00
2026-07-13,13:48:19,31742,29650.00,255.6034,230,54.00
2026-07-13,13:48:29,31752,29780.00,256.7241,229,54.00
2026-07-13,13:48:39,31762,29943.33,258.1322,227,54.00
2026-07-13,13:48:49,31772,30203.33,260.3736,230,54.00
2026-07-13,13:48:59,31782,30710.00,264.7414,228,54.00
2026-07-13,13:49:09,31792,31260.00,269.4827,229,54.00
2026-07-13,13:49:19,31802,31526.67,271.7816,221,54.00
2026-07-13,13:49:28,31812,31463.33,271.2356,229,54.00
2026-07-13,13:49:38,31822,31443.33,271.0632,228,54.00
2026-07-13,13:49:48,31832,31346.67,270.2299,228,54.00
2026-07-13,13:49:58,31842,31213.33,269.0804,228,54.00
2026-07-13,13:50:08,31852,31036.67,267.5575,229,54.00
2026-07-13,13:50:18,31862,30846.67,265.9195,226,54.00
2026-07-13,13:50:28,31872,30640.00,264.1379,228,54.00
2026-07-13,13:50:38,31882,30433.33,262.3563,228,54.00
2026-07-13,13:50:48,31892,30203.33,260.3736,228,54.00
2026-07-13,13:50:58,31902,29990.00,258.5345,223,54.00
2026-07-13,13:51:08,31912,29723.33,256.2356,229,54.00
2026-07-13,13:51:18,31922,29440.00,253.7931,226,54.00
2026-07-13,13:51:28,31932,29116.67,251.0057,228,54.00
2026-07-13,13:51:38,31942,28763.33,247.9598,226,54.00
2026-07-13,13:51:48,31952,28373.33,244.5977,224,54.00
2026-07-13,13:51:58,31962,27953.33,240.9770,226,53.00
2026-07-13,13:52:08,31972,27510.00,237.1552,228,53.00
2026-07-13,13:52:18,31982,27053.33,233.2184,225,53.00
2026-07-13,13:52:28,31992,26590.00,229.2241,225,53.00
2026-07-13,13:52:38,32002,26160.00,225.5172,220,53.00
2026-07-13,13:52:48,32012,25756.67,222.0402,225,53.00
2026-07-13,13:52:58,32022,25366.67,218.6782,226,53.00
2026-07-13,13:53:08,32032,25030.00,215.7758,227,53.00
2026-07-13,13:53:18,32042,24743.33,213.3046,225,53.00
2026-07-13,13:53:28,32052,24536.67,211.5230,228,53.00
2026-07-13,13:53:38,32062,24383.33,210.2011,224,53.00
2026-07-13,13:53:48,32072,24270.00,209.2241,223,52.00
2026-07-13,13:53:58,32082,24200.00,208.6207,223,52.00
2026-07-13,13:54:08,32092,24173.33,208.3908,225,52.00
2026-07-13,13:54:18,32102,24156.67,208.2471,221,52.00
2026-07-13,13:54:28,32112,24166.67,208.3333,224,52.00
2026-07-13,13:54:38,32122,24210.00,208.7069,225,52.00
2026-07-13,13:54:48,32132,24266.67,209.1954,223,52.00
2026-07-13,13:54:58,32142,24320.00,209.6552,224,52.00
2026-07-13,13:55:08,32152,24413.33,210.4598,222,52.00
2026-07-13,13:55:18,32162,24513.33,211.3218,223,52.00
2026-07-13,13:55:28,32172,24616.67,212.2126,220,52.00
2026-07-13,13:55:38,32182,24720.00,213.1034,218,52.00
2026-07-13,13:55:48,32192,24843.33,214.1667,215,52.00
2026-07-13,13:55:58,32202,24953.33,215.1149,216,51.00
2026-07-13,13:56:08,32212,25063.33,216.0632,219,51.00
2026-07-13,13:56:18,32222,25156.67,216.8678,216,51.00
2026-07-13,13:56:28,32232,25223.33,217.4425,218,51.00
2026-07-13,13:56:38,32242,25256.67,217.7299,217,51.00
2026-07-13,13:56:48,32252,25256.67,217.7299,217,51.00
2026-07-13,13:56:58,32262,25220.00,217.4138,218,51.00
2026-07-13,13:57:08,32272,25176.67,217.0402,217,51.00
2026-07-13,13:57:18,32282,25156.67,216.8678,215,51.00
2026-07-13,13:57:28,32292,25163.33,216.9253,215,51.00
2026-07-13,13:57:38,32302,25180.00,217.0690,217,51.00
2026-07-13,13:57:48,32312,25210.00,217.3276,214,51.00
2026-07-13,13:57:58,32322,25250.00,217.6724,213,51.00
2026-07-13,13:58:08,32332,25263.33,217.7873,217,51.00
2026-07-13,13:58:18,32342,25293.33,218.0460,216,51.00
2026-07-13,13:58:28,32352,25303.33,218.1322,216,51.00
2026-07-13,13:58:38,32362,25320.00,218.2758,218,51.00
2026-07-13,13:58:48,32372,25346.67,218.5057,221,51.00
2026-07-13,13:58:58,32382,25393.33,218.9080,223,51.00
2026-07-13,13:59:08,32392,25483.33,219.6839,222,51.00
2026-07-13,13:59:18,32402,25596.67,220.6609,223,51.00
2026-07-13,13:59:28,32412,25756.67,222.0402,224,51.00
2026-07-13,13:59:38,32422,25960.00,223.7931,224,51.00
2026-07-13,13:59:48,32432,26250.00,226.2931,225,51.00
2026-07-13,13:59:58,32442,26610.00,229.3965,225,51.00
2026-07-13,14:00:08,32452,27070.00,233.3620,226,51.00
2026-07-13,14:00:18,32462,27623.33,238.1322,223,51.00
2026-07-13,14:00:28,32472,28360.00,244.4827,221,51.00
2026-07-13,14:00:38,32482,29590.00,255.0862,220,51.00
2026-07-13,14:00:47,32492,31393.33,270.6322,221,51.00
2026-07-13,14:00:57,32502,32586.67,280.9195,222,51.00
2026-07-13,14:01:07,32512,32136.67,277.0402,223,51.00
2026-07-13,14:01:17,32522,31776.67,273.9368,224,51.00
2026-07-13,14:01:27,32532,32066.67,276.4368,223,51.00
2026-07-13,14:01:37,32542,31573.33,272.1839,223,51.00
2026-07-13,14:01:47,32552,31770.00,273.8793,219,51.00
2026-07-13,14:01:57,32562,32646.67,281.4368,222,51.00
2026-07-13,14:02:07,32572,34376.66,296.3506,224,51.00
2026-07-13,14:02:17,32582,35720.00,307.9310,220,51.00
2026-07-13,14:02:27,32592,35516.66,306.1781,221,51.00
2026-07-13,14:02:37,32602,35890.00,309.3965,207,51.00
2026-07-13,14:02:47,32612,35180.00,303.2758,223,51.00
2026-07-13,14:02:57,32622,34840.00,300.3448,220,51.00
2026-07-13,14:03:07,32632,34883.33,300.7184,220,51.00
2026-07-13,14:03:17,32642,35126.66,302.8161,220,51.00
2026-07-13,14:03:27,32652,35843.33,308.9942,223,51.00
2026-07-13,14:03:37,32662,38036.66,327.9023,223,52.00
2026-07-13,14:03:47,32672,39863.33,343.6494,222,52.00
2026-07-13,14:03:57,32682,40396.66,348.2471,223,52.00
2026-07-13,14:04:07,32692,47376.66,408.4195,223,52.00
2026-07-13,14:04:17,32702,36446.66,314.1954,208,52.00
2026-07-13,14:04:27,32712,35636.66,307.2126,225,52.00
2026-07-13,14:04:37,32722,35936.66,309.7988,224,52.00
2026-07-13,14:04:47,32732,36393.33,313.7356,225,52.00
2026-07-13,14:04:57,32742,37523.33,323.4770,223,52.00
2026-07-13,14:05:07,32752,38356.66,330.6609,224,53.00
2026-07-13,14:05:17,32762,39896.66,343.9368,223,53.00
2026-07-13,14:05:27,32772,43600.00,375.8621,225,53.00
2026-07-13,14:05:37,32782,43450.00,374.5690,225,53.00
2026-07-13,14:05:47,32792,45760.00,394.4828,223,53.00
2026-07-13,14:05:57,32802,54612.50,470.7974,215,53.00
2026-07-13,14:06:07,32812,54612.50,470.7974,224,54.00
2026-07-13,14:06:17,32822,54612.50,470.7974,230,54.00
2026-07-13,14:06:27,32832,54612.50,470.7974,229,55.00
2026-07-13,14:06:37,32842,51216.66,441.5229,226,55.00
2026-07-13,14:06:47,32852,52760.00,454.8275,229,55.00
2026-07-13,14:06:57,32862,54612.50,470.7974,228,55.00
2026-07-13,14:07:07,32872,54612.50,470.7974,226,56.00
2026-07-13,14:07:17,32882,54612.50,470.7974,229,56.00
2026-07-13,14:07:27,32892,54612.50,470.7974,231,57.00
2026-07-13,14:07:37,32902,54612.50,470.7974,230,58.00
2026-07-13,14:07:47,32912,54612.50,470.7974,231,59.00
2026-07-13,14:07:57,32922,54612.50,470.7974,231,60.00
2026-07-13,14:08:07,32932,54612.50,470.7974,232,61.00
2026-07-13,14:08:17,32942,54612.50,470.7974,232,61.00
2026-07-13,14:08:27,32952,54612.50,470.7974,226,62.00
2026-07-13,14:08:37,32962,54612.50,470.7974,233,62.00
2026-07-13,14:08:47,32972,54612.50,470.7974,232,62.00
2026-07-13,14:08:57,32982,54612.50,470.7974,232,63.00
2026-07-13,14:09:07,32992,54612.50,470.7974,232,64.00
2026-07-13,14:09:17,33002,54612.50,470.7974,230,64.00
2026-07-13,14:09:27,33012,54612.50,470.7974,232,64.00
2026-07-13,14:09:37,33022,54612.50,470.7974,232,65.00
2026-07-13,14:09:47,33032,54612.50,470.7974,231,65.00
2026-07-13,14:09:57,33042,50630.00,436.4655,229,65.00
2026-07-13,14:10:07,33052,47563.33,410.0287,228,65.00
2026-07-13,14:10:17,33062,54612.50,470.7974,228,65.00
2026-07-13,14:10:27,33072,52430.00,451.9827,230,65.00
2026-07-13,14:10:37,33082,54612.50,470.7974,230,65.00
2026-07-13,14:10:47,33092,54612.50,470.7974,229,65.00
2026-07-13,14:10:57,33102,54612.50,470.7974,225,65.00
2026-07-13,14:11:07,33112,54612.50,470.7974,231,64.00
2026-07-13,14:11:17,33122,54612.50,470.7974,231,65.00
2026-07-13,14:11:27,33132,54612.50,470.7974,232,65.00
2026-07-13,14:11:37,33142,54612.50,470.7974,230,65.00
2026-07-13,14:11:47,33152,54612.50,470.7974,231,65.00
2026-07-13,14:11:57,33162,54612.50,470.7974,233,65.00
2026-07-13,14:12:07,33172,54612.50,470.7974,231,66.00
2026-07-13,14:12:17,33182,54612.50,470.7974,228,66.00
2026-07-13,14:12:27,33192,54612.50,470.7974,227,66.00
2026-07-13,14:12:36,33202,54612.50,470.7974,228,66.00
2026-07-13,14:12:46,33212,54612.50,470.7974,231,66.00
2026-07-13,14:12:56,33222,54612.50,470.7974,230,66.00
2026-07-13,14:13:06,33232,54612.50,470.7974,229,66.00
2026-07-13,14:13:16,33242,54612.50,470.7974,227,66.00
2026-07-13,14:13:26,33252,54612.50,470.7974,226,66.00
2026-07-13,14:13:36,33262,54612.50,470.7974,226,66.00
2026-07-13,14:13:46,33272,54612.50,470.7974,226,66.00
2026-07-13,14:13:56,33282,54612.50,470.7974,227,66.00
2026-07-13,14:14:06,33292,54612.50,470.7974,231,67.00
2026-07-13,14:14:16,33302,54612.50,470.7974,222,67.00
2026-07-13,14:14:26,33312,54612.50,470.7974,228,68.00
2026-07-13,14:14:36,33322,54612.50,470.7974,229,68.00
2026-07-13,14:14:46,33332,54612.50,470.7974,229,68.00
2026-07-13,14:14:56,33342,54612.50,470.7974,231,68.00
2026-07-13,14:15:06,33352,54612.50,470.7974,230,69.00
2026-07-13,14:15:16,33362,54612.50,470.7974,231,69.00
2026-07-13,14:15:26,33372,54612.50,470.7974,231,70.00
2026-07-13,14:15:36,33382,54612.50,470.7974,232,70.00
2026-07-13,14:15:46,33392,54612.50,470.7974,233,71.00
2026-07-13,14:15:56,33402,54612.50,470.7974,231,71.00
2026-07-13,14:16:06,33412,54612.50,470.7974,231,72.00
2026-07-13,14:16:16,33422,54612.50,470.7974,231,72.00
2026-07-13,14:16:26,33432,54612.50,470.7974,232,73.00
2026-07-13,14:16:36,33442,54612.50,470.7974,232,73.00
2026-07-13,14:16:46,33452,54612.50,470.7974,234,73.00
2026-07-13,14:16:56,33462,54612.50,470.7974,234,74.00
2026-07-13,14:17:06,33472,54612.50,470.7974,232,74.00
2026-07-13,14:17:16,33482,54612.50,470.7974,232,74.00
2026-07-13,14:17:26,33492,54612.50,470.7974,231,75.00
2026-07-13,16:47:29,42496,37230.00,320.9483,255,67.00
2026-07-13,16:47:39,42506,37123.33,320.0287,174,66.00
2026-07-13,16:47:49,42516,36980.00,318.7931,130,66.00
2026-07-13,16:47:59,42526,36820.00,317.4138,129,66.00
2026-07-13,16:48:09,42536,36590.00,315.4310,131,66.00
2026-07-13,16:48:19,42546,36380.00,313.6207,130,66.00
2026-07-13,16:48:29,42556,36213.33,312.1839,132,66.00
2026-07-13,16:48:39,42566,36080.00,311.0345,128,66.00
2026-07-13,16:48:49,42576,35986.66,310.2299,132,66.00
2026-07-13,16:48:59,42586,36026.66,310.5747,132,66.00
2026-07-13,16:49:09,42596,35990.00,310.2586,135,66.00
2026-07-13,16:49:19,42606,36153.33,311.6667,130,66.00
2026-07-13,16:49:29,42616,36210.00,312.1552,130,66.00
2026-07-13,16:49:39,42626,36306.66,312.9885,132,66.00
2026-07-13,16:49:49,42636,36386.66,313.6781,132,66.00
2026-07-13,16:49:59,42646,36550.00,315.0862,131,66.00
2026-07-13,16:50:09,42656,36490.00,314.5690,132,66.00
2026-07-13,16:50:19,42666,36520.00,314.8276,129,66.00
2026-07-13,16:50:29,42676,36476.66,314.4540,134,66.00
2026-07-13,16:50:39,42686,36360.00,313.4483,129,65.00
2026-07-13,16:50:49,42696,36313.33,313.0460,132,66.00
2026-07-13,16:50:59,42706,36120.00,311.3793,133,65.00
2026-07-13,16:51:09,42716,35883.33,309.3391,133,65.00
2026-07-13,16:51:19,42726,35623.33,307.0977,133,66.00
2026-07-13,16:51:29,42736,35566.66,306.6092,130,65.00
2026-07-13,16:51:39,42746,35233.33,303.7356,134,65.00
2026-07-13,16:51:49,42756,34553.33,297.8736,128,65.00
2026-07-13,16:51:59,42766,33366.66,287.6436,133,65.00
2026-07-13,16:52:09,42776,32046.67,276.2644,129,65.00
2026-07-13,16:52:19,42786,30980.00,267.0689,133,65.00
2026-07-13,16:52:29,42796,29280.00,252.4138,132,65.00
2026-07-13,16:52:39,42806,27476.67,236.8678,133,65.00
2026-07-13,16:52:49,42816,25563.33,220.3736,125,65.00
2026-07-13,16:52:59,42826,23683.33,204.1667,127,65.00
2026-07-13,16:53:09,42836,21960.00,189.3103,127,65.00
2026-07-13,16:53:19,42846,20266.67,174.7126,125,64.00
2026-07-13,16:53:29,42856,18206.67,156.9540,123,64.00
2026-07-13,16:53:39,42866,15170.00,130.7758,127,64.00
2026-07-13,16:53:49,42876,13390.00,115.4310,127,64.00
2026-07-13,16:53:59,42886,13640.00,117.5862,128,63.00
2026-07-13,16:54:09,42896,12783.33,110.2011,141,63.00
2026-07-13,16:54:18,42906,12563.33,108.3046,133,62.00
2026-07-13,16:54:28,42916,11263.33,97.0977,130,62.00
2026-07-13,16:54:38,42926,10033.33,86.4942,130,61.00
2026-07-13,16:54:48,42936,10343.33,89.1667,129,61.00
2026-07-13,16:54:58,42946,10446.67,90.0575,132,61.00
2026-07-13,16:55:08,42956,9480.00,81.7241,131,61.00
2026-07-13,16:55:18,42966,9183.33,79.1667,128,60.00
2026-07-13,16:55:28,42976,10046.67,86.6092,136,60.00
2026-07-13,16:55:38,42986,9270.00,79.9138,138,59.00
2026-07-13,16:55:48,42996,10176.67,87.7299,132,59.00
2026-07-13,16:55:58,43006,10053.33,86.6667,130,59.00
2026-07-13,16:56:08,43016,9706.67,83.6782,134,59.00
2026-07-13,16:56:18,43026,8933.33,77.0115,119,58.00
2026-07-13,16:56:28,43036,8253.33,71.1494,115,58.00
2026-07-13,16:56:38,43046,8556.67,73.7644,135,58.00
2026-07-13,16:56:48,43056,10353.33,89.2529,126,57.00
2026-07-13,16:56:58,43066,10383.33,89.5115,124,57.00
2026-07-13,16:57:08,43076,11006.67,94.8850,119,57.00
2026-07-13,16:57:18,43086,11530.00,99.3966,126,56.00
2026-07-13,16:57:28,43096,11993.33,103.3908,128,56.00
2026-07-13,16:57:38,43106,12540.00,108.1034,129,56.00
2026-07-13,16:57:48,43116,12573.33,108.3908,125,56.00
2026-07-13,16:57:58,43126,12286.67,105.9195,125,56.00
2026-07-13,16:58:08,43136,13396.67,115.4885,125,55.00
2026-07-13,16:58:18,43146,13026.67,112.2988,124,55.00
2026-07-13,16:58:28,43156,12623.33,108.8218,130,55.00
2026-07-13,16:58:38,43166,10126.67,87.2988,129,55.00
2026-07-13,16:58:48,43176,12013.33,103.5632,128,54.00
2026-07-13,16:58:58,43186,11400.00,98.2759,131,54.00
2026-07-13,16:59:08,43196,12123.33,104.5115,135,54.00
2026-07-13,16:59:18,43206,11756.67,101.3506,132,54.00
2026-07-13,16:59:28,43216,12056.67,103.9368,127,54.00
2026-07-13,16:59:38,43226,12363.33,106.5805,133,54.00
2026-07-13,16:59:48,43236,12563.33,108.3046,135,54.00
2026-07-13,16:59:58,43246,12903.33,111.2356,126,53.00
2026-07-13,17:00:08,43256,13436.67,115.8333,124,53.00
2026-07-13,17:00:18,43266,14240.00,122.7586,134,53.00
2026-07-13,17:00:28,43276,15070.00,129.9138,136,53.00
2026-07-13,17:00:38,43286,15820.00,136.3793,135,53.00
2026-07-13,17:00:48,43296,16793.33,144.7701,132,53.00
2026-07-13,17:00:58,43306,18170.00,156.6379,135,53.00
2026-07-13,17:01:08,43316,18880.00,162.7586,135,53.00
2026-07-13,17:01:18,43326,19506.67,168.1609,138,52.00
2026-07-13,17:01:28,43336,20050.00,172.8448,132,53.00
2026-07-13,17:01:38,43346,19773.33,170.4598,135,53.00
2026-07-13,17:01:48,43356,20730.00,178.7069,132,52.00
2026-07-13,17:01:58,43366,21633.33,186.4942,133,52.00
2026-07-13,17:02:08,43376,21626.67,186.4368,133,52.00
2026-07-13,17:02:18,43386,21810.00,188.0172,135,52.00
2026-07-13,17:02:28,43396,21616.67,186.3506,136,53.00
2026-07-13,17:02:38,43406,21726.67,187.2988,128,53.00
2026-07-13,17:02:48,43416,21990.00,189.5690,132,52.00
2026-07-13,17:02:58,43426,22530.00,194.2241,135,53.00
2026-07-13,17:03:08,43436,24060.00,207.4138,130,53.00
2026-07-13,17:03:18,43446,24916.67,214.7988,131,53.00
2026-07-13,17:03:28,43456,25486.67,219.7126,131,53.00
2026-07-13,17:03:38,43466,25853.33,222.8736,133,53.00
2026-07-13,17:03:48,43476,26363.33,227.2701,133,53.00
2026-07-13,17:03:58,43486,26410.00,227.6724,129,53.00
2026-07-13,17:04:08,43496,26780.00,230.8620,133,53.00
2026-07-13,17:04:18,43506,26756.67,230.6609,128,53.00
2026-07-13,17:04:28,43516,25760.00,222.0690,129,53.00
2026-07-13,17:04:38,43526,23066.67,198.8506,131,53.00
2026-07-13,17:04:48,43536,23686.67,204.1954,130,54.00
2026-07-13,17:04:58,43546,21956.67,189.2816,132,54.00
2026-07-13,17:05:08,43556,26356.67,227.2126,130,54.00
2026-07-13,17:05:18,43566,23160.00,199.6552,130,54.00
2026-07-13,17:05:28,43576,25493.33,219.7701,130,54.00
2026-07-13,17:05:37,43586,26070.00,224.7414,128,54.00
2026-07-13,17:05:47,43596,26930.00,232.1552,144,54.00
2026-07-13,17:05:57,43606,26603.33,229.3391,123,54.00
2026-07-13,17:06:07,43616,26176.67,225.6609,135,54.00
2026-07-13,17:06:17,43626,26450.00,228.0172,115,54.00
2026-07-13,17:06:27,43636,26503.33,228.4770,124,54.00
2026-07-13,17:06:37,43646,26313.33,226.8391,124,54.00
2026-07-13,17:06:47,43656,27133.33,233.9080,124,54.00
2026-07-13,17:06:57,43666,27063.33,233.3046,128,54.00
2026-07-13,17:07:07,43676,27356.67,235.8333,126,54.00
2026-07-13,17:07:17,43686,26833.33,231.3218,131,54.00
2026-07-13,17:07:27,43696,25460.00,219.4827,128,54.00
2026-07-13,17:07:37,43706,24770.00,213.5345,127,54.00
2026-07-13,17:07:47,43716,27616.67,238.0747,131,54.00
2026-07-13,17:07:57,43726,27166.67,234.1954,125,54.00
2026-07-13,17:08:07,43736,27516.67,237.2126,125,54.00
2026-07-13,17:08:17,43746,27170.00,234.2241,127,55.00
2026-07-13,17:08:27,43756,26983.33,232.6149,123,55.00
2026-07-13,17:08:37,43766,27633.33,238.2184,130,55.00
2026-07-13,17:08:47,43776,27130.00,233.8793,125,55.00
2026-07-13,17:08:57,43786,24816.67,213.9368,125,55.00
2026-07-13,17:09:07,43796,27346.67,235.7471,128,55.00
2026-07-13,17:09:17,43806,26873.33,231.6667,126,55.00
2026-07-13,17:09:27,43816,26496.67,228.4195,124,55.00
2026-07-13,17:09:37,43826,27030.00,233.0172,125,55.00
2026-07-13,17:09:47,43836,24383.33,210.2011,127,55.00
2026-07-13,17:09:57,43846,26373.33,227.3563,124,55.00
2026-07-13,17:10:07,43856,26783.33,230.8908,128,55.00
2026-07-13,17:10:17,43866,21566.67,185.9195,127,55.00
2026-07-13,17:10:27,43876,19623.33,169.1667,123,55.00
2026-07-13,17:10:37,43886,22016.67,189.7988,128,55.00
2026-07-13,17:10:47,43896,21720.00,187.2414,121,55.00
2026-07-13,17:10:57,43906,24876.67,214.4540,123,55.00
2026-07-13,17:11:07,43916,18283.33,157.6149,124,54.00
2026-07-13,17:11:17,43926,15076.67,129.9713,128,54.00
2026-07-13,17:11:27,43936,12180.00,105.0000,121,54.00
2026-07-13,17:11:37,43946,11773.33,101.4942,135,54.00
2026-07-13,17:11:47,43956,11983.33,103.3046,125,54.00
2026-07-13,17:11:57,43966,11856.67,102.2126,122,54.00
2026-07-13,17:12:07,43976,11513.33,99.2529,129,53.00
2026-07-13,17:12:17,43986,11890.00,102.5000,127,53.00
2026-07-13,17:12:27,43996,12123.33,104.5115,131,53.00
2026-07-13,17:12:37,44006,12756.67,109.9713,123,53.00
2026-07-13,17:12:47,44016,10890.00,93.8793,118,52.00
2026-07-13,17:12:57,44026,12006.67,103.5057,127,52.00
2026-07-13,17:13:07,44036,10090.00,86.9828,126,52.00
2026-07-13,17:13:17,44046,9456.67,81.5230,123,52.00
2026-07-13,17:13:27,44056,9956.67,85.8333,119,51.00
2026-07-13,17:13:37,44066,9473.33,81.6667,115,51.00
2026-07-13,17:13:47,44076,8996.67,77.5575,115,51.00
2026-07-13,17:13:57,44086,8706.67,75.0575,126,51.00
2026-07-13,17:14:07,44096,9260.00,79.8276,122,51.00
2026-07-13,17:14:17,44106,8800.00,75.8621,122,51.00
2026-07-13,17:14:27,44116,8590.00,74.0517,128,50.00
2026-07-13,17:14:37,44126,8273.33,71.3218,129,50.00
2026-07-13,17:14:47,44136,7970.00,68.7069,123,50.00
2026-07-13,17:14:57,44146,8330.00,71.8103,126,50.00
2026-07-13,17:15:07,44156,7913.33,68.2184,128,49.00
2026-07-13,17:15:17,44166,8063.33,69.5115,129,49.00
2026-07-13,17:15:27,44176,7830.00,67.5000,126,49.00
2026-07-13,17:15:37,44186,7630.00,65.7759,126,48.00
2026-07-13,17:15:47,44196,7816.67,67.3851,130,49.00
2026-07-13,17:15:57,44206,7986.67,68.8506,131,48.00
2026-07-13,17:16:07,44216,7696.67,66.3506,131,48.00
2026-07-13,17:16:17,44226,8086.67,69.7126,132,48.00
2026-07-13,17:16:27,44236,8096.67,69.7989,131,48.00
2026-07-13,17:16:36,44246,7826.67,67.4713,130,47.00
2026-07-13,17:16:46,44256,7670.00,66.1207,135,47.00
2026-07-13,17:16:56,44266,7700.00,66.3793,133,47.00
2026-07-13,17:17:06,44276,7336.67,63.2471,130,47.00
2026-07-13,17:17:16,44286,6863.33,59.1667,131,47.00
2026-07-13,17:17:26,44296,6783.33,58.4770,132,47.00
2026-07-13,17:17:36,44306,6856.67,59.1092,132,47.00
2026-07-13,17:17:46,44316,6666.67,57.4713,131,47.00
2026-07-13,17:17:56,44326,6660.00,57.4138,135,46.00
2026-07-13,17:18:06,44336,6750.00,58.1897,131,46.00
2026-07-13,17:18:16,44346,6600.00,56.8965,133,46.00
2026-07-13,17:18:26,44356,6550.00,56.4655,132,46.00
2026-07-13,17:18:36,44366,6656.67,57.3851,137,46.00
2026-07-13,17:18:46,44376,6813.33,58.7356,131,46.00
2026-07-13,17:18:56,44386,7070.00,60.9483,136,46.00
2026-07-13,17:19:06,44396,7696.67,66.3506,127,45.00
2026-07-13,17:19:16,44406,8373.33,72.1839,132,45.00
2026-07-13,17:19:26,44416,9106.67,78.5057,130,45.00
2026-07-13,17:19:36,44426,9533.33,82.1839,132,45.00
2026-07-13,17:19:46,44436,10570.00,91.1207,130,45.00
2026-07-13,17:19:56,44446,11600.00,100.0000,130,45.00
2026-07-13,17:20:06,44456,11956.67,103.0747,129,45.00
2026-07-13,17:20:16,44466,12300.00,106.0345,132,45.00
2026-07-13,17:20:26,44476,12000.00,103.4483,134,45.00
2026-07-13,17:20:36,44486,12413.33,107.0115,130,45.00
2026-07-13,17:20:46,44496,11663.33,100.5460,131,45.00
2026-07-13,17:20:56,44506,11410.00,98.3621,131,45.00
2026-07-13,17:21:06,44516,10566.67,91.0919,132,45.00
2026-07-13,17:21:16,44526,10610.00,91.4655,131,45.00
2026-07-13,17:21:26,44536,11620.00,100.1724,130,45.00
2026-07-13,17:21:36,44546,9396.67,81.0057,134,45.00
2026-07-13,17:21:46,44556,10800.00,93.1034,132,45.00
2026-07-13,17:21:56,44566,12636.67,108.9368,130,45.00
2026-07-13,17:22:06,44576,10090.00,86.9828,134,44.00
2026-07-13,17:22:16,44586,9083.33,78.3046,132,44.00
2026-07-13,17:22:26,44596,8153.33,70.2874,130,44.00
2026-07-13,17:22:36,44606,7183.33,61.9253,132,44.00
2026-07-13,17:22:46,44616,6600.00,56.8965,130,44.00
2026-07-13,17:22:56,44626,6293.33,54.2529,130,44.00
2026-07-13,17:23:06,44636,6376.67,54.9713,129,44.00
2026-07-13,17:23:16,44646,6403.33,55.2011,130,44.00
2026-07-13,17:23:26,44656,6413.33,55.2874,131,44.00
2026-07-13,17:23:36,44666,6640.00,57.2414,129,43.00
2026-07-13,17:23:46,44676,6723.33,57.9598,131,43.00
2026-07-13,17:23:56,44686,6900.00,59.4828,130,43.00
2026-07-13,17:24:06,44696,7003.33,60.3736,127,43.00
2026-07-13,17:24:16,44706,7106.67,61.2644,130,43.00
2026-07-13,17:24:26,44716,7420.00,63.9655,131,43.00
2026-07-13,17:24:36,44726,7226.67,62.2988,133,43.00
2026-07-13,17:24:46,44736,7070.00,60.9483,134,43.00
2026-07-13,17:24:56,44746,6810.00,58.7069,125,43.00
2026-07-13,17:25:06,44756,6740.00,58.1034,134,43.00
2026-07-13,17:25:16,44766,6353.33,54.7701,131,43.00
2026-07-13,17:25:26,44776,6056.67,52.2126,133,43.00
2026-07-13,17:25:36,44786,5866.67,50.5747,132,43.00
2026-07-13,17:25:46,44796,5880.00,50.6897,135,43.00
2026-07-13,17:25:56,44806,5896.67,50.8333,129,42.00
2026-07-13,17:26:06,44816,5626.67,48.5057,131,42.00
2026-07-13,17:26:16,44826,5520.00,47.5862,134,42.00
2026-07-13,17:26:26,44836,5453.33,47.0115,129,42.00
2026-07-13,17:26:36,44846,5433.33,46.8391,134,42.00
2026-07-13,17:26:46,44856,5413.33,46.6667,127,42.00
2026-07-13,17:26:56,44866,5356.67,46.1782,130,42.00
2026-07-13,17:27:05,44876,5380.00,46.3793,133,42.00
2026-07-13,17:27:15,44886,5363.33,46.2356,131,42.00
2026-07-13,17:27:25,44896,5320.00,45.8621,133,41.00
2026-07-13,17:27:35,44906,5300.00,45.6897,135,41.00
2026-07-13,17:27:45,44916,5280.00,45.5172,130,41.00
2026-07-13,17:27:55,44926,5266.67,45.4023,136,41.00
2026-07-13,17:28:05,44936,5250.00,45.2586,132,41.00
2026-07-13,17:28:15,44946,5220.00,45.0000,130,41.00
2026-07-13,17:28:25,44956,5206.67,44.8851,133,41.00
2026-07-13,17:28:35,44966,5186.67,44.7126,133,41.00
2026-07-13,17:28:45,44976,5196.67,44.7988,135,41.00
2026-07-13,17:28:55,44986,5156.67,44.4540,129,41.00
2026-07-13,17:29:05,44996,5153.33,44.4253,131,41.00
2026-07-13,17:29:15,45006,5130.00,44.2241,132,41.00
2026-07-13,17:29:25,45016,5123.33,44.1667,131,41.00
2026-07-13,17:29:35,45026,5106.67,44.0230,135,40.00
2026-07-13,17:29:45,45036,5080.00,43.7931,130,40.00
2026-07-13,17:29:55,45046,5060.00,43.6207,131,40.00
2026-07-13,17:30:05,45056,5056.67,43.5920,131,40.00
2026-07-13,17:30:15,45066,5036.67,43.4195,133,40.00
2026-07-13,17:30:25,45076,5013.33,43.2184,130,40.00
2026-07-13,17:30:35,45086,4980.00,42.9310,132,40.00
2026-07-13,17:30:45,45096,4946.67,42.6437,135,40.00
2026-07-13,17:30:55,45106,4933.33,42.5287,132,40.00
2026-07-13,17:31:05,45116,4920.00,42.4138,131,40.00
2026-07-13,17:31:15,45126,4910.00,42.3276,130,40.00
2026-07-13,17:31:25,45136,4896.67,42.2126,130,40.00
2026-07-13,17:31:35,45146,4883.33,42.0977,134,40.00
2026-07-13,17:31:45,45156,4873.33,42.0115,134,40.00
2026-07-13,17:31:55,45166,4866.67,41.9540,133,40.00
2026-07-13,17:32:05,45176,4850.00,41.8103,132,40.00
2026-07-13,17:32:15,45186,4826.67,41.6092,130,40.00
2026-07-13,17:32:25,45196,4816.67,41.5230,131,40.00
2026-07-13,17:32:35,45206,4820.00,41.5517,135,40.00
2026-07-13,17:32:45,45216,4810.00,41.4655,132,40.00
2026-07-13,17:32:55,45226,4790.00,41.2931,129,40.00
2026-07-13,17:33:05,45236,4780.00,41.2069,134,40.00
2026-07-13,17:33:15,45246,4760.00,41.0345,134,40.00
2026-07-13,17:33:25,45256,4740.00,40.8621,133,39.00
2026-07-13,17:33:35,45266,4730.00,40.7759,135,39.00
2026-07-13,17:33:45,45276,4726.67,40.7471,132,39.00
2026-07-13,17:33:55,45286,4726.67,40.7471,129,39.00
2026-07-13,17:34:05,45296,4716.67,40.6609,128,39.00
2026-07-13,17:34:15,45306,4693.33,40.4598,133,39.00
2026-07-13,17:34:25,45316,4703.33,40.5460,131,39.00
2026-07-13,17:34:35,45326,4703.33,40.5460,133,39.00
2026-07-13,17:34:45,45336,4736.67,40.8333,135,39.00
2026-07-13,17:34:55,45346,4793.33,41.3218,132,39.00
2026-07-13,17:35:05,45356,4850.00,41.8103,134,39.00
2026-07-13,17:35:15,45366,4903.33,42.2701,129,39.00
2026-07-13,17:35:25,45376,4983.33,42.9598,132,39.00
2026-07-13,17:35:35,45386,4983.33,42.9598,136,39.00
2026-07-13,17:35:45,45396,4970.00,42.8448,131,39.00
2026-07-13,17:35:55,45406,4910.00,42.3276,134,39.00
2026-07-13,17:36:05,45416,4880.00,42.0690,129,38.00
2026-07-13,17:36:15,45426,4846.67,41.7816,131,38.00
2026-07-13,17:36:25,45436,4776.67,41.1782,133,39.00
2026-07-13,17:36:35,45446,4796.67,41.3506,133,38.00
2026-07-13,17:36:45,45456,4760.00,41.0345,135,38.00
2026-07-13,17:36:55,45466,4673.33,40.2874,136,38.00
2026-07-13,17:37:05,45476,4600.00,39.6552,129,38.00
2026-07-13,17:37:15,45486,4546.67,39.1954,134,38.00
2026-07-13,17:37:25,45496,4500.00,38.7931,133,38.00
2026-07-13,17:37:35,45506,4486.67,38.6782,131,38.00
2026-07-13,17:37:45,45516,4470.00,38.5345,132,38.00
2026-07-13,17:37:55,45526,4463.33,38.4770,130,38.00
2026-07-13,17:38:05,45536,4450.00,38.3621,135,38.00
2026-07-13,17:38:15,45546,4440.00,38.2759,134,38.00
2026-07-13,17:38:24,45556,4430.00,38.1897,133,38.00
2026-07-13,17:38:34,45566,4420.00,38.1034,134,38.00
2026-07-13,17:38:44,45576,4410.00,38.0172,128,38.00
2026-07-13,17:38:54,45586,4406.67,37.9885,130,38.00
2026-07-13,17:39:04,45596,4393.33,37.8736,134,38.00
2026-07-13,17:39:14,45606,4386.67,37.8161,131,38.00
2026-07-13,17:39:24,45616,4373.33,37.7011,133,38.00
2026-07-13,17:39:34,45626,4366.67,37.6437,133,38.00
2026-07-13,17:39:44,45636,4356.67,37.5575,132,38.00
2026-07-13,17:39:54,45646,4346.67,37.4713,129,37.00
2026-07-13,17:40:04,45656,4340.00,37.4138,129,37.00
2026-07-13,17:40:14,45666,4330.00,37.3276,129,38.00
2026-07-13,17:40:24,45676,4316.67,37.2126,133,37.00
2026-07-13,17:40:34,45686,4306.67,37.1264,134,38.00
2026-07-13,17:40:44,45696,4293.33,37.0115,133,37.00
2026-07-13,17:40:54,45706,4283.33,36.9253,131,37.00
2026-07-13,17:41:04,45716,4276.67,36.8678,132,37.00
2026-07-13,17:41:14,45726,4266.67,36.7816,131,37.00
2026-07-13,17:41:24,45736,4240.00,36.5517,134,37.00
2026-07-13,17:41:34,45746,4230.00,36.4655,133,37.00
2026-07-13,17:41:44,45756,4216.67,36.3506,132,37.00
2026-07-13,17:41:54,45766,4206.67,36.2644,129,37.00
2026-07-13,17:42:04,45776,4190.00,36.1207,133,37.00
2026-07-13,17:42:14,45786,4180.00,36.0345,132,37.00
2026-07-13,17:42:24,45796,4170.00,35.9483,133,37.00
2026-07-13,17:42:34,45806,4156.67,35.8333,128,37.00
2026-07-13,17:42:44,45816,4143.33,35.7184,135,37.00
2026-07-13,17:42:54,45826,4133.33,35.6322,127,37.00
2026-07-13,17:43:04,45836,4123.33,35.5460,132,37.00
2026-07-13,17:43:14,45846,4110.00,35.4310,127,37.00
2026-07-13,17:43:24,45856,4100.00,35.3448,129,37.00
2026-07-13,17:43:34,45866,4086.67,35.2299,128,37.00
2026-07-13,17:43:44,45876,4073.33,35.1149,128,37.00
2026-07-13,17:43:54,45886,4066.67,35.0575,135,37.00
2026-07-13,17:44:04,45896,4053.33,34.9425,130,37.00
2026-07-13,17:44:14,45906,4046.67,34.8851,135,37.00
2026-07-13,17:44:24,45916,4030.00,34.7414,135,36.00
2026-07-13,17:44:34,45926,4023.33,34.6839,130,37.00
2026-07-13,17:44:44,45936,4006.67,34.5402,127,37.00
2026-07-13,17:44:54,45946,4000.00,34.4828,128,36.00
2026-07-13,17:45:04,45956,3990.00,34.3965,132,37.00
2026-07-13,17:45:14,45966,3980.00,34.3103,132,36.00
2026-07-13,17:45:24,45976,3970.00,34.2241,136,37.00
2026-07-13,17:45:34,45986,3960.00,34.1379,133,36.00
2026-07-13,17:45:44,45996,3943.33,33.9943,131,37.00
2026-07-13,17:45:54,46006,3930.00,33.8793,132,36.00
2026-07-13,17:46:04,46016,3920.00,33.7931,132,36.00
2026-07-13,17:46:14,46026,3910.00,33.7069,132,36.00
2026-07-13,17:46:24,46036,3900.00,33.6207,135,36.00
2026-07-13,17:46:34,46046,3890.00,33.5345,133,36.00
2026-07-13,17:46:44,46056,3876.67,33.4195,133,36.00
2026-07-13,17:46:54,46066,3870.00,33.3621,131,36.00
2026-07-13,17:47:04,46076,3860.00,33.2759,132,36.00
2026-07-13,17:47:14,46086,3853.33,33.2184,133,36.00
2026-07-13,17:47:24,46096,3840.00,33.1034,126,36.00
2026-07-13,17:47:34,46106,3820.00,32.9310,130,36.00
2026-07-13,17:47:44,46116,3810.00,32.8448,132,36.00
2026-07-13,17:47:54,46126,3803.33,32.7874,131,36.00
2026-07-13,17:48:04,46136,3793.33,32.7011,133,36.00
2026-07-13,17:48:14,46146,3786.67,32.6437,132,36.00
2026-07-13,17:48:24,46156,3776.67,32.5575,132,36.00
2026-07-13,17:48:34,46166,3770.00,32.5000,133,36.00
2026-07-13,17:48:44,46176,3760.00,32.4138,135,36.00
2026-07-13,17:48:53,46186,3753.33,32.3563,133,36.00
2026-07-13,17:49:03,46196,3746.67,32.2988,132,36.00
2026-07-13,17:49:13,46206,3736.67,32.2126,135,36.00
2026-07-13,17:49:23,46216,3726.67,32.1264,131,36.00
2026-07-13,17:49:33,46226,3720.00,32.0690,131,36.00
2026-07-13,17:49:43,46236,3710.00,31.9828,133,36.00
2026-07-13,17:49:53,46246,3703.33,31.9253,131,36.00
2026-07-13,17:50:03,46256,3700.00,31.8965,137,36.00
2026-07-13,17:50:13,46266,3696.67,31.8678,133,36.00
2026-07-13,17:50:23,46276,3683.33,31.7529,132,36.00
2026-07-13,17:50:33,46286,3676.67,31.6954,131,36.00
2026-07-13,17:50:43,46296,3666.67,31.6092,133,36.00
2026-07-13,17:50:53,46306,3656.67,31.5230,134,36.00
2026-07-13,17:51:03,46316,3653.33,31.4943,136,36.00
2026-07-13,17:51:13,46326,3650.00,31.4655,131,36.00
2026-07-13,17:51:23,46336,3650.00,31.4655,133,36.00
2026-07-13,17:51:33,46346,3630.00,31.2931,132,36.00
2026-07-13,17:51:43,46356,3623.33,31.2356,131,36.00
2026-07-13,17:51:53,46366,3620.00,31.2069,135,36.00
2026-07-13,17:52:03,46376,3610.00,31.1207,134,36.00
2026-07-13,17:52:13,46386,3600.00,31.0345,138,36.00
2026-07-13,17:52:23,46396,3596.67,31.0057,135,36.00
2026-07-13,17:52:33,46406,3590.00,30.9483,133,36.00
2026-07-13,17:52:43,46416,3573.33,30.8046,133,36.00
2026-07-13,17:52:53,46426,3566.67,30.7471,133,36.00
2026-07-13,17:53:03,46436,3556.67,30.6609,126,36.00
2026-07-13,17:53:13,46446,3543.33,30.5460,132,36.00
2026-07-13,17:53:23,46456,3533.33,30.4598,133,36.00
2026-07-13,17:53:33,46466,3520.00,30.3448,128,36.00
2026-07-13,17:53:43,46476,3510.00,30.2586,133,36.00
2026-07-13,17:53:53,46486,3496.67,30.1437,130,36.00
2026-07-13,17:54:03,46496,3490.00,30.0862,132,36.00
2026-07-13,17:54:13,46506,3476.67,29.9713,128,36.00
2026-07-13,17:54:23,46516,3463.33,29.8563,130,36.00
2026-07-13,17:54:33,46526,3453.33,29.7701,128,36.00
2026-07-13,17:54:43,46536,3443.33,29.6839,128,36.00
2026-07-13,17:54:53,46546,3430.00,29.5690,131,36.00
2026-07-13,17:55:03,46556,3416.67,29.4540,130,36.00
2026-07-13,17:55:13,46566,3396.67,29.2816,133,36.00
2026-07-13,17:55:23,46576,3386.67,29.1954,129,36.00
2026-07-13,17:55:33,46586,3373.33,29.0805,131,36.00
2026-07-13,17:55:43,46596,3360.00,28.9655,130,36.00
2026-07-13,17:55:53,46606,3350.00,28.8793,129,36.00
2026-07-13,17:56:03,46616,3336.67,28.7644,130,36.00
2026-07-13,17:56:13,46626,3323.33,28.6494,131,35.00
2026-07-13,17:56:23,46636,3310.00,28.5345,131,35.00
2026-07-13,17:56:33,46646,3300.00,28.4483,130,35.00
2026-07-13,17:56:43,46656,3286.67,28.3333,132,36.00
2026-07-13,17:56:53,46666,3273.33,28.2184,131,35.00
2026-07-13,17:57:03,46676,3260.00,28.1034,131,35.00
2026-07-13,17:57:13,46686,3246.67,27.9885,131,35.00
2026-07-13,17:57:23,46696,3233.33,27.8736,127,35.00
2026-07-13,17:57:33,46706,3226.67,27.8161,131,36.00
2026-07-13,17:57:43,46716,3216.67,27.7299,132,35.00
2026-07-13,17:57:53,46726,3203.33,27.6149,135,35.00
2026-07-13,17:58:03,46736,3190.00,27.5000,136,35.00
2026-07-13,17:58:13,46746,3180.00,27.4138,135,35.00
2026-07-13,17:58:23,46756,3170.00,27.3276,136,35.00
2026-07-13,17:58:33,46766,3156.67,27.2126,135,35.00
2026-07-13,17:58:43,46776,3150.00,27.1552,133,35.00
2026-07-13,17:58:53,46786,3136.67,27.0402,133,35.00
2026-07-13,17:59:03,46796,3123.33,26.9253,131,35.00
2026-07-13,17:59:13,46806,3113.33,26.8391,134,35.00
2026-07-13,17:59:22,46816,3100.00,26.7241,132,35.00
2026-07-13,17:59:32,46826,3093.33,26.6667,126,35.00
2026-07-13,17:59:42,46836,3083.33,26.5805,131,35.00
2026-07-13,17:59:52,46846,3073.33,26.4943,134,35.00
2026-07-13,18:00:02,46856,3060.00,26.3793,132,35.00
2026-07-13,18:00:12,46866,3050.00,26.2931,130,35.00
2026-07-13,18:00:22,46876,3043.33,26.2356,134,35.00
2026-07-13,18:00:32,46886,3033.33,26.1494,134,35.00
2026-07-13,18:00:42,46896,3020.00,26.0345,125,35.00
2026-07-13,18:00:52,46906,3010.00,25.9483,132,35.00
2026-07-13,18:01:02,46916,2996.67,25.8333,135,35.00
2026-07-13,18:01:12,46926,2986.67,25.7471,132,35.00
2026-07-13,18:01:22,46936,2966.67,25.5747,133,35.00
2026-07-13,18:01:32,46946,2953.33,25.4598,133,35.00
2026-07-13,18:01:42,46956,2946.67,25.4023,131,35.00
2026-07-13,18:01:52,46966,2940.00,25.3448,130,35.00
2026-07-13,18:02:02,46976,2930.00,25.2586,133,35.00
2026-07-13,18:02:12,46986,2930.00,25.2586,129,35.00
2026-07-13,18:02:22,46996,2930.00,25.2586,129,35.00
2026-07-13,18:02:32,47006,2916.67,25.1437,127,35.00
2026-07-13,18:02:42,47016,2906.67,25.0575,133,35.00
2026-07-13,18:02:52,47026,2900.00,25.0000,132,35.00
2026-07-13,18:03:02,47036,2890.00,24.9138,133,35.00
2026-07-13,18:03:12,47046,2883.33,24.8563,128,35.00
2026-07-13,18:03:22,47056,2876.67,24.7988,130,35.00
2026-07-13,18:03:32,47066,2866.67,24.7126,132,35.00
2026-07-13,18:03:42,47076,2856.67,24.6264,134,35.00
2026-07-13,18:03:52,47086,2846.67,24.5402,133,35.00
2026-07-13,18:04:02,47096,2836.67,24.4540,136,35.00
2026-07-13,18:04:12,47106,2833.33,24.4253,132,35.00
2026-07-13,18:04:22,47116,2826.67,24.3678,131,35.00
2026-07-13,18:04:32,47126,2823.33,24.3391,131,35.00
2026-07-13,18:04:42,47136,2813.33,24.2529,132,35.00
2026-07-13,18:04:52,47146,2796.67,24.1092,133,35.00
2026-07-13,18:05:02,47156,2773.33,23.9080,130,35.00
2026-07-13,18:05:12,47166,2753.33,23.7356,131,34.00
2026-07-13,18:05:22,47176,2726.67,23.5057,131,35.00
2026-07-13,18:05:32,47186,2706.67,23.3333,134,35.00
2026-07-13,18:05:42,47196,2683.33,23.1322,131,35.00
2026-07-13,18:05:52,47206,2670.00,23.0172,138,35.00
2026-07-13,18:06:02,47216,2660.00,22.9310,133,35.00
2026-07-13,18:06:12,47226,2643.33,22.7874,127,35.00
2026-07-13,18:06:22,47236,2620.00,22.5862,129,35.00
2026-07-13,18:06:32,47246,2590.00,22.3276,130,34.00
2026-07-13,18:06:42,47256,2543.33,21.9253,132,34.00
2026-07-13,18:06:52,47266,2503.33,21.5805,131,35.00
2026-07-13,18:07:02,47276,2456.67,21.1782,132,34.00
2026-07-13,18:07:12,47286,2403.33,20.7184,132,34.00
2026-07-13,18:07:22,47296,2356.67,20.3161,133,34.00
2026-07-13,18:07:32,47306,2316.67,19.9713,130,34.00
2026-07-13,18:07:42,47316,2276.67,19.6264,125,34.00
2026-07-13,18:07:52,47326,2240.00,19.3103,128,34.00
2026-07-13,18:08:02,47336,2203.33,18.9943,129,34.00
2026-07-13,18:08:12,47346,2176.67,18.7644,126,34.00
2026-07-13,18:08:22,47356,2146.67,18.5057,127,34.00
2026-07-13,18:08:32,47366,2116.67,18.2471,131,34.00
2026-07-13,18:08:42,47376,2096.67,18.0747,133,34.00
2026-07-13,18:08:52,47386,2083.33,17.9598,134,34.00
2026-07-13,18:09:02,47396,2066.67,17.8161,131,34.00
2026-07-13,18:09:12,47406,2053.33,17.7011,126,34.00
2026-07-13,18:09:22,47416,2040.00,17.5862,129,34.00
2026-07-13,18:09:32,47426,2026.67,17.4713,127,34.00
2026-07-13,18:09:42,47436,2013.33,17.3563,132,34.00
2026-07-13,18:09:52,47446,2000.00,17.2414,128,34.00
2026-07-13,18:10:01,47456,1986.67,17.1264,128,34.00
2026-07-13,18:10:11,47466,1973.33,17.0115,127,34.00
2026-07-13,18:10:21,47476,1956.67,16.8678,134,34.00
2026-07-13,18:10:31,47486,1943.33,16.7529,137,34.00
2026-07-13,18:10:41,47496,1923.33,16.5805,135,34.00
2026-07-13,18:10:51,47506,1910.00,16.4655,132,34.00
2026-07-13,18:11:01,47516,1893.33,16.3218,131,34.00
2026-07-13,18:11:11,47526,1880.00,16.2069,122,34.00
2026-07-13,18:11:21,47536,1866.67,16.0920,120,34.00
2026-07-13,18:11:31,47546,1856.67,16.0057,127,34.00
2026-07-13,18:11:41,47556,1843.33,15.8908,125,34.00
2026-07-13,18:11:51,47566,1830.00,15.7759,125,34.00
2026-07-13,18:12:01,47576,1816.67,15.6609,126,34.00
2026-07-13,18:12:11,47586,1806.67,15.5747,130,34.00
2026-07-13,18:12:21,47596,1790.00,15.4310,137,34.00
2026-07-13,18:12:31,47606,1780.00,15.3448,133,34.00
2026-07-13,18:12:41,47616,1766.67,15.2299,139,34.00
2026-07-13,18:12:51,47626,1753.33,15.1149,130,34.00
2026-07-13,18:13:01,47636,1740.00,15.0000,134,34.00
2026-07-13,18:13:11,47646,1723.33,14.8563,133,34.00
2026-07-13,18:13:21,47656,1710.00,14.7414,136,34.00
2026-07-13,18:13:31,47666,1683.33,14.5115,132,34.00
2026-07-13,18:13:41,47676,1660.00,14.3103,130,34.00
2026-07-13,18:13:51,47686,1640.00,14.1379,132,34.00
2026-07-13,18:14:01,47696,1620.00,13.9655,131,34.00
2026-07-13,18:14:11,47706,1600.00,13.7931,135,34.00
2026-07-13,18:14:21,47716,1580.00,13.6207,130,34.00
2026-07-13,18:14:31,47726,1556.67,13.4195,128,34.00
2026-07-13,18:14:41,47736,1536.67,13.2471,128,34.00
2026-07-13,18:14:51,47746,1520.00,13.1034,132,33.00
2026-07-13,18:15:01,47756,1500.00,12.9310,130,34.00
2026-07-13,18:15:11,47766,1483.33,12.7874,132,34.00
2026-07-13,18:15:21,47776,1466.67,12.6437,132,33.00
2026-07-13,18:15:31,47786,1453.33,12.5287,125,33.00
2026-07-13,18:15:41,47796,1440.00,12.4138,133,33.00
2026-07-13,18:15:51,47806,1430.00,12.3276,121,33.00
2026-07-13,18:16:01,47816,1420.00,12.2414,124,33.00
2026-07-13,18:16:11,47826,1410.00,12.1552,122,33.00
2026-07-13,18:16:21,47836,1400.00,12.0690,124,33.00
2026-07-13,18:16:31,47846,1393.33,12.0115,123,33.00
2026-07-13,18:16:41,47856,1386.67,11.9540,118,33.00
2026-07-13,18:16:51,47866,1383.33,11.9253,123,33.00
2026-07-13,18:17:01,47876,1380.00,11.8966,119,33.00
2026-07-13,18:17:11,47886,1380.00,11.8966,122,33.00
2026-07-13,18:17:21,47896,1376.67,11.8678,124,33.00
2026-07-13,18:17:31,47906,1376.67,11.8678,133,33.00
2026-07-13,18:17:41,47916,1376.67,11.8678,131,33.00
2026-07-13,18:17:51,47926,1376.67,11.8678,131,33.00
2026-07-13,18:18:01,47936,1376.67,11.8678,126,33.00
2026-07-13,18:18:11,47946,1380.00,11.8966,127,33.00
2026-07-13,18:18:21,47956,1383.33,11.9253,128,33.00
2026-07-13,18:18:31,47966,1386.67,11.9540,134,33.00
2026-07-13,18:18:41,47976,1386.67,11.9540,138,33.00
2026-07-13,18:18:51,47986,1390.00,11.9828,129,33.00
2026-07-13,18:19:01,47996,1390.00,11.9828,132,33.00
2026-07-13,18:19:11,48006,1393.33,12.0115,133,33.00
2026-07-13,18:19:21,48016,1393.33,12.0115,138,33.00
2026-07-13,18:19:31,48026,1393.33,12.0115,130,33.00
2026-07-13,18:19:41,48036,1396.67,12.0402,129,33.00
2026-07-13,18:19:51,48046,1400.00,12.0690,124,33.00
2026-07-13,18:20:01,48056,1396.67,12.0402,131,33.00
2026-07-13,18:20:11,48066,1400.00,12.0690,124,33.00
2026-07-13,18:20:20,48076,1400.00,12.0690,122,33.00
2026-07-13,18:20:30,48086,1403.33,12.0977,124,33.00
2026-07-13,18:20:40,48096,1400.00,12.0690,123,33.00
2026-07-13,18:20:50,48106,1400.00,12.0690,121,33.00
2026-07-13,18:21:00,48116,1400.00,12.0690,116,33.00
2026-07-13,18:21:10,48126,1400.00,12.0690,119,33.00
2026-07-13,18:21:20,48136,1396.67,12.0402,120,33.00
2026-07-13,18:21:30,48146,1396.67,12.0402,131,33.00
2026-07-13,18:21:40,48156,1393.33,12.0115,122,33.00
2026-07-13,18:21:50,48166,1390.00,11.9828,131,33.00
2026-07-13,18:22:00,48176,1383.33,11.9253,131,33.00
2026-07-13,18:22:10,48186,1380.00,11.8966,142,33.00
2026-07-13,18:22:20,48196,1376.67,11.8678,138,33.00
2026-07-13,18:22:30,48206,1373.33,11.8391,135,33.00
2026-07-13,18:22:40,48216,1366.67,11.7816,135,33.00
2026-07-13,18:22:50,48226,1360.00,11.7241,132,33.00
2026-07-13,18:23:00,48236,1353.33,11.6667,130,33.00
2026-07-13,18:23:10,48246,1350.00,11.6379,136,33.00
2026-07-13,18:23:20,48256,1343.33,11.5805,134,33.00
2026-07-13,18:23:30,48266,1340.00,11.5517,125,33.00
2026-07-13,18:23:40,48276,1333.33,11.4943,130,33.00
2026-07-13,18:23:50,48286,1323.33,11.4080,127,33.00
2026-07-13,18:24:00,48296,1320.00,11.3793,125,33.00
2026-07-13,18:24:10,48306,1313.33,11.3218,129,33.00
2026-07-13,18:24:20,48316,1303.33,11.2356,131,33.00
2026-07-13,18:24:30,48326,1296.67,11.1782,130,33.00
2026-07-13,18:24:40,48336,1290.00,11.1207,131,33.00
2026-07-13,18:24:50,48346,1283.33,11.0632,134,33.00
2026-07-13,18:25:00,48356,1280.00,11.0345,136,33.00
2026-07-13,18:25:10,48366,1260.00,10.8621,139,33.00
2026-07-13,18:25:20,48376,1250.00,10.7759,135,33.00
2026-07-13,18:25:30,48386,1246.67,10.7471,132,33.00
2026-07-13,18:25:40,48396,1236.67,10.6609,137,33.00
2026-07-13,18:25:50,48406,1230.00,10.6034,131,33.00
2026-07-13,18:26:00,48416,1223.33,10.5460,136,33.00
2026-07-13,18:26:10,48426,1216.67,10.4885,134,33.00
2026-07-13,18:26:20,48436,1210.00,10.4310,131,33.00
2026-07-13,18:26:30,48446,1203.33,10.3736,127,33.00
2026-07-13,18:26:40,48456,1196.67,10.3161,134,33.00
2026-07-13,18:26:50,48466,1190.00,10.2586,134,33.00
2026-07-13,18:27:00,48476,1180.00,10.1724,135,33.00
2026-07-13,18:27:10,48486,1176.67,10.1437,140,33.00
2026-07-13,18:27:20,48496,1170.00,10.0862,136,33.00
2026-07-13,18:27:30,48506,1163.33,10.0287,137,33.00
2026-07-13,18:27:40,48516,1160.00,10.0000,137,33.00
2026-07-13,18:27:50,48526,1153.33,9.9425,130,33.00
2026-07-13,18:28:00,48536,1146.67,9.8851,130,33.00
2026-07-13,18:28:10,48546,1140.00,9.8276,136,33.00
2026-07-13,18:28:20,48556,1133.33,9.7701,132,33.00
2026-07-13,18:28:30,48566,1130.00,9.7414,135,33.00
2026-07-13,18:28:40,48576,1123.33,9.6839,132,33.00
2026-07-13,18:28:50,48586,1116.67,9.6264,131,33.00
2026-07-13,18:29:00,48596,1110.00,9.5690,124,33.00
2026-07-13,18:29:10,48606,1103.33,9.5115,130,33.00
2026-07-13,18:29:20,48616,1096.67,9.4540,126,33.00
2026-07-13,18:29:30,48626,1086.67,9.3678,126,33.00
2026-07-13,18:29:40,48636,1076.67,9.2816,128,33.00
2026-07-13,18:29:50,48646,1066.67,9.1954,132,33.00
2026-07-13,18:30:00,48656,1056.67,9.1092,133,33.00
2026-07-13,18:30:10,48666,1043.33,8.9943,132,33.00
2026-07-13,18:30:20,48676,1030.00,8.8793,125,33.00
2026-07-13,18:30:30,48686,1016.67,8.7644,130,33.00
2026-07-13,18:30:40,48696,1003.33,8.6494,126,33.00
2026-07-13,18:30:49,48706,990.00,8.5345,127,33.00
2026-07-13,18:30:59,48716,970.00,8.3621,131,33.00
2026-07-13,18:31:09,48726,953.33,8.2184,127,33.00
2026-07-13,18:31:19,48736,936.67,8.0747,129,33.00
2026-07-13,18:31:29,48746,920.00,7.9310,131,33.00
2026-07-13,18:31:39,48756,903.33,7.7874,134,33.00
2026-07-13,18:31:49,48766,883.33,7.6149,123,33.00
2026-07-13,18:31:59,48776,866.67,7.4713,131,33.00
2026-07-13,18:32:09,48786,853.33,7.3563,129,33.00
2026-07-13,18:32:19,48796,820.00,7.0690,126,33.00
2026-07-13,18:32:29,48806,806.67,6.9540,127,33.00
2026-07-13,18:32:39,48816,790.00,6.8103,124,33.00
2026-07-13,18:32:49,48826,776.67,6.6954,127,33.00
2026-07-13,18:32:59,48836,763.33,6.5805,129,33.00
2026-07-13,18:33:09,48846,750.00,6.4655,132,33.00
2026-07-13,18:33:19,48856,736.67,6.3506,125,33.00
2026-07-13,18:33:29,48866,723.33,6.2356,127,33.00
2026-07-13,18:33:39,48876,713.33,6.1494,126,33.00
2026-07-13,18:33:49,48886,700.00,6.0345,134,33.00
2026-07-13,18:33:59,48896,686.67,5.9195,134,33.00
2026-07-13,18:34:09,48906,676.67,5.8333,136,33.00
2026-07-13,18:34:19,48916,663.33,5.7184,130,33.00
2026-07-13,18:34:29,48926,650.00,5.6034,129,33.00
2026-07-13,18:34:39,48936,633.33,5.4598,137,33.00
