date,time,elapsed_s,lux,irradiance_wm2,blue_channel,temp_c
2026-07-12,05:00:05,0,3.33,0.0287,115,30.00
2026-07-12,05:00:15,10,3.33,0.0287,137,29.00
2026-07-12,05:00:25,20,6.67,0.0575,155,28.00
2026-07-12,05:00:35,30,6.67,0.0575,152,29.00
2026-07-12,05:00:45,40,6.67,0.0575,156,29.00
2026-07-12,05:00:55,50,6.67,0.0575,161,29.00
2026-07-12,05:01:05,60,6.67,0.0575,169,28.00
2026-07-12,05:01:15,70,10.00,0.0862,172,28.00
2026-07-12,05:01:25,80,10.00,0.0862,124,28.00
2026-07-12,05:01:35,90,10.00,0.0862,129,29.00
2026-07-12,05:01:45,100,10.00,0.0862,137,29.00
2026-07-12,05:01:55,110,13.33,0.1149,127,29.00
2026-07-12,05:02:05,120,10.00,0.0862,130,29.00
2026-07-12,05:02:15,130,13.33,0.1149,132,28.00
2026-07-12,05:02:25,140,13.33,0.1149,139,28.00
2026-07-12,05:02:35,150,16.67,0.1437,147,29.00
2026-07-12,05:02:45,160,16.67,0.1437,149,29.00
2026-07-12,05:02:55,170,16.67,0.1437,156,29.00
2026-07-12,05:03:05,180,16.67,0.1437,153,29.00
2026-07-12,05:03:15,190,20.00,0.1724,137,29.00
2026-07-12,05:03:25,200,16.67,0.1437,129,29.00
2026-07-12,05:03:35,210,20.00,0.1724,132,29.00
2026-07-12,05:03:45,220,20.00,0.1724,124,29.00
2026-07-12,05:03:55,230,20.00,0.1724,132,29.00
2026-07-12,05:04:05,240,23.33,0.2011,124,29.00
2026-07-12,05:04:15,250,23.33,0.2011,126,29.00
2026-07-12,05:04:24,260,23.33,0.2011,131,29.00
2026-07-12,05:04:34,270,26.67,0.2299,128,29.00
2026-07-12,05:04:44,280,26.67,0.2299,133,29.00
2026-07-12,05:04:54,290,30.00,0.2586,134,29.00
2026-07-12,05:05:04,300,30.00,0.2586,138,28.00
2026-07-12,05:05:14,310,30.00,0.2586,134,29.00
2026-07-12,05:05:24,320,26.67,0.2299,125,29.00
2026-07-12,05:05:34,330,26.67,0.2299,129,29.00
2026-07-12,05:05:44,340,30.00,0.2586,123,29.00
2026-07-12,05:05:54,350,30.00,0.2586,129,29.00
2026-07-12,05:06:04,360,33.33,0.2874,125,29.00
2026-07-12,05:06:14,370,36.67,0.3161,134,29.00
2026-07-12,05:06:24,380,36.67,0.3161,130,29.00
2026-07-12,05:06:34,390,40.00,0.3448,126,29.00
2026-07-12,05:06:44,400,40.00,0.3448,128,29.00
2026-07-12,05:06:54,410,46.67,0.4023,130,28.00
2026-07-12,05:07:04,420,46.67,0.4023,129,29.00
2026-07-12,05:07:14,430,50.00,0.4310,131,29.00
2026-07-12,05:07:24,440,50.00,0.4310,127,29.00
2026-07-12,05:07:34,450,53.33,0.4598,133,29.00
2026-07-12,05:07:44,460,53.33,0.4598,131,29.00
2026-07-12,05:07:54,470,53.33,0.4598,130,29.00
2026-07-12,05:08:04,480,53.33,0.4598,128,29.00
2026-07-12,05:08:14,490,53.33,0.4598,129,29.00
2026-07-12,05:08:24,500,53.33,0.4598,130,29.00
2026-07-12,05:08:34,510,56.67,0.4885,136,29.00
2026-07-12,05:08:44,520,53.33,0.4598,129,29.00
2026-07-12,05:08:54,530,56.67,0.4885,131,29.00
2026-07-12,05:09:04,540,56.67,0.4885,126,29.00
2026-07-12,05:09:14,550,60.00,0.5172,136,29.00
2026-07-12,05:09:24,560,56.67,0.4885,126,29.00
2026-07-12,05:09:34,570,60.00,0.5172,129,29.00
2026-07-12,05:09:44,580,60.00,0.5172,126,29.00
2026-07-12,05:09:54,590,60.00,0.5172,127,29.00
2026-07-12,05:10:04,600,63.33,0.5460,136,29.00
2026-07-12,05:10:14,610,66.67,0.5747,126,29.00
2026-07-12,05:10:24,620,66.67,0.5747,133,29.00
2026-07-12,05:10:34,630,66.67,0.5747,129,29.00
2026-07-12,05:10:44,640,66.67,0.5747,123,29.00
2026-07-12,05:10:54,650,66.67,0.5747,126,29.00
2026-07-12,05:11:04,660,66.67,0.5747,131,29.00
2026-07-12,05:11:14,670,70.00,0.6034,129,29.00
2026-07-12,05:11:24,680,76.67,0.6609,131,29.00
2026-07-12,05:11:34,690,80.00,0.6897,129,29.00
2026-07-12,05:11:44,700,83.33,0.7184,129,29.00
2026-07-12,05:11:54,710,83.33,0.7184,131,29.00
2026-07-12,05:12:04,720,83.33,0.7184,127,29.00
2026-07-12,05:12:14,730,90.00,0.7759,134,29.00
2026-07-12,05:12:24,740,93.33,0.8046,134,29.00
2026-07-12,05:12:34,750,96.67,0.8333,127,29.00
2026-07-12,05:12:44,760,100.00,0.8621,135,29.00
2026-07-12,05:12:54,770,103.33,0.8908,134,29.00
2026-07-12,05:13:04,780,103.33,0.8908,132,29.00
2026-07-12,05:13:14,790,106.67,0.9195,134,29.00
2026-07-12,05:13:24,800,106.67,0.9195,133,29.00
2026-07-12,05:13:34,810,110.00,0.9483,133,29.00
2026-07-12,05:13:44,820,110.00,0.9483,133,29.00
2026-07-12,05:13:54,830,110.00,0.9483,130,29.00
2026-07-12,05:14:04,840,110.00,0.9483,135,29.00
2026-07-12,05:14:14,850,110.00,0.9483,134,29.00
2026-07-12,05:14:24,860,106.67,0.9195,129,29.00
2026-07-12,05:14:34,870,103.33,0.8908,134,29.00
2026-07-12,05:14:43,880,100.00,0.8621,127,29.00
2026-07-12,05:14:53,890,93.33,0.8046,127,29.00
2026-07-12,05:15:03,900,90.00,0.7759,136,29.00
2026-07-12,05:15:13,910,86.67,0.7471,131,29.00
2026-07-12,05:15:23,920,86.67,0.7471,127,29.00
2026-07-12,05:15:33,930,86.67,0.7471,132,29.00
2026-07-12,05:15:43,940,83.33,0.7184,136,29.00
2026-07-12,05:15:53,950,80.00,0.6897,128,29.00
2026-07-12,05:16:03,960,76.67,0.6609,130,29.00
2026-07-12,05:16:13,970,76.67,0.6609,131,29.00
2026-07-12,05:16:23,980,83.33,0.7184,131,29.00
2026-07-12,05:16:33,990,93.33,0.8046,134,29.00
2026-07-12,05:16:43,1000,100.00,0.8621,131,29.00
2026-07-12,05:16:53,1010,106.67,0.9195,128,29.00
2026-07-12,05:17:03,1020,106.67,0.9195,132,29.00
2026-07-12,05:17:13,1030,103.33,0.8908,135,29.00
2026-07-12,05:17:23,1040,100.00,0.8621,130,29.00
2026-07-12,05:17:33,1050,103.33,0.8908,125,29.00
2026-07-12,05:17:43,1060,106.67,0.9195,134,29.00
2026-07-12,05:17:53,1070,106.67,0.9195,134,29.00
2026-07-12,05:18:03,1080,110.00,0.9483,132,29.00
2026-07-12,05:18:13,1090,113.33,0.9770,133,29.00
2026-07-12,05:18:23,1100,113.33,0.9770,139,29.00
2026-07-12,05:18:33,1110,106.67,0.9195,132,29.00
2026-07-12,05:18:43,1120,103.33,0.8908,121,29.00
2026-07-12,05:18:53,1130,103.33,0.8908,133,29.00
2026-07-12,05:19:03,1140,103.33,0.8908,128,29.00
2026-07-12,05:19:13,1150,106.67,0.9195,132,29.00
2026-07-12,05:19:23,1160,110.00,0.9483,129,29.00
2026-07-12,05:19:33,1170,113.33,0.9770,133,29.00
2026-07-12,05:19:43,1180,110.00,0.9483,131,29.00
2026-07-12,05:19:53,1190,100.00,0.8621,126,29.00
2026-07-12,05:20:03,1200,96.67,0.8333,131,29.00
2026-07-12,05:20:13,1210,100.00,0.8621,127,29.00
2026-07-12,05:20:23,1220,103.33,0.8908,135,29.00
2026-07-12,05:20:33,1230,106.67,0.9195,131,29.00
2026-07-12,05:20:43,1240,103.33,0.8908,126,29.00
2026-07-12,05:20:53,1250,103.33,0.8908,132,29.00
2026-07-12,05:21:03,1260,103.33,0.8908,127,29.00
2026-07-12,05:21:13,1270,110.00,0.9483,130,29.00
2026-07-12,05:21:23,1280,116.67,1.0057,128,29.00
2026-07-12,05:21:33,1290,123.33,1.0632,130,29.00
2026-07-12,05:21:43,1300,123.33,1.0632,133,29.00
2026-07-12,05:21:53,1310,126.67,1.0920,127,29.00
2026-07-12,05:22:03,1320,123.33,1.0632,129,29.00
2026-07-12,05:22:13,1330,126.67,1.0920,132,29.00
2026-07-12,05:22:23,1340,126.67,1.0920,134,29.00
2026-07-12,05:22:33,1350,133.33,1.1494,128,29.00
2026-07-12,05:22:43,1360,143.33,1.2356,131,29.00
2026-07-12,05:22:53,1370,150.00,1.2931,134,29.00
2026-07-12,05:23:03,1380,150.00,1.2931,131,29.00
2026-07-12,05:23:13,1390,150.00,1.2931,139,29.00
2026-07-12,05:23:23,1400,150.00,1.2931,130,29.00
2026-07-12,05:23:33,1410,150.00,1.2931,135,29.00
2026-07-12,05:23:43,1420,153.33,1.3218,136,29.00
2026-07-12,05:23:53,1430,153.33,1.3218,137,29.00
2026-07-12,05:24:03,1440,153.33,1.3218,134,29.00
2026-07-12,05:24:13,1450,156.67,1.3506,122,29.00
2026-07-12,05:24:23,1460,156.67,1.3506,132,29.00
2026-07-12,05:24:33,1470,163.33,1.4080,135,29.00
2026-07-12,05:24:43,1480,166.67,1.4368,135,29.00
2026-07-12,05:24:53,1490,170.00,1.4655,137,29.00
2026-07-12,05:25:03,1500,166.67,1.4368,136,29.00
2026-07-12,05:25:13,1510,160.00,1.3793,135,29.00
2026-07-12,05:25:22,1520,153.33,1.3218,134,29.00
2026-07-12,05:25:32,1530,150.00,1.2931,136,29.00
2026-07-12,05:25:42,1540,150.00,1.2931,131,29.00
2026-07-12,05:25:52,1550,153.33,1.3218,135,29.00
2026-07-12,05:26:02,1560,153.33,1.3218,137,29.00
2026-07-12,05:26:12,1570,156.67,1.3506,134,29.00
2026-07-12,05:26:22,1580,160.00,1.3793,132,29.00
2026-07-12,05:26:32,1590,166.67,1.4368,130,29.00
2026-07-12,05:26:42,1600,166.67,1.4368,126,29.00
2026-07-12,05:26:52,1610,166.67,1.4368,129,29.00
2026-07-12,05:27:02,1620,166.67,1.4368,127,29.00
2026-07-12,05:27:12,1630,166.67,1.4368,130,29.00
2026-07-12,05:27:22,1640,166.67,1.4368,129,29.00
2026-07-12,05:27:32,1650,166.67,1.4368,137,29.00
2026-07-12,05:27:42,1660,170.00,1.4655,128,29.00
2026-07-12,05:27:52,1670,176.67,1.5230,133,29.00
2026-07-12,05:28:02,1680,183.33,1.5805,124,29.00
2026-07-12,05:28:12,1690,183.33,1.5805,129,29.00
2026-07-12,05:28:22,1700,176.67,1.5230,130,29.00
2026-07-12,05:28:32,1710,170.00,1.4655,135,29.00
2026-07-12,05:28:42,1720,166.67,1.4368,133,29.00
2026-07-12,05:28:52,1730,163.33,1.4080,134,29.00
2026-07-12,05:29:02,1740,166.67,1.4368,134,29.00
2026-07-12,05:29:12,1750,176.67,1.5230,132,29.00
2026-07-12,05:29:22,1760,190.00,1.6379,130,29.00
2026-07-12,05:29:32,1770,196.67,1.6954,130,29.00
2026-07-12,05:29:42,1780,196.67,1.6954,127,29.00
2026-07-12,05:29:52,1790,196.67,1.6954,137,29.00
2026-07-12,05:30:02,1800,206.67,1.7816,126,29.00
2026-07-12,05:30:12,1810,213.33,1.8391,138,29.00
2026-07-12,05:30:22,1820,213.33,1.8391,136,29.00
2026-07-12,05:30:32,1830,213.33,1.8391,138,29.00
2026-07-12,05:30:42,1840,213.33,1.8391,127,29.00
2026-07-12,05:30:52,1850,213.33,1.8391,133,29.00
2026-07-12,05:31:02,1860,206.67,1.7816,132,29.00
2026-07-12,05:31:12,1870,210.00,1.8103,132,29.00
2026-07-12,05:31:22,1880,216.67,1.8678,129,29.00
2026-07-12,05:31:32,1890,223.33,1.9253,127,29.00
2026-07-12,05:31:42,1900,223.33,1.9253,132,29.00
2026-07-12,05:31:52,1910,223.33,1.9253,134,29.00
2026-07-12,05:32:02,1920,216.67,1.8678,135,29.00
2026-07-12,05:32:12,1930,210.00,1.8103,126,29.00
2026-07-12,05:32:22,1940,203.33,1.7529,128,29.00
2026-07-12,05:32:32,1950,200.00,1.7241,133,29.00
2026-07-12,05:32:42,1960,203.33,1.7529,131,29.00
2026-07-12,05:32:52,1970,213.33,1.8391,127,29.00
2026-07-12,05:33:02,1980,220.00,1.8966,132,29.00
2026-07-12,05:33:12,1990,226.67,1.9540,141,29.00
2026-07-12,05:33:22,2000,223.33,1.9253,135,29.00
2026-07-12,05:33:32,2010,223.33,1.9253,127,29.00
2026-07-12,05:33:42,2020,220.00,1.8966,134,29.00
2026-07-12,05:33:52,2030,220.00,1.8966,130,29.00
2026-07-12,05:34:02,2040,220.00,1.8966,128,29.00
2026-07-12,05:34:12,2050,216.67,1.8678,133,29.00
2026-07-12,05:34:22,2060,213.33,1.8391,131,29.00
2026-07-12,05:34:32,2070,220.00,1.8966,133,29.00
2026-07-12,05:34:42,2080,223.33,1.9253,136,29.00
2026-07-12,05:34:52,2090,220.00,1.8966,138,29.00
2026-07-12,05:35:02,2100,220.00,1.8966,132,29.00
2026-07-12,05:35:12,2110,216.67,1.8678,135,29.00
2026-07-12,05:35:22,2120,216.67,1.8678,135,29.00
2026-07-12,05:35:32,2130,216.67,1.8678,136,29.00
2026-07-12,05:35:42,2140,213.33,1.8391,131,29.00
2026-07-12,05:35:52,2150,216.67,1.8678,134,29.00
2026-07-12,05:36:02,2160,216.67,1.8678,130,29.00
2026-07-12,05:36:11,2170,213.33,1.8391,125,29.00
2026-07-12,05:36:21,2180,210.00,1.8103,130,29.00
2026-07-12,05:36:31,2190,210.00,1.8103,134,29.00
2026-07-12,05:36:41,2200,210.00,1.8103,129,29.00
2026-07-12,05:36:51,2210,216.67,1.8678,126,29.00
2026-07-12,05:37:01,2220,220.00,1.8966,131,29.00
2026-07-12,05:37:11,2230,223.33,1.9253,133,29.00
2026-07-12,05:37:21,2240,223.33,1.9253,132,29.00
2026-07-12,05:37:31,2250,223.33,1.9253,135,29.00
2026-07-12,05:37:41,2260,223.33,1.9253,133,29.00
2026-07-12,05:37:51,2270,220.00,1.8966,134,29.00
2026-07-12,05:38:01,2280,220.00,1.8966,133,29.00
2026-07-12,05:38:11,2290,220.00,1.8966,133,29.00
2026-07-12,05:38:21,2300,220.00,1.8966,132,29.00
2026-07-12,05:38:31,2310,220.00,1.8966,130,29.00
2026-07-12,05:38:41,2320,216.67,1.8678,128,29.00
2026-07-12,05:38:51,2330,216.67,1.8678,131,29.00
2026-07-12,05:39:01,2340,213.33,1.8391,132,29.00
2026-07-12,05:39:11,2350,216.67,1.8678,127,29.00
2026-07-12,05:39:21,2360,220.00,1.8966,135,29.00
2026-07-12,05:39:31,2370,223.33,1.9253,135,29.00
2026-07-12,05:39:41,2380,226.67,1.9540,135,29.00
2026-07-12,05:39:51,2390,230.00,1.9828,132,29.00
2026-07-12,05:40:01,2400,230.00,1.9828,133,29.00
2026-07-12,05:40:11,2410,230.00,1.9828,128,29.00
2026-07-12,05:40:21,2420,230.00,1.9828,127,29.00
2026-07-12,05:40:31,2430,233.33,2.0115,133,29.00
2026-07-12,05:40:41,2440,243.33,2.0977,128,29.00
2026-07-12,05:40:51,2450,250.00,2.1552,132,29.00
2026-07-12,05:41:01,2460,256.67,2.2126,130,29.00
2026-07-12,05:41:11,2470,256.67,2.2126,131,29.00
2026-07-12,05:41:21,2480,263.33,2.2701,127,29.00
2026-07-12,05:41:31,2490,270.00,2.3276,131,29.00
2026-07-12,05:41:41,2500,280.00,2.4138,130,29.00
2026-07-12,05:41:51,2510,290.00,2.5000,130,29.00
2026-07-12,05:42:01,2520,293.33,2.5287,127,29.00
2026-07-12,05:42:11,2530,303.33,2.6149,131,29.00
2026-07-12,05:42:21,2540,306.67,2.6437,132,29.00
2026-07-12,05:42:31,2550,313.33,2.7011,129,29.00
2026-07-12,05:42:41,2560,320.00,2.7586,129,29.00
2026-07-12,05:42:51,2570,326.67,2.8161,132,29.00
2026-07-12,05:43:01,2580,326.67,2.8161,135,29.00
2026-07-12,05:43:11,2590,333.33,2.8736,130,29.00
2026-07-12,05:43:21,2600,336.67,2.9023,122,29.00
2026-07-12,05:43:31,2610,340.00,2.9310,128,29.00
2026-07-12,05:43:41,2620,343.33,2.9598,130,29.00
2026-07-12,05:43:51,2630,346.67,2.9885,133,29.00
2026-07-12,05:44:01,2640,346.67,2.9885,131,29.00
2026-07-12,05:44:11,2650,346.67,2.9885,131,29.00
2026-07-12,05:44:21,2660,350.00,3.0172,131,29.00
2026-07-12,05:44:31,2670,353.33,3.0460,127,29.00
2026-07-12,05:44:41,2680,350.00,3.0172,131,29.00
2026-07-12,05:44:51,2690,350.00,3.0172,134,29.00
2026-07-12,05:45:01,2700,350.00,3.0172,135,29.00
2026-07-12,05:45:11,2710,350.00,3.0172,133,29.00
2026-07-12,05:45:21,2720,353.33,3.0460,124,29.00
2026-07-12,05:45:31,2730,353.33,3.0460,127,29.00
2026-07-12,05:45:41,2740,356.67,3.0747,123,29.00
2026-07-12,05:45:51,2750,356.67,3.0747,133,29.00
2026-07-12,05:46:00,2760,360.00,3.1034,126,29.00
2026-07-12,05:46:10,2770,360.00,3.1034,126,29.00
2026-07-12,05:46:20,2780,360.00,3.1034,129,29.00
2026-07-12,05:46:30,2790,360.00,3.1034,121,29.00
2026-07-12,05:46:40,2800,360.00,3.1034,137,29.00
2026-07-12,05:46:50,2810,363.33,3.1322,136,29.00
2026-07-12,05:47:00,2820,363.33,3.1322,122,29.00
2026-07-12,05:47:10,2830,366.67,3.1609,131,29.00
2026-07-12,05:47:20,2840,366.67,3.1609,126,29.00
2026-07-12,05:47:30,2850,366.67,3.1609,132,29.00
2026-07-12,05:47:40,2860,366.67,3.1609,123,29.00
2026-07-12,05:47:50,2870,366.67,3.1609,131,29.00
2026-07-12,05:48:00,2880,363.33,3.1322,130,29.00
2026-07-12,05:48:10,2890,363.33,3.1322,138,29.00
2026-07-12,05:48:20,2900,360.00,3.1034,133,29.00
2026-07-12,05:48:30,2910,356.67,3.0747,130,29.00
2026-07-12,05:48:40,2920,353.33,3.0460,125,29.00
2026-07-12,05:48:50,2930,353.33,3.0460,132,29.00
2026-07-12,05:49:00,2940,350.00,3.0172,130,29.00
2026-07-12,05:49:10,2950,346.67,2.9885,126,29.00
2026-07-12,05:49:20,2960,343.33,2.9598,126,29.00
2026-07-12,05:49:30,2970,340.00,2.9310,129,29.00
2026-07-12,05:49:40,2980,336.67,2.9023,127,29.00
2026-07-12,05:49:50,2990,336.67,2.9023,131,29.00
2026-07-12,05:50:00,3000,336.67,2.9023,130,29.00
2026-07-12,05:50:10,3010,336.67,2.9023,127,29.00
2026-07-12,05:50:20,3020,336.67,2.9023,128,29.00
2026-07-12,05:50:30,3030,340.00,2.9310,133,29.00
2026-07-12,05:50:40,3040,343.33,2.9598,128,29.00
2026-07-12,05:50:50,3050,343.33,2.9598,133,29.00
2026-07-12,05:51:00,3060,346.67,2.9885,128,29.00
2026-07-12,05:51:10,3070,346.67,2.9885,133,29.00
2026-07-12,05:51:20,3080,350.00,3.0172,130,29.00
2026-07-12,05:51:30,3090,353.33,3.0460,135,29.00
2026-07-12,05:51:40,3100,353.33,3.0460,136,29.00
2026-07-12,05:51:50,3110,356.67,3.0747,130,29.00
2026-07-12,05:52:00,3120,360.00,3.1034,122,29.00
2026-07-12,05:52:10,3130,363.33,3.1322,137,29.00
2026-07-12,05:52:20,3140,363.33,3.1322,130,29.00
2026-07-12,05:52:30,3150,366.67,3.1609,134,29.00
2026-07-12,05:52:40,3160,366.67,3.1609,130,29.00
2026-07-12,05:52:50,3170,366.67,3.1609,125,29.00
2026-07-12,05:53:00,3180,370.00,3.1897,129,29.00
2026-07-12,05:53:10,3190,370.00,3.1897,136,29.00
2026-07-12,05:53:20,3200,373.33,3.2184,131,29.00
2026-07-12,05:53:30,3210,376.67,3.2471,129,29.00
2026-07-12,05:53:40,3220,376.67,3.2471,130,29.00
2026-07-12,05:53:50,3230,380.00,3.2759,128,29.00
2026-07-12,05:54:00,3240,380.00,3.2759,126,29.00
2026-07-12,05:54:10,3250,383.33,3.3046,140,29.00
2026-07-12,05:54:20,3260,383.33,3.3046,133,29.00
2026-07-12,05:54:30,3270,390.00,3.3621,135,29.00
2026-07-12,05:54:40,3280,393.33,3.3908,131,29.00
2026-07-12,05:54:50,3290,400.00,3.4483,132,29.00
2026-07-12,05:55:00,3300,403.33,3.4770,127,29.00
2026-07-12,05:55:10,3310,426.67,3.6782,130,29.00
2026-07-12,05:55:20,3320,433.33,3.7356,135,29.00
2026-07-12,05:55:30,3330,440.00,3.7931,127,29.00
2026-07-12,05:55:40,3340,446.67,3.8506,126,29.00
2026-07-12,05:55:50,3350,453.33,3.9080,122,29.00
2026-07-12,05:56:00,3360,460.00,3.9655,127,29.00
2026-07-12,05:56:09,3370,470.00,4.0517,128,29.00
2026-07-12,05:56:19,3380,480.00,4.1379,127,29.00
2026-07-12,05:56:29,3390,486.67,4.1954,130,29.00
2026-07-12,05:56:39,3400,500.00,4.3103,121,29.00
2026-07-12,05:56:49,3410,510.00,4.3966,129,29.00
2026-07-12,05:56:59,3420,520.00,4.4828,133,29.00
2026-07-12,05:57:09,3430,530.00,4.5690,131,29.00
2026-07-12,05:57:19,3440,536.67,4.6264,128,29.00
2026-07-12,05:57:29,3450,550.00,4.7414,130,29.00
2026-07-12,05:57:39,3460,556.67,4.7989,130,29.00
2026-07-12,05:57:49,3470,566.67,4.8851,124,29.00
2026-07-12,05:57:59,3480,573.33,4.9425,128,29.00
2026-07-12,05:58:09,3490,583.33,5.0287,129,29.00
2026-07-12,05:58:19,3500,590.00,5.0862,123,29.00
2026-07-12,05:58:29,3510,593.33,5.1149,123,29.00
2026-07-12,05:58:39,3520,596.67,5.1437,125,29.00
2026-07-12,05:58:49,3530,600.00,5.1724,130,29.00
2026-07-12,05:58:59,3540,603.33,5.2011,127,29.00
2026-07-12,05:59:09,3550,603.33,5.2011,135,29.00
2026-07-12,05:59:19,3560,606.67,5.2299,137,29.00
2026-07-12,05:59:29,3570,613.33,5.2874,130,29.00
2026-07-12,05:59:39,3580,613.33,5.2874,131,29.00
2026-07-12,05:59:49,3590,620.00,5.3448,128,29.00
2026-07-12,05:59:59,3600,620.00,5.3448,125,29.00
2026-07-12,06:00:09,3610,626.67,5.4023,130,29.00
2026-07-12,06:00:19,3620,626.67,5.4023,135,29.00
2026-07-12,06:00:29,3630,630.00,5.4310,130,29.00
2026-07-12,06:00:39,3640,636.67,5.4885,127,29.00
2026-07-12,06:00:49,3650,640.00,5.5172,127,29.00
2026-07-12,06:00:59,3660,643.33,5.5460,129,29.00
2026-07-12,06:01:09,3670,653.33,5.6322,130,29.00
2026-07-12,06:01:19,3680,660.00,5.6897,131,29.00
2026-07-12,06:01:29,3690,666.67,5.7471,126,29.00
2026-07-12,06:01:39,3700,676.67,5.8333,126,29.00
2026-07-12,06:01:49,3710,686.67,5.9195,131,29.00
2026-07-12,06:01:59,3720,696.67,6.0057,135,29.00
2026-07-12,06:02:09,3730,706.67,6.0920,129,29.00
2026-07-12,06:02:19,3740,720.00,6.2069,127,29.00
2026-07-12,06:02:29,3750,733.33,6.3218,130,29.00
2026-07-12,06:02:39,3760,746.67,6.4368,125,29.00
2026-07-12,06:02:49,3770,763.33,6.5805,125,29.00
2026-07-12,06:02:59,3780,776.67,6.6954,129,29.00
2026-07-12,06:03:09,3790,786.67,6.7816,132,29.00
2026-07-12,06:03:19,3800,790.00,6.8103,133,29.00
2026-07-12,06:03:29,3810,803.33,6.9253,136,29.00
2026-07-12,06:03:39,3820,820.00,7.0690,131,29.00
2026-07-12,06:03:49,3830,853.33,7.3563,136,29.00
2026-07-12,06:03:59,3840,883.33,7.6149,135,29.00
2026-07-12,06:04:09,3850,920.00,7.9310,132,29.00
2026-07-12,06:04:19,3860,946.67,8.1609,135,29.00
2026-07-12,06:04:29,3870,973.33,8.3908,134,29.00
2026-07-12,06:04:39,3880,996.67,8.5920,132,29.00
2026-07-12,06:04:49,3890,1020.00,8.7931,130,29.00
2026-07-12,06:04:59,3900,1046.67,9.0230,129,29.00
2026-07-12,06:05:09,3910,1076.67,9.2816,137,29.00
2026-07-12,06:05:19,3920,1106.67,9.5402,131,29.00
2026-07-12,06:05:29,3930,1140.00,9.8276,140,29.00
2026-07-12,06:05:39,3940,1163.33,10.0287,137,29.00
2026-07-12,06:05:49,3950,1196.67,10.3161,135,29.00
2026-07-12,06:05:59,3960,1226.67,10.5747,138,29.00
2026-07-12,06:06:08,3970,1260.00,10.8621,138,29.00
2026-07-12,06:06:18,3980,1303.33,11.2356,135,29.00
2026-07-12,06:06:28,3990,1336.67,11.5230,129,29.00
2026-07-12,06:06:38,4000,1363.33,11.7529,131,29.00
2026-07-12,06:06:48,4010,1390.00,11.9828,131,29.00
2026-07-12,06:06:58,4020,1410.00,12.1552,122,29.00
2026-07-12,06:07:08,4030,1423.33,12.2701,124,29.00
2026-07-12,06:07:18,4040,1436.67,12.3851,127,29.00
2026-07-12,06:07:28,4050,1456.67,12.5575,129,29.00
2026-07-12,06:07:38,4060,1483.33,12.7874,124,29.00
2026-07-12,06:07:48,4070,1503.33,12.9598,128,29.00
2026-07-12,06:07:58,4080,1520.00,13.1034,131,29.00
2026-07-12,06:08:08,4090,1536.67,13.2471,131,29.00
2026-07-12,06:08:18,4100,1546.67,13.3333,128,29.00
2026-07-12,06:08:28,4110,1563.33,13.4770,125,29.00
2026-07-12,06:08:38,4120,1583.33,13.6494,125,29.00
2026-07-12,06:08:48,4130,1600.00,13.7931,124,29.00
2026-07-12,06:08:58,4140,1613.33,13.9080,122,29.00
2026-07-12,06:09:08,4150,1630.00,14.0517,127,29.00
2026-07-12,06:09:18,4160,1640.00,14.1379,120,29.00
2026-07-12,06:09:28,4170,1643.33,14.1667,122,29.00
2026-07-12,06:09:38,4180,1663.33,14.3391,127,29.00
2026-07-12,06:09:48,4190,1706.67,14.7126,127,29.00
2026-07-12,06:09:58,4200,1730.00,14.9138,123,29.00
2026-07-12,06:10:08,4210,1780.00,15.3448,135,29.00
2026-07-12,06:10:18,4220,1816.67,15.6609,129,29.00
2026-07-12,06:10:28,4230,1846.67,15.9195,136,29.00
2026-07-12,06:10:38,4240,1856.67,16.0057,128,29.00
2026-07-12,06:10:48,4250,1856.67,16.0057,135,29.00
2026-07-12,06:10:58,4260,1853.33,15.9770,131,29.00
2026-07-12,06:11:08,4270,1850.00,15.9483,132,29.00
2026-07-12,06:11:18,4280,1863.33,16.0632,129,29.00
2026-07-12,06:11:28,4290,1890.00,16.2931,133,29.00
2026-07-12,06:11:38,4300,1926.67,16.6092,132,29.00
2026-07-12,06:11:48,4310,1976.67,17.0402,132,29.00
2026-07-12,06:11:58,4320,2010.00,17.3276,133,29.00
2026-07-12,06:12:08,4330,2026.67,17.4713,130,29.00
2026-07-12,06:12:18,4340,2023.33,17.4425,132,29.00
2026-07-12,06:12:28,4350,2006.67,17.2989,129,29.00
2026-07-12,06:12:38,4360,2006.67,17.2989,128,29.00
2026-07-12,06:12:48,4370,2036.67,17.5575,129,29.00
2026-07-12,06:12:58,4380,2063.33,17.7874,126,29.00
2026-07-12,06:13:08,4390,2113.33,18.2184,126,29.00
2026-07-12,06:13:18,4400,2253.33,19.4253,127,29.00
2026-07-12,06:13:28,4410,2393.33,20.6322,125,29.00
2026-07-12,06:13:38,4420,2453.33,21.1494,124,29.00
2026-07-12,06:13:48,4430,2450.00,21.1207,127,29.00
2026-07-12,06:13:58,4440,2410.00,20.7759,128,29.00
2026-07-12,06:14:08,4450,2410.00,20.7759,123,29.00
2026-07-12,06:14:18,4460,2493.33,21.4943,132,29.00
2026-07-12,06:14:28,4470,2623.33,22.6149,130,29.00
2026-07-12,06:14:38,4480,2700.00,23.2759,123,29.00
2026-07-12,06:14:48,4490,2676.67,23.0747,124,29.00
2026-07-12,06:14:58,4500,2660.00,22.9310,118,29.00
2026-07-12,06:15:08,4510,2643.33,22.7874,127,29.00
2026-07-12,06:15:18,4520,2603.33,22.4425,124,29.00
2026-07-12,06:15:28,4530,2570.00,22.1552,128,29.00
2026-07-12,06:15:38,4540,2493.33,21.4943,121,29.00
2026-07-12,06:15:48,4550,2416.67,20.8333,121,29.00
2026-07-12,06:15:58,4560,2440.00,21.0345,119,29.00
2026-07-12,06:16:07,4570,2593.33,22.3563,129,29.00
2026-07-12,06:16:17,4580,2750.00,23.7069,136,29.00
2026-07-12,06:16:27,4590,2786.67,24.0230,123,29.00
2026-07-12,06:16:37,4600,2750.00,23.7069,128,30.00
2026-07-12,06:16:47,4610,2733.33,23.5632,124,29.00
2026-07-12,06:16:57,4620,2733.33,23.5632,120,29.00
2026-07-12,06:17:07,4630,2763.33,23.8218,129,29.00
2026-07-12,06:17:17,4640,2833.33,24.4253,132,29.00
2026-07-12,06:17:27,4650,2930.00,25.2586,124,30.00
2026-07-12,06:17:37,4660,3010.00,25.9483,126,29.00
2026-07-12,06:17:47,4670,3076.67,26.5230,126,30.00
2026-07-12,06:17:57,4680,3070.00,26.4655,128,29.00
2026-07-12,06:18:07,4690,3016.67,26.0057,124,30.00
2026-07-12,06:18:17,4700,2926.67,25.2299,118,30.00
2026-07-12,06:18:27,4710,2833.33,24.4253,119,30.00
2026-07-12,06:18:37,4720,2796.67,24.1092,125,30.00
2026-07-12,06:18:47,4730,2783.33,23.9943,121,30.00
2026-07-12,06:18:57,4740,2776.67,23.9368,127,30.00
2026-07-12,06:19:07,4750,2773.33,23.9080,125,30.00
2026-07-12,06:19:17,4760,2793.33,24.0805,124,29.00
2026-07-12,06:19:27,4770,2863.33,24.6839,123,30.00
2026-07-12,06:19:37,4780,2930.00,25.2586,122,30.00
2026-07-12,06:19:47,4790,2993.33,25.8046,129,30.00
2026-07-12,06:19:57,4800,2946.67,25.4023,127,30.00
2026-07-12,06:20:07,4810,2946.67,25.4023,125,29.00
2026-07-12,06:20:17,4820,3016.67,26.0057,126,30.00
2026-07-12,06:20:27,4830,3040.00,26.2069,129,30.00
2026-07-12,06:20:37,4840,2996.67,25.8333,125,30.00
2026-07-12,06:20:47,4850,2866.67,24.7126,121,30.00
2026-07-12,06:20:57,4860,2743.33,23.6494,125,30.00
2026-07-12,06:21:07,4870,2730.00,23.5345,131,30.00
2026-07-12,06:21:17,4880,2810.00,24.2241,127,30.00
2026-07-12,06:21:27,4890,2870.00,24.7414,132,30.00
2026-07-12,06:21:37,4900,2896.67,24.9713,133,30.00
2026-07-12,06:21:47,4910,2923.33,25.2011,129,30.00
2026-07-12,06:21:57,4920,2930.00,25.2586,124,30.00
2026-07-12,06:22:07,4930,2910.00,25.0862,124,30.00
2026-07-12,06:22:17,4940,2866.67,24.7126,125,30.00
2026-07-12,06:22:27,4950,2830.00,24.3966,125,30.00
2026-07-12,06:22:37,4960,2853.33,24.5977,128,30.00
2026-07-12,06:22:47,4970,2930.00,25.2586,129,30.00
2026-07-12,06:22:57,4980,2996.67,25.8333,125,30.00
2026-07-12,06:23:07,4990,3023.33,26.0632,126,30.00
2026-07-12,06:23:17,5000,3010.00,25.9483,124,30.00
2026-07-12,06:23:27,5010,2970.00,25.6034,129,30.00
2026-07-12,06:23:37,5020,2990.00,25.7759,129,30.00
2026-07-12,06:23:47,5030,2990.00,25.7759,131,30.00
2026-07-12,06:23:57,5040,2933.33,25.2874,124,30.00
2026-07-12,06:24:07,5050,2873.33,24.7701,130,30.00
2026-07-12,06:24:17,5060,2846.67,24.5402,129,30.00
2026-07-12,06:24:27,5070,2850.00,24.5690,130,30.00
2026-07-12,06:24:37,5080,2883.33,24.8563,133,30.00
2026-07-12,06:24:47,5090,2933.33,25.2874,125,30.00
2026-07-12,06:24:57,5100,2970.00,25.6034,128,30.00
2026-07-12,06:25:07,5110,2970.00,25.6034,127,30.00
2026-07-12,06:25:17,5120,2960.00,25.5172,128,30.00
2026-07-12,06:25:27,5130,2970.00,25.6034,125,30.00
2026-07-12,06:25:37,5140,2993.33,25.8046,128,30.00
2026-07-12,06:25:47,5150,2963.33,25.5460,127,30.00
2026-07-12,06:25:57,5160,2933.33,25.2874,126,30.00
2026-07-12,06:26:07,5170,2843.33,24.5115,125,30.00
2026-07-12,06:26:17,5180,2790.00,24.0517,125,30.00
2026-07-12,06:26:26,5190,2816.67,24.2816,131,30.00
2026-07-12,06:26:36,5200,2850.00,24.5690,128,30.00
2026-07-12,06:26:46,5210,2866.67,24.7126,126,30.00
2026-07-12,06:26:56,5220,2873.33,24.7701,127,30.00
2026-07-12,06:27:06,5230,2833.33,24.4253,125,30.00
2026-07-12,06:27:16,5240,2746.67,23.6782,123,30.00
2026-07-12,06:27:26,5250,2660.00,22.9310,121,30.00
2026-07-12,06:27:36,5260,2560.00,22.0690,122,30.00
2026-07-12,06:27:46,5270,2460.00,21.2069,122,30.00
2026-07-12,06:27:56,5280,2453.33,21.1494,124,30.00
2026-07-12,06:28:06,5290,2410.00,20.7759,133,30.00
2026-07-12,06:28:16,5300,2406.67,20.7471,133,30.00
2026-07-12,06:28:26,5310,2493.33,21.4943,122,30.00
2026-07-12,06:28:36,5320,2536.67,21.8678,125,30.00
2026-07-12,06:28:46,5330,2540.00,21.8966,125,30.00
2026-07-12,06:28:56,5340,2540.00,21.8966,125,30.00
2026-07-12,06:29:06,5350,2600.00,22.4138,127,30.00
2026-07-12,06:29:16,5360,2680.00,23.1034,128,30.00
2026-07-12,06:29:26,5370,2710.00,23.3621,126,30.00
2026-07-12,06:29:36,5380,2703.33,23.3046,128,30.00
2026-07-12,06:29:46,5390,2690.00,23.1897,123,30.00
2026-07-12,06:29:56,5400,2680.00,23.1034,133,30.00
2026-07-12,06:30:06,5410,2670.00,23.0172,127,30.00
2026-07-12,06:30:16,5420,2643.33,22.7874,121,30.00
2026-07-12,06:30:26,5430,2640.00,22.7586,126,30.00
2026-07-12,06:30:36,5440,2690.00,23.1897,130,30.00
2026-07-12,06:30:46,5450,2753.33,23.7356,127,30.00
2026-07-12,06:30:56,5460,2760.00,23.7931,128,30.00
2026-07-12,06:31:06,5470,2773.33,23.9080,126,30.00
2026-07-12,06:31:16,5480,2776.67,23.9368,129,30.00
2026-07-12,06:31:26,5490,2760.00,23.7931,127,30.00
2026-07-12,06:31:36,5500,2763.33,23.8218,128,30.00
2026-07-12,06:31:46,5510,2783.33,23.9943,122,30.00
2026-07-12,06:31:56,5520,2786.67,24.0230,126,30.00
2026-07-12,06:32:06,5530,2810.00,24.2241,129,30.00
2026-07-12,06:32:16,5540,2870.00,24.7414,127,30.00
2026-07-12,06:32:26,5550,2893.33,24.9425,124,30.00
2026-07-12,06:32:36,5560,2906.67,25.0575,126,30.00
2026-07-12,06:32:46,5570,2936.67,25.3161,131,30.00
2026-07-12,06:32:56,5580,2996.67,25.8333,125,30.00
2026-07-12,06:33:06,5590,3043.33,26.2356,128,30.00
2026-07-12,06:33:16,5600,3060.00,26.3793,126,30.00
2026-07-12,06:33:26,5610,3086.67,26.6092,129,30.00
2026-07-12,06:33:36,5620,3100.00,26.7241,123,30.00
2026-07-12,06:33:46,5630,3110.00,26.8103,127,30.00
2026-07-12,06:33:56,5640,3086.67,26.6092,122,30.00
2026-07-12,06:34:06,5650,3026.67,26.0920,125,30.00
2026-07-12,06:34:16,5660,2956.67,25.4885,126,30.00
2026-07-12,06:34:26,5670,2886.67,24.8851,127,30.00
2026-07-12,06:34:36,5680,2840.00,24.4828,125,30.00
2026-07-12,06:34:46,5690,2803.33,24.1667,128,30.00
2026-07-12,06:34:56,5700,2776.67,23.9368,124,30.00
2026-07-12,06:35:06,5710,2760.00,23.7931,125,30.00
2026-07-12,06:35:16,5720,2760.00,23.7931,127,30.00
2026-07-12,06:35:26,5730,2773.33,23.9080,124,30.00
2026-07-12,06:35:36,5740,2783.33,23.9943,126,30.00
2026-07-12,06:35:46,5750,2793.33,24.0805,124,30.00
2026-07-12,06:35:56,5760,2780.00,23.9655,125,30.00
2026-07-12,06:36:06,5770,2720.00,23.4483,128,30.00
2026-07-12,06:36:16,5780,2640.00,22.7586,127,30.00
2026-07-12,06:36:26,5790,2566.67,22.1264,128,30.00
2026-07-12,06:36:35,5800,2480.00,21.3793,121,30.00
2026-07-12,06:36:45,5810,2440.00,21.0345,127,30.00
2026-07-12,06:36:55,5820,2506.67,21.6092,127,30.00
2026-07-12,06:37:05,5830,2600.00,22.4138,129,30.00
2026-07-12,06:37:15,5840,2623.33,22.6149,125,30.00
2026-07-12,06:37:25,5850,2656.67,22.9023,125,30.00
2026-07-12,06:37:35,5860,2746.67,23.6782,127,30.00
2026-07-12,06:37:45,5870,2830.00,24.3966,130,30.00
2026-07-12,06:37:55,5880,2856.67,24.6264,127,30.00
2026-07-12,06:38:05,5890,2850.00,24.5690,129,30.00
2026-07-12,06:38:15,5900,2823.33,24.3391,125,30.00
2026-07-12,06:38:25,5910,2813.33,24.2529,122,30.00
2026-07-12,06:38:35,5920,2810.00,24.2241,119,30.00
2026-07-12,06:38:45,5930,2793.33,24.0805,124,30.00
2026-07-12,06:38:55,5940,2793.33,24.0805,126,30.00
2026-07-12,06:39:05,5950,2750.00,23.7069,123,30.00
2026-07-12,06:39:15,5960,2696.67,23.2471,123,30.00
2026-07-12,06:39:25,5970,2656.67,22.9023,124,30.00
2026-07-12,06:39:35,5980,2616.67,22.5575,118,30.00
2026-07-12,06:39:45,5990,2596.67,22.3851,121,30.00
2026-07-12,06:39:55,6000,2606.67,22.4713,128,30.00
2026-07-12,06:40:05,6010,2666.67,22.9885,121,30.00
2026-07-12,06:40:15,6020,2703.33,23.3046,124,30.00
2026-07-12,06:40:25,6030,2720.00,23.4483,127,30.00
2026-07-12,06:40:35,6040,2716.67,23.4195,124,30.00
2026-07-12,06:40:45,6050,2703.33,23.3046,124,30.00
2026-07-12,06:40:55,6060,2670.00,23.0172,121,30.00
2026-07-12,06:41:05,6070,2626.67,22.6437,124,30.00
2026-07-12,06:41:15,6080,2586.67,22.2988,122,30.00
2026-07-12,06:41:25,6090,2540.00,21.8966,120,30.00
2026-07-12,06:41:35,6100,2476.67,21.3506,121,30.00
2026-07-12,06:41:45,6110,2436.67,21.0057,126,30.00
2026-07-12,06:41:55,6120,2406.67,20.7471,120,30.00
2026-07-12,06:42:05,6130,2376.67,20.4885,120,30.00
2026-07-12,06:42:15,6140,2373.33,20.4598,124,30.00
2026-07-12,06:42:25,6150,2376.67,20.4885,122,30.00
2026-07-12,06:42:35,6160,2383.33,20.5460,119,30.00
2026-07-12,06:42:45,6170,2386.67,20.5747,119,30.00
2026-07-12,06:42:55,6180,2390.00,20.6034,125,30.00
2026-07-12,06:43:05,6190,2393.33,20.6322,122,30.00
2026-07-12,06:43:15,6200,2383.33,20.5460,129,30.00
2026-07-12,06:43:25,6210,2360.00,20.3448,121,30.00
2026-07-12,06:43:35,6220,2340.00,20.1724,123,30.00
2026-07-12,06:43:45,6230,2320.00,20.0000,125,30.00
2026-07-12,06:43:55,6240,2313.33,19.9425,126,30.00
2026-07-12,06:44:05,6250,2300.00,19.8276,122,30.00
2026-07-12,06:44:15,6260,2293.33,19.7701,130,30.00
2026-07-12,06:44:25,6270,2296.67,19.7988,125,30.00
2026-07-12,06:44:35,6280,2293.33,19.7701,124,30.00
2026-07-12,06:44:45,6290,2313.33,19.9425,121,30.00
2026-07-12,06:44:55,6300,2340.00,20.1724,129,30.00
2026-07-12,06:45:05,6310,2360.00,20.3448,126,30.00
2026-07-12,06:45:15,6320,2360.00,20.3448,126,30.00
2026-07-12,06:45:25,6330,2360.00,20.3448,123,30.00
2026-07-12,06:45:35,6340,2383.33,20.5460,126,30.00
2026-07-12,06:45:45,6350,2430.00,20.9483,122,30.00
2026-07-12,06:45:55,6360,2493.33,21.4943,129,30.00
2026-07-12,06:46:05,6370,2576.67,22.2126,127,30.00
2026-07-12,06:46:15,6380,2650.00,22.8448,125,30.00
2026-07-12,06:46:25,6390,2740.00,23.6207,125,30.00
2026-07-12,06:46:35,6400,2823.33,24.3391,132,30.00
2026-07-12,06:46:45,6410,2863.33,24.6839,126,30.00
2026-07-12,06:46:54,6420,2883.33,24.8563,124,30.00
2026-07-12,06:47:04,6430,2906.67,25.0575,128,30.00
2026-07-12,06:47:14,6440,2900.00,25.0000,122,30.00
2026-07-12,06:47:24,6450,2853.33,24.5977,125,30.00
2026-07-12,06:47:34,6460,2773.33,23.9080,120,30.00
2026-07-12,06:47:44,6470,2726.67,23.5057,123,30.00
2026-07-12,06:47:54,6480,2733.33,23.5632,128,30.00
2026-07-12,06:48:04,6490,2793.33,24.0805,124,30.00
2026-07-12,06:48:14,6500,2796.67,24.1092,127,30.00
2026-07-12,06:48:24,6510,2776.67,23.9368,125,30.00
2026-07-12,06:48:34,6520,2773.33,23.9080,128,30.00
2026-07-12,06:48:44,6530,2773.33,23.9080,121,30.00
2026-07-12,06:48:54,6540,2786.67,24.0230,120,30.00
2026-07-12,06:49:04,6550,2796.67,24.1092,130,30.00
2026-07-12,06:49:14,6560,2800.00,24.1379,128,30.00
2026-07-12,06:49:24,6570,2813.33,24.2529,126,30.00
2026-07-12,06:49:34,6580,2860.00,24.6552,130,30.00
2026-07-12,06:49:44,6590,2953.33,25.4598,135,30.00
2026-07-12,06:49:54,6600,3053.33,26.3218,132,30.00
2026-07-12,06:50:04,6610,3133.33,27.0115,127,30.00
2026-07-12,06:50:14,6620,3186.67,27.4713,128,30.00
2026-07-12,06:50:24,6630,3233.33,27.8736,125,30.00
2026-07-12,06:50:34,6640,3276.67,28.2471,132,30.00
2026-07-12,06:50:44,6650,3293.33,28.3908,128,30.00
2026-07-12,06:50:54,6660,3276.67,28.2471,127,30.00
2026-07-12,06:51:04,6670,3230.00,27.8448,125,30.00
2026-07-12,06:51:14,6680,3246.67,27.9885,126,30.00
2026-07-12,06:51:24,6690,3263.33,28.1322,129,30.00
2026-07-12,06:51:34,6700,3273.33,28.2184,125,30.00
2026-07-12,06:51:44,6710,3336.67,28.7644,130,30.00
2026-07-12,06:51:54,6720,3370.00,29.0517,127,30.00
2026-07-12,06:52:04,6730,3343.33,28.8218,132,30.00
2026-07-12,06:52:14,6740,3270.00,28.1897,129,30.00
2026-07-12,06:52:24,6750,3186.67,27.4713,126,30.00
2026-07-12,06:52:34,6760,3110.00,26.8103,124,30.00
2026-07-12,06:52:44,6770,3090.00,26.6379,120,30.00
2026-07-12,06:52:54,6780,3136.67,27.0402,130,30.00
2026-07-12,06:53:04,6790,3203.33,27.6149,132,30.00
2026-07-12,06:53:14,6800,3283.33,28.3046,131,30.00
2026-07-12,06:53:24,6810,3370.00,29.0517,129,30.00
2026-07-12,06:53:34,6820,3473.33,29.9425,124,30.00
2026-07-12,06:53:44,6830,3563.33,30.7184,129,30.00
2026-07-12,06:53:54,6840,3656.67,31.5230,129,30.00
2026-07-12,06:54:04,6850,3733.33,32.1839,133,30.00
2026-07-12,06:54:14,6860,3800.00,32.7586,128,30.00
2026-07-12,06:54:24,6870,3866.67,33.3333,129,31.00
2026-07-12,06:54:34,6880,3880.00,33.4483,124,30.00
2026-07-12,06:54:44,6890,3893.33,33.5632,126,30.00
2026-07-12,06:54:54,6900,3900.00,33.6207,136,30.00
2026-07-12,06:55:04,6910,3873.33,33.3908,128,30.00
2026-07-12,06:55:14,6920,3866.67,33.3333,135,31.00
2026-07-12,06:55:24,6930,3870.00,33.3621,132,31.00
2026-07-12,06:55:34,6940,3916.67,33.7644,126,31.00
2026-07-12,06:55:44,6950,3990.00,34.3965,129,31.00
2026-07-12,06:55:54,6960,4083.33,35.2011,122,30.00
2026-07-12,06:56:04,6970,4186.67,36.0920,125,31.00
2026-07-12,06:56:14,6980,4313.33,37.1839,129,31.00
2026-07-12,06:56:24,6990,4400.00,37.9310,127,31.00
2026-07-12,06:56:34,7000,4446.67,38.3333,143,31.00
2026-07-12,06:56:44,7010,4460.00,38.4483,125,31.00
2026-07-12,06:56:54,7020,4433.33,38.2184,125,31.00
2026-07-12,06:57:04,7030,4443.33,38.3046,130,31.00
2026-07-12,06:57:14,7040,4426.67,38.1609,127,31.00
2026-07-12,06:57:24,7050,4423.33,38.1322,132,31.00
2026-07-12,06:57:33,7060,4383.33,37.7874,119,31.00
2026-07-12,06:57:43,7070,4276.67,36.8678,125,31.00
2026-07-12,06:57:53,7080,4116.67,35.4885,130,31.00
2026-07-12,06:58:03,7090,3973.33,34.2529,127,31.00
2026-07-12,06:58:13,7100,3886.67,33.5057,131,31.00
2026-07-12,06:58:23,7110,3820.00,32.9310,128,31.00
2026-07-12,06:58:33,7120,3756.67,32.3851,133,31.00
2026-07-12,06:58:43,7130,3663.33,31.5805,129,31.00
2026-07-12,06:58:53,7140,3570.00,30.7759,127,31.00
2026-07-12,06:59:03,7150,3470.00,29.9138,123,31.00
2026-07-12,06:59:13,7160,3446.67,29.7126,125,31.00
2026-07-12,06:59:23,7170,3550.00,30.6034,128,31.00
2026-07-12,06:59:33,7180,3693.33,31.8391,125,31.00
2026-07-12,06:59:43,7190,3733.33,32.1839,126,31.00
2026-07-12,06:59:53,7200,3743.33,32.2701,131,31.00
2026-07-12,07:00:03,7210,3740.00,32.2414,129,31.00
2026-07-12,07:00:13,7220,3780.00,32.5862,128,31.00
2026-07-12,07:00:23,7230,3856.67,33.2471,131,31.00
2026-07-12,07:00:33,7240,3910.00,33.7069,127,31.00
2026-07-12,07:00:43,7250,3953.33,34.0805,130,31.00
2026-07-12,07:00:53,7260,3936.67,33.9368,123,31.00
2026-07-12,07:01:03,7270,3856.67,33.2471,123,31.00
2026-07-12,07:01:13,7280,3773.33,32.5287,126,31.00
2026-07-12,07:01:23,7290,3736.67,32.2126,131,31.00
2026-07-12,07:01:33,7300,3773.33,32.5287,130,31.00
2026-07-12,07:01:43,7310,3863.33,33.3046,129,31.00
2026-07-12,07:01:53,7320,3936.67,33.9368,125,31.00
2026-07-12,07:02:03,7330,3973.33,34.2529,132,31.00
2026-07-12,07:02:13,7340,3973.33,34.2529,130,31.00
2026-07-12,07:02:23,7350,3990.00,34.3965,131,31.00
2026-07-12,07:02:33,7360,4030.00,34.7414,134,31.00
2026-07-12,07:02:43,7370,4053.33,34.9425,128,31.00
2026-07-12,07:02:53,7380,4030.00,34.7414,131,31.00
2026-07-12,07:03:03,7390,3973.33,34.2529,126,31.00
2026-07-12,07:03:13,7400,3890.00,33.5345,123,31.00
2026-07-12,07:03:23,7410,3800.00,32.7586,123,31.00
2026-07-12,07:03:33,7420,3733.33,32.1839,122,31.00
2026-07-12,07:03:43,7430,3656.67,31.5230,127,31.00
2026-07-12,07:03:53,7440,3593.33,30.9770,124,31.00
2026-07-12,07:04:03,7450,3616.67,31.1782,125,31.00
2026-07-12,07:04:13,7460,3630.00,31.2931,125,31.00
2026-07-12,07:04:23,7470,3646.67,31.4368,130,31.00
2026-07-12,07:04:33,7480,3620.00,31.2069,125,31.00
2026-07-12,07:04:43,7490,3576.67,30.8333,125,31.00
2026-07-12,07:04:53,7500,3443.33,29.6839,124,31.00
2026-07-12,07:05:03,7510,3290.00,28.3621,120,31.00
2026-07-12,07:05:13,7520,3256.67,28.0747,131,31.00
2026-07-12,07:05:23,7530,3310.00,28.5345,125,31.00
2026-07-12,07:05:33,7540,3413.33,29.4253,130,31.00
2026-07-12,07:05:43,7550,3436.67,29.6264,124,31.00
2026-07-12,07:05:53,7560,3436.67,29.6264,128,31.00
2026-07-12,07:06:03,7570,3506.67,30.2299,120,31.00
2026-07-12,07:06:13,7580,3620.00,31.2069,129,31.00
2026-07-12,07:06:23,7590,3726.67,32.1264,129,31.00
2026-07-12,07:06:33,7600,3766.67,32.4713,133,31.00
2026-07-12,07:06:43,7610,3780.00,32.5862,124,31.00
2026-07-12,07:06:53,7620,3846.67,33.1609,123,31.00
2026-07-12,07:07:03,7630,3906.67,33.6782,128,31.00
2026-07-12,07:07:13,7640,3910.00,33.7069,126,31.00
2026-07-12,07:07:23,7650,3890.00,33.5345,123,31.00
2026-07-12,07:07:33,7660,3786.67,32.6437,124,31.00
2026-07-12,07:07:43,7670,3693.33,31.8391,128,31.00
2026-07-12,07:07:53,7680,3660.00,31.5517,133,31.00
2026-07-12,07:08:02,7690,3753.33,32.3563,117,31.00
2026-07-12,07:08:12,7700,3920.00,33.7931,125,31.00
2026-07-12,07:08:22,7710,4070.00,35.0862,131,31.00
2026-07-12,07:08:32,7720,4166.67,35.9195,124,31.00
2026-07-12,07:08:42,7730,4236.67,36.5230,130,31.00
2026-07-12,07:08:52,7740,4230.00,36.4655,126,31.00
2026-07-12,07:09:02,7750,4196.67,36.1782,127,31.00
2026-07-12,07:09:12,7760,4230.00,36.4655,122,31.00
2026-07-12,07:09:22,7770,4243.33,36.5805,122,31.00
2026-07-12,07:09:32,7780,4126.67,35.5747,127,31.00
2026-07-12,07:09:42,7790,3960.00,34.1379,128,31.00
2026-07-12,07:09:52,7800,3786.67,32.6437,139,31.00
2026-07-12,07:10:02,7810,3730.00,32.1552,127,31.00
2026-07-12,07:10:12,7820,3800.00,32.7586,128,31.00
2026-07-12,07:10:22,7830,3823.33,32.9598,124,31.00
2026-07-12,07:10:32,7840,3873.33,33.3908,129,31.00
2026-07-12,07:10:42,7850,3970.00,34.2241,141,31.00
2026-07-12,07:10:52,7860,4126.67,35.5747,128,31.00
2026-07-12,07:11:02,7870,4220.00,36.3793,123,31.00
2026-07-12,07:11:12,7880,4250.00,36.6379,127,31.00
2026-07-12,07:11:22,7890,4290.00,36.9828,131,31.00
2026-07-12,07:11:32,7900,4166.67,35.9195,139,31.00
2026-07-12,07:11:42,7910,4043.33,34.8563,128,31.00
2026-07-12,07:11:52,7920,3993.33,34.4253,127,31.00
2026-07-12,07:12:02,7930,3936.67,33.9368,128,31.00
2026-07-12,07:12:12,7940,3853.33,33.2184,127,31.00
2026-07-12,07:12:22,7950,3793.33,32.7011,125,31.00
2026-07-12,07:12:32,7960,3770.00,32.5000,121,31.00
2026-07-12,07:12:42,7970,3720.00,32.0690,122,31.00
2026-07-12,07:12:52,7980,3640.00,31.3793,125,31.00
2026-07-12,07:13:02,7990,3630.00,31.2931,133,31.00
2026-07-12,07:13:12,8000,3736.67,32.2126,130,31.00
2026-07-12,07:13:22,8010,3940.00,33.9655,128,31.00
2026-07-12,07:13:32,8020,4100.00,35.3448,122,31.00
2026-07-12,07:13:42,8030,4140.00,35.6897,125,31.00
2026-07-12,07:13:52,8040,4103.33,35.3736,131,31.00
2026-07-12,07:14:02,8050,4033.33,34.7701,124,31.00
2026-07-12,07:14:12,8060,3963.33,34.1667,122,31.00
2026-07-12,07:14:22,8070,3906.67,33.6782,126,31.00
2026-07-12,07:14:32,8080,3960.00,34.1379,130,31.00
2026-07-12,07:14:42,8090,4050.00,34.9138,129,31.00
2026-07-12,07:14:52,8100,4036.67,34.7988,129,31.00
2026-07-12,07:15:02,8110,3936.67,33.9368,129,31.00
2026-07-12,07:15:12,8120,3856.67,33.2471,123,31.00
2026-07-12,07:15:22,8130,3800.00,32.7586,129,31.00
2026-07-12,07:15:32,8140,3896.67,33.5920,138,31.00
2026-07-12,07:15:42,8150,4093.33,35.2874,135,31.00
2026-07-12,07:15:52,8160,4283.33,36.9253,125,31.00
2026-07-12,07:16:02,8170,4433.33,38.2184,129,31.00
2026-07-12,07:16:12,8180,4563.33,39.3391,134,31.00
2026-07-12,07:16:22,8190,4613.33,39.7701,127,31.00
2026-07-12,07:16:32,8200,4670.00,40.2586,126,31.00
2026-07-12,07:16:42,8210,4743.33,40.8908,128,31.00
2026-07-12,07:16:52,8220,4790.00,41.2931,133,31.00
2026-07-12,07:17:02,8230,4816.67,41.5230,121,32.00
2026-07-12,07:17:12,8240,4820.00,41.5517,129,31.00
2026-07-12,07:17:22,8250,4783.33,41.2356,127,31.00
2026-07-12,07:17:32,8260,4670.00,40.2586,130,31.00
2026-07-12,07:17:42,8270,4506.67,38.8506,132,31.00
2026-07-12,07:17:52,8280,4363.33,37.6149,128,32.00
2026-07-12,07:18:02,8290,4356.67,37.5575,125,32.00
2026-07-12,07:18:12,8300,4520.00,38.9655,128,32.00
2026-07-12,07:18:22,8310,4760.00,41.0345,132,32.00
2026-07-12,07:18:32,8320,4920.00,42.4138,130,31.00
2026-07-12,07:18:41,8330,4933.33,42.5287,130,31.00
2026-07-12,07:18:51,8340,4723.33,40.7184,133,32.00
2026-07-12,07:19:01,8350,4476.67,38.5920,129,31.00
2026-07-12,07:19:11,8360,4300.00,37.0690,126,31.00
2026-07-12,07:19:21,8370,4186.67,36.0920,127,32.00
2026-07-12,07:19:31,8380,4163.33,35.8908,124,31.00
2026-07-12,07:19:41,8390,4153.33,35.8046,134,32.00
2026-07-12,07:19:51,8400,4110.00,35.4310,125,32.00
2026-07-12,07:20:01,8410,3993.33,34.4253,125,32.00
2026-07-12,07:20:11,8420,3870.00,33.3621,125,31.00
2026-07-12,07:20:21,8430,3726.67,32.1264,124,32.00
2026-07-12,07:20:31,8440,3606.67,31.0920,125,32.00
2026-07-12,07:20:41,8450,3536.67,30.4885,128,32.00
2026-07-12,07:20:51,8460,3503.33,30.2011,122,32.00
2026-07-12,07:21:01,8470,3503.33,30.2011,123,32.00
2026-07-12,07:21:11,8480,3580.00,30.8621,121,31.00
2026-07-12,07:21:21,8490,3703.33,31.9253,126,31.00
2026-07-12,07:21:31,8500,3730.00,32.1552,128,31.00
2026-07-12,07:21:41,8510,3736.67,32.2126,129,31.00
2026-07-12,07:21:51,8520,3710.00,31.9828,121,32.00
2026-07-12,07:22:01,8530,3620.00,31.2069,125,32.00
2026-07-12,07:22:11,8540,3516.67,30.3161,116,31.00
2026-07-12,07:22:21,8550,3446.67,29.7126,123,31.00
2026-07-12,07:22:31,8560,3390.00,29.2241,120,31.00
2026-07-12,07:22:41,8570,3350.00,28.8793,120,31.00
2026-07-12,07:22:51,8580,3280.00,28.2759,121,31.00
2026-07-12,07:23:01,8590,3220.00,27.7586,124,31.00
2026-07-12,07:23:11,8600,3120.00,26.8965,124,32.00
2026-07-12,07:23:21,8610,3093.33,26.6667,126,31.00
2026-07-12,07:23:31,8620,3123.33,26.9253,127,31.00
2026-07-12,07:23:41,8630,3073.33,26.4943,126,31.00
2026-07-12,07:23:51,8640,2880.00,24.8276,124,31.00
2026-07-12,07:24:01,8650,2693.33,23.2184,127,31.00
2026-07-12,07:24:11,8660,2620.00,22.5862,124,31.00
2026-07-12,07:24:21,8670,2646.67,22.8161,127,31.00
2026-07-12,07:24:31,8680,2713.33,23.3908,129,31.00
2026-07-12,07:24:41,8690,2816.67,24.2816,125,31.00
2026-07-12,07:24:51,8700,2863.33,24.6839,132,31.00
2026-07-12,07:25:01,8710,2883.33,24.8563,122,31.00
2026-07-12,07:25:11,8720,2953.33,25.4598,125,31.00
2026-07-12,07:25:21,8730,3110.00,26.8103,127,31.00
2026-07-12,07:25:31,8740,3296.67,28.4195,120,31.00
2026-07-12,07:25:41,8750,3543.33,30.5460,130,31.00
2026-07-12,07:25:51,8760,3716.67,32.0402,125,31.00
2026-07-12,07:26:01,8770,3793.33,32.7011,126,31.00
2026-07-12,07:26:11,8780,3896.67,33.5920,128,31.00
2026-07-12,07:26:21,8790,3916.67,33.7644,125,31.00
2026-07-12,07:26:31,8800,3806.67,32.8161,118,31.00
2026-07-12,07:26:41,8810,3696.67,31.8678,119,31.00
2026-07-12,07:26:51,8820,3600.00,31.0345,121,31.00
2026-07-12,07:27:01,8830,3533.33,30.4598,126,31.00
2026-07-12,07:27:11,8840,3460.00,29.8276,126,31.00
2026-07-12,07:27:21,8850,3396.67,29.2816,127,31.00
2026-07-12,07:27:31,8860,3323.33,28.6494,123,31.00
2026-07-12,07:27:41,8870,3296.67,28.4195,123,31.00
2026-07-12,07:27:51,8880,3290.00,28.3621,128,31.00
2026-07-12,07:28:01,8890,3336.67,28.7644,126,31.00
2026-07-12,07:28:11,8900,3503.33,30.2011,123,31.00
2026-07-12,07:28:21,8910,3783.33,32.6149,132,31.00
2026-07-12,07:28:30,8920,4146.67,35.7471,121,31.00
2026-07-12,07:28:40,8930,4490.00,38.7069,128,31.00
2026-07-12,07:28:50,8940,4666.67,40.2299,129,31.00
2026-07-12,07:29:00,8950,4743.33,40.8908,135,31.00
2026-07-12,07:29:10,8960,4743.33,40.8908,131,31.00
2026-07-12,07:29:20,8970,4763.33,41.0632,133,31.00
2026-07-12,07:29:30,8980,4846.67,41.7816,135,31.00
2026-07-12,07:29:40,8990,4943.33,42.6149,131,31.00
2026-07-12,07:29:50,9000,5203.33,44.8563,133,31.00
2026-07-12,07:30:00,9010,5473.33,47.1839,125,31.00
2026-07-12,07:30:10,9020,5656.67,48.7644,130,31.00
2026-07-12,07:30:20,9030,5736.67,49.4540,131,31.00
2026-07-12,07:30:30,9040,5733.33,49.4253,136,31.00
2026-07-12,07:30:40,9050,5590.00,48.1897,136,32.00
2026-07-12,07:30:50,9060,5320.00,45.8621,135,32.00
2026-07-12,07:31:00,9070,4983.33,42.9598,137,31.00
2026-07-12,07:31:10,9080,4723.33,40.7184,139,32.00
2026-07-12,07:31:20,9090,4603.33,39.6839,133,32.00
2026-07-12,07:31:30,9100,4670.00,40.2586,131,32.00
2026-07-12,07:31:40,9110,4996.67,43.0747,130,32.00
2026-07-12,07:31:50,9120,5390.00,46.4655,131,32.00
2026-07-12,07:32:00,9130,5666.67,48.8506,128,32.00
2026-07-12,07:32:10,9140,5853.33,50.4598,141,32.00
2026-07-12,07:32:20,9150,5926.67,51.0920,138,32.00
2026-07-12,07:32:30,9160,5826.67,50.2299,136,32.00
2026-07-12,07:32:40,9170,5576.67,48.0747,134,32.00
2026-07-12,07:32:50,9180,5280.00,45.5172,126,32.00
2026-07-12,07:33:00,9190,5056.67,43.5920,136,32.00
2026-07-12,07:33:10,9200,5016.67,43.2471,137,32.00
2026-07-12,07:33:20,9210,5066.67,43.6782,135,32.00
2026-07-12,07:33:30,9220,5023.33,43.3046,128,32.00
2026-07-12,07:33:40,9230,4730.00,40.7759,130,32.00
2026-07-12,07:33:50,9240,4233.33,36.4943,135,32.00
2026-07-12,07:34:00,9250,3856.67,33.2471,125,32.00
2026-07-12,07:34:10,9260,3650.00,31.4655,126,32.00
2026-07-12,07:34:20,9270,3573.33,30.8046,128,32.00
2026-07-12,07:34:30,9280,3533.33,30.4598,132,32.00
2026-07-12,07:34:40,9290,3423.33,29.5115,124,32.00
2026-07-12,07:34:50,9300,3200.00,27.5862,128,32.00
2026-07-12,07:35:00,9310,2993.33,25.8046,131,32.00
2026-07-12,07:35:10,9320,2873.33,24.7701,126,32.00
2026-07-12,07:35:20,9330,2816.67,24.2816,125,32.00
2026-07-12,07:35:30,9340,2750.00,23.7069,128,31.00
2026-07-12,07:35:40,9350,2690.00,23.1897,130,32.00
2026-07-12,07:35:50,9360,2656.67,22.9023,123,32.00
2026-07-12,07:36:00,9370,2713.33,23.3908,133,32.00
2026-07-12,07:36:10,9380,2863.33,24.6839,127,32.00
2026-07-12,07:36:20,9390,3070.00,26.4655,128,31.00
2026-07-12,07:36:30,9400,3216.67,27.7299,135,32.00
2026-07-12,07:36:40,9410,3333.33,28.7356,130,32.00
2026-07-12,07:36:50,9420,3370.00,29.0517,127,31.00
2026-07-12,07:37:00,9430,3353.33,28.9080,122,32.00
2026-07-12,07:37:10,9440,3433.33,29.5977,125,31.00
2026-07-12,07:37:20,9450,3716.67,32.0402,117,31.00
2026-07-12,07:37:30,9460,4143.33,35.7184,130,31.00
2026-07-12,07:37:40,9470,4523.33,38.9943,136,32.00
2026-07-12,07:37:50,9480,4776.67,41.1782,129,31.00
2026-07-12,07:38:00,9490,4926.67,42.4713,126,31.00
2026-07-12,07:38:10,9500,4923.33,42.4425,132,32.00
2026-07-12,07:38:20,9510,4666.67,40.2299,131,32.00
2026-07-12,07:38:30,9520,4240.00,36.5517,127,31.00
2026-07-12,07:38:40,9530,3920.00,33.7931,129,32.00
2026-07-12,07:38:50,9540,3776.67,32.5575,126,32.00
2026-07-12,07:38:59,9550,3750.00,32.3276,133,32.00
2026-07-12,07:39:09,9560,3666.67,31.6092,123,32.00
2026-07-12,07:39:19,9570,3506.67,30.2299,120,32.00
2026-07-12,07:39:29,9580,3370.00,29.0517,126,32.00
2026-07-12,07:39:39,9590,3320.00,28.6207,127,32.00
2026-07-12,07:39:49,9600,3383.33,29.1667,129,32.00
2026-07-12,07:39:59,9610,3513.33,30.2874,128,32.00
2026-07-12,07:40:09,9620,3633.33,31.3218,128,32.00
2026-07-12,07:40:19,9630,3800.00,32.7586,131,31.00
2026-07-12,07:40:29,9640,3940.00,33.9655,126,32.00
2026-07-12,07:40:39,9650,3953.33,34.0805,132,31.00
2026-07-12,07:40:49,9660,3766.67,32.4713,126,32.00
2026-07-12,07:40:59,9670,3563.33,30.7184,119,31.00
2026-07-12,07:41:09,9680,3473.33,29.9425,122,31.00
2026-07-12,07:41:19,9690,3473.33,29.9425,129,32.00
2026-07-12,07:41:29,9700,3383.33,29.1667,126,31.00
2026-07-12,07:41:39,9710,3240.00,27.9310,119,31.00
2026-07-12,07:41:49,9720,3180.00,27.4138,127,31.00
2026-07-12,07:41:59,9730,3213.33,27.7011,126,31.00
2026-07-12,07:42:09,9740,3293.33,28.3908,129,31.00
2026-07-12,07:42:19,9750,3380.00,29.1379,129,32.00
2026-07-12,07:42:29,9760,3500.00,30.1724,123,31.00
2026-07-12,07:42:39,9770,3643.33,31.4080,133,32.00
2026-07-12,07:42:49,9780,3776.67,32.5575,128,32.00
2026-07-12,07:42:59,9790,3926.67,33.8506,137,32.00
2026-07-12,07:43:09,9800,4023.33,34.6839,128,32.00
2026-07-12,07:43:19,9810,4030.00,34.7414,134,31.00
2026-07-12,07:43:29,9820,3936.67,33.9368,130,31.00
2026-07-12,07:43:39,9830,3803.33,32.7874,129,31.00
2026-07-12,07:43:49,9840,3750.00,32.3276,132,31.00
2026-07-12,07:43:59,9850,3800.00,32.7586,129,31.00
2026-07-12,07:44:09,9860,3923.33,33.8218,132,31.00
2026-07-12,07:44:19,9870,4016.67,34.6264,123,31.00
2026-07-12,07:44:29,9880,4010.00,34.5690,130,31.00
2026-07-12,07:44:39,9890,3920.00,33.7931,123,32.00
2026-07-12,07:44:49,9900,3810.00,32.8448,124,32.00
2026-07-12,07:44:59,9910,3706.67,31.9540,126,32.00
2026-07-12,07:45:09,9920,3663.33,31.5805,121,32.00
2026-07-12,07:45:19,9930,3676.67,31.6954,126,32.00
2026-07-12,07:45:29,9940,3630.00,31.2931,127,31.00
2026-07-12,07:45:39,9950,3560.00,30.6897,125,32.00
2026-07-12,07:45:49,9960,3526.67,30.4023,127,31.00
2026-07-12,07:45:59,9970,3486.67,30.0575,129,31.00
2026-07-12,07:46:09,9980,3473.33,29.9425,129,31.00
2026-07-12,07:46:19,9990,3523.33,30.3736,129,31.00
2026-07-12,07:46:29,10000,3593.33,30.9770,127,31.00
2026-07-12,07:46:39,10010,3673.33,31.6667,130,31.00
2026-07-12,07:46:49,10020,3730.00,32.1552,131,31.00
2026-07-12,07:46:59,10030,3813.33,32.8736,134,32.00
2026-07-12,07:47:09,10040,3920.00,33.7931,134,31.00
2026-07-12,07:47:19,10050,3990.00,34.3965,128,31.00
2026-07-12,07:47:29,10060,3986.67,34.3678,124,31.00
2026-07-12,07:47:39,10070,3950.00,34.0517,130,32.00
2026-07-12,07:47:49,10080,3903.33,33.6494,130,31.00
2026-07-12,07:47:59,10090,3880.00,33.4483,128,32.00
2026-07-12,07:48:09,10100,3906.67,33.6782,132,31.00
2026-07-12,07:48:19,10110,3926.67,33.8506,132,31.00
2026-07-12,07:48:29,10120,3946.67,34.0230,133,32.00
2026-07-12,07:48:39,10130,3893.33,33.5632,132,32.00
2026-07-12,07:48:49,10140,3766.67,32.4713,127,32.00
2026-07-12,07:48:58,10150,3653.33,31.4943,127,31.00
2026-07-12,07:49:08,10160,3533.33,30.4598,123,32.00
2026-07-12,07:49:18,10170,3430.00,29.5690,126,32.00
2026-07-12,07:49:28,10180,3306.67,28.5057,132,31.00
2026-07-12,07:49:38,10190,3223.33,27.7874,131,31.00
2026-07-12,07:49:48,10200,3163.33,27.2701,132,32.00
2026-07-12,07:49:58,10210,3140.00,27.0690,126,31.00
2026-07-12,07:50:08,10220,3110.00,26.8103,128,31.00
2026-07-12,07:50:18,10230,3050.00,26.2931,121,31.00
2026-07-12,07:50:28,10240,2966.67,25.5747,129,31.00
2026-07-12,07:50:38,10250,2913.33,25.1149,128,31.00
2026-07-12,07:50:48,10260,2870.00,24.7414,124,31.00
2026-07-12,07:50:58,10270,2820.00,24.3103,131,31.00
2026-07-12,07:51:08,10280,2740.00,23.6207,131,31.00
2026-07-12,07:51:18,10290,2663.33,22.9598,131,31.00
2026-07-12,07:51:28,10300,2590.00,22.3276,125,31.00
2026-07-12,07:51:38,10310,2503.33,21.5805,125,31.00
2026-07-12,07:51:48,10320,2453.33,21.1494,122,31.00
2026-07-12,07:51:58,10330,2410.00,20.7759,114,31.00
2026-07-12,07:52:08,10340,2356.67,20.3161,122,31.00
2026-07-12,07:52:18,10350,2303.33,19.8563,120,31.00
2026-07-12,07:52:28,10360,2263.33,19.5115,132,31.00
2026-07-12,07:52:38,10370,2243.33,19.3391,127,31.00
2026-07-12,07:52:48,10380,2246.67,19.3678,126,31.00
2026-07-12,07:52:58,10390,2270.00,19.5690,125,31.00
2026-07-12,07:53:08,10400,2286.67,19.7126,130,31.00
2026-07-12,07:53:18,10410,2266.67,19.5402,129,31.00
2026-07-12,07:53:28,10420,2256.67,19.4540,124,31.00
2026-07-12,07:53:38,10430,2263.33,19.5115,134,31.00
2026-07-12,07:53:48,10440,2273.33,19.5977,131,31.00
2026-07-12,07:53:58,10450,2300.00,19.8276,129,31.00
2026-07-12,07:54:08,10460,2293.33,19.7701,128,31.00
2026-07-12,07:54:18,10470,2253.33,19.4253,121,31.00
2026-07-12,07:54:28,10480,2200.00,18.9655,129,31.00
2026-07-12,07:54:38,10490,2160.00,18.6207,131,31.00
2026-07-12,07:54:48,10500,2096.67,18.0747,126,31.00
2026-07-12,07:54:58,10510,2083.33,17.9598,121,31.00
2026-07-12,07:55:08,10520,2103.33,18.1322,119,31.00
2026-07-12,07:55:18,10530,2156.67,18.5920,122,31.00
2026-07-12,07:55:28,10540,2183.33,18.8218,121,31.00
2026-07-12,07:55:38,10550,2200.00,18.9655,125,31.00
2026-07-12,07:55:48,10560,2203.33,18.9943,127,31.00
2026-07-12,07:55:58,10570,2210.00,19.0517,125,31.00
2026-07-12,07:56:08,10580,2190.00,18.8793,126,31.00
2026-07-12,07:56:18,10590,2170.00,18.7069,126,31.00
2026-07-12,07:56:28,10600,2146.67,18.5057,127,31.00
2026-07-12,07:56:38,10610,2100.00,18.1034,128,31.00
2026-07-12,07:56:48,10620,2053.33,17.7011,130,31.00
2026-07-12,07:56:58,10630,2040.00,17.5862,131,31.00
2026-07-12,07:57:08,10640,2073.33,17.8736,125,31.00
2026-07-12,07:57:18,10650,2116.67,18.2471,122,31.00
2026-07-12,07:57:28,10660,2186.67,18.8506,122,31.00
2026-07-12,07:57:38,10670,2263.33,19.5115,119,31.00
2026-07-12,07:57:48,10680,2293.33,19.7701,130,31.00
2026-07-12,07:57:58,10690,2246.67,19.3678,122,31.00
2026-07-12,07:58:08,10700,2176.67,18.7644,128,31.00
2026-07-12,07:58:18,10710,2140.00,18.4483,129,31.00
2026-07-12,07:58:28,10720,2133.33,18.3908,127,31.00
2026-07-12,07:58:38,10730,2103.33,18.1322,126,31.00
2026-07-12,07:58:48,10740,2066.67,17.8161,125,31.00
2026-07-12,07:58:58,10750,2023.33,17.4425,129,31.00
2026-07-12,07:59:08,10760,1996.67,17.2126,130,31.00
2026-07-12,07:59:17,10770,2033.33,17.5287,125,31.00
2026-07-12,07:59:27,10780,2113.33,18.2184,129,31.00
2026-07-12,07:59:37,10790,2163.33,18.6494,130,31.00
2026-07-12,07:59:47,10800,2143.33,18.4770,130,31.00
2026-07-12,07:59:57,10810,2083.33,17.9598,121,31.00
2026-07-12,08:00:07,10820,2066.67,17.8161,122,31.00
2026-07-12,08:00:17,10830,2090.00,18.0172,126,31.00
2026-07-12,08:00:27,10840,2150.00,18.5345,123,31.00
2026-07-12,08:00:37,10850,2240.00,19.3103,128,31.00
2026-07-12,08:00:47,10860,2283.33,19.6839,125,31.00
2026-07-12,08:00:57,10870,2263.33,19.5115,129,31.00
2026-07-12,08:01:07,10880,2260.00,19.4828,122,31.00
2026-07-12,08:01:17,10890,2286.67,19.7126,120,31.00
2026-07-12,08:01:27,10900,2283.33,19.6839,126,31.00
2026-07-12,08:01:37,10910,2303.33,19.8563,126,31.00
2026-07-12,08:01:47,10920,2370.00,20.4310,124,31.00
2026-07-12,08:01:57,10930,2456.67,21.1782,118,31.00
2026-07-12,08:02:07,10940,2483.33,21.4080,134,30.00
2026-07-12,08:02:17,10950,2406.67,20.7471,118,31.00
2026-07-12,08:02:27,10960,2326.67,20.0575,124,31.00
2026-07-12,08:02:37,10970,2300.00,19.8276,128,30.00
2026-07-12,08:02:47,10980,2293.33,19.7701,131,31.00
2026-07-12,08:02:57,10990,2226.67,19.1954,124,31.00
2026-07-12,08:03:07,11000,2106.67,18.1609,125,30.00
2026-07-12,08:03:17,11010,2023.33,17.4425,120,31.00
2026-07-12,08:03:27,11020,1970.00,16.9828,121,30.00
2026-07-12,08:03:37,11030,1930.00,16.6379,122,31.00
2026-07-12,08:03:47,11040,1896.67,16.3506,122,30.00
2026-07-12,08:03:57,11050,1886.67,16.2644,131,30.00
2026-07-12,08:04:07,11060,1903.33,16.4080,127,30.00
2026-07-12,08:04:17,11070,1916.67,16.5230,126,31.00
2026-07-12,08:04:27,11080,1963.33,16.9253,127,30.00
2026-07-12,08:04:37,11090,1983.33,17.0977,122,31.00
2026-07-12,08:04:47,11100,1973.33,17.0115,132,30.00
2026-07-12,08:04:57,11110,2006.67,17.2989,131,30.00
2026-07-12,08:05:07,11120,2063.33,17.7874,133,30.00
2026-07-12,08:05:17,11130,2076.67,17.9023,124,30.00
2026-07-12,08:05:27,11140,2020.00,17.4138,121,30.00
2026-07-12,08:05:37,11150,1920.00,16.5517,125,30.00
2026-07-12,08:05:47,11160,1820.00,15.6897,124,30.00
2026-07-12,08:05:57,11170,1746.67,15.0575,129,30.00
2026-07-12,08:06:07,11180,1683.33,14.5115,126,30.00
2026-07-12,08:06:17,11190,1653.33,14.2529,128,30.00
2026-07-12,08:06:27,11200,1633.33,14.0805,126,30.00
2026-07-12,08:06:37,11210,1673.33,14.4253,134,30.00
2026-07-12,08:06:47,11220,1776.67,15.3161,125,30.00
2026-07-12,08:06:57,11230,1863.33,16.0632,133,30.00
2026-07-12,08:07:07,11240,1876.67,16.1782,132,30.00
2026-07-12,08:07:17,11250,1833.33,15.8046,125,30.00
2026-07-12,08:07:27,11260,1766.67,15.2299,127,30.00
2026-07-12,08:07:37,11270,1680.00,14.4828,128,30.00
2026-07-12,08:07:47,11280,1616.67,13.9368,128,30.00
2026-07-12,08:07:57,11290,1580.00,13.6207,125,30.00
2026-07-12,08:08:07,11300,1536.67,13.2471,125,30.00
2026-07-12,08:08:17,11310,1500.00,12.9310,129,30.00
2026-07-12,08:08:27,11320,1473.33,12.7011,128,30.00
2026-07-12,08:08:37,11330,1463.33,12.6149,127,30.00
2026-07-12,08:08:47,11340,1473.33,12.7011,125,30.00
2026-07-12,08:08:57,11350,1500.00,12.9310,130,30.00
2026-07-12,08:09:07,11360,1516.67,13.0747,129,30.00
2026-07-12,08:09:17,11370,1543.33,13.3046,127,30.00
2026-07-12,08:09:27,11380,1593.33,13.7356,127,30.00
2026-07-12,08:09:36,11390,1666.67,14.3678,128,30.00
2026-07-12,08:09:46,11400,1783.33,15.3736,133,30.00
2026-07-12,08:09:56,11410,1910.00,16.4655,135,30.00
2026-07-12,08:10:06,11420,1996.67,17.2126,137,30.00
2026-07-12,08:10:16,11430,2020.00,17.4138,122,30.00
2026-07-12,08:10:26,11440,2000.00,17.2414,121,30.00
2026-07-12,08:10:36,11450,1963.33,16.9253,120,30.00
2026-07-12,08:10:46,11460,1956.67,16.8678,123,30.00
2026-07-12,08:10:56,11470,1943.33,16.7529,123,30.00
2026-07-12,08:11:06,11480,1923.33,16.5805,133,30.00
2026-07-12,08:11:16,11490,1906.67,16.4368,127,30.00
2026-07-12,08:11:26,11500,1896.67,16.3506,129,30.00
2026-07-12,08:11:36,11510,1886.67,16.2644,123,30.00
2026-07-12,08:11:46,11520,1880.00,16.2069,126,30.00
2026-07-12,08:11:56,11530,1876.67,16.1782,129,30.00
2026-07-12,08:12:06,11540,1893.33,16.3218,128,30.00
2026-07-12,08:12:16,11550,1913.33,16.4943,131,30.00
2026-07-12,08:12:26,11560,1916.67,16.5230,130,30.00
2026-07-12,08:12:36,11570,1916.67,16.5230,128,30.00
2026-07-12,08:12:46,11580,1900.00,16.3793,128,30.00
2026-07-12,08:12:56,11590,1896.67,16.3506,127,30.00
2026-07-12,08:13:06,11600,1890.00,16.2931,128,30.00
2026-07-12,08:13:16,11610,1896.67,16.3506,132,30.00
2026-07-12,08:13:26,11620,1916.67,16.5230,136,30.00
2026-07-12,08:13:36,11630,1943.33,16.7529,135,30.00
2026-07-12,08:13:46,11640,1986.67,17.1264,137,30.00
2026-07-12,08:13:56,11650,2040.00,17.5862,135,30.00
2026-07-12,08:14:06,11660,2110.00,18.1897,134,30.00
2026-07-12,08:14:16,11670,2190.00,18.8793,135,30.00
2026-07-12,08:14:26,11680,2213.33,19.0805,132,30.00
2026-07-12,08:14:36,11690,2230.00,19.2241,129,30.00
2026-07-12,08:14:46,11700,2256.67,19.4540,131,30.00
2026-07-12,08:14:56,11710,2290.00,19.7414,138,30.00
2026-07-12,08:15:06,11720,2330.00,20.0862,132,30.00
2026-07-12,08:15:16,11730,2360.00,20.3448,135,30.00
2026-07-12,08:15:26,11740,2370.00,20.4310,139,30.00
2026-07-12,08:15:36,11750,2396.67,20.6609,134,30.00
2026-07-12,08:15:46,11760,2423.33,20.8908,138,30.00
2026-07-12,08:15:56,11770,2433.33,20.9770,130,30.00
2026-07-12,08:16:06,11780,2463.33,21.2356,132,30.00
2026-07-12,08:16:16,11790,2490.00,21.4655,125,30.00
2026-07-12,08:16:26,11800,2453.33,21.1494,121,30.00
2026-07-12,08:16:36,11810,2383.33,20.5460,125,30.00
2026-07-12,08:16:46,11820,2386.67,20.5747,126,30.00
2026-07-12,08:16:56,11830,2483.33,21.4080,131,30.00
2026-07-12,08:17:06,11840,2633.33,22.7011,128,30.00
2026-07-12,08:17:16,11850,2723.33,23.4770,127,30.00
2026-07-12,08:17:26,11860,2750.00,23.7069,124,30.00
2026-07-12,08:17:36,11870,2730.00,23.5345,123,30.00
2026-07-12,08:17:46,11880,2740.00,23.6207,128,30.00
2026-07-12,08:17:56,11890,2780.00,23.9655,132,30.00
2026-07-12,08:18:06,11900,2803.33,24.1667,131,30.00
2026-07-12,08:18:16,11910,2760.00,23.7931,119,30.00
2026-07-12,08:18:26,11920,2690.00,23.1897,127,30.00
2026-07-12,08:18:36,11930,2670.00,23.0172,129,30.00
2026-07-12,08:18:46,11940,2726.67,23.5057,131,30.00
2026-07-12,08:18:56,11950,2840.00,24.4828,133,30.00
2026-07-12,08:19:06,11960,2900.00,25.0000,130,30.00
2026-07-12,08:19:16,11970,2940.00,25.3448,125,30.00
2026-07-12,08:19:26,11980,2956.67,25.4885,128,30.00
2026-07-12,08:19:36,11990,2950.00,25.4310,127,30.00
2026-07-12,08:19:45,12000,2890.00,24.9138,123,30.00
2026-07-12,08:19:55,12010,2820.00,24.3103,128,30.00
2026-07-12,08:20:05,12020,2766.67,23.8506,121,30.00
2026-07-12,08:20:15,12030,2756.67,23.7644,131,30.00
2026-07-12,08:20:25,12040,2753.33,23.7356,128,30.00
2026-07-12,08:20:35,12050,2770.00,23.8793,119,30.00
2026-07-12,08:20:45,12060,2733.33,23.5632,124,30.00
2026-07-12,08:20:55,12070,2673.33,23.0460,125,30.00
2026-07-12,08:21:05,12080,2643.33,22.7874,119,30.00
2026-07-12,08:21:15,12090,2633.33,22.7011,120,30.00
2026-07-12,08:21:25,12100,2623.33,22.6149,127,30.00
2026-07-12,08:21:35,12110,2573.33,22.1839,121,30.00
2026-07-12,08:21:45,12120,2573.33,22.1839,121,30.00
2026-07-12,08:21:55,12130,2593.33,22.3563,120,30.00
2026-07-12,08:22:05,12140,2620.00,22.5862,133,30.00
2026-07-12,08:22:15,12150,2643.33,22.7874,120,30.00
2026-07-12,08:22:25,12160,2670.00,23.0172,126,30.00
2026-07-12,08:22:35,12170,2700.00,23.2759,127,30.00
2026-07-12,08:22:45,12180,2733.33,23.5632,121,30.00
2026-07-12,08:22:55,12190,2753.33,23.7356,124,30.00
2026-07-12,08:23:05,12200,2696.67,23.2471,128,30.00
2026-07-12,08:23:15,12210,2580.00,22.2414,118,30.00
2026-07-12,08:23:25,12220,2476.67,21.3506,126,30.00
2026-07-12,08:23:35,12230,2430.00,20.9483,128,30.00
2026-07-12,08:23:45,12240,2396.67,20.6609,127,30.00
2026-07-12,08:23:55,12250,2370.00,20.4310,125,30.00
2026-07-12,08:24:05,12260,2410.00,20.7759,124,30.00
2026-07-12,08:24:15,12270,2473.33,21.3218,125,30.00
2026-07-12,08:24:25,12280,2520.00,21.7241,128,30.00
2026-07-12,08:24:35,12290,2526.67,21.7816,127,30.00
2026-07-12,08:24:45,12300,2500.00,21.5517,129,30.00
2026-07-12,08:24:55,12310,2566.67,22.1264,137,30.00
2026-07-12,08:25:05,12320,2640.00,22.7586,121,30.00
2026-07-12,08:25:15,12330,2653.33,22.8736,129,30.00
2026-07-12,08:25:25,12340,2616.67,22.5575,119,30.00
2026-07-12,08:25:35,12350,2560.00,22.0690,124,30.00
2026-07-12,08:25:45,12360,2503.33,21.5805,127,30.00
2026-07-12,08:25:55,12370,2486.67,21.4368,121,30.00
2026-07-12,08:26:05,12380,2470.00,21.2931,125,30.00
2026-07-12,08:26:15,12390,2440.00,21.0345,126,30.00
2026-07-12,08:26:25,12400,2436.67,21.0057,124,30.00
2026-07-12,08:26:35,12410,2450.00,21.1207,127,30.00
2026-07-12,08:26:45,12420,2450.00,21.1207,127,30.00
2026-07-12,08:26:55,12430,2443.33,21.0632,127,30.00
2026-07-12,08:27:05,12440,2453.33,21.1494,125,30.00
2026-07-12,08:27:15,12450,2490.00,21.4655,123,30.00
2026-07-12,08:27:25,12460,2526.67,21.7816,126,30.00
2026-07-12,08:27:35,12470,2560.00,22.0690,124,30.00
2026-07-12,08:27:45,12480,2566.67,22.1264,127,30.00
2026-07-12,08:27:55,12490,2570.00,22.1552,129,30.00
2026-07-12,08:28:05,12500,2566.67,22.1264,127,30.00
2026-07-12,08:28:15,12510,2560.00,22.0690,125,30.00
2026-07-12,08:28:25,12520,2566.67,22.1264,127,30.00
2026-07-12,08:28:35,12530,2560.00,22.0690,128,30.00
2026-07-12,08:28:45,12540,2540.00,21.8966,127,30.00
2026-07-12,08:28:55,12550,2540.00,21.8966,127,30.00
2026-07-12,08:29:05,12560,2576.67,22.2126,129,30.00
2026-07-12,08:29:15,12570,2600.00,22.4138,127,30.00
2026-07-12,08:29:25,12580,2626.67,22.6437,124,30.00
2026-07-12,08:29:35,12590,2650.00,22.8448,128,30.00
2026-07-12,08:29:45,12600,2643.33,22.7874,130,30.00
2026-07-12,08:29:55,12610,2613.33,22.5287,126,30.00
2026-07-12,08:30:05,12620,2533.33,21.8391,127,30.00
2026-07-12,08:30:15,12630,2456.67,21.1782,125,30.00
2026-07-12,08:30:24,12640,2406.67,20.7471,122,30.00
2026-07-12,08:30:34,12650,2390.00,20.6034,126,30.00
2026-07-12,08:30:44,12660,2420.00,20.8621,127,30.00
2026-07-12,08:30:54,12670,2490.00,21.4655,127,30.00
2026-07-12,08:31:04,12680,2560.00,22.0690,126,30.00
2026-07-12,08:31:14,12690,2576.67,22.2126,128,30.00
2026-07-12,08:31:24,12700,2570.00,22.1552,142,30.00
2026-07-12,08:31:34,12710,2530.00,21.8103,130,30.00
2026-07-12,08:31:44,12720,2540.00,21.8966,123,30.00
2026-07-12,08:31:54,12730,2620.00,22.5862,130,30.00
2026-07-12,08:32:04,12740,2703.33,23.3046,131,30.00
2026-07-12,08:32:14,12750,2760.00,23.7931,129,30.00
2026-07-12,08:32:24,12760,2796.67,24.1092,131,30.00
2026-07-12,08:32:34,12770,2836.67,24.4540,126,30.00
2026-07-12,08:32:44,12780,2870.00,24.7414,127,30.00
2026-07-12,08:32:54,12790,2866.67,24.7126,127,30.00
2026-07-12,08:33:04,12800,2830.00,24.3966,130,30.00
2026-07-12,08:33:14,12810,2756.67,23.7644,124,30.00
2026-07-12,08:33:24,12820,2673.33,23.0460,126,30.00
2026-07-12,08:33:34,12830,2626.67,22.6437,124,30.00
2026-07-12,08:33:44,12840,2633.33,22.7011,127,30.00
2026-07-12,08:33:54,12850,2670.00,23.0172,125,30.00
2026-07-12,08:34:04,12860,2706.67,23.3333,122,30.00
2026-07-12,08:34:14,12870,2760.00,23.7931,122,30.00
2026-07-12,08:34:24,12880,2813.33,24.2529,128,30.00
2026-07-12,08:34:34,12890,2840.00,24.4828,128,30.00
2026-07-12,08:34:44,12900,2863.33,24.6839,125,30.00
2026-07-12,08:34:54,12910,2876.67,24.7988,123,30.00
2026-07-12,08:35:04,12920,2876.67,24.7988,128,30.00
2026-07-12,08:35:14,12930,2876.67,24.7988,131,30.00
2026-07-12,08:35:24,12940,2873.33,24.7701,121,30.00
2026-07-12,08:35:34,12950,2873.33,24.7701,121,30.00
2026-07-12,08:35:44,12960,2863.33,24.6839,123,30.00
2026-07-12,08:35:54,12970,2850.00,24.5690,124,30.00
2026-07-12,08:36:04,12980,2826.67,24.3678,123,30.00
2026-07-12,08:36:14,12990,2810.00,24.2241,127,30.00
2026-07-12,08:36:24,13000,2820.00,24.3103,129,30.00
2026-07-12,08:36:34,13010,2863.33,24.6839,122,30.00
2026-07-12,08:36:44,13020,2896.67,24.9713,127,30.00
2026-07-12,08:36:54,13030,2896.67,24.9713,125,30.00
2026-07-12,08:37:04,13040,2903.33,25.0287,122,30.00
2026-07-12,08:37:14,13050,2933.33,25.2874,126,30.00
2026-07-12,08:37:24,13060,2956.67,25.4885,129,30.00
2026-07-12,08:37:34,13070,2986.67,25.7471,128,30.00
2026-07-12,08:37:44,13080,3006.67,25.9195,132,30.00
2026-07-12,08:37:54,13090,3026.67,26.0920,126,30.00
2026-07-12,08:38:04,13100,3046.67,26.2644,130,30.00
2026-07-12,08:38:14,13110,3066.67,26.4368,130,30.00
2026-07-12,08:38:24,13120,3080.00,26.5517,129,30.00
2026-07-12,08:38:34,13130,3090.00,26.6379,129,30.00
2026-07-12,08:38:44,13140,3110.00,26.8103,125,30.00
2026-07-12,08:38:54,13150,3130.00,26.9828,130,30.00
2026-07-12,08:39:04,13160,3143.33,27.0977,128,30.00
2026-07-12,08:39:14,13170,3160.00,27.2414,128,30.00
2026-07-12,08:39:24,13180,3176.67,27.3851,129,30.00
2026-07-12,08:39:34,13190,3186.67,27.4713,126,30.00
2026-07-12,08:39:44,13200,3200.00,27.5862,125,30.00
2026-07-12,08:39:54,13210,3213.33,27.7011,127,30.00
2026-07-12,08:40:04,13220,3223.33,27.7874,123,30.00
2026-07-12,08:40:14,13230,3230.00,27.8448,126,30.00
2026-07-12,08:40:24,13240,3226.67,27.8161,127,30.00
2026-07-12,08:40:34,13250,3226.67,27.8161,127,30.00
2026-07-12,08:40:44,13260,3226.67,27.8161,129,30.00
2026-07-12,08:40:54,13270,3233.33,27.8736,128,30.00
2026-07-12,08:41:03,13280,3233.33,27.8736,126,30.00
2026-07-12,08:41:13,13290,3246.67,27.9885,128,30.00
2026-07-12,08:41:23,13300,3263.33,28.1322,134,30.00
2026-07-12,08:41:33,13310,3290.00,28.3621,129,30.00
2026-07-12,08:41:43,13320,3320.00,28.6207,132,30.00
2026-07-12,08:41:53,13330,3363.33,28.9943,137,30.00
2026-07-12,08:42:03,13340,3420.00,29.4828,130,31.00
2026-07-12,08:42:13,13350,3470.00,29.9138,125,30.00
2026-07-12,08:42:23,13360,3530.00,30.4310,125,30.00
2026-07-12,08:42:33,13370,3590.00,30.9483,130,30.00
2026-07-12,08:42:43,13380,3656.67,31.5230,132,31.00
2026-07-12,08:42:53,13390,3730.00,32.1552,125,31.00
2026-07-12,08:43:03,13400,3810.00,32.8448,131,31.00
2026-07-12,08:43:13,13410,3913.33,33.7356,134,30.00
2026-07-12,08:43:23,13420,4010.00,34.5690,130,31.00
2026-07-12,08:43:33,13430,4116.67,35.4885,122,31.00
2026-07-12,08:43:43,13440,4226.67,36.4368,128,31.00
2026-07-12,08:43:53,13450,4356.67,37.5575,130,31.00
2026-07-12,08:44:03,13460,4470.00,38.5345,134,31.00
2026-07-12,08:44:13,13470,4583.33,39.5115,139,31.00
2026-07-12,08:44:23,13480,4696.67,40.4885,139,31.00
2026-07-12,08:44:33,13490,4806.67,41.4368,131,31.00
2026-07-12,08:44:43,13500,4910.00,42.3276,134,31.00
2026-07-12,08:44:53,13510,5000.00,43.1034,130,31.00
2026-07-12,08:45:03,13520,5080.00,43.7931,129,31.00
2026-07-12,08:45:13,13530,5166.67,44.5402,130,31.00
2026-07-12,08:45:23,13540,5233.33,45.1149,130,31.00
2026-07-12,08:45:33,13550,5300.00,45.6897,128,31.00
2026-07-12,08:45:43,13560,5363.33,46.2356,131,31.00
2026-07-12,08:45:53,13570,5413.33,46.6667,126,31.00
2026-07-12,08:46:03,13580,5460.00,47.0690,128,31.00
2026-07-12,08:46:13,13590,5503.33,47.4425,134,31.00
2026-07-12,08:46:23,13600,5546.67,47.8161,151,31.00
2026-07-12,08:46:33,13610,5566.67,47.9885,128,31.00
2026-07-12,08:46:43,13620,5583.33,48.1322,128,31.00
2026-07-12,08:46:53,13630,5603.33,48.3046,128,31.00
2026-07-12,08:47:03,13640,5616.67,48.4195,128,31.00
2026-07-12,08:47:13,13650,5626.67,48.5057,129,31.00
2026-07-12,08:47:23,13660,5626.67,48.5057,127,31.00
2026-07-12,08:47:33,13670,5630.00,48.5345,129,31.00
2026-07-12,08:47:43,13680,5636.67,48.5920,129,31.00
2026-07-12,08:47:53,13690,5643.33,48.6494,127,31.00
2026-07-12,08:48:03,13700,5643.33,48.6494,128,31.00
2026-07-12,08:48:13,13710,5636.67,48.5920,127,31.00
2026-07-12,08:48:23,13720,5626.67,48.5057,130,31.00
2026-07-12,08:48:33,13730,5606.67,48.3333,131,31.00
2026-07-12,08:48:43,13740,5576.67,48.0747,131,32.00
2026-07-12,08:48:53,13750,5523.33,47.6149,126,31.00
2026-07-12,08:49:03,13760,5490.00,47.3276,128,31.00
2026-07-12,08:49:13,13770,5460.00,47.0690,128,31.00
2026-07-12,08:49:23,13780,5413.33,46.6667,127,31.00
2026-07-12,08:49:33,13790,5366.67,46.2644,129,31.00
2026-07-12,08:49:43,13800,5320.00,45.8621,128,32.00
2026-07-12,08:49:53,13810,5276.67,45.4885,131,31.00
2026-07-12,08:50:03,13820,5226.67,45.0575,135,32.00
2026-07-12,08:50:13,13830,5173.33,44.5977,132,32.00
2026-07-12,08:50:23,13840,5120.00,44.1379,131,32.00
2026-07-12,08:50:33,13850,5053.33,43.5632,133,32.00
2026-07-12,08:50:43,13860,4993.33,43.0460,134,32.00
2026-07-12,08:50:53,13870,4940.00,42.5862,133,32.00
2026-07-12,08:51:03,13880,4893.33,42.1839,133,32.00
2026-07-12,08:51:13,13890,4856.67,41.8678,130,32.00
2026-07-12,08:51:23,13900,4823.33,41.5805,146,32.00
2026-07-12,08:51:33,13910,4796.67,41.3506,136,32.00
2026-07-12,08:51:42,13920,4766.67,41.0920,133,32.00
2026-07-12,08:51:52,13930,4746.67,40.9195,128,32.00
2026-07-12,08:52:02,13940,4733.33,40.8046,127,32.00
2026-07-12,08:52:12,13950,4723.33,40.7184,128,32.00
2026-07-12,08:52:22,13960,4716.67,40.6609,132,32.00
2026-07-12,08:52:32,13970,4716.67,40.6609,125,32.00
2026-07-12,08:52:42,13980,4713.33,40.6322,126,32.00
2026-07-12,08:52:52,13990,4713.33,40.6322,126,32.00
2026-07-12,08:53:02,14000,4703.33,40.5460,137,32.00
2026-07-12,08:53:12,14010,4693.33,40.4598,128,32.00
2026-07-12,08:53:22,14020,4676.67,40.3161,127,32.00
2026-07-12,08:53:32,14030,4663.33,40.2011,125,32.00
2026-07-12,08:53:42,14040,4650.00,40.0862,135,31.00
2026-07-12,08:53:52,14050,4643.33,40.0287,136,32.00
2026-07-12,08:54:02,14060,4633.33,39.9425,131,32.00
2026-07-12,08:54:12,14070,4623.33,39.8563,134,32.00
2026-07-12,08:54:22,14080,4603.33,39.6839,133,32.00
2026-07-12,08:54:32,14090,4580.00,39.4828,138,32.00
2026-07-12,08:54:42,14100,4550.00,39.2241,133,32.00
2026-07-12,08:54:52,14110,4523.33,38.9943,134,32.00
2026-07-12,08:55:02,14120,4493.33,38.7356,128,32.00
2026-07-12,08:55:12,14130,4456.67,38.4195,132,32.00
2026-07-12,08:55:22,14140,4416.67,38.0747,127,32.00
2026-07-12,08:55:32,14150,4380.00,37.7586,129,32.00
2026-07-12,08:55:42,14160,4336.67,37.3851,135,32.00
2026-07-12,08:55:52,14170,4306.67,37.1264,132,32.00
2026-07-12,08:56:02,14180,4270.00,36.8103,130,32.00
2026-07-12,08:56:12,14190,4226.67,36.4368,130,32.00
2026-07-12,08:56:22,14200,4196.67,36.1782,130,32.00
2026-07-12,08:56:32,14210,4170.00,35.9483,121,32.00
2026-07-12,08:56:42,14220,4133.33,35.6322,122,32.00
2026-07-12,08:56:52,14230,4106.67,35.4023,126,32.00
2026-07-12,08:57:02,14240,4073.33,35.1149,127,32.00
2026-07-12,08:57:12,14250,4053.33,34.9425,128,32.00
2026-07-12,08:57:22,14260,4036.67,34.7988,128,32.00
2026-07-12,08:57:32,14270,4016.67,34.6264,128,32.00
2026-07-12,08:57:42,14280,3993.33,34.4253,130,32.00
2026-07-12,08:57:52,14290,3973.33,34.2529,130,32.00
2026-07-12,08:58:02,14300,3960.00,34.1379,136,32.00
2026-07-12,08:58:12,14310,3950.00,34.0517,129,32.00
2026-07-12,08:58:22,14320,3943.33,33.9943,125,32.00
2026-07-12,08:58:32,14330,3943.33,33.9943,125,32.00
2026-07-12,08:58:42,14340,3950.00,34.0517,128,32.00
2026-07-12,08:58:52,14350,3963.33,34.1667,131,32.00
2026-07-12,08:59:02,14360,3976.67,34.2816,135,32.00
2026-07-12,08:59:12,14370,4000.00,34.4828,131,32.00
2026-07-12,08:59:22,14380,4026.67,34.7126,132,32.00
2026-07-12,08:59:32,14390,4046.67,34.8851,135,32.00
2026-07-12,08:59:42,14400,4066.67,35.0575,130,32.00
2026-07-12,08:59:52,14410,4080.00,35.1724,127,32.00
2026-07-12,09:00:02,14420,4096.67,35.3161,127,32.00
2026-07-12,09:00:12,14430,4110.00,35.4310,126,32.00
2026-07-12,09:00:22,14440,4130.00,35.6034,127,32.00
2026-07-12,09:00:32,14450,4150.00,35.7759,130,32.00
2026-07-12,09:00:42,14460,4176.67,36.0057,131,32.00
2026-07-12,09:00:52,14470,4196.67,36.1782,129,32.00
2026-07-12,09:01:02,14480,4226.67,36.4368,132,32.00
2026-07-12,09:01:12,14490,4253.33,36.6667,131,32.00
2026-07-12,09:01:22,14500,4283.33,36.9253,144,32.00
2026-07-12,09:01:32,14510,4303.33,37.0977,128,32.00
2026-07-12,09:01:42,14520,4320.00,37.2414,126,32.00
2026-07-12,09:01:52,14530,4333.33,37.3563,129,32.00
2026-07-12,09:02:02,14540,4346.67,37.4713,127,32.00
2026-07-12,09:02:12,14550,4356.67,37.5575,129,32.00
2026-07-12,09:02:21,14560,4363.33,37.6149,129,32.00
2026-07-12,09:02:31,14570,4376.67,37.7299,136,32.00
2026-07-12,09:02:41,14580,4383.33,37.7874,133,32.00
2026-07-12,09:02:51,14590,4393.33,37.8736,132,32.00
2026-07-12,09:03:01,14600,4403.33,37.9598,127,32.00
2026-07-12,09:03:11,14610,4410.00,38.0172,129,32.00
2026-07-12,09:03:21,14620,4410.00,38.0172,129,32.00
2026-07-12,09:03:31,14630,4416.67,38.0747,135,32.00
2026-07-12,09:03:41,14640,4420.00,38.1034,131,32.00
2026-07-12,09:03:51,14650,4430.00,38.1897,133,32.00
2026-07-12,09:04:01,14660,4433.33,38.2184,128,32.00
2026-07-12,09:04:11,14670,4440.00,38.2759,132,32.00
2026-07-12,09:04:21,14680,4436.67,38.2471,130,32.00
2026-07-12,09:04:31,14690,4426.67,38.1609,131,32.00
2026-07-12,09:04:41,14700,4416.67,38.0747,129,32.00
2026-07-12,09:04:51,14710,4403.33,37.9598,130,32.00
2026-07-12,09:05:01,14720,4383.33,37.7874,126,32.00
2026-07-12,09:05:11,14730,4366.67,37.6437,125,32.00
2026-07-12,09:05:21,14740,4356.67,37.5575,127,32.00
2026-07-12,09:05:31,14750,4346.67,37.4713,126,32.00
2026-07-12,09:05:41,14760,4340.00,37.4138,126,32.00
2026-07-12,09:05:51,14770,4330.00,37.3276,130,32.00
2026-07-12,09:06:01,14780,4316.67,37.2126,135,32.00
2026-07-12,09:06:11,14790,4306.67,37.1264,135,32.00
2026-07-12,09:06:21,14800,4286.67,36.9540,133,32.00
2026-07-12,09:06:31,14810,4270.00,36.8103,129,32.00
2026-07-12,09:06:41,14820,4240.00,36.5517,126,32.00
2026-07-12,09:06:51,14830,4230.00,36.4655,126,32.00
2026-07-12,09:07:01,14840,4213.33,36.3218,129,32.00
2026-07-12,09:07:11,14850,4190.00,36.1207,129,32.00
2026-07-12,09:07:21,14860,4173.33,35.9770,126,32.00
2026-07-12,09:07:31,14870,4140.00,35.6897,132,32.00
2026-07-12,09:07:41,14880,4110.00,35.4310,130,32.00
2026-07-12,09:07:51,14890,4076.67,35.1437,135,32.00
2026-07-12,09:08:01,14900,4043.33,34.8563,134,32.00
2026-07-12,09:08:11,14910,4020.00,34.6552,135,32.00
2026-07-12,09:08:21,14921,4013.33,34.5977,133,32.00
2026-07-12,09:08:31,14931,4020.00,34.6552,131,32.00
2026-07-12,09:08:41,14941,4033.33,34.7701,125,32.00
2026-07-12,09:08:51,14951,4066.67,35.0575,130,32.00
2026-07-12,09:09:01,14961,4106.67,35.4023,124,32.00
2026-07-12,09:09:11,14971,4153.33,35.8046,125,32.00
2026-07-12,09:09:21,14981,4196.67,36.1782,128,32.00
2026-07-12,09:09:31,14991,4236.67,36.5230,130,32.00
2026-07-12,09:09:41,15001,4283.33,36.9253,130,32.00
2026-07-12,09:09:51,15011,4313.33,37.1839,133,32.00
2026-07-12,09:10:01,15021,4343.33,37.4425,130,32.00
2026-07-12,09:10:11,15031,4376.67,37.7299,129,32.00
2026-07-12,09:10:21,15041,4420.00,38.1034,120,32.00
2026-07-12,09:10:31,15051,4490.00,38.7069,129,32.00
2026-07-12,09:10:41,15061,4573.33,39.4253,132,32.00
2026-07-12,09:10:51,15071,4636.67,39.9713,139,32.00
2026-07-12,09:11:01,15081,4663.33,40.2011,139,32.00
2026-07-12,09:11:11,15091,4636.67,39.9713,130,32.00
2026-07-12,09:11:21,15101,4583.33,39.5115,131,32.00
2026-07-12,09:11:31,15111,4513.33,38.9080,135,32.00
2026-07-12,09:11:41,15121,4456.67,38.4195,133,32.00
2026-07-12,09:11:51,15131,4430.00,38.1897,126,32.00
2026-07-12,09:12:01,15141,4436.67,38.2471,127,32.00
2026-07-12,09:12:11,15151,4506.67,38.8506,124,32.00
2026-07-12,09:12:21,15161,4636.67,39.9713,130,32.00
2026-07-12,09:12:31,15171,4813.33,41.4943,138,32.00
2026-07-12,09:12:41,15181,4973.33,42.8736,133,32.00
2026-07-12,09:12:50,15191,5103.33,43.9943,128,32.00
2026-07-12,09:13:00,15201,5190.00,44.7414,126,32.00
2026-07-12,09:13:10,15211,5193.33,44.7701,129,32.00
2026-07-12,09:13:20,15221,5133.33,44.2529,132,32.00
2026-07-12,09:13:30,15231,5013.33,43.2184,129,32.00
2026-07-12,09:13:40,15241,4890.00,42.1552,130,32.00
2026-07-12,09:13:50,15251,4773.33,41.1494,129,32.00
2026-07-12,09:14:00,15261,4713.33,40.6322,127,32.00
2026-07-12,09:14:10,15271,4716.67,40.6609,132,32.00
2026-07-12,09:14:20,15281,4773.33,41.1494,137,32.00
2026-07-12,09:14:30,15291,4876.67,42.0402,128,32.00
2026-07-12,09:14:40,15301,4986.67,42.9885,131,32.00
2026-07-12,09:14:50,15311,5056.67,43.5920,134,32.00
2026-07-12,09:15:00,15321,5036.67,43.4195,127,32.00
2026-07-12,09:15:10,15331,4956.67,42.7299,135,32.00
2026-07-12,09:15:20,15341,4833.33,41.6667,130,32.00
2026-07-12,09:15:30,15351,4693.33,40.4598,132,32.00
2026-07-12,09:15:40,15361,4516.67,38.9368,136,32.00
2026-07-12,09:15:50,15371,4383.33,37.7874,125,32.00
2026-07-12,09:16:00,15381,4296.67,37.0402,125,32.00
2026-07-12,09:16:10,15391,4273.33,36.8391,127,32.00
2026-07-12,09:16:20,15401,4283.33,36.9253,136,32.00
2026-07-12,09:16:30,15411,4293.33,37.0115,137,32.00
2026-07-12,09:16:40,15421,4290.00,36.9828,132,32.00
2026-07-12,09:16:50,15431,4283.33,36.9253,134,32.00
2026-07-12,09:17:00,15441,4300.00,37.0690,127,32.00
2026-07-12,09:17:10,15451,4336.67,37.3851,126,32.00
2026-07-12,09:17:20,15461,4386.67,37.8161,125,32.00
2026-07-12,09:17:30,15471,4463.33,38.4770,132,32.00
2026-07-12,09:17:40,15481,4523.33,38.9943,136,32.00
2026-07-12,09:17:50,15491,4513.33,38.9080,132,32.00
2026-07-12,09:18:00,15501,4423.33,38.1322,136,32.00
2026-07-12,09:18:10,15511,4290.00,36.9828,132,32.00
2026-07-12,09:18:20,15521,4203.33,36.2356,126,32.00
2026-07-12,09:18:30,15531,4223.33,36.4080,131,32.00
2026-07-12,09:18:40,15541,4273.33,36.8391,132,32.00
2026-07-12,09:18:50,15551,4303.33,37.0977,129,32.00
2026-07-12,09:19:00,15561,4350.00,37.5000,126,32.00
2026-07-12,09:19:10,15571,4410.00,38.0172,131,32.00
2026-07-12,09:19:20,15581,4500.00,38.7931,132,32.00
2026-07-12,09:19:30,15591,4576.67,39.4540,130,32.00
2026-07-12,09:19:40,15601,4656.67,40.1437,130,32.00
2026-07-12,09:19:50,15611,4776.67,41.1782,131,32.00
2026-07-12,09:20:00,15621,4870.00,41.9828,133,32.00
2026-07-12,09:20:10,15631,5016.67,43.2471,134,32.00
2026-07-12,09:20:20,15641,5276.67,45.4885,135,32.00
2026-07-12,09:20:30,15651,5560.00,47.9310,126,32.00
2026-07-12,09:20:40,15661,5813.33,50.1149,135,32.00
2026-07-12,09:20:50,15671,6066.67,52.2988,131,32.00
2026-07-12,09:21:00,15681,6286.67,54.1954,128,32.00
2026-07-12,09:21:10,15691,6483.33,55.8908,137,32.00
2026-07-12,09:21:20,15701,6590.00,56.8103,131,32.00
2026-07-12,09:21:30,15711,6650.00,57.3276,131,33.00
2026-07-12,09:21:40,15721,6750.00,58.1897,141,32.00
2026-07-12,09:21:50,15731,6896.67,59.4540,134,33.00
2026-07-12,09:22:00,15741,6946.67,59.8851,139,32.00
2026-07-12,09:22:10,15751,6963.33,60.0287,133,33.00
2026-07-12,09:22:20,15761,7003.33,60.3736,132,33.00
2026-07-12,09:22:30,15771,7136.67,61.5230,136,33.00
2026-07-12,09:22:40,15781,7373.33,63.5632,146,33.00
2026-07-12,09:22:50,15791,7616.67,65.6609,156,33.00
2026-07-12,09:23:00,15801,7770.00,66.9828,141,33.00
2026-07-12,09:23:10,15811,7626.67,65.7471,152,33.00
2026-07-12,09:23:20,15821,7280.00,62.7586,153,33.00
2026-07-12,09:23:29,15831,6843.33,58.9943,145,33.00
2026-07-12,09:23:39,15841,6456.67,55.6609,134,33.00
2026-07-12,09:23:49,15851,6196.67,53.4195,127,33.00
2026-07-12,09:23:59,15861,6086.67,52.4713,127,33.00
2026-07-12,09:24:09,15871,6063.33,52.2701,125,33.00
2026-07-12,09:24:19,15881,6123.33,52.7874,130,33.00
2026-07-12,09:24:29,15891,6200.00,53.4483,133,33.00
2026-07-12,09:24:39,15901,6216.67,53.5920,132,33.00
2026-07-12,09:24:49,15911,6176.67,53.2471,136,33.00
2026-07-12,09:24:59,15921,6143.33,52.9598,135,33.00
2026-07-12,09:25:09,15931,6110.00,52.6724,135,33.00
2026-07-12,09:25:19,15941,6146.67,52.9885,132,33.00
2026-07-12,09:25:29,15951,6226.67,53.6782,129,33.00
2026-07-12,09:25:39,15961,6336.67,54.6264,125,33.00
2026-07-12,09:25:49,15971,6500.00,56.0345,132,33.00
2026-07-12,09:25:59,15981,6713.33,57.8736,132,33.00
2026-07-12,09:26:09,15991,7030.00,60.6034,130,33.00
2026-07-12,09:26:19,16001,7356.67,63.4195,143,33.00
2026-07-12,09:26:29,16011,7680.00,66.2069,131,33.00
2026-07-12,09:26:39,16021,7970.00,68.7069,131,33.00
2026-07-12,09:26:49,16031,8156.67,70.3161,138,33.00
2026-07-12,09:26:59,16041,8210.00,70.7759,130,33.00
2026-07-12,09:27:09,16051,8203.33,70.7184,135,33.00
2026-07-12,09:27:19,16061,8213.33,70.8046,131,33.00
2026-07-12,09:27:29,16071,8243.33,71.0632,133,33.00
2026-07-12,09:27:39,16081,8266.67,71.2644,136,33.00
2026-07-12,09:27:49,16091,8343.33,71.9253,139,33.00
2026-07-12,09:27:59,16101,8436.67,72.7299,139,33.00
2026-07-12,09:28:09,16111,8610.00,74.2241,144,33.00
2026-07-12,09:28:19,16121,8790.00,75.7759,146,33.00
2026-07-12,09:28:29,16131,8960.00,77.2414,154,33.00
2026-07-12,09:28:39,16141,9066.67,78.1609,159,33.00
2026-07-12,09:28:49,16151,9050.00,78.0172,160,33.00
2026-07-12,09:28:59,16161,9046.67,77.9885,160,33.00
2026-07-12,09:29:09,16171,9086.67,78.3333,159,33.00
2026-07-12,09:29:19,16181,9220.00,79.4828,160,33.00
2026-07-12,09:29:29,16191,9313.33,80.2874,163,34.00
2026-07-12,09:29:39,16201,9453.33,81.4942,159,34.00
2026-07-12,09:29:49,16211,9676.67,83.4195,166,34.00
2026-07-12,09:29:59,16221,9966.67,85.9195,169,34.00
2026-07-12,09:30:09,16231,10270.00,88.5345,171,34.00
2026-07-12,09:30:19,16241,10526.67,90.7471,173,34.00
2026-07-12,09:30:29,16251,10766.67,92.8161,177,34.00
2026-07-12,09:30:39,16261,10950.00,94.3966,173,34.00
2026-07-12,09:30:49,16271,11120.00,95.8621,182,34.00
2026-07-12,09:30:59,16281,11216.67,96.6954,183,34.00
2026-07-12,09:31:09,16291,11063.33,95.3736,179,34.00
2026-07-12,09:31:19,16301,10643.33,91.7529,166,34.00
2026-07-12,09:31:29,16311,10206.67,87.9885,171,34.00
2026-07-12,09:31:39,16321,10060.00,86.7241,168,34.00
2026-07-12,09:31:49,16331,10240.00,88.2759,175,34.00
2026-07-12,09:31:59,16341,10483.33,90.3736,176,34.00
2026-07-12,09:32:09,16351,10493.33,90.4598,177,34.00
2026-07-12,09:32:19,16361,10320.00,88.9655,176,34.00
2026-07-12,09:32:29,16371,9993.33,86.1494,174,34.00
2026-07-12,09:32:39,16381,9640.00,83.1034,168,35.00
2026-07-12,09:32:49,16391,9320.00,80.3448,157,35.00
2026-07-12,09:32:59,16401,9090.00,78.3621,161,35.00
2026-07-12,09:33:09,16411,9033.33,77.8736,168,35.00
2026-07-12,09:33:19,16421,9016.67,77.7299,167,35.00
2026-07-12,09:33:29,16431,9046.67,77.9885,171,35.00
2026-07-12,09:33:39,16441,9033.33,77.8736,174,35.00
2026-07-12,09:33:49,16451,8896.67,76.6954,164,35.00
2026-07-12,09:33:59,16461,8716.67,75.1437,163,35.00
2026-07-12,09:34:09,16471,8473.33,73.0460,159,35.00
2026-07-12,09:34:19,16481,8296.67,71.5230,156,35.00
2026-07-12,09:34:28,16491,8210.00,70.7759,148,35.00
2026-07-12,09:34:38,16501,8150.00,70.2586,150,35.00
2026-07-12,09:34:48,16511,8046.67,69.3678,146,35.00
2026-07-12,09:34:58,16521,7970.00,68.7069,149,35.00
2026-07-12,09:35:08,16531,8006.67,69.0230,143,35.00
2026-07-12,09:35:18,16541,8200.00,70.6897,147,35.00
2026-07-12,09:35:28,16551,8510.00,73.3621,153,35.00
2026-07-12,09:35:38,16561,8860.00,76.3793,163,35.00
2026-07-12,09:35:48,16571,9170.00,79.0517,164,35.00
2026-07-12,09:35:58,16581,9416.67,81.1782,169,35.00
2026-07-12,09:36:08,16591,9546.67,82.2988,168,35.00
2026-07-12,09:36:18,16601,9650.00,83.1897,168,35.00
2026-07-12,09:36:28,16611,9673.33,83.3908,170,35.00
2026-07-12,09:36:38,16621,9546.67,82.2988,166,35.00
2026-07-12,09:36:48,16631,9363.33,80.7184,166,35.00
2026-07-12,09:36:58,16641,9133.33,78.7356,165,35.00
2026-07-12,09:37:08,16651,8816.67,76.0057,157,35.00
2026-07-12,09:37:18,16661,8490.00,73.1897,156,35.00
2026-07-12,09:37:28,16671,8260.00,71.2069,154,35.00
2026-07-12,09:37:38,16681,8080.00,69.6552,159,35.00
2026-07-12,09:37:48,16691,7863.33,67.7874,149,35.00
2026-07-12,09:37:58,16701,7600.00,65.5172,150,35.00
2026-07-12,09:38:08,16711,7333.33,63.2184,142,35.00
2026-07-12,09:38:18,16721,7116.67,61.3506,139,35.00
2026-07-12,09:38:28,16731,6946.67,59.8851,139,35.00
2026-07-12,09:38:38,16741,6763.33,58.3046,132,35.00
2026-07-12,09:38:48,16751,6566.67,56.6092,130,35.00
2026-07-12,09:38:58,16761,6383.33,55.0287,135,35.00
2026-07-12,09:39:08,16771,6176.67,53.2471,131,35.00
2026-07-12,09:39:18,16781,5933.33,51.1494,132,35.00
2026-07-12,09:39:28,16791,5800.00,50.0000,133,35.00
2026-07-12,09:39:38,16801,5770.00,49.7414,130,35.00
2026-07-12,09:39:48,16811,5790.00,49.9138,127,35.00
2026-07-12,09:39:58,16821,5820.00,50.1724,136,35.00
2026-07-12,09:40:08,16831,5773.33,49.7701,137,35.00
2026-07-12,09:40:18,16841,5616.67,48.4195,136,35.00
2026-07-12,09:40:28,16851,5413.33,46.6667,132,34.00
2026-07-12,09:40:38,16861,5193.33,44.7701,139,34.00
2026-07-12,09:40:48,16871,4926.67,42.4713,138,34.00
2026-07-12,09:40:58,16881,4696.67,40.4885,135,34.00
2026-07-12,09:41:08,16891,4503.33,38.8218,133,34.00
2026-07-12,09:41:18,16901,4353.33,37.5287,131,34.00
2026-07-12,09:41:28,16911,4266.67,36.7816,129,34.00
2026-07-12,09:41:38,16921,4190.00,36.1207,122,34.00
2026-07-12,09:41:48,16931,4193.33,36.1494,130,34.00
2026-07-12,09:41:58,16941,4290.00,36.9828,131,34.00
2026-07-12,09:42:08,16951,4436.67,38.2471,131,34.00
2026-07-12,09:42:18,16961,4593.33,39.5977,131,34.00
2026-07-12,09:42:28,16971,4726.67,40.7471,128,34.00
2026-07-12,09:42:38,16981,4816.67,41.5230,123,34.00
2026-07-12,09:42:48,16991,4943.33,42.6149,127,34.00
2026-07-12,09:42:58,17001,5076.67,43.7644,129,34.00
2026-07-12,09:43:08,17011,5246.67,45.2299,121,34.00
2026-07-12,09:43:18,17021,5373.33,46.3218,135,34.00
2026-07-12,09:43:28,17031,5456.67,47.0402,134,34.00
2026-07-12,09:43:38,17041,5580.00,48.1034,129,34.00
2026-07-12,09:43:48,17051,5713.33,49.2529,131,34.00
2026-07-12,09:43:58,17061,5833.33,50.2874,128,34.00
2026-07-12,09:44:08,17071,5916.67,51.0057,144,34.00
2026-07-12,09:44:18,17081,5953.33,51.3218,137,34.00
2026-07-12,09:44:28,17091,5956.67,51.3506,137,34.00
2026-07-12,09:44:38,17101,5990.00,51.6379,142,34.00
2026-07-12,09:44:48,17111,5930.00,51.1207,143,34.00
2026-07-12,09:44:57,17121,5736.67,49.4540,138,34.00
2026-07-12,09:45:07,17131,5496.67,47.3851,134,34.00
2026-07-12,09:45:17,17141,5273.33,45.4598,132,34.00
2026-07-12,09:45:27,17151,5076.67,43.7644,140,34.00
2026-07-12,09:45:37,17161,4993.33,43.0460,134,34.00
2026-07-12,09:45:47,17171,5016.67,43.2471,140,34.00
2026-07-12,09:45:57,17181,5146.67,44.3678,133,34.00
2026-07-12,09:46:07,17191,5306.67,45.7471,125,34.00
2026-07-12,09:46:17,17201,5500.00,47.4138,132,34.00
2026-07-12,09:46:27,17211,5693.33,49.0805,134,34.00
2026-07-12,09:46:37,17221,5870.00,50.6034,136,34.00
2026-07-12,09:46:47,17231,6010.00,51.8103,137,34.00
2026-07-12,09:46:57,17241,6030.00,51.9828,137,34.00
2026-07-12,09:47:07,17251,6030.00,51.9828,138,34.00
2026-07-12,09:47:17,17261,6110.00,52.6724,138,34.00
2026-07-12,09:47:27,17271,6223.33,53.6494,141,34.00
2026-07-12,09:47:37,17281,6313.33,54.4253,144,34.00
2026-07-12,09:47:47,17291,6306.67,54.3678,150,34.00
2026-07-12,09:47:57,17301,6206.67,53.5057,149,34.00
2026-07-12,09:48:07,17311,6130.00,52.8448,144,34.00
2026-07-12,09:48:17,17321,6040.00,52.0690,143,34.00
2026-07-12,09:48:27,17331,6013.33,51.8391,143,33.00
2026-07-12,09:48:37,17341,5936.67,51.1782,142,34.00
2026-07-12,09:48:47,17351,5696.67,49.1092,138,34.00
2026-07-12,09:48:57,17361,5386.67,46.4368,141,34.00
2026-07-12,09:49:07,17371,5076.67,43.7644,131,34.00
2026-07-12,09:49:17,17381,4776.67,41.1782,141,34.00
2026-07-12,09:49:27,17391,4513.33,38.9080,128,34.00
2026-07-12,09:49:37,17401,4266.67,36.7816,150,34.00
2026-07-12,09:49:47,17411,3943.33,33.9943,127,34.00
2026-07-12,09:49:57,17421,3646.67,31.4368,130,33.00
2026-07-12,09:50:07,17431,3386.67,29.1954,122,34.00
2026-07-12,09:50:17,17441,3163.33,27.2701,122,33.00
2026-07-12,09:50:27,17451,2986.67,25.7471,126,33.00
2026-07-12,09:50:37,17461,2860.00,24.6552,123,33.00
2026-07-12,09:50:47,17471,2813.33,24.2529,127,33.00
2026-07-12,09:50:57,17481,2800.00,24.1379,130,33.00
2026-07-12,09:51:07,17491,2836.67,24.4540,126,33.00
2026-07-12,09:51:17,17501,2916.67,25.1437,129,33.00
2026-07-12,09:51:27,17511,3060.00,26.3793,124,33.00
2026-07-12,09:51:37,17521,3226.67,27.8161,129,33.00
2026-07-12,09:51:47,17531,3393.33,29.2529,129,33.00
2026-07-12,09:51:57,17541,3553.33,30.6322,125,33.00
2026-07-12,09:52:07,17551,3646.67,31.4368,127,33.00
2026-07-12,09:52:17,17561,3683.33,31.7529,121,33.00
2026-07-12,09:52:27,17571,3680.00,31.7241,124,33.00
2026-07-12,09:52:37,17581,3676.67,31.6954,124,33.00
2026-07-12,09:52:47,17591,3716.67,32.0402,128,33.00
2026-07-12,09:52:57,17601,3803.33,32.7874,127,33.00
2026-07-12,09:53:07,17611,3926.67,33.8506,130,33.00
2026-07-12,09:53:17,17621,4013.33,34.5977,129,33.00
2026-07-12,09:53:27,17631,4050.00,34.9138,131,33.00
2026-07-12,09:53:37,17641,4063.33,35.0287,124,33.00
2026-07-12,09:53:47,17651,4083.33,35.2011,127,33.00
2026-07-12,09:53:57,17661,4156.67,35.8333,125,33.00
2026-07-12,09:54:07,17671,4283.33,36.9253,128,33.00
2026-07-12,09:54:17,17681,4430.00,38.1897,136,33.00
2026-07-12,09:54:27,17691,4570.00,39.3966,131,33.00
2026-07-12,09:54:37,17701,4673.33,40.2874,132,33.00
2026-07-12,09:54:47,17711,4733.33,40.8046,132,33.00
2026-07-12,09:54:57,17721,4743.33,40.8908,133,33.00
2026-07-12,09:55:07,17731,4763.33,41.0632,132,33.00
2026-07-12,09:55:16,17741,4796.67,41.3506,132,33.00
2026-07-12,09:55:26,17751,4870.00,41.9828,132,33.00
2026-07-12,09:55:36,17761,4970.00,42.8448,132,33.00
2026-07-12,09:55:46,17771,5106.67,44.0230,130,33.00
2026-07-12,09:55:56,17781,5296.67,45.6609,123,33.00
2026-07-12,09:56:06,17791,5520.00,47.5862,132,33.00
2026-07-12,09:56:16,17801,5776.67,49.7988,135,33.00
2026-07-12,09:56:26,17811,6003.33,51.7529,133,33.00
2026-07-12,09:56:36,17821,6146.67,52.9885,127,33.00
2026-07-12,09:56:46,17831,6223.33,53.6494,133,33.00
2026-07-12,09:56:56,17841,6270.00,54.0517,134,33.00
2026-07-12,09:57:06,17851,6340.00,54.6552,136,33.00
2026-07-12,09:57:16,17861,6373.33,54.9425,137,33.00
2026-07-12,09:57:26,17871,6326.67,54.5402,130,33.00
2026-07-12,09:57:36,17881,6176.67,53.2471,131,33.00
2026-07-12,09:57:46,17891,5950.00,51.2931,136,33.00
2026-07-12,09:57:56,17901,5723.33,49.3391,120,33.00
2026-07-12,09:58:06,17911,5516.67,47.5575,140,33.00
2026-07-12,09:58:16,17921,5343.33,46.0632,131,33.00
2026-07-12,09:58:26,17931,5196.67,44.7988,130,33.00
2026-07-12,09:58:36,17941,5043.33,43.4770,136,33.00
2026-07-12,09:58:46,17951,4903.33,42.2701,134,33.00
2026-07-12,09:58:56,17961,4786.67,41.2644,135,33.00
2026-07-12,09:59:06,17971,4656.67,40.1437,121,33.00
2026-07-12,09:59:16,17981,4570.00,39.3966,128,33.00
2026-07-12,09:59:26,17991,4530.00,39.0517,127,33.00
2026-07-12,09:59:36,18001,4500.00,38.7931,134,33.00
2026-07-12,09:59:46,18011,4493.33,38.7356,133,33.00
2026-07-12,09:59:56,18021,4493.33,38.7356,126,33.00
2026-07-12,10:00:06,18031,4466.67,38.5057,127,33.00
2026-07-12,10:00:16,18041,4410.00,38.0172,134,33.00
2026-07-12,10:00:26,18051,4350.00,37.5000,129,33.00
2026-07-12,10:00:36,18061,4343.33,37.4425,123,33.00
2026-07-12,10:00:46,18071,4380.00,37.7586,125,33.00
2026-07-12,10:00:56,18081,4470.00,38.5345,133,33.00
2026-07-12,10:01:06,18091,4573.33,39.4253,131,33.00
2026-07-12,10:01:16,18101,4670.00,40.2586,140,33.00
2026-07-12,10:01:26,18111,4773.33,41.1494,136,33.00
2026-07-12,10:01:36,18121,4860.00,41.8966,130,33.00
2026-07-12,10:01:46,18131,4956.67,42.7299,138,33.00
2026-07-12,10:01:56,18141,5043.33,43.4770,131,33.00
2026-07-12,10:02:06,18151,5120.00,44.1379,135,33.00
2026-07-12,10:02:16,18161,5150.00,44.3966,134,33.00
2026-07-12,10:02:26,18171,5120.00,44.1379,134,33.00
2026-07-12,10:02:36,18181,5010.00,43.1897,132,33.00
2026-07-12,10:02:46,18191,4873.33,42.0115,133,33.00
2026-07-12,10:02:56,18201,4670.00,40.2586,138,33.00
2026-07-12,10:03:06,18211,4466.67,38.5057,132,33.00
2026-07-12,10:03:16,18221,4273.33,36.8391,122,33.00
2026-07-12,10:03:26,18231,4083.33,35.2011,122,33.00
2026-07-12,10:03:36,18241,3960.00,34.1379,124,33.00
2026-07-12,10:03:46,18251,3900.00,33.6207,125,33.00
2026-07-12,10:03:56,18261,3886.67,33.5057,127,33.00
2026-07-12,10:04:06,18271,3906.67,33.6782,129,33.00
2026-07-12,10:04:16,18281,3950.00,34.0517,131,33.00
2026-07-12,10:04:26,18291,3966.67,34.1954,131,33.00
2026-07-12,10:04:36,18301,3940.00,33.9655,122,33.00
2026-07-12,10:04:46,18311,3860.00,33.2759,123,33.00
2026-07-12,10:04:56,18321,3746.67,32.2988,128,33.00
2026-07-12,10:05:06,18331,3643.33,31.4080,126,33.00
2026-07-12,10:05:16,18341,3540.00,30.5172,129,32.00
2026-07-12,10:05:26,18351,3460.00,29.8276,122,33.00
2026-07-12,10:05:36,18361,3380.00,29.1379,130,33.00
2026-07-12,10:05:46,18371,3323.33,28.6494,125,33.00
2026-07-12,10:05:56,18381,3263.33,28.1322,123,33.00
2026-07-12,10:06:05,18391,3210.00,27.6724,133,33.00
2026-07-12,10:06:15,18401,3153.33,27.1839,131,33.00
2026-07-12,10:06:25,18411,3090.00,26.6379,125,33.00
2026-07-12,10:06:35,18421,3060.00,26.3793,126,33.00
2026-07-12,10:06:45,18431,3103.33,26.7529,125,33.00
2026-07-12,10:06:55,18441,3216.67,27.7299,129,32.00
2026-07-12,10:07:05,18451,3333.33,28.7356,128,32.00
2026-07-12,10:07:15,18461,3420.00,29.4828,133,32.00
2026-07-12,10:07:25,18471,3470.00,29.9138,131,32.00
2026-07-12,10:07:35,18481,3486.67,30.0575,124,32.00
2026-07-12,10:07:45,18491,3466.67,29.8851,129,32.00
2026-07-12,10:07:55,18501,3396.67,29.2816,125,32.00
2026-07-12,10:08:05,18511,3283.33,28.3046,127,32.00
2026-07-12,10:08:15,18521,3130.00,26.9828,125,32.00
2026-07-12,10:08:25,18531,3036.67,26.1782,126,32.00
2026-07-12,10:08:35,18541,2996.67,25.8333,121,32.00
2026-07-12,10:08:45,18551,3013.33,25.9770,129,32.00
2026-07-12,10:08:55,18561,3040.00,26.2069,128,32.00
2026-07-12,10:09:05,18571,3083.33,26.5805,127,32.00
2026-07-12,10:09:15,18581,3146.67,27.1264,127,32.00
2026-07-12,10:09:25,18591,3226.67,27.8161,127,32.00
2026-07-12,10:09:35,18601,3326.67,28.6782,124,32.00
2026-07-12,10:09:45,18611,3460.00,29.8276,129,32.00
2026-07-12,10:09:55,18621,3586.67,30.9195,130,32.00
2026-07-12,10:10:05,18631,3750.00,32.3276,130,32.00
2026-07-12,10:10:15,18641,3946.67,34.0230,129,32.00
2026-07-12,10:10:25,18651,4163.33,35.8908,125,32.00
2026-07-12,10:10:35,18661,4366.67,37.6437,131,32.00
2026-07-12,10:10:45,18671,4506.67,38.8506,137,32.00
2026-07-12,10:10:55,18681,4610.00,39.7414,131,32.00
2026-07-12,10:11:05,18691,4716.67,40.6609,129,32.00
2026-07-12,10:11:15,18701,4810.00,41.4655,129,32.00
2026-07-12,10:11:25,18711,4886.67,42.1264,132,32.00
2026-07-12,10:11:35,18721,4963.33,42.7874,137,32.00
2026-07-12,10:11:45,18731,5033.33,43.3908,134,32.00
2026-07-12,10:11:55,18741,5090.00,43.8793,135,32.00
2026-07-12,10:12:05,18751,5080.00,43.7931,132,32.00
2026-07-12,10:12:15,18761,4986.67,42.9885,130,32.00
2026-07-12,10:12:25,18771,4876.67,42.0402,138,32.00
2026-07-12,10:12:35,18781,4740.00,40.8621,133,32.00
2026-07-12,10:12:45,18791,4606.67,39.7126,133,32.00
2026-07-12,10:12:55,18801,4483.33,38.6494,134,32.00
2026-07-12,10:13:05,18811,4370.00,37.6724,131,32.00
2026-07-12,10:13:15,18821,4240.00,36.5517,132,32.00
2026-07-12,10:13:25,18831,4136.67,35.6609,131,32.00
2026-07-12,10:13:35,18841,4073.33,35.1149,133,32.00
2026-07-12,10:13:45,18851,4033.33,34.7701,130,32.00
2026-07-12,10:13:55,18861,4013.33,34.5977,131,32.00
2026-07-12,10:14:05,18871,4006.67,34.5402,131,32.00
2026-07-12,10:14:15,18881,3986.67,34.3678,126,32.00
2026-07-12,10:14:25,18891,3966.67,34.1954,127,32.00
2026-07-12,10:14:35,18901,3946.67,34.0230,123,32.00
2026-07-12,10:14:45,18911,3910.00,33.7069,124,32.00
2026-07-12,10:14:55,18921,3863.33,33.3046,124,32.00
2026-07-12,10:15:05,18931,3853.33,33.2184,123,32.00
2026-07-12,10:15:15,18941,3883.33,33.4770,124,32.00
2026-07-12,10:15:25,18951,3943.33,33.9943,129,32.00
2026-07-12,10:15:35,18961,3980.00,34.3103,130,32.00
2026-07-12,10:15:45,18971,3980.00,34.3103,128,32.00
2026-07-12,10:15:55,18981,3950.00,34.0517,127,32.00
2026-07-12,10:16:05,18991,3926.67,33.8506,132,32.00
2026-07-12,10:16:15,19001,3920.00,33.7931,138,32.00
2026-07-12,10:16:25,19011,3933.33,33.9080,129,32.00
2026-07-12,10:16:34,19021,3956.67,34.1092,124,32.00
2026-07-12,10:16:44,19031,4030.00,34.7414,129,32.00
2026-07-12,10:16:54,19041,4136.67,35.6609,129,32.00
2026-07-12,10:17:04,19051,4273.33,36.8391,136,32.00
2026-07-12,10:17:14,19061,4383.33,37.7874,132,32.00
2026-07-12,10:17:24,19071,4453.33,38.3908,128,32.00
2026-07-12,10:17:34,19081,4480.00,38.6207,127,32.00
2026-07-12,10:17:44,19091,4480.00,38.6207,126,32.00
2026-07-12,10:17:54,19101,4450.00,38.3621,129,32.00
2026-07-12,10:18:04,19111,4393.33,37.8736,127,32.00
2026-07-12,10:18:14,19121,4323.33,37.2701,124,32.00
2026-07-12,10:18:24,19131,4230.00,36.4655,125,32.00
2026-07-12,10:18:34,19141,4133.33,35.6322,124,32.00
2026-07-12,10:18:44,19151,4010.00,34.5690,124,32.00
2026-07-12,10:18:54,19161,3890.00,33.5345,122,32.00
2026-07-12,10:19:04,19171,3776.67,32.5575,126,32.00
2026-07-12,10:19:14,19181,3683.33,31.7529,125,32.00
2026-07-12,10:19:24,19191,3596.67,31.0057,121,32.00
2026-07-12,10:19:34,19201,3500.00,30.1724,124,32.00
2026-07-12,10:19:44,19211,3416.67,29.4540,120,32.00
2026-07-12,10:19:54,19221,3330.00,28.7069,122,32.00
2026-07-12,10:20:04,19231,3296.67,28.4195,120,32.00
2026-07-12,10:20:14,19241,3323.33,28.6494,132,32.00
2026-07-12,10:20:24,19251,3386.67,29.1954,124,32.00
2026-07-12,10:20:34,19261,3470.00,29.9138,129,32.00
2026-07-12,10:20:44,19271,3546.67,30.5747,125,32.00
2026-07-12,10:20:54,19281,3603.33,31.0632,122,32.00
2026-07-12,10:21:04,19291,3650.00,31.4655,122,32.00
2026-07-12,10:21:14,19301,3680.00,31.7241,126,32.00
2026-07-12,10:21:24,19311,3683.33,31.7529,121,32.00
2026-07-12,10:21:34,19321,3670.00,31.6379,121,32.00
2026-07-12,10:21:44,19331,3640.00,31.3793,136,32.00
2026-07-12,10:21:54,19341,3590.00,30.9483,122,32.00
2026-07-12,10:22:04,19351,3543.33,30.5460,124,32.00
2026-07-12,10:22:14,19361,3483.33,30.0287,126,32.00
2026-07-12,10:22:24,19371,3456.67,29.7988,123,32.00
2026-07-12,10:22:34,19381,3440.00,29.6552,127,32.00
2026-07-12,10:22:44,19391,3423.33,29.5115,126,32.00
2026-07-12,10:22:54,19401,3386.67,29.1954,117,32.00
2026-07-12,10:23:04,19411,3363.33,28.9943,121,32.00
2026-07-12,10:23:14,19421,3346.67,28.8506,118,32.00
2026-07-12,10:23:24,19431,3330.00,28.7069,118,32.00
2026-07-12,10:23:34,19441,3320.00,28.6207,117,31.00
2026-07-12,10:23:44,19451,3320.00,28.6207,129,32.00
2026-07-12,10:23:54,19461,3326.67,28.6782,130,31.00
2026-07-12,10:24:04,19471,3326.67,28.6782,125,31.00
2026-07-12,10:24:14,19481,3313.33,28.5632,121,31.00
2026-07-12,10:24:24,19491,3293.33,28.3908,123,32.00
2026-07-12,10:24:34,19501,3266.67,28.1609,124,32.00
2026-07-12,10:24:44,19511,3246.67,27.9885,122,31.00
2026-07-12,10:24:54,19521,3236.67,27.9023,120,31.00
2026-07-12,10:25:04,19531,3236.67,27.9023,128,31.00
2026-07-12,10:25:14,19541,3233.33,27.8736,133,31.00
2026-07-12,10:25:24,19551,3236.67,27.9023,128,32.00
2026-07-12,10:25:34,19561,3236.67,27.9023,130,31.00
2026-07-12,10:25:44,19571,3220.00,27.7586,124,31.00
2026-07-12,10:25:54,19581,3163.33,27.2701,120,32.00
2026-07-12,10:26:04,19591,3096.67,26.6954,121,31.00
2026-07-12,10:26:14,19601,3020.00,26.0345,125,31.00
2026-07-12,10:26:24,19611,2930.00,25.2586,126,31.00
2026-07-12,10:26:33,19621,2866.67,24.7126,127,31.00
2026-07-12,10:26:43,19631,2836.67,24.4540,128,31.00
2026-07-12,10:26:53,19641,2850.00,24.5690,130,31.00
2026-07-12,10:27:03,19651,2903.33,25.0287,132,31.00
2026-07-12,10:27:13,19661,3006.67,25.9195,134,31.00
2026-07-12,10:27:23,19671,3116.67,26.8678,131,31.00
2026-07-12,10:27:33,19681,3246.67,27.9885,128,31.00
2026-07-12,10:27:43,19691,3363.33,28.9943,128,31.00
2026-07-12,10:27:53,19701,3476.67,29.9713,132,31.00
2026-07-12,10:28:03,19711,3566.67,30.7471,131,31.00
2026-07-12,10:28:13,19721,3646.67,31.4368,127,31.00
2026-07-12,10:28:23,19731,3700.00,31.8965,127,31.00
2026-07-12,10:28:33,19741,3723.33,32.0977,126,31.00
2026-07-12,10:28:43,19751,3733.33,32.1839,129,31.00
2026-07-12,10:28:53,19761,3716.67,32.0402,127,31.00
2026-07-12,10:29:03,19771,3686.67,31.7816,124,31.00
2026-07-12,10:29:13,19781,3666.67,31.6092,130,31.00
2026-07-12,10:29:23,19791,3660.00,31.5517,136,31.00
2026-07-12,10:29:33,19801,3683.33,31.7529,136,31.00
2026-07-12,10:29:43,19811,3726.67,32.1264,132,31.00
2026-07-12,10:29:53,19821,3766.67,32.4713,133,31.00
2026-07-12,10:30:03,19831,3800.00,32.7586,127,31.00
2026-07-12,10:30:13,19841,3826.67,32.9885,125,31.00
2026-07-12,10:30:23,19851,3853.33,33.2184,132,31.00
2026-07-12,10:30:33,19861,3860.00,33.2759,123,31.00
2026-07-12,10:30:43,19871,3863.33,33.3046,125,31.00
2026-07-12,10:30:53,19881,3843.33,33.1322,122,31.00
2026-07-12,10:31:03,19891,3806.67,32.8161,120,31.00
2026-07-12,10:31:13,19901,3780.00,32.5862,128,31.00
2026-07-12,10:31:23,19911,3763.33,32.4425,127,31.00
2026-07-12,10:31:33,19921,3766.67,32.4713,126,31.00
2026-07-12,10:31:43,19931,3786.67,32.6437,124,31.00
2026-07-12,10:31:53,19941,3820.00,32.9310,123,31.00
2026-07-12,10:32:03,19951,3866.67,33.3333,125,31.00
2026-07-12,10:32:13,19961,3896.67,33.5920,126,31.00
2026-07-12,10:32:23,19971,3926.67,33.8506,120,31.00
2026-07-12,10:32:33,19981,3953.33,34.0805,127,31.00
2026-07-12,10:32:43,19991,3996.67,34.4540,125,31.00
2026-07-12,10:32:53,20001,4053.33,34.9425,125,31.00
2026-07-12,10:33:03,20011,4163.33,35.8908,120,31.00
2026-07-12,10:33:13,20021,4326.67,37.2988,132,31.00
2026-07-12,10:33:23,20031,4503.33,38.8218,125,31.00
2026-07-12,10:33:33,20041,4676.67,40.3161,125,31.00
2026-07-12,10:33:43,20051,4843.33,41.7529,130,31.00
2026-07-12,10:33:53,20061,4920.00,42.4138,138,31.00
2026-07-12,10:34:03,20071,4950.00,42.6724,136,31.00
2026-07-12,10:34:13,20081,4983.33,42.9598,128,32.00
2026-07-12,10:34:23,20091,5010.00,43.1897,133,31.00
2026-07-12,10:34:33,20101,5026.67,43.3333,132,32.00
2026-07-12,10:34:43,20111,5073.33,43.7356,131,32.00
2026-07-12,10:34:53,20121,5153.33,44.4253,135,32.00
2026-07-12,10:35:03,20131,5230.00,45.0862,131,32.00
2026-07-12,10:35:13,20141,5310.00,45.7759,133,32.00
2026-07-12,10:35:23,20151,5386.67,46.4368,132,32.00
2026-07-12,10:35:33,20161,5416.67,46.6954,131,32.00
2026-07-12,10:35:43,20171,5423.33,46.7529,140,32.00
2026-07-12,10:35:53,20181,5413.33,46.6667,133,32.00
2026-07-12,10:36:03,20191,5380.00,46.3793,132,32.00
2026-07-12,10:36:13,20201,5336.67,46.0057,128,32.00
2026-07-12,10:36:23,20211,5313.33,45.8046,129,32.00
2026-07-12,10:36:33,20221,5290.00,45.6034,126,32.00
2026-07-12,10:36:43,20231,5290.00,45.6034,131,32.00
2026-07-12,10:36:52,20241,5330.00,45.9483,128,32.00
2026-07-12,10:37:02,20251,5380.00,46.3793,129,32.00
2026-07-12,10:37:12,20261,5390.00,46.4655,129,32.00
2026-07-12,10:37:22,20271,5360.00,46.2069,133,32.00
2026-07-12,10:37:32,20281,5353.33,46.1494,134,32.00
2026-07-12,10:37:42,20291,5393.33,46.4943,134,32.00
2026-07-12,10:37:52,20301,5473.33,47.1839,127,32.00
2026-07-12,10:38:02,20311,5626.67,48.5057,129,32.00
2026-07-12,10:38:12,20321,5786.67,49.8851,131,32.00
2026-07-12,10:38:22,20331,5933.33,51.1494,132,32.00
2026-07-12,10:38:32,20341,6073.33,52.3563,136,32.00
2026-07-12,10:38:42,20351,6180.00,53.2759,135,32.00
2026-07-12,10:38:52,20361,6270.00,54.0517,146,32.00
2026-07-12,10:39:02,20371,6343.33,54.6839,152,32.00
2026-07-12,10:39:12,20381,6413.33,55.2874,143,32.00
2026-07-12,10:39:22,20391,6386.67,55.0575,150,32.00
2026-07-12,10:39:32,20401,6270.00,54.0517,137,32.00
2026-07-12,10:39:42,20411,6116.67,52.7299,139,32.00
2026-07-12,10:39:52,20421,5953.33,51.3218,138,32.00
2026-07-12,10:40:02,20431,5790.00,49.9138,131,32.00
2026-07-12,10:40:12,20441,5610.00,48.3621,134,32.00
2026-07-12,10:40:22,20451,5430.00,46.8103,128,32.00
2026-07-12,10:40:32,20461,5313.33,45.8046,126,32.00
2026-07-12,10:40:42,20471,5283.33,45.5460,126,32.00
2026-07-12,10:40:52,20481,5323.33,45.8908,129,32.00
2026-07-12,10:41:02,20491,5440.00,46.8966,126,32.00
2026-07-12,10:41:12,20501,5620.00,48.4483,130,32.00
2026-07-12,10:41:22,20511,5796.67,49.9713,126,32.00
2026-07-12,10:41:32,20521,5960.00,51.3793,139,32.00
2026-07-12,10:41:42,20531,6073.33,52.3563,147,32.00
2026-07-12,10:41:52,20541,6030.00,51.9828,145,32.00
2026-07-12,10:42:02,20551,5873.33,50.6322,140,32.00
2026-07-12,10:42:12,20561,5746.67,49.5402,138,32.00
2026-07-12,10:42:22,20571,5700.00,49.1379,138,32.00
2026-07-12,10:42:32,20581,5673.33,48.9080,129,32.00
2026-07-12,10:42:42,20591,5676.67,48.9368,122,32.00
2026-07-12,10:42:52,20601,5663.33,48.8218,124,32.00
2026-07-12,10:43:02,20611,5626.67,48.5057,129,33.00
2026-07-12,10:43:12,20621,5553.33,47.8736,128,32.00
2026-07-12,10:43:22,20631,5453.33,47.0115,127,32.00
2026-07-12,10:43:32,20641,5373.33,46.3218,128,32.00
2026-07-12,10:43:42,20651,5316.67,45.8333,127,33.00
2026-07-12,10:43:52,20661,5263.33,45.3736,128,32.00
2026-07-12,10:44:02,20671,5230.00,45.0862,128,32.00
2026-07-12,10:44:12,20681,5206.67,44.8851,133,32.00
2026-07-12,10:44:22,20691,5196.67,44.7988,131,32.00
2026-07-12,10:44:32,20701,5190.00,44.7414,127,32.00
2026-07-12,10:44:42,20711,5196.67,44.7988,130,32.00
2026-07-12,10:44:52,20721,5213.33,44.9425,130,32.00
2026-07-12,10:45:02,20731,5246.67,45.2299,129,32.00
2026-07-12,10:45:12,20741,5323.33,45.8908,134,32.00
2026-07-12,10:45:22,20751,5523.33,47.6149,135,32.00
2026-07-12,10:45:32,20761,5886.67,50.7471,133,32.00
2026-07-12,10:45:42,20771,6360.00,54.8276,140,32.00
2026-07-12,10:45:52,20781,6866.67,59.1954,155,33.00
2026-07-12,10:46:02,20791,7166.67,61.7816,161,32.00
2026-07-12,10:46:12,20801,7340.00,63.2759,139,33.00
2026-07-12,10:46:22,20811,7480.00,64.4828,147,33.00
2026-07-12,10:46:32,20821,7640.00,65.8621,131,33.00
2026-07-12,10:46:42,20831,7826.67,67.4713,141,33.00
2026-07-12,10:46:51,20841,7976.67,68.7644,151,32.00
2026-07-12,10:47:01,20851,8090.00,69.7414,165,33.00
2026-07-12,10:47:11,20861,8183.33,70.5460,163,33.00
2026-07-12,10:47:21,20871,8296.67,71.5230,159,33.00
2026-07-12,10:47:31,20881,8450.00,72.8448,157,33.00
2026-07-12,10:47:41,20891,8606.67,74.1954,155,33.00
2026-07-12,10:47:51,20901,8703.33,75.0287,157,33.00
2026-07-12,10:48:01,20911,8730.00,75.2586,155,33.00
2026-07-12,10:48:11,20921,8666.67,74.7126,160,33.00
2026-07-12,10:48:21,20931,8460.00,72.9310,161,33.00
2026-07-12,10:48:31,20941,8160.00,70.3448,146,33.00
2026-07-12,10:48:41,20951,7826.67,67.4713,144,33.00
2026-07-12,10:48:51,20961,7476.67,64.4540,137,33.00
2026-07-12,10:49:01,20971,7190.00,61.9828,137,33.00
2026-07-12,10:49:11,20981,7060.00,60.8621,130,33.00
2026-07-12,10:49:21,20991,7123.33,61.4080,133,33.00
2026-07-12,10:49:31,21001,7396.67,63.7644,138,33.00
2026-07-12,10:49:41,21011,7853.33,67.7011,155,33.00
2026-07-12,10:49:51,21021,8296.67,71.5230,157,33.00
2026-07-12,10:50:01,21031,8533.33,73.5632,169,33.00
2026-07-12,10:50:11,21041,8423.33,72.6149,160,33.00
2026-07-12,10:50:21,21051,8230.00,70.9483,151,33.00
2026-07-12,10:50:31,21061,8066.67,69.5402,143,33.00
2026-07-12,10:50:41,21071,7990.00,68.8793,142,33.00
2026-07-12,10:50:51,21081,7923.33,68.3046,147,33.00
2026-07-12,10:51:01,21091,7983.33,68.8218,144,33.00
2026-07-12,10:51:11,21101,8403.33,72.4425,161,33.00
2026-07-12,10:51:21,21111,9130.00,78.7069,170,33.00
2026-07-12,10:51:31,21121,9880.00,85.1724,186,33.00
2026-07-12,10:51:41,21131,10443.33,90.0287,182,33.00
2026-07-12,10:51:51,21141,10693.33,92.1839,190,33.00
2026-07-12,10:52:01,21151,10620.00,91.5517,187,33.00
2026-07-12,10:52:11,21161,10456.67,90.1437,186,33.00
2026-07-12,10:52:21,21171,10326.67,89.0230,181,33.00
2026-07-12,10:52:31,21181,10266.67,88.5057,177,33.00
2026-07-12,10:52:41,21191,10200.00,87.9310,182,33.00
2026-07-12,10:52:51,21201,10083.33,86.9253,183,33.00
2026-07-12,10:53:01,21211,10046.67,86.6092,183,33.00
2026-07-12,10:53:11,21221,10036.67,86.5230,181,34.00
2026-07-12,10:53:21,21231,10026.67,86.4368,183,33.00
2026-07-12,10:53:31,21241,10013.33,86.3218,180,34.00
2026-07-12,10:53:41,21251,9963.33,85.8908,175,34.00
2026-07-12,10:53:51,21261,9856.67,84.9713,167,34.00
2026-07-12,10:54:01,21271,9693.33,83.5632,164,34.00
2026-07-12,10:54:11,21281,9470.00,81.6379,168,34.00
2026-07-12,10:54:21,21291,9220.00,79.4828,162,34.00
2026-07-12,10:54:31,21301,9120.00,78.6207,144,34.00
2026-07-12,10:54:41,21311,9110.00,78.5345,150,34.00
2026-07-12,10:54:51,21321,9143.33,78.8218,154,34.00
2026-07-12,10:55:01,21331,9246.67,79.7126,158,34.00
2026-07-12,10:55:11,21341,9366.67,80.7471,165,34.00
2026-07-12,10:55:21,21351,9470.00,81.6379,163,34.00
2026-07-12,10:55:31,21361,9493.33,81.8391,160,34.00
2026-07-12,10:55:41,21371,9433.33,81.3218,172,34.00
2026-07-12,10:55:51,21381,9276.67,79.9713,171,34.00
2026-07-12,10:56:01,21391,9190.00,79.2241,170,34.00
2026-07-12,10:56:11,21401,9200.00,79.3103,165,34.00
2026-07-12,10:56:21,21411,9303.33,80.2011,173,34.00
2026-07-12,10:56:31,21421,9406.67,81.0919,171,34.00
2026-07-12,10:56:41,21431,9463.33,81.5805,172,34.00
2026-07-12,10:56:51,21441,9500.00,81.8966,174,34.00
2026-07-12,10:57:01,21451,9486.67,81.7816,170,34.00
2026-07-12,10:57:11,21461,9420.00,81.2069,163,34.00
2026-07-12,10:57:21,21471,9400.00,81.0345,166,34.00
2026-07-12,10:57:30,21481,9320.00,80.3448,166,34.00
2026-07-12,10:57:40,21491,9196.67,79.2816,164,34.00
2026-07-12,10:57:50,21501,9050.00,78.0172,157,34.00
2026-07-12,10:58:00,21511,8806.67,75.9195,161,34.00
2026-07-12,10:58:10,21521,8563.33,73.8218,150,34.00
2026-07-12,10:58:20,21531,8383.33,72.2701,140,34.00
2026-07-12,10:58:30,21541,8396.67,72.3850,155,34.00
2026-07-12,10:58:40,21551,8550.00,73.7069,171,34.00
2026-07-12,10:58:50,21561,8710.00,75.0862,179,34.00
2026-07-12,10:59:00,21571,8853.33,76.3218,178,34.00
2026-07-12,10:59:10,21581,8926.67,76.9540,176,34.00
2026-07-12,10:59:20,21591,8930.00,76.9828,174,34.00
2026-07-12,10:59:30,21601,8893.33,76.6667,165,34.00
2026-07-12,10:59:40,21611,8783.33,75.7184,169,34.00
2026-07-12,10:59:50,21621,8620.00,74.3103,166,34.00
2026-07-12,11:00:00,21631,8420.00,72.5862,162,34.00
2026-07-12,11:00:10,21641,8270.00,71.2931,153,34.00
2026-07-12,11:00:20,21651,8143.33,70.2011,158,34.00
2026-07-12,11:00:30,21661,8070.00,69.5690,160,34.00
2026-07-12,11:00:40,21671,8013.33,69.0805,155,34.00
2026-07-12,11:00:50,21681,7926.67,68.3333,158,34.00
2026-07-12,11:01:00,21691,7730.00,66.6379,156,34.00
2026-07-12,11:01:10,21701,7506.67,64.7126,145,34.00
2026-07-12,11:01:20,21711,7240.00,62.4138,139,34.00
2026-07-12,11:01:30,21721,6950.00,59.9138,131,34.00
2026-07-12,11:01:40,21731,6643.33,57.2701,128,34.00
2026-07-12,11:01:50,21741,6410.00,55.2586,130,34.00
2026-07-12,11:02:00,21751,6293.33,54.2529,134,34.00
2026-07-12,11:02:10,21761,6343.33,54.6839,132,34.00
2026-07-12,11:02:20,21771,6513.33,56.1494,139,34.00
2026-07-12,11:02:30,21781,6706.67,57.8161,146,34.00
2026-07-12,11:02:40,21791,6863.33,59.1667,145,34.00
2026-07-12,11:02:50,21801,6950.00,59.9138,142,34.00
2026-07-12,11:03:00,21811,7013.33,60.4598,149,34.00
2026-07-12,11:03:10,21821,7040.00,60.6897,149,34.00
2026-07-12,11:03:20,21831,7053.33,60.8046,148,34.00
2026-07-12,11:03:30,21841,7080.00,61.0345,148,34.00
2026-07-12,11:03:40,21851,7130.00,61.4655,141,34.00
2026-07-12,11:03:50,21861,7220.00,62.2414,141,34.00
2026-07-12,11:04:00,21871,7370.00,63.5345,151,34.00
2026-07-12,11:04:10,21881,7606.67,65.5747,153,34.00
2026-07-12,11:04:20,21891,7863.33,67.7874,160,34.00
2026-07-12,11:04:30,21901,8023.33,69.1667,169,34.00
2026-07-12,11:04:40,21911,8240.00,71.0345,160,34.00
2026-07-12,11:04:50,21921,8330.00,71.8103,171,34.00
2026-07-12,11:05:00,21931,8266.67,71.2644,165,34.00
2026-07-12,11:05:10,21941,8063.33,69.5115,157,34.00
2026-07-12,11:05:20,21951,7830.00,67.5000,149,34.00
2026-07-12,11:05:30,21961,7653.33,65.9770,144,34.00
2026-07-12,11:05:40,21971,7586.67,65.4023,135,34.00
2026-07-12,11:05:50,21981,7576.67,65.3161,136,34.00
2026-07-12,11:06:00,21991,7596.67,65.4885,142,34.00
2026-07-12,11:06:10,22001,7576.67,65.3161,130,34.00
2026-07-12,11:06:20,22011,7533.33,64.9425,135,34.00
2026-07-12,11:06:30,22021,7536.67,64.9713,132,34.00
2026-07-12,11:06:40,22031,7593.33,65.4598,145,34.00
2026-07-12,11:06:50,22041,7726.67,66.6092,152,34.00
2026-07-12,11:07:00,22051,7830.00,67.5000,155,34.00
2026-07-12,11:07:10,22061,7913.33,68.2184,149,34.00
2026-07-12,11:07:20,22071,8076.67,69.6264,148,34.00
2026-07-12,11:07:30,22081,8260.00,71.2069,151,34.00
2026-07-12,11:07:40,22091,8436.67,72.7299,163,34.00
2026-07-12,11:07:50,22101,8583.33,73.9942,152,34.00
2026-07-12,11:08:00,22111,8666.67,74.7126,160,34.00
2026-07-12,11:08:10,22121,8720.00,75.1724,154,34.00
2026-07-12,11:08:19,22131,8683.33,74.8563,160,34.00
2026-07-12,11:08:29,22141,8590.00,74.0517,162,34.00
2026-07-12,11:08:39,22151,8506.67,73.3333,162,34.00
2026-07-12,11:08:49,22161,8506.67,73.3333,159,34.00
2026-07-12,11:08:59,22171,8516.67,73.4195,161,34.00
2026-07-12,11:09:09,22181,8616.67,74.2816,157,34.00
2026-07-12,11:09:19,22191,8816.67,76.0057,160,34.00
2026-07-12,11:09:29,22201,8976.67,77.3850,169,34.00
2026-07-12,11:09:39,22211,9153.33,78.9080,174,34.00
2026-07-12,11:09:49,22221,9333.33,80.4598,181,34.00
2026-07-12,11:09:59,22231,9510.00,81.9828,179,34.00
2026-07-12,11:10:09,22241,9686.67,83.5057,178,34.00
2026-07-12,11:10:19,22251,9863.33,85.0287,178,34.00
2026-07-12,11:10:29,22261,9886.67,85.2299,173,34.00
2026-07-12,11:10:39,22271,9803.33,84.5115,172,34.00
2026-07-12,11:10:49,22281,9706.67,83.6782,170,34.00
2026-07-12,11:10:59,22291,9640.00,83.1034,171,34.00
2026-07-12,11:11:09,22301,9620.00,82.9310,202,34.00
2026-07-12,11:11:19,22311,9663.33,83.3046,174,34.00
2026-07-12,11:11:29,22321,9706.67,83.6782,174,34.00
2026-07-12,11:11:39,22331,9713.33,83.7356,170,34.00
2026-07-12,11:11:49,22341,9690.00,83.5345,177,34.00
2026-07-12,11:11:59,22351,9606.67,82.8161,166,34.00
2026-07-12,11:12:09,22361,9500.00,81.8966,165,34.00
2026-07-12,11:12:19,22371,9363.33,80.7184,172,34.00
2026-07-12,11:12:29,22381,9260.00,79.8276,172,34.00
2026-07-12,11:12:39,22391,9210.00,79.3966,169,34.00
2026-07-12,11:12:49,22401,9173.33,79.0805,171,34.00
2026-07-12,11:12:59,22411,9190.00,79.2241,171,34.00
2026-07-12,11:13:09,22421,9293.33,80.1149,170,34.00
2026-07-12,11:13:19,22431,9386.67,80.9195,172,34.00
2026-07-12,11:13:29,22441,9426.67,81.2644,171,34.00
2026-07-12,11:13:39,22451,9446.67,81.4368,172,34.00
2026-07-12,11:13:49,22461,9456.67,81.5230,175,34.00
2026-07-12,11:13:59,22471,9460.00,81.5517,174,34.00
2026-07-12,11:14:09,22481,9493.33,81.8391,174,34.00
2026-07-12,11:14:19,22491,9623.33,82.9598,171,34.00
2026-07-12,11:14:29,22501,9790.00,84.3966,170,34.00
2026-07-12,11:14:39,22511,9930.00,85.6034,180,34.00
2026-07-12,11:14:49,22521,10010.00,86.2931,178,35.00
2026-07-12,11:14:59,22531,10120.00,87.2414,175,34.00
2026-07-12,11:15:09,22541,10163.33,87.6149,179,34.00
2026-07-12,11:15:19,22551,10216.67,88.0747,168,34.00
2026-07-12,11:15:29,22561,10300.00,88.7931,165,34.00
2026-07-12,11:15:39,22571,10390.00,89.5690,169,34.00
2026-07-12,11:15:49,22581,10523.33,90.7184,164,34.00
2026-07-12,11:15:59,22591,10720.00,92.4138,157,34.00
2026-07-12,11:16:09,22601,10986.67,94.7126,153,35.00
2026-07-12,11:16:19,22611,11290.00,97.3276,166,34.00
2026-07-12,11:16:29,22621,11410.00,98.3621,171,35.00
2026-07-12,11:16:39,22631,11290.00,97.3276,165,35.00
2026-07-12,11:16:49,22641,11130.00,95.9483,158,34.00
2026-07-12,11:16:59,22651,11066.67,95.4023,152,35.00
2026-07-12,11:17:09,22661,11223.33,96.7529,155,34.00
2026-07-12,11:17:19,22671,11586.67,99.8850,163,35.00
2026-07-12,11:17:29,22681,12073.33,104.0805,173,35.00
2026-07-12,11:17:39,22691,12743.33,109.8563,175,35.00
2026-07-12,11:17:49,22701,13600.00,117.2414,184,35.00
2026-07-12,11:17:59,22711,14403.33,124.1667,186,35.00
2026-07-12,11:18:09,22721,15130.00,130.4310,191,35.00
2026-07-12,11:18:19,22731,15560.00,134.1379,199,35.00
2026-07-12,11:18:28,22741,15560.00,134.1379,201,35.00
2026-07-12,11:18:38,22751,15170.00,130.7758,194,35.00
2026-07-12,11:18:48,22761,14556.67,125.4885,185,35.00
2026-07-12,11:18:58,22771,13903.33,119.8563,184,35.00
2026-07-12,11:19:08,22781,13436.67,115.8333,183,35.00
2026-07-12,11:19:18,22791,13323.33,114.8563,173,35.00
2026-07-12,11:19:28,22801,13370.00,115.2586,189,35.00
2026-07-12,11:19:38,22811,13500.00,116.3793,176,36.00
2026-07-12,11:19:48,22821,13486.67,116.2644,179,36.00
2026-07-12,11:19:58,22831,13366.67,115.2299,181,36.00
2026-07-12,11:20:08,22841,13196.67,113.7644,175,36.00
2026-07-12,11:20:18,22851,12966.67,111.7816,180,36.00
2026-07-12,11:20:28,22861,12670.00,109.2241,173,36.00
2026-07-12,11:20:38,22871,12400.00,106.8965,162,36.00
2026-07-12,11:20:48,22881,12273.33,105.8046,173,36.00
2026-07-12,11:20:58,22891,12270.00,105.7759,164,36.00
2026-07-12,11:21:08,22901,12473.33,107.5287,159,36.00
2026-07-12,11:21:18,22911,12896.67,111.1782,183,36.00
2026-07-12,11:21:28,22921,13420.00,115.6896,184,36.00
2026-07-12,11:21:38,22931,13856.67,119.4540,193,36.00
2026-07-12,11:21:48,22941,13966.67,120.4023,198,36.00
2026-07-12,11:21:58,22951,13736.67,118.4195,197,36.00
2026-07-12,11:22:08,22961,13300.00,114.6552,194,36.00
2026-07-12,11:22:18,22971,12760.00,110.0000,189,36.00
2026-07-12,11:22:28,22981,12290.00,105.9483,186,36.00
2026-07-12,11:22:38,22991,11856.67,102.2126,182,36.00
2026-07-12,11:22:48,23001,11413.33,98.3908,184,36.00
2026-07-12,11:22:58,23011,10986.67,94.7126,173,36.00
2026-07-12,11:23:08,23021,10566.67,91.0919,169,36.00
2026-07-12,11:23:18,23031,10220.00,88.1034,167,36.00
2026-07-12,11:23:28,23041,9976.67,86.0057,162,36.00
2026-07-12,11:23:38,23051,9826.67,84.7126,159,36.00
2026-07-12,11:23:48,23061,9713.33,83.7356,164,36.00
2026-07-12,11:23:58,23071,9666.67,83.3333,171,36.00
2026-07-12,11:24:08,23081,9593.33,82.7011,177,36.00
2026-07-12,11:24:18,23091,9463.33,81.5805,163,36.00
2026-07-12,11:24:28,23101,9316.67,80.3161,169,36.00
2026-07-12,11:24:38,23111,9260.00,79.8276,164,36.00
2026-07-12,11:24:48,23121,9243.33,79.6839,166,36.00
2026-07-12,11:24:58,23131,9196.67,79.2816,170,36.00
2026-07-12,11:25:08,23141,9146.67,78.8506,163,36.00
2026-07-12,11:25:18,23151,9070.00,78.1897,165,36.00
2026-07-12,11:25:28,23161,8913.33,76.8391,167,36.00
2026-07-12,11:25:38,23171,8803.33,75.8908,161,36.00
2026-07-12,11:25:48,23181,8676.67,74.7988,160,36.00
2026-07-12,11:25:58,23191,8423.33,72.6149,164,35.00
2026-07-12,11:26:08,23201,8113.33,69.9425,154,35.00
2026-07-12,11:26:18,23211,7820.00,67.4138,154,35.00
2026-07-12,11:26:28,23221,7590.00,65.4310,150,35.00
2026-07-12,11:26:38,23231,7420.00,63.9655,156,35.00
2026-07-12,11:26:48,23241,7030.00,60.6034,151,35.00
2026-07-12,11:26:58,23251,6646.67,57.2988,145,35.00
2026-07-12,11:27:08,23261,6333.33,54.5977,137,35.00
2026-07-12,11:27:18,23271,6153.33,53.0460,133,35.00
2026-07-12,11:27:28,23281,6176.67,53.2471,135,35.00
2026-07-12,11:27:38,23291,6303.33,54.3391,140,35.00
2026-07-12,11:27:48,23301,6443.33,55.5460,146,35.00
2026-07-12,11:27:58,23311,6543.33,56.4080,153,35.00
2026-07-12,11:28:08,23321,6750.00,58.1897,146,35.00
2026-07-12,11:28:18,23331,7033.33,60.6322,146,35.00
2026-07-12,11:28:28,23341,7290.00,62.8448,149,35.00
2026-07-12,11:28:38,23351,7536.67,64.9713,153,35.00
2026-07-12,11:28:48,23361,7750.00,66.8103,149,35.00
2026-07-12,11:28:58,23371,7780.00,67.0690,154,35.00
2026-07-12,11:29:07,23381,7743.33,66.7529,153,35.00
2026-07-12,11:29:17,23391,7713.33,66.4942,160,35.00
2026-07-12,11:29:27,23401,7663.33,66.0632,152,35.00
2026-07-12,11:29:37,23411,7523.33,64.8563,156,35.00
2026-07-12,11:29:47,23421,7370.00,63.5345,157,35.00
2026-07-12,11:29:57,23431,7313.33,63.0460,156,35.00
2026-07-12,11:30:07,23441,7276.67,62.7299,158,35.00
2026-07-12,11:30:17,23451,7223.33,62.2701,151,34.00
2026-07-12,11:30:27,23461,7193.33,62.0115,155,35.00
2026-07-12,11:30:37,23471,7103.33,61.2356,162,34.00
2026-07-12,11:30:47,23481,6926.67,59.7126,159,34.00
2026-07-12,11:30:57,23491,6740.00,58.1034,157,34.00
2026-07-12,11:31:07,23501,6653.33,57.3563,161,34.00
2026-07-12,11:31:17,23511,6730.00,58.0172,158,34.00
2026-07-12,11:31:27,23521,6906.67,59.5402,156,34.00
2026-07-12,11:31:37,23531,7073.33,60.9770,162,34.00
2026-07-12,11:31:47,23541,7186.67,61.9540,163,34.00
2026-07-12,11:31:57,23551,7280.00,62.7586,164,34.00
2026-07-12,11:32:07,23561,7330.00,63.1897,166,34.00
2026-07-12,11:32:17,23571,7396.67,63.7644,162,34.00
2026-07-12,11:32:27,23581,7470.00,64.3965,163,34.00
2026-07-12,11:32:37,23591,7490.00,64.5690,166,34.00
2026-07-12,11:32:47,23601,7533.33,64.9425,167,34.00
2026-07-12,11:32:57,23611,7600.00,65.5172,163,34.00
2026-07-12,11:33:07,23621,7533.33,64.9425,166,34.00
2026-07-12,11:33:17,23631,7433.33,64.0805,161,34.00
2026-07-12,11:33:27,23641,7340.00,63.2759,151,34.00
2026-07-12,11:33:37,23651,7216.67,62.2126,152,34.00
2026-07-12,11:33:47,23661,7103.33,61.2356,152,34.00
2026-07-12,11:33:57,23671,6976.67,60.1437,155,34.00
2026-07-12,11:34:07,23681,6770.00,58.3621,151,34.00
2026-07-12,11:34:17,23691,6513.33,56.1494,150,34.00
2026-07-12,11:34:27,23701,6300.00,54.3103,142,34.00
2026-07-12,11:34:37,23711,6186.67,53.3333,131,34.00
2026-07-12,11:34:47,23721,6200.00,53.4483,134,34.00
2026-07-12,11:34:57,23731,6273.33,54.0805,135,34.00
2026-07-12,11:35:07,23741,6383.33,55.0287,142,34.00
2026-07-12,11:35:17,23751,6533.33,56.3218,149,34.00
2026-07-12,11:35:27,23761,6603.33,56.9253,147,34.00
2026-07-12,11:35:37,23771,6636.67,57.2126,148,34.00
2026-07-12,11:35:47,23781,6730.00,58.0172,148,34.00
2026-07-12,11:35:57,23791,6863.33,59.1667,143,34.00
2026-07-12,11:36:07,23801,6940.00,59.8276,150,34.00
2026-07-12,11:36:17,23811,6973.33,60.1149,163,34.00
2026-07-12,11:36:27,23821,6940.00,59.8276,154,34.00
2026-07-12,11:36:37,23831,6943.33,59.8563,158,34.00
2026-07-12,11:36:47,23841,7010.00,60.4310,152,34.00
2026-07-12,11:36:57,23851,7156.67,61.6954,147,34.00
2026-07-12,11:37:07,23861,7323.33,63.1322,155,34.00
2026-07-12,11:37:17,23871,7533.33,64.9425,160,34.00
2026-07-12,11:37:27,23881,7836.67,67.5575,158,34.00
2026-07-12,11:37:37,23891,8176.67,70.4885,165,34.00
2026-07-12,11:37:47,23901,8430.00,72.6724,170,34.00
2026-07-12,11:37:57,23911,8643.33,74.5115,168,34.00
2026-07-12,11:38:07,23921,8846.67,76.2644,173,34.00
2026-07-12,11:38:17,23931,9100.00,78.4483,174,34.00
2026-07-12,11:38:27,23941,9316.67,80.3161,176,34.00
2026-07-12,11:38:37,23951,9456.67,81.5230,178,34.00
2026-07-12,11:38:47,23961,9510.00,81.9828,191,34.00
2026-07-12,11:38:57,23971,9513.33,82.0115,188,34.00
2026-07-12,11:39:07,23981,9483.33,81.7529,186,34.00
2026-07-12,11:39:17,23991,9423.33,81.2356,180,34.00
2026-07-12,11:39:27,24001,9413.33,81.1494,179,34.00
2026-07-12,11:39:37,24011,9476.67,81.6954,174,34.00
2026-07-12,11:39:47,24021,9566.67,82.4713,178,34.00
2026-07-12,11:39:56,24031,9756.67,84.1092,171,34.00
2026-07-12,11:40:06,24041,10003.33,86.2356,183,34.00
2026-07-12,11:40:16,24051,10203.33,87.9598,193,34.00
2026-07-12,11:40:26,24061,10426.67,89.8850,187,34.00
2026-07-12,11:40:36,24071,10623.33,91.5805,189,34.00
2026-07-12,11:40:46,24081,10823.33,93.3046,192,34.00
2026-07-12,11:40:56,24091,11003.33,94.8563,191,34.00
2026-07-12,11:41:06,24101,11163.33,96.2356,205,34.00
2026-07-12,11:41:16,24111,11373.33,98.0460,192,35.00
2026-07-12,11:41:26,24121,11703.33,100.8908,201,34.00
2026-07-12,11:41:36,24131,12106.67,104.3678,200,35.00
2026-07-12,11:41:46,24141,12520.00,107.9310,202,35.00
2026-07-12,11:41:56,24151,12940.00,111.5517,211,35.00
2026-07-12,11:42:06,24161,13356.67,115.1437,214,35.00
2026-07-12,11:42:16,24171,13806.67,119.0230,215,35.00
2026-07-12,11:42:26,24181,14376.67,123.9368,218,35.00
2026-07-12,11:42:36,24191,15000.00,129.3103,220,35.00
2026-07-12,11:42:46,24201,15526.67,133.8506,215,35.00
2026-07-12,11:42:56,24211,15866.67,136.7816,218,35.00
2026-07-12,11:43:06,24221,16020.00,138.1034,216,35.00
2026-07-12,11:43:16,24231,15933.33,137.3563,220,35.00
2026-07-12,11:43:26,24241,15583.33,134.3391,212,35.00
2026-07-12,11:43:36,24251,15076.67,129.9713,214,36.00
2026-07-12,11:43:46,24261,14436.67,124.4540,212,36.00
2026-07-12,11:43:56,24271,13903.33,119.8563,208,36.00
2026-07-12,11:44:06,24281,13603.33,117.2701,200,36.00
2026-07-12,11:44:16,24291,13333.33,114.9425,201,36.00
2026-07-12,11:44:26,24301,13050.00,112.5000,190,36.00
2026-07-12,11:44:36,24311,12843.33,110.7184,192,36.00
2026-07-12,11:44:46,24321,12646.67,109.0230,195,36.00
2026-07-12,11:44:56,24331,12476.67,107.5575,190,36.00
2026-07-12,11:45:06,24341,12303.33,106.0632,180,36.00
2026-07-12,11:45:16,24351,12136.67,104.6264,189,36.00
2026-07-12,11:45:26,24361,11966.67,103.1609,183,36.00
2026-07-12,11:45:36,24371,11776.67,101.5230,182,36.00
2026-07-12,11:45:46,24381,11656.67,100.4885,182,36.00
2026-07-12,11:45:56,24391,11603.33,100.0287,188,36.00
2026-07-12,11:46:06,24401,11590.00,99.9138,188,36.00
2026-07-12,11:46:16,24411,11556.67,99.6264,185,36.00
2026-07-12,11:46:26,24421,11496.67,99.1092,189,36.00
2026-07-12,11:46:36,24431,11383.33,98.1322,194,36.00
2026-07-12,11:46:46,24441,11303.33,97.4425,184,36.00
2026-07-12,11:46:56,24451,11270.00,97.1552,186,36.00
2026-07-12,11:47:06,24461,11226.67,96.7816,186,36.00
2026-07-12,11:47:16,24471,11136.67,96.0057,192,36.00
2026-07-12,11:47:26,24481,11036.67,95.1437,189,36.00
2026-07-12,11:47:36,24491,11006.67,94.8850,189,36.00
2026-07-12,11:47:46,24501,11030.00,95.0862,181,36.00
2026-07-12,11:47:56,24511,11153.33,96.1494,181,36.00
2026-07-12,11:48:06,24521,11296.67,97.3850,187,36.00
2026-07-12,11:48:16,24531,11460.00,98.7931,187,36.00
2026-07-12,11:48:26,24541,11610.00,100.0862,190,36.00
2026-07-12,11:48:36,24551,11730.00,101.1207,189,36.00
2026-07-12,11:48:46,24561,11913.33,102.7011,189,36.00
2026-07-12,11:48:56,24571,12160.00,104.8276,192,36.00
2026-07-12,11:49:06,24581,12356.67,106.5230,198,36.00
2026-07-12,11:49:16,24591,12460.00,107.4138,198,36.00
2026-07-12,11:49:26,24601,12583.33,108.4770,202,36.00
2026-07-12,11:49:36,24611,12680.00,109.3103,206,36.00
2026-07-12,11:49:46,24621,12740.00,109.8276,204,36.00
2026-07-12,11:49:56,24631,12730.00,109.7414,205,36.00
2026-07-12,11:50:06,24641,12616.67,108.7644,209,36.00
2026-07-12,11:50:16,24651,12470.00,107.5000,204,36.00
2026-07-12,11:50:26,24661,12326.67,106.2644,205,36.00
2026-07-12,11:50:36,24671,12213.33,105.2874,207,36.00
2026-07-12,11:50:45,24681,12140.00,104.6552,203,36.00
2026-07-12,11:50:55,24691,12133.33,104.5977,205,36.00
2026-07-12,11:51:05,24701,12166.67,104.8850,203,36.00
2026-07-12,11:51:15,24711,12166.67,104.8850,206,36.00
2026-07-12,11:51:25,24721,12183.33,105.0287,201,36.00
2026-07-12,11:51:35,24731,12160.00,104.8276,205,36.00
2026-07-12,11:51:45,24741,12140.00,104.6552,201,36.00
2026-07-12,11:51:55,24751,12116.67,104.4540,200,36.00
2026-07-12,11:52:05,24761,12080.00,104.1379,204,36.00
2026-07-12,11:52:15,24771,12043.33,103.8218,208,36.00
2026-07-12,11:52:25,24781,12023.33,103.6494,209,36.00
2026-07-12,11:52:35,24791,12090.00,104.2241,206,36.00
2026-07-12,11:52:45,24801,12170.00,104.9138,200,36.00
2026-07-12,11:52:55,24811,12313.33,106.1494,203,36.00
2026-07-12,11:53:05,24821,12436.67,107.2126,203,36.00
2026-07-12,11:53:15,24831,12480.00,107.5862,194,36.00
2026-07-12,11:53:25,24841,12383.33,106.7529,193,36.00
2026-07-12,11:53:35,24851,12090.00,104.2241,192,36.00
2026-07-12,11:53:45,24861,11586.67,99.8850,190,36.00
2026-07-12,11:53:55,24871,11073.33,95.4598,186,36.00
2026-07-12,11:54:05,24881,10630.00,91.6379,173,36.00
2026-07-12,11:54:15,24891,10130.00,87.3276,171,36.00
2026-07-12,11:54:25,24901,9633.33,83.0460,173,36.00
2026-07-12,11:54:35,24911,9170.00,79.0517,169,36.00
2026-07-12,11:54:45,24921,8863.33,76.4080,160,36.00
2026-07-12,11:54:55,24931,8610.00,74.2241,157,36.00
2026-07-12,11:55:05,24941,8326.67,71.7816,156,36.00
2026-07-12,11:55:15,24951,8070.00,69.5690,145,36.00
2026-07-12,11:55:25,24961,7903.33,68.1322,131,36.00
2026-07-12,11:55:35,24971,7873.33,67.8736,129,36.00
2026-07-12,11:55:45,24981,7940.00,68.4483,130,36.00
2026-07-12,11:55:55,24991,8066.67,69.5402,145,36.00
2026-07-12,11:56:05,25001,8220.00,70.8621,141,36.00
2026-07-12,11:56:15,25011,8390.00,72.3276,138,36.00
2026-07-12,11:56:25,25021,8590.00,74.0517,148,36.00
2026-07-12,11:56:35,25031,8723.33,75.2011,151,36.00
2026-07-12,11:56:45,25041,8773.33,75.6322,153,36.00
2026-07-12,11:56:55,25051,8780.00,75.6897,157,36.00
2026-07-12,11:57:05,25061,8703.33,75.0287,155,36.00
2026-07-12,11:57:15,25071,8513.33,73.3908,145,36.00
2026-07-12,11:57:25,25081,8303.33,71.5805,143,36.00
2026-07-12,11:57:35,25091,8120.00,70.0000,138,36.00
2026-07-12,11:57:45,25101,7953.33,68.5632,137,36.00
2026-07-12,11:57:55,25111,7833.33,67.5287,135,36.00
2026-07-12,11:58:05,25121,7813.33,67.3563,132,36.00
2026-07-12,11:58:15,25131,7853.33,67.7011,140,36.00
2026-07-12,11:58:25,25141,7876.67,67.9023,138,36.00
2026-07-12,11:58:35,25151,7866.67,67.8161,142,36.00
2026-07-12,11:58:45,25161,7806.67,67.2989,140,36.00
2026-07-12,11:58:55,25171,7653.33,65.9770,138,36.00
2026-07-12,11:59:05,25181,7426.67,64.0230,130,36.00
2026-07-12,11:59:15,25191,7190.00,61.9828,130,36.00
2026-07-12,11:59:25,25201,6946.67,59.8851,129,36.00
2026-07-12,11:59:35,25211,6690.00,57.6724,135,36.00
2026-07-12,11:59:45,25221,6453.33,55.6322,130,36.00
2026-07-12,11:59:55,25231,6213.33,53.5632,138,36.00
2026-07-12,12:00:05,25241,6026.67,51.9540,137,36.00
2026-07-12,12:00:15,25251,5883.33,50.7184,132,35.00
2026-07-12,12:00:25,25261,5816.67,50.1437,139,36.00
2026-07-12,12:00:35,25271,5800.00,50.0000,128,36.00
2026-07-12,12:00:45,25281,5770.00,49.7414,128,35.00
2026-07-12,12:00:55,25291,5760.00,49.6552,141,35.00
2026-07-12,12:01:05,25301,5780.00,49.8276,138,35.00
2026-07-12,12:01:14,25311,5780.00,49.8276,147,35.00
2026-07-12,12:01:24,25321,5760.00,49.6552,144,35.00
2026-07-12,12:01:34,25331,5730.00,49.3966,141,35.00
2026-07-12,12:01:44,25341,5686.67,49.0230,143,35.00
2026-07-12,12:01:54,25351,5636.67,48.5920,135,35.00
2026-07-12,12:02:04,25361,5563.33,47.9598,139,35.00
2026-07-12,12:02:14,25371,5453.33,47.0115,145,35.00
2026-07-12,12:02:24,25381,5366.67,46.2644,139,35.00
2026-07-12,12:02:34,25391,5250.00,45.2586,139,35.00
2026-07-12,12:02:44,25401,5076.67,43.7644,133,35.00
2026-07-12,12:02:54,25411,4950.00,42.6724,137,35.00
2026-07-12,12:03:04,25421,4850.00,41.8103,137,35.00
2026-07-12,12:03:14,25431,4810.00,41.4655,136,35.00
2026-07-12,12:03:24,25441,4836.67,41.6954,133,35.00
2026-07-12,12:03:34,25451,4950.00,42.6724,133,35.00
2026-07-12,12:03:44,25461,5126.67,44.1954,130,35.00
2026-07-12,12:03:54,25471,5353.33,46.1494,134,34.00
2026-07-12,12:04:04,25481,5623.33,48.4770,149,35.00
2026-07-12,12:04:14,25491,5913.33,50.9770,162,34.00
2026-07-12,12:04:24,25501,6223.33,53.6494,162,34.00
2026-07-12,12:04:34,25511,6530.00,56.2931,166,34.00
2026-07-12,12:04:44,25521,6760.00,58.2759,172,34.00
2026-07-12,12:04:54,25531,6940.00,59.8276,174,34.00
2026-07-12,12:05:04,25541,7060.00,60.8621,176,34.00
2026-07-12,12:05:14,25551,7133.33,61.4943,174,34.00
2026-07-12,12:05:24,25561,7286.67,62.8161,181,34.00
2026-07-12,12:05:34,25571,7480.00,64.4828,180,34.00
2026-07-12,12:05:44,25581,7696.67,66.3506,182,35.00
2026-07-12,12:05:54,25591,7913.33,68.2184,181,35.00
2026-07-12,12:06:04,25601,8170.00,70.4310,183,35.00
2026-07-12,12:06:14,25611,8410.00,72.5000,184,35.00
2026-07-12,12:06:24,25621,8673.33,74.7701,179,35.00
2026-07-12,12:06:34,25631,8950.00,77.1552,182,35.00
2026-07-12,12:06:44,25641,9236.67,79.6264,185,35.00
2026-07-12,12:06:54,25651,9486.67,81.7816,185,35.00
2026-07-12,12:07:04,25661,9643.33,83.1322,191,35.00
2026-07-12,12:07:14,25671,9793.33,84.4253,192,35.00
2026-07-12,12:07:24,25681,10010.00,86.2931,196,35.00
2026-07-12,12:07:34,25691,10293.33,88.7356,203,35.00
2026-07-12,12:07:44,25701,10666.67,91.9540,207,35.00
2026-07-12,12:07:54,25711,11173.33,96.3218,204,35.00
2026-07-12,12:08:04,25721,11693.33,100.8046,203,35.00
2026-07-12,12:08:14,25731,12176.67,104.9713,206,35.00
2026-07-12,12:08:24,25741,12543.33,108.1322,210,35.00
2026-07-12,12:08:34,25751,12793.33,110.2874,209,35.00
2026-07-12,12:08:44,25761,12896.67,111.1782,213,35.00
2026-07-12,12:08:54,25771,12906.67,111.2644,209,35.00
2026-07-12,12:09:04,25781,12843.33,110.7184,207,35.00
2026-07-12,12:09:14,25791,12686.67,109.3678,205,36.00
2026-07-12,12:09:24,25801,12530.00,108.0172,203,36.00
2026-07-12,12:09:34,25811,12356.67,106.5230,202,36.00
2026-07-12,12:09:44,25821,12230.00,105.4310,203,36.00
2026-07-12,12:09:54,25831,12233.33,105.4598,208,36.00
2026-07-12,12:10:04,25841,12390.00,106.8103,213,36.00
2026-07-12,12:10:14,25851,12696.67,109.4540,214,36.00
2026-07-12,12:10:24,25861,13193.33,113.7356,215,36.00
2026-07-12,12:10:34,25871,13910.00,119.9138,215,36.00
2026-07-12,12:10:44,25881,14683.33,126.5805,217,36.00
2026-07-12,12:10:54,25891,15433.33,133.0460,216,36.00
2026-07-12,12:11:04,25901,16026.67,138.1609,220,36.00
2026-07-12,12:11:14,25911,16393.33,141.3218,223,36.00
2026-07-12,12:11:24,25921,16580.00,142.9310,227,36.00
2026-07-12,12:11:34,25931,16673.33,143.7356,228,36.00
2026-07-12,12:11:44,25941,16713.33,144.0804,226,36.00
2026-07-12,12:11:54,25951,16640.00,143.4483,223,36.00
2026-07-12,12:12:04,25961,16506.67,142.2988,223,36.00
2026-07-12,12:12:14,25971,16373.33,141.1494,224,37.00
2026-07-12,12:12:23,25981,16183.33,139.5115,221,37.00
2026-07-12,12:12:33,25991,15970.00,137.6724,223,37.00
2026-07-12,12:12:43,26001,15990.00,137.8448,220,37.00
2026-07-12,12:12:53,26011,16203.33,139.6839,222,37.00
2026-07-12,12:13:03,26021,16603.33,143.1322,221,37.00
2026-07-12,12:13:13,26031,17103.33,147.4425,221,37.00
2026-07-12,12:13:23,26041,17643.33,152.0977,223,37.00
2026-07-12,12:13:33,26051,18233.33,157.1839,223,37.00
2026-07-12,12:13:43,26061,18773.33,161.8391,221,37.00
2026-07-12,12:13:53,26071,19290.00,166.2931,223,38.00
2026-07-12,12:14:03,26081,19706.67,169.8851,221,38.00
2026-07-12,12:14:13,26091,19720.00,170.0000,224,38.00
2026-07-12,12:14:23,26101,19536.67,168.4195,227,38.00
2026-07-12,12:14:33,26111,19226.67,165.7471,227,38.00
2026-07-12,12:14:43,26121,18803.33,162.0977,226,38.00
2026-07-12,12:14:53,26131,18210.00,156.9828,222,38.00
2026-07-12,12:15:03,26141,17593.33,151.6667,219,38.00
2026-07-12,12:15:13,26151,17013.33,146.6667,218,38.00
2026-07-12,12:15:23,26161,16500.00,142.2414,215,38.00
2026-07-12,12:15:33,26171,15980.00,137.7586,211,38.00
2026-07-12,12:15:43,26181,15513.33,133.7356,208,38.00
2026-07-12,12:15:53,26191,15220.00,131.2069,208,38.00
2026-07-12,12:16:03,26201,15260.00,131.5517,200,38.00
2026-07-12,12:16:13,26211,15700.00,135.3448,216,39.00
2026-07-12,12:16:23,26221,16463.33,141.9253,218,39.00
2026-07-12,12:16:33,26231,17420.00,150.1724,221,39.00
2026-07-12,12:16:43,26241,18430.00,158.8793,224,39.00
2026-07-12,12:16:53,26251,19690.00,169.7414,219,39.00
2026-07-12,12:17:03,26261,19943.33,171.9253,224,39.00
2026-07-12,12:17:13,26271,19750.00,170.2586,224,39.00
2026-07-12,12:17:23,26281,19440.00,167.5862,228,39.00
2026-07-12,12:17:33,26291,18730.00,161.4655,227,39.00
2026-07-12,12:17:43,26301,17963.33,154.8563,228,39.00
2026-07-12,12:17:53,26311,17533.33,151.1494,228,39.00
2026-07-12,12:18:03,26321,17560.00,151.3793,224,39.00
2026-07-12,12:18:13,26331,18060.00,155.6897,221,39.00
2026-07-12,12:18:23,26341,18896.67,162.9023,222,39.00
2026-07-12,12:18:33,26351,19943.33,171.9253,227,40.00
2026-07-12,12:18:43,26361,21030.00,181.2931,225,40.00
2026-07-12,12:18:53,26371,22086.67,190.4023,227,40.00
2026-07-12,12:19:03,26381,22856.67,197.0402,234,40.00
2026-07-12,12:19:13,26391,23253.33,200.4598,236,40.00
2026-07-12,12:19:23,26401,23526.67,202.8161,234,40.00
2026-07-12,12:19:33,26411,23570.00,203.1897,230,40.00
2026-07-12,12:19:43,26421,23360.00,201.3793,234,40.00
2026-07-12,12:19:53,26431,22926.67,197.6437,232,40.00
2026-07-12,12:20:03,26441,22390.00,193.0172,236,40.00
2026-07-12,12:20:13,26451,22176.67,191.1782,234,40.00
2026-07-12,12:20:23,26461,22136.67,190.8333,232,40.00
2026-07-12,12:20:33,26471,22346.67,192.6437,234,40.00
2026-07-12,12:20:43,26481,22766.67,196.2644,228,40.00
2026-07-12,12:20:53,26491,23240.00,200.3448,229,41.00
2026-07-12,12:21:03,26501,23520.00,202.7586,226,41.00
2026-07-12,12:21:13,26511,23786.67,205.0575,232,41.00
2026-07-12,12:21:23,26521,23883.33,205.8908,232,41.00
2026-07-12,12:21:33,26531,23876.67,205.8333,235,41.00
2026-07-12,12:21:43,26541,23793.33,205.1149,234,41.00
2026-07-12,12:21:53,26551,23650.00,203.8793,233,41.00
2026-07-12,12:22:03,26561,23490.00,202.5000,234,41.00
2026-07-12,12:22:13,26571,23306.67,200.9195,231,41.00
2026-07-12,12:22:23,26581,23093.33,199.0804,232,41.00
2026-07-12,12:22:33,26591,22860.00,197.0690,232,42.00
2026-07-12,12:22:43,26601,22580.00,194.6552,225,41.00
2026-07-12,12:22:53,26611,22253.33,191.8391,230,42.00
2026-07-12,12:23:03,26621,21833.33,188.2184,229,42.00
2026-07-12,12:23:12,26631,21430.00,184.7414,228,42.00
2026-07-12,12:23:22,26641,21090.00,181.8103,228,42.00
2026-07-12,12:23:32,26651,20770.00,179.0517,228,42.00
2026-07-12,12:23:42,26661,20566.67,177.2988,226,42.00
2026-07-12,12:23:52,26671,20476.67,176.5230,221,42.00
2026-07-12,12:24:02,26681,20226.67,174.3678,219,42.00
2026-07-12,12:24:12,26691,19860.00,171.2069,215,42.00
2026-07-12,12:24:22,26701,19200.00,165.5172,205,42.00
2026-07-12,12:24:32,26711,18306.67,157.8161,214,42.00
2026-07-12,12:24:42,26721,17393.33,149.9425,208,42.00
2026-07-12,12:24:52,26731,16620.00,143.2759,205,42.00
2026-07-12,12:25:02,26741,15960.00,137.5862,192,42.00
2026-07-12,12:25:12,26751,15376.67,132.5575,186,42.00
2026-07-12,12:25:22,26761,14903.33,128.4770,175,41.00
2026-07-12,12:25:32,26771,14483.33,124.8563,180,42.00
2026-07-12,12:25:42,26781,14000.00,120.6896,184,41.00
2026-07-12,12:25:52,26791,13533.33,116.6667,188,41.00
2026-07-12,12:26:02,26801,13106.67,112.9885,189,41.00
2026-07-12,12:26:12,26811,12903.33,111.2356,186,41.00
2026-07-12,12:26:22,26821,12833.33,110.6322,188,41.00
2026-07-12,12:26:32,26831,12923.33,111.4080,196,41.00
2026-07-12,12:26:42,26841,13100.00,112.9310,200,41.00
2026-07-12,12:26:52,26851,13296.67,114.6264,206,41.00
2026-07-12,12:27:02,26861,13526.67,116.6092,211,41.00
2026-07-12,12:27:12,26871,13790.00,118.8793,214,41.00
2026-07-12,12:27:22,26881,14053.33,121.1494,216,41.00
2026-07-12,12:27:32,26891,14290.00,123.1896,217,40.00
2026-07-12,12:27:42,26901,14546.67,125.4023,218,41.00
2026-07-12,12:27:52,26911,14806.67,127.6437,217,41.00
2026-07-12,12:28:02,26921,15006.67,129.3678,215,41.00
2026-07-12,12:28:12,26931,15143.33,130.5460,212,40.00
2026-07-12,12:28:22,26941,15193.33,130.9770,214,40.00
2026-07-12,12:28:32,26951,15166.67,130.7471,220,40.00
2026-07-12,12:28:42,26961,15070.00,129.9138,219,40.00
2026-07-12,12:28:52,26971,14923.33,128.6494,216,40.00
2026-07-12,12:29:02,26981,14736.67,127.0402,214,40.00
2026-07-12,12:29:12,26991,14603.33,125.8908,209,40.00
2026-07-12,12:29:22,27001,14490.00,124.9138,210,40.00
2026-07-12,12:29:32,27011,14450.00,124.5690,213,40.00
2026-07-12,12:29:42,27021,14470.00,124.7414,212,40.00
2026-07-12,12:29:52,27031,14583.33,125.7184,213,40.00
2026-07-12,12:30:02,27041,14760.00,127.2414,213,40.00
2026-07-12,12:30:12,27051,15036.67,129.6264,218,40.00
2026-07-12,12:30:22,27061,15286.67,131.7816,217,40.00
2026-07-12,12:30:32,27071,15526.67,133.8506,218,40.00
2026-07-12,12:30:42,27081,15640.00,134.8276,222,40.00
2026-07-12,12:30:52,27091,15733.33,135.6322,221,40.00
2026-07-12,12:31:02,27101,15886.67,136.9540,220,40.00
2026-07-12,12:31:12,27111,15980.00,137.7586,219,40.00
2026-07-12,12:31:22,27121,15993.33,137.8736,217,40.00
2026-07-12,12:31:32,27131,15970.00,137.6724,219,40.00
2026-07-12,12:31:42,27141,15880.00,136.8965,218,40.00
2026-07-12,12:31:52,27151,15776.67,136.0057,222,40.00
2026-07-12,12:32:02,27161,15563.33,134.1667,219,40.00
2026-07-12,12:32:12,27171,15256.67,131.5230,218,40.00
2026-07-12,12:32:22,27181,14816.67,127.7299,216,40.00
2026-07-12,12:32:32,27191,14196.67,122.3850,210,40.00
2026-07-12,12:32:42,27201,13560.00,116.8965,203,40.00
2026-07-12,12:32:52,27211,12903.33,111.2356,203,40.00
2026-07-12,12:33:02,27221,12330.00,106.2931,196,40.00
2026-07-12,12:33:12,27231,11826.67,101.9540,195,40.00
2026-07-12,12:33:22,27241,11490.00,99.0517,190,40.00
2026-07-12,12:33:32,27251,11360.00,97.9310,189,40.00
2026-07-12,12:33:42,27261,11410.00,98.3621,184,40.00
2026-07-12,12:33:52,27271,11720.00,101.0345,188,40.00
2026-07-12,12:34:02,27281,12096.67,104.2816,196,40.00
2026-07-12,12:34:12,27291,12496.67,107.7299,199,40.00
2026-07-12,12:34:21,27301,12943.33,111.5805,200,40.00
2026-07-12,12:34:31,27311,13470.00,116.1207,204,40.00
2026-07-12,12:34:41,27321,14030.00,120.9483,210,40.00
2026-07-12,12:34:51,27331,14686.67,126.6092,210,40.00
2026-07-12,12:35:01,27341,15430.00,133.0172,212,40.00
2026-07-12,12:35:11,27351,16186.67,139.5402,216,40.00
2026-07-12,12:35:21,27361,17066.67,147.1264,217,40.00
2026-07-12,12:35:31,27371,18163.33,156.5804,217,40.00
2026-07-12,12:35:41,27381,19516.67,168.2471,222,40.00
2026-07-12,12:35:51,27391,21066.67,181.6092,224,40.00
2026-07-12,12:36:01,27401,22720.00,195.8621,222,40.00
2026-07-12,12:36:11,27411,24620.00,212.2414,224,40.00
2026-07-12,12:36:21,27421,27056.67,233.2471,224,40.00
2026-07-12,12:36:31,27431,30560.00,263.4483,225,41.00
2026-07-12,12:36:41,27441,34080.00,293.7931,227,41.00
2026-07-12,12:36:51,27451,33036.66,284.7988,227,41.00
2026-07-12,12:37:01,27461,30280.00,261.0345,228,41.00
2026-07-12,12:37:11,27471,30193.33,260.2874,227,42.00
2026-07-12,12:37:21,27481,30603.33,263.8218,229,42.00
2026-07-12,12:37:31,27491,33343.33,287.4425,229,42.00
2026-07-12,12:37:41,27501,34600.00,298.2758,230,42.00
2026-07-12,12:37:51,27511,33096.66,285.3161,233,42.00
2026-07-12,12:38:01,27521,33470.00,288.5345,232,43.00
2026-07-12,12:38:11,27531,33910.00,292.3276,233,43.00
2026-07-12,12:38:21,27541,33906.66,292.2988,232,43.00
2026-07-12,12:38:31,27551,33836.66,291.6954,232,43.00
2026-07-12,12:38:41,27561,33826.66,291.6092,233,43.00
2026-07-12,12:38:51,27571,34246.66,295.2299,230,43.00
2026-07-12,12:39:01,27581,34793.33,299.9425,231,44.00
2026-07-12,12:39:11,27591,36046.66,310.7471,231,44.00
2026-07-12,12:39:21,27601,38350.00,330.6035,232,44.00
2026-07-12,12:39:31,27611,41643.33,358.9942,229,45.00
2026-07-12,12:39:41,27621,47063.33,405.7184,231,45.00
2026-07-12,12:39:51,27631,54612.50,470.7974,230,45.00
2026-07-12,12:40:01,27641,54612.50,470.7974,236,46.00
2026-07-12,12:40:11,27651,54612.50,470.7974,236,46.00
2026-07-12,12:40:21,27661,54050.00,465.9482,237,47.00
2026-07-12,12:40:31,27671,48210.00,415.6035,234,47.00
2026-07-12,12:40:41,27681,45740.00,394.3103,234,47.00
2026-07-12,12:40:51,27691,45756.66,394.4540,232,48.00
2026-07-12,12:41:01,27701,42573.33,367.0115,233,48.00
2026-07-12,12:41:11,27711,39810.00,343.1897,236,48.00
2026-07-12,12:41:21,27721,37630.00,324.3965,233,48.00
2026-07-12,12:41:31,27731,35823.33,308.8218,228,48.00
2026-07-12,12:41:41,27741,34410.00,296.6379,230,49.00
2026-07-12,12:41:51,27751,33483.33,288.6494,231,49.00
2026-07-12,12:42:01,27761,33163.33,285.8908,231,49.00
2026-07-12,12:42:11,27771,33570.00,289.3965,232,49.00
2026-07-12,12:42:21,27781,34920.00,301.0345,228,49.00
2026-07-12,12:42:31,27791,38096.66,328.4195,227,49.00
2026-07-12,12:42:41,27801,40886.66,352.4713,228,49.00
2026-07-12,12:42:51,27811,45516.66,392.3850,232,49.00
2026-07-12,12:43:01,27821,43756.66,377.2126,228,50.00
2026-07-12,12:43:11,27831,46216.66,398.4195,233,50.00
2026-07-12,12:43:21,27841,38640.00,333.1035,235,50.00
2026-07-12,12:43:31,27851,39103.33,337.0977,235,50.00
2026-07-12,12:43:41,27861,41316.66,356.1781,234,50.00
2026-07-12,12:43:51,27871,45373.33,391.1494,235,51.00
2026-07-12,12:44:01,27881,54612.50,470.7974,233,51.00
2026-07-12,12:44:11,27891,49803.33,429.3391,234,51.00
2026-07-12,12:44:21,27901,51073.33,440.2874,229,51.00
2026-07-12,12:44:31,27911,49650.00,428.0172,229,52.00
2026-07-12,12:44:41,27921,47686.66,411.0919,235,52.00
2026-07-12,12:44:51,27931,46336.66,399.4540,233,52.00
2026-07-12,12:45:01,27941,45476.66,392.0402,234,52.00
2026-07-12,12:45:11,27951,54193.33,467.1839,235,52.00
2026-07-12,12:45:21,27961,40770.00,351.4655,234,52.00
2026-07-12,12:45:31,27971,37710.00,325.0862,236,53.00
2026-07-12,12:45:41,27981,36883.33,317.9597,234,53.00
2026-07-12,12:45:51,27991,38796.66,334.4540,233,53.00
2026-07-12,12:46:01,28001,36966.66,318.6781,232,53.00
2026-07-12,12:46:11,28011,36316.66,313.0747,232,53.00
2026-07-12,12:46:21,28021,35710.00,307.8448,233,53.00
2026-07-12,12:46:31,28031,33203.33,286.2356,234,53.00
2026-07-12,12:46:41,28041,32056.67,276.3506,232,53.00
2026-07-12,12:46:50,28051,31773.33,273.9080,232,53.00
2026-07-12,12:47:00,28061,31983.33,275.7184,233,53.00
2026-07-12,12:47:10,28071,34230.00,295.0862,230,53.00
2026-07-12,12:47:20,28081,37103.33,319.8563,228,52.00
2026-07-12,12:47:30,28091,30566.67,263.5057,228,52.00
2026-07-12,12:47:40,28101,28716.67,247.5575,230,52.00
2026-07-12,12:47:50,28111,27676.67,238.5919,226,52.00
2026-07-12,12:48:00,28121,26650.00,229.7414,225,52.00
2026-07-12,12:48:10,28131,25646.67,221.0919,225,52.00
2026-07-12,12:48:20,28141,24103.33,207.7873,227,52.00
2026-07-12,12:48:30,28151,22373.33,192.8736,222,52.00
2026-07-12,12:48:40,28161,20610.00,177.6724,216,51.00
2026-07-12,12:48:50,28171,18956.67,163.4195,208,51.00
2026-07-12,12:49:00,28181,17296.67,149.1092,208,51.00
2026-07-12,12:49:10,28191,15763.33,135.8908,179,51.00
2026-07-12,12:49:20,28201,14203.33,122.4425,165,51.00
2026-07-12,12:49:30,28211,12656.67,109.1092,169,50.00
2026-07-12,12:49:40,28221,11206.67,96.6092,150,50.00
2026-07-12,12:49:50,28231,9993.33,86.1494,141,50.00
2026-07-12,12:50:00,28241,8900.00,76.7241,129,50.00
2026-07-12,12:50:10,28251,7976.67,68.7644,130,49.00
2026-07-12,12:50:20,28261,7186.67,61.9540,132,49.00
2026-07-12,12:50:30,28271,6533.33,56.3218,137,48.00
2026-07-12,12:50:40,28281,5973.33,51.4943,133,48.00
2026-07-12,12:50:50,28291,5486.67,47.2988,130,48.00
2026-07-12,12:51:00,28301,5093.33,43.9080,120,47.00
2026-07-12,12:51:10,28311,4773.33,41.1494,133,47.00
2026-07-12,12:51:20,28321,4503.33,38.8218,131,47.00
2026-07-12,12:51:30,28331,4316.67,37.2126,130,47.00
2026-07-12,12:51:40,28341,4163.33,35.8908,127,47.00
2026-07-12,12:51:50,28351,4053.33,34.9425,127,46.00
2026-07-12,12:52:00,28361,3970.00,34.2241,133,46.00
2026-07-12,12:52:10,28371,3900.00,33.6207,134,46.00
2026-07-12,12:52:20,28381,3846.67,33.1609,126,45.00
2026-07-12,12:52:30,28391,3806.67,32.8161,132,45.00
2026-07-12,12:52:40,28401,3803.33,32.7874,140,45.00
2026-07-12,12:52:50,28411,3850.00,33.1897,129,45.00
2026-07-12,12:53:00,28421,3920.00,33.7931,127,44.00
2026-07-12,12:53:10,28431,4036.67,34.7988,123,44.00
2026-07-12,12:53:20,28441,4183.33,36.0632,123,44.00
2026-07-12,12:53:30,28451,4353.33,37.5287,129,44.00
2026-07-12,12:53:40,28461,4550.00,39.2241,125,43.00
2026-07-12,12:53:50,28471,4796.67,41.3506,133,43.00
2026-07-12,12:54:00,28481,5043.33,43.4770,134,43.00
2026-07-12,12:54:10,28491,5286.67,45.5747,132,43.00
2026-07-12,12:54:20,28501,5486.67,47.2988,131,43.00
2026-07-12,12:54:30,28511,5653.33,48.7356,134,43.00
2026-07-12,12:54:40,28521,5840.00,50.3448,135,43.00
2026-07-12,12:54:50,28531,6093.33,52.5287,133,42.00
2026-07-12,12:55:00,28541,6436.67,55.4885,139,42.00
2026-07-12,12:55:10,28551,6870.00,59.2241,156,42.00
2026-07-12,12:55:20,28561,7326.67,63.1609,159,42.00
2026-07-12,12:55:30,28571,7723.33,66.5805,164,42.00
2026-07-12,12:55:40,28581,8073.33,69.5977,162,42.00
2026-07-12,12:55:50,28591,8420.00,72.5862,167,42.00
2026-07-12,12:56:00,28601,8663.33,74.6839,162,41.00
2026-07-12,12:56:10,28611,8836.67,76.1782,160,41.00
2026-07-12,12:56:20,28621,8990.00,77.5000,171,41.00
2026-07-12,12:56:30,28631,9106.67,78.5057,168,41.00
2026-07-12,12:56:40,28641,9140.00,78.7931,174,41.00
2026-07-12,12:56:50,28651,9180.00,79.1379,166,41.00
2026-07-12,12:57:00,28661,9263.33,79.8563,160,41.00
2026-07-12,12:57:10,28671,9433.33,81.3218,161,41.00
2026-07-12,12:57:20,28681,9640.00,83.1034,157,41.00
2026-07-12,12:57:30,28691,9926.67,85.5747,170,41.00
2026-07-12,12:57:39,28701,10383.33,89.5115,191,41.00
2026-07-12,12:57:49,28711,10950.00,94.3966,187,41.00
2026-07-12,12:57:59,28721,11706.67,100.9195,191,41.00
2026-07-12,12:58:09,28731,12560.00,108.2759,201,40.00
2026-07-12,12:58:19,28741,13403.33,115.5460,204,41.00
2026-07-12,12:58:29,28751,14006.67,120.7471,209,41.00
2026-07-12,12:58:39,28761,14323.33,123.4770,211,41.00
2026-07-12,12:58:49,28771,14560.00,125.5172,214,41.00
2026-07-12,12:58:59,28781,14723.33,126.9253,209,41.00
2026-07-12,12:59:09,28791,14770.00,127.3276,208,41.00
2026-07-12,12:59:19,28801,14733.33,127.0115,204,41.00
2026-07-12,12:59:29,28811,14630.00,126.1207,197,41.00
2026-07-12,12:59:39,28821,14503.33,125.0287,207,41.00
2026-07-12,12:59:49,28831,14356.67,123.7644,196,40.00
2026-07-12,12:59:59,28841,14266.67,122.9885,199,41.00
2026-07-12,13:00:09,28851,14200.00,122.4138,196,41.00
2026-07-12,13:00:19,28861,14260.00,122.9310,195,41.00
2026-07-12,13:00:29,28871,14466.67,124.7126,191,41.00
2026-07-12,13:00:39,28881,14780.00,127.4138,191,41.00
2026-07-12,13:00:49,28891,15060.00,129.8276,196,41.00
2026-07-12,13:00:59,28901,15176.67,130.8333,198,41.00
2026-07-12,13:01:09,28911,15110.00,130.2586,199,41.00
2026-07-12,13:01:19,28921,14823.33,127.7874,201,40.00
2026-07-12,13:01:29,28931,14470.00,124.7414,201,41.00
2026-07-12,13:01:39,28941,14080.00,121.3793,198,40.00
2026-07-12,13:01:49,28951,13653.33,117.7011,195,40.00
2026-07-12,13:01:59,28961,13303.33,114.6839,195,40.00
2026-07-12,13:02:09,28971,12986.67,111.9540,192,41.00
2026-07-12,13:02:19,28981,12746.67,109.8850,190,41.00
2026-07-12,13:02:29,28991,12483.33,107.6149,199,41.00
2026-07-12,13:02:39,29001,12206.67,105.2299,190,41.00
2026-07-12,13:02:49,29011,11946.67,102.9885,188,40.00
2026-07-12,13:02:59,29021,11786.67,101.6092,192,41.00
2026-07-12,13:03:09,29031,11793.33,101.6667,189,40.00
2026-07-12,13:03:19,29041,12100.00,104.3103,188,41.00
2026-07-12,13:03:29,29051,12586.67,108.5057,188,40.00
2026-07-12,13:03:39,29061,13086.67,112.8161,187,40.00
2026-07-12,13:03:49,29071,13426.67,115.7471,191,40.00
2026-07-12,13:03:59,29081,13416.67,115.6609,187,40.00
2026-07-12,13:04:09,29091,13006.67,112.1264,184,40.00
2026-07-12,13:04:19,29101,12226.67,105.4023,162,40.00
2026-07-12,13:04:29,29111,11300.00,97.4138,155,40.00
2026-07-12,13:04:39,29121,10356.67,89.2816,137,40.00
2026-07-12,13:04:49,29131,9416.67,81.1782,131,40.00
2026-07-12,13:04:59,29141,8540.00,73.6207,131,40.00
2026-07-12,13:05:09,29151,7803.33,67.2701,134,40.00
2026-07-12,13:05:19,29161,7163.33,61.7529,142,40.00
2026-07-12,13:05:29,29171,6626.67,57.1264,131,40.00
2026-07-12,13:05:39,29181,6266.67,54.0230,131,40.00
2026-07-12,13:05:49,29191,6110.00,52.6724,127,40.00
2026-07-12,13:05:59,29201,6100.00,52.5862,133,40.00
2026-07-12,13:06:09,29211,6173.33,53.2184,136,40.00
2026-07-12,13:06:19,29221,6333.33,54.5977,139,40.00
2026-07-12,13:06:29,29231,6603.33,56.9253,135,40.00
2026-07-12,13:06:39,29241,6993.33,60.2874,141,39.00
2026-07-12,13:06:49,29251,7490.00,64.5690,149,39.00
2026-07-12,13:06:59,29261,8083.33,69.6839,152,39.00
2026-07-12,13:07:09,29271,8753.33,75.4598,159,39.00
2026-07-12,13:07:19,29281,9436.67,81.3506,159,39.00
2026-07-12,13:07:29,29291,10116.67,87.2126,172,39.00
2026-07-12,13:07:39,29301,10770.00,92.8448,178,39.00
2026-07-12,13:07:49,29311,11330.00,97.6724,187,39.00
2026-07-12,13:07:59,29321,11773.33,101.4942,185,39.00
2026-07-12,13:08:09,29331,12113.33,104.4253,185,39.00
2026-07-12,13:08:18,29341,12333.33,106.3218,181,39.00
2026-07-12,13:08:28,29351,12406.67,106.9540,171,39.00
2026-07-12,13:08:38,29361,12286.67,105.9195,180,39.00
2026-07-12,13:08:48,29371,12023.33,103.6494,185,39.00
2026-07-12,13:08:58,29381,11646.67,100.4023,168,39.00
2026-07-12,13:09:08,29391,11126.67,95.9195,168,39.00
2026-07-12,13:09:18,29401,10533.33,90.8046,160,39.00
2026-07-12,13:09:28,29411,9936.67,85.6609,155,39.00
2026-07-12,13:09:38,29421,9386.67,80.9195,149,39.00
2026-07-12,13:09:48,29431,8960.00,77.2414,156,39.00
2026-07-12,13:09:58,29441,8663.33,74.6839,157,39.00
2026-07-12,13:10:08,29451,8480.00,73.1034,168,39.00
2026-07-12,13:10:18,29461,8373.33,72.1839,167,39.00
2026-07-12,13:10:28,29471,8300.00,71.5517,165,39.00
2026-07-12,13:10:38,29481,8216.67,70.8333,163,39.00
2026-07-12,13:10:48,29491,8083.33,69.6839,172,39.00
2026-07-12,13:10:58,29501,7896.67,68.0747,154,39.00
2026-07-12,13:11:08,29511,7583.33,65.3736,157,39.00
2026-07-12,13:11:18,29521,7163.33,61.7529,155,38.00
2026-07-12,13:11:28,29531,6690.00,57.6724,148,39.00
2026-07-12,13:11:38,29541,6240.00,53.7931,139,38.00
2026-07-12,13:11:48,29551,5833.33,50.2874,134,38.00
2026-07-12,13:11:58,29561,5513.33,47.5287,136,38.00
2026-07-12,13:12:08,29571,5313.33,45.8046,129,38.00
2026-07-12,13:12:18,29581,5223.33,45.0287,144,38.00
2026-07-12,13:12:28,29591,5243.33,45.2011,134,38.00
2026-07-12,13:12:38,29601,5350.00,46.1207,130,38.00
2026-07-12,13:12:48,29611,5506.67,47.4713,137,38.00
2026-07-12,13:12:58,29621,5670.00,48.8793,144,38.00
2026-07-12,13:13:08,29631,5800.00,50.0000,144,38.00
2026-07-12,13:13:18,29642,5853.33,50.4598,141,38.00
2026-07-12,13:13:28,29652,5886.67,50.7471,134,37.00
2026-07-12,13:13:38,29662,5860.00,50.5172,138,38.00
2026-07-12,13:13:48,29672,5820.00,50.1724,129,37.00
2026-07-12,13:13:58,29682,5810.00,50.0862,136,37.00
2026-07-12,13:14:08,29692,5880.00,50.6897,148,37.00
2026-07-12,13:14:18,29702,6056.67,52.2126,153,37.00
2026-07-12,13:14:28,29712,6243.33,53.8218,160,37.00
2026-07-12,13:14:38,29722,6440.00,55.5172,152,37.00
2026-07-12,13:14:48,29732,6556.67,56.5230,150,37.00
2026-07-12,13:14:58,29742,6646.67,57.2988,146,37.00
2026-07-12,13:15:08,29752,6786.67,58.5057,150,37.00
2026-07-12,13:15:18,29762,7043.33,60.7184,140,37.00
2026-07-12,13:15:28,29772,7480.00,64.4828,158,37.00
2026-07-12,13:15:38,29782,8013.33,69.0805,168,37.00
2026-07-12,13:15:48,29792,8640.00,74.4828,176,37.00
2026-07-12,13:15:58,29802,9140.00,78.7931,181,37.00
2026-07-12,13:16:08,29812,9416.67,81.1782,179,37.00
2026-07-12,13:16:18,29822,9296.67,80.1437,177,37.00
2026-07-12,13:16:28,29832,8903.33,76.7529,170,37.00
2026-07-12,13:16:38,29842,8373.33,72.1839,164,37.00
2026-07-12,13:16:48,29852,7873.33,67.8736,154,37.00
2026-07-12,13:16:58,29862,7496.67,64.6264,151,37.00
2026-07-12,13:17:08,29872,7253.33,62.5287,139,37.00
2026-07-12,13:17:18,29882,7163.33,61.7529,144,37.00
2026-07-12,13:17:28,29892,7366.67,63.5057,156,37.00
2026-07-12,13:17:38,29902,7803.33,67.2701,164,37.00
2026-07-12,13:17:48,29912,8170.00,70.4310,176,37.00
2026-07-12,13:17:58,29922,8146.67,70.2299,165,37.00
2026-07-12,13:18:08,29932,7706.67,66.4368,175,37.00
2026-07-12,13:18:18,29942,7100.00,61.2069,164,37.00
2026-07-12,13:18:28,29952,6566.67,56.6092,149,36.00
2026-07-12,13:18:38,29962,6160.00,53.1034,138,37.00
2026-07-12,13:18:47,29972,5843.33,50.3736,135,37.00
2026-07-12,13:18:57,29982,5656.67,48.7644,140,36.00
2026-07-12,13:19:07,29992,5603.33,48.3046,137,36.00
2026-07-12,13:19:17,30002,5523.33,47.6149,137,36.00
2026-07-12,13:19:27,30012,5366.67,46.2644,125,36.00
2026-07-12,13:19:37,30022,5106.67,44.0230,128,36.00
2026-07-12,13:19:47,30032,4840.00,41.7241,127,36.00
2026-07-12,13:19:57,30042,4640.00,40.0000,132,36.00
2026-07-12,13:20:07,30052,4570.00,39.3966,131,36.00
2026-07-12,13:20:17,30062,4610.00,39.7414,132,36.00
2026-07-12,13:20:27,30072,4750.00,40.9483,132,36.00
2026-07-12,13:20:37,30082,4913.33,42.3563,127,36.00
2026-07-12,13:20:47,30092,5033.33,43.3908,136,36.00
2026-07-12,13:21:07,30112,5153.33,44.4253,148,36.00
2026-07-12,13:21:17,30122,5130.00,44.2241,127,36.00
2026-07-12,13:21:27,30132,5093.33,43.9080,128,36.00
2026-07-12,13:21:37,30142,5166.67,44.5402,132,36.00
2026-07-12,13:21:47,30152,5340.00,46.0345,129,36.00
2026-07-12,13:21:57,30162,5600.00,48.2759,141,36.00
2026-07-12,13:22:07,30172,5836.67,50.3161,144,36.00
2026-07-12,13:22:17,30182,6046.67,52.1264,139,36.00
2026-07-12,13:22:27,30192,6153.33,53.0460,143,36.00
2026-07-12,13:22:37,30202,6130.00,52.8448,135,36.00
2026-07-12,13:22:47,30212,6066.67,52.2988,137,36.00
2026-07-12,13:22:57,30222,5930.00,51.1207,130,36.00
2026-07-12,13:23:07,30232,5720.00,49.3103,136,36.00
2026-07-12,13:23:17,30242,5480.00,47.2414,133,36.00
2026-07-12,13:23:27,30252,5296.67,45.6609,137,36.00
2026-07-12,13:23:37,30262,5153.33,44.4253,135,36.00
2026-07-12,13:23:47,30272,4976.67,42.9023,133,36.00
2026-07-12,13:23:57,30282,4803.33,41.4080,131,36.00
2026-07-12,13:24:07,30292,4663.33,40.2011,127,36.00
2026-07-12,13:24:17,30302,4580.00,39.4828,132,36.00
2026-07-12,13:24:27,30312,4510.00,38.8793,132,36.00
2026-07-12,13:24:37,30322,4440.00,38.2759,134,36.00
2026-07-12,13:24:47,30332,4370.00,37.6724,125,36.00
2026-07-12,13:24:57,30342,4233.33,36.4943,130,36.00
2026-07-12,13:25:07,30352,4013.33,34.5977,133,36.00
2026-07-12,13:25:17,30362,3720.00,32.0690,127,35.00
2026-07-12,13:25:27,30372,3420.00,29.4828,130,35.00
2026-07-12,13:25:37,30382,3130.00,26.9828,129,35.00
2026-07-12,13:25:47,30392,2873.33,24.7701,121,35.00
2026-07-12,13:25:57,30402,2690.00,23.1897,123,35.00
2026-07-12,13:26:07,30412,2586.67,22.2988,132,35.00
2026-07-12,13:26:17,30422,2576.67,22.2126,123,35.00
2026-07-12,13:26:27,30432,2660.00,22.9310,135,35.00
2026-07-12,13:26:37,30442,2813.33,24.2529,136,35.00
2026-07-12,13:26:47,30452,3043.33,26.2356,135,35.00
2026-07-12,13:26:57,30462,3276.67,28.2471,129,35.00
2026-07-12,13:27:07,30472,3450.00,29.7414,124,35.00
2026-07-12,13:27:17,30482,3503.33,30.2011,132,35.00
2026-07-12,13:27:27,30492,3423.33,29.5115,126,35.00
2026-07-12,13:27:37,30502,3216.67,27.7299,127,35.00
2026-07-12,13:27:47,30512,3030.00,26.1207,120,35.00
2026-07-12,13:27:57,30522,2886.67,24.8851,129,34.00
2026-07-12,13:28:07,30532,2863.33,24.6839,121,34.00
2026-07-12,13:28:17,30542,2933.33,25.2874,125,34.00
2026-07-12,13:28:27,30552,3036.67,26.1782,127,34.00
2026-07-12,13:28:37,30562,3090.00,26.6379,127,34.00
2026-07-12,13:28:47,30572,3113.33,26.8391,130,34.00
2026-07-12,13:28:57,30582,3096.67,26.6954,126,34.00
2026-07-12,13:29:07,30592,3066.67,26.4368,125,34.00
2026-07-12,13:29:17,30602,3063.33,26.4080,125,34.00
2026-07-12,13:29:27,30612,3136.67,27.0402,125,34.00
2026-07-12,13:29:36,30622,3243.33,27.9598,132,34.00
2026-07-12,13:29:46,30632,3363.33,28.9943,128,34.00
2026-07-12,13:29:56,30642,3433.33,29.5977,129,34.00
2026-07-12,13:30:06,30652,3423.33,29.5115,133,34.00
2026-07-12,13:30:16,30662,3356.67,28.9368,128,34.00
2026-07-12,13:30:26,30672,3286.67,28.3333,137,34.00
2026-07-12,13:30:36,30682,3270.00,28.1897,122,34.00
2026-07-12,13:30:46,30692,3280.00,28.2759,122,34.00
2026-07-12,13:30:56,30702,3313.33,28.5632,135,34.00
2026-07-12,13:31:06,30712,3326.67,28.6782,129,34.00
2026-07-12,13:31:16,30722,3330.00,28.7069,126,34.00
2026-07-12,13:31:26,30732,3366.67,29.0230,128,34.00
2026-07-12,13:31:36,30742,3420.00,29.4828,131,34.00
2026-07-12,13:31:46,30752,3453.33,29.7701,132,34.00
2026-07-12,13:31:56,30762,3476.67,29.9713,124,34.00
2026-07-12,13:32:06,30772,3546.67,30.5747,134,34.00
2026-07-12,13:32:16,30782,3676.67,31.6954,129,34.00
2026-07-12,13:32:26,30792,3866.67,33.3333,135,34.00
2026-07-12,13:32:36,30802,4030.00,34.7414,134,34.00
2026-07-12,13:32:46,30812,4186.67,36.0920,135,34.00
2026-07-12,13:32:56,30822,4350.00,37.5000,129,34.00
2026-07-12,13:33:06,30832,4483.33,38.6494,134,34.00
2026-07-12,13:33:16,30842,4590.00,39.5690,137,34.00
2026-07-12,13:33:26,30852,4660.00,40.1724,131,34.00
2026-07-12,13:33:36,30862,4730.00,40.7759,146,34.00
2026-07-12,13:33:46,30872,4773.33,41.1494,142,34.00
2026-07-12,13:33:56,30882,4800.00,41.3793,136,34.00
2026-07-12,13:34:06,30892,4780.00,41.2069,138,34.00
2026-07-12,13:34:16,30902,4766.67,41.0920,131,34.00
2026-07-12,13:34:26,30912,4823.33,41.5805,137,34.00
2026-07-12,13:34:36,30922,4910.00,42.3276,128,34.00
2026-07-12,13:34:46,30932,5016.67,43.2471,128,34.00
2026-07-12,13:34:56,30942,5090.00,43.8793,123,34.00
2026-07-12,13:35:06,30952,5200.00,44.8276,133,34.00
2026-07-12,13:35:16,30962,5300.00,45.6897,143,34.00
2026-07-12,13:35:26,30972,5393.33,46.4943,143,34.00
2026-07-12,13:35:36,30982,5433.33,46.8391,136,34.00
2026-07-12,13:35:46,30992,5386.67,46.4368,139,34.00
2026-07-12,13:35:56,31002,5280.00,45.5172,143,34.00
2026-07-12,13:36:06,31012,5156.67,44.4540,142,34.00
2026-07-12,13:36:16,31022,5050.00,43.5345,125,34.00
2026-07-12,13:36:26,31032,5016.67,43.2471,130,34.00
2026-07-12,13:36:36,31042,5053.33,43.5632,132,34.00
2026-07-12,13:36:46,31052,5130.00,44.2241,134,34.00
2026-07-12,13:36:56,31062,5210.00,44.9138,129,34.00
2026-07-12,13:37:06,31072,5343.33,46.0632,132,34.00
2026-07-12,13:37:16,31082,5446.67,46.9540,135,34.00
2026-07-12,13:37:26,31092,5510.00,47.5000,134,34.00
2026-07-12,13:37:36,31102,5553.33,47.8736,133,34.00
2026-07-12,13:37:46,31112,5500.00,47.4138,127,34.00
2026-07-12,13:37:56,31122,5416.67,46.6954,137,34.00
2026-07-12,13:38:06,31132,5313.33,45.8046,140,34.00
2026-07-12,13:38:16,31142,5173.33,44.5977,135,34.00
2026-07-12,13:38:26,31152,4993.33,43.0460,136,34.00
2026-07-12,13:38:36,31162,4820.00,41.5517,133,34.00
2026-07-12,13:38:46,31172,4623.33,39.8563,138,34.00
2026-07-12,13:38:56,31182,4473.33,38.5632,139,34.00
2026-07-12,13:39:06,31192,4343.33,37.4425,127,33.00
2026-07-12,13:39:16,31202,4220.00,36.3793,122,33.00
2026-07-12,13:39:26,31212,4156.67,35.8333,126,34.00
2026-07-12,13:39:36,31222,4100.00,35.3448,128,33.00
2026-07-12,13:39:46,31232,4036.67,34.7988,123,33.00
2026-07-12,13:39:55,31242,3953.33,34.0805,122,34.00
2026-07-12,13:40:05,31252,3843.33,33.1322,120,33.00
2026-07-12,13:40:15,31262,3736.67,32.2126,121,33.00
2026-07-12,13:40:25,31272,3626.67,31.2644,127,33.00
2026-07-12,13:40:35,31282,3523.33,30.3736,121,33.00
2026-07-12,13:40:45,31292,3446.67,29.7126,136,33.00
2026-07-12,13:40:55,31302,3356.67,28.9368,127,33.00
2026-07-12,13:41:05,31312,3280.00,28.2759,129,33.00
2026-07-12,13:41:15,31322,3186.67,27.4713,120,33.00
2026-07-12,13:41:25,31332,3073.33,26.4943,125,33.00
2026-07-12,13:41:35,31342,2943.33,25.3736,130,33.00
2026-07-12,13:41:45,31352,2853.33,24.5977,125,33.00
2026-07-12,13:41:55,31362,2763.33,23.8218,130,33.00
2026-07-12,13:42:05,31372,2686.67,23.1609,134,33.00
2026-07-12,13:42:15,31382,2620.00,22.5862,126,33.00
2026-07-12,13:42:25,31392,2570.00,22.1552,125,33.00
2026-07-12,13:42:35,31402,2570.00,22.1552,124,33.00
2026-07-12,13:42:45,31412,2606.67,22.4713,124,33.00
2026-07-12,13:42:55,31422,2650.00,22.8448,124,33.00
2026-07-12,13:43:05,31432,2693.33,23.2184,124,33.00
2026-07-12,13:43:15,31442,2730.00,23.5345,125,33.00
2026-07-12,13:43:25,31452,2776.67,23.9368,123,33.00
2026-07-12,13:43:35,31462,2790.00,24.0517,125,33.00
2026-07-12,13:43:45,31472,2800.00,24.1379,124,33.00
2026-07-12,13:43:55,31482,2840.00,24.4828,125,33.00
2026-07-12,13:44:05,31492,2866.67,24.7126,133,33.00
2026-07-12,13:44:15,31502,2893.33,24.9425,127,33.00
2026-07-12,13:44:25,31512,2913.33,25.1149,131,33.00
2026-07-12,13:44:35,31522,2906.67,25.0575,124,33.00
2026-07-12,13:44:45,31532,2880.00,24.8276,123,33.00
2026-07-12,13:44:55,31542,2836.67,24.4540,124,33.00
2026-07-12,13:45:05,31552,2796.67,24.1092,120,33.00
2026-07-12,13:45:15,31562,2760.00,23.7931,124,33.00
2026-07-12,13:45:25,31572,2770.00,23.8793,125,33.00
2026-07-12,13:45:35,31582,2826.67,24.3678,131,33.00
2026-07-12,13:45:45,31592,2913.33,25.1149,123,33.00
2026-07-12,13:45:55,31602,3023.33,26.0632,132,33.00
2026-07-12,13:46:05,31612,3133.33,27.0115,129,33.00
2026-07-12,13:46:15,31622,3256.67,28.0747,129,33.00
2026-07-12,13:46:25,31632,3423.33,29.5115,125,33.00
2026-07-12,13:46:35,31642,3613.33,31.1494,133,32.00
2026-07-12,13:46:45,31652,3820.00,32.9310,133,33.00
2026-07-12,13:46:55,31662,4036.67,34.7988,125,33.00
2026-07-12,13:47:05,31672,4210.00,36.2931,129,33.00
2026-07-12,13:47:15,31682,4340.00,37.4138,129,32.00
2026-07-12,13:47:25,31692,4410.00,38.0172,129,32.00
2026-07-12,13:47:35,31702,4456.67,38.4195,129,32.00
2026-07-12,13:47:45,31712,4526.67,39.0230,122,33.00
2026-07-12,13:47:55,31722,4736.67,40.8333,129,33.00
2026-07-12,13:48:05,31732,5050.00,43.5345,132,33.00
2026-07-12,13:48:15,31742,5420.00,46.7241,131,33.00
2026-07-12,13:48:25,31752,5800.00,50.0000,135,33.00
2026-07-12,13:48:35,31762,6180.00,53.2759,127,33.00
2026-07-12,13:48:45,31772,6476.67,55.8333,138,33.00
2026-07-12,13:48:55,31782,6633.33,57.1839,140,33.00
2026-07-12,13:49:05,31792,6670.00,57.5000,138,33.00
2026-07-12,13:49:15,31802,6553.33,56.4943,135,33.00
2026-07-12,13:49:25,31812,6283.33,54.1667,131,33.00
2026-07-12,13:49:35,31822,5980.00,51.5517,127,33.00
2026-07-12,13:49:45,31832,5716.67,49.2816,128,33.00
2026-07-12,13:49:55,31842,5586.67,48.1609,131,33.00
2026-07-12,13:50:05,31852,5480.00,47.2414,127,33.00
2026-07-12,13:50:15,31862,5420.00,46.7241,128,33.00
2026-07-12,13:50:25,31872,5396.67,46.5230,122,33.00
2026-07-12,13:50:34,31882,5416.67,46.6954,121,33.00
2026-07-12,13:50:44,31892,5490.00,47.3276,139,33.00
2026-07-12,13:50:54,31902,5663.33,48.8218,131,33.00
2026-07-12,13:51:04,31912,5846.67,50.4023,127,33.00
2026-07-12,13:51:14,31922,6063.33,52.2701,120,33.00
2026-07-12,13:51:24,31932,6263.33,53.9943,128,33.00
2026-07-12,13:51:34,31942,6470.00,55.7759,132,33.00
2026-07-12,13:51:44,31952,6586.67,56.7816,130,33.00
2026-07-12,13:51:54,31962,6583.33,56.7529,134,33.00
2026-07-12,13:52:04,31972,6570.00,56.6379,131,33.00
2026-07-12,13:52:14,31982,6513.33,56.1494,143,33.00
2026-07-12,13:52:24,31992,6380.00,55.0000,127,33.00
2026-07-12,13:52:34,32002,6163.33,53.1322,131,33.00
2026-07-12,13:52:44,32012,5866.67,50.5747,133,33.00
2026-07-12,13:52:54,32022,5590.00,48.1897,127,33.00
2026-07-12,13:53:04,32032,5276.67,45.4885,124,33.00
2026-07-12,13:53:14,32042,4996.67,43.0747,127,33.00
2026-07-12,13:53:24,32052,4766.67,41.0920,129,33.00
2026-07-12,13:53:34,32062,4580.00,39.4828,131,33.00
2026-07-12,13:53:44,32072,4483.33,38.6494,129,33.00
2026-07-12,13:53:54,32082,4433.33,38.2184,130,33.00
2026-07-12,13:54:04,32092,4423.33,38.1322,127,33.00
2026-07-12,13:54:14,32102,4463.33,38.4770,127,33.00
2026-07-12,13:54:24,32112,4536.67,39.1092,128,33.00
2026-07-12,13:54:34,32122,4586.67,39.5402,124,33.00
2026-07-12,13:54:44,32132,4636.67,39.9713,133,33.00
2026-07-12,13:54:54,32142,4650.00,40.0862,128,33.00
2026-07-12,13:55:04,32152,4636.67,39.9713,132,33.00
2026-07-12,13:55:14,32162,4600.00,39.6552,130,33.00
2026-07-12,13:55:24,32172,4586.67,39.5402,130,33.00
2026-07-12,13:55:34,32182,4590.00,39.5690,132,33.00
2026-07-12,13:55:44,32192,4596.67,39.6264,130,33.00
2026-07-12,13:55:54,32202,4620.00,39.8276,127,33.00
2026-07-12,13:56:04,32212,4656.67,40.1437,132,33.00
2026-07-12,13:56:14,32222,4693.33,40.4598,123,33.00
2026-07-12,13:56:24,32232,4740.00,40.8621,129,33.00
2026-07-12,13:56:34,32242,4763.33,41.0632,131,33.00
2026-07-12,13:56:44,32252,4783.33,41.2356,133,33.00
2026-07-12,13:56:54,32262,4783.33,41.2356,125,33.00
2026-07-12,13:57:04,32272,4770.00,41.1207,124,33.00
2026-07-12,13:57:14,32282,4733.33,40.8046,131,33.00
2026-07-12,13:57:24,32292,4656.67,40.1437,129,33.00
2026-07-12,13:57:34,32302,4560.00,39.3103,129,33.00
2026-07-12,13:57:44,32312,4436.67,38.2471,136,33.00
2026-07-12,13:57:54,32322,4306.67,37.1264,126,33.00
2026-07-12,13:58:04,32332,4166.67,35.9195,126,33.00
2026-07-12,13:58:14,32342,4056.67,34.9713,123,33.00
2026-07-12,13:58:24,32352,3973.33,34.2529,127,33.00
2026-07-12,13:58:34,32362,3923.33,33.8218,132,33.00
2026-07-12,13:58:44,32372,3910.00,33.7069,128,33.00
2026-07-12,13:58:54,32382,3930.00,33.8793,125,33.00
2026-07-12,13:59:04,32392,3976.67,34.2816,130,33.00
2026-07-12,13:59:14,32402,4050.00,34.9138,132,33.00
2026-07-12,13:59:24,32412,4130.00,35.6034,129,33.00
2026-07-12,13:59:34,32422,4220.00,36.3793,135,33.00
2026-07-12,13:59:44,32432,4336.67,37.3851,133,33.00
2026-07-12,13:59:54,32442,4433.33,38.2184,128,33.00
2026-07-12,14:00:04,32452,4533.33,39.0805,128,33.00
2026-07-12,14:00:14,32462,4620.00,39.8276,132,33.00
2026-07-12,14:00:24,32472,4720.00,40.6897,132,33.00
2026-07-12,14:00:34,32482,4793.33,41.3218,125,33.00
2026-07-12,14:00:44,32492,4863.33,41.9253,127,33.00
2026-07-12,14:00:54,32502,4910.00,42.3276,126,33.00
2026-07-12,14:01:04,32512,4956.67,42.7299,125,33.00
2026-07-12,14:01:14,32522,5016.67,43.2471,124,33.00
2026-07-12,14:01:24,32532,5096.67,43.9368,124,33.00
2026-07-12,14:01:34,32542,5190.00,44.7414,123,33.00
2026-07-12,14:01:43,32552,5250.00,45.2586,130,33.00
2026-07-12,14:01:53,32562,5276.67,45.4885,132,33.00
2026-07-12,14:02:03,32572,5333.33,45.9770,130,33.00
2026-07-12,14:02:13,32582,5376.67,46.3506,132,33.00
2026-07-12,14:02:23,32592,5386.67,46.4368,134,33.00
2026-07-12,14:02:33,32602,5356.67,46.1782,135,33.00
2026-07-12,14:02:43,32612,5256.67,45.3161,139,33.00
2026-07-12,14:02:53,32622,5083.33,43.8218,134,33.00
2026-07-12,14:03:03,32632,4913.33,42.3563,134,33.00
2026-07-12,14:03:13,32642,4730.00,40.7759,136,33.00
2026-07-12,14:03:23,32652,4430.00,38.1897,132,33.00
2026-07-12,14:03:33,32662,4006.67,34.5402,129,33.00
2026-07-12,14:03:43,32672,3556.67,30.6609,122,33.00
2026-07-12,14:03:53,32682,3150.00,27.1552,121,33.00
2026-07-12,14:04:03,32692,2830.00,24.3966,119,33.00
2026-07-12,14:04:13,32702,2616.67,22.5575,123,33.00
2026-07-12,14:04:23,32712,2480.00,21.3793,130,33.00
2026-07-12,14:04:33,32722,2410.00,20.7759,127,33.00
2026-07-12,14:04:43,32732,2366.67,20.4023,118,33.00
2026-07-12,14:04:53,32742,2320.00,20.0000,117,33.00
2026-07-12,14:05:03,32752,2280.00,19.6552,122,33.00
2026-07-12,14:05:13,32762,2250.00,19.3966,123,32.00
2026-07-12,14:05:23,32772,2266.67,19.5402,126,33.00
2026-07-12,14:05:33,32782,2356.67,20.3161,130,32.00
2026-07-12,14:05:43,32792,2503.33,21.5805,135,32.00
2026-07-12,14:05:53,32802,2736.67,23.5920,138,32.00
2026-07-12,14:06:03,32812,3013.33,25.9770,140,32.00
2026-07-12,14:06:13,32822,3370.00,29.0517,125,32.00
2026-07-12,14:06:23,32832,3766.67,32.4713,131,32.00
2026-07-12,14:06:33,32842,4140.00,35.6897,132,32.00
2026-07-12,14:06:43,32852,4486.67,38.6782,126,32.00
2026-07-12,14:06:53,32862,4823.33,41.5805,122,32.00
2026-07-12,14:07:03,32872,5170.00,44.5690,138,32.00
2026-07-12,14:07:13,32882,5546.67,47.8161,128,32.00
2026-07-12,14:07:23,32892,5916.67,51.0057,132,32.00
2026-07-12,14:07:33,32902,6210.00,53.5345,147,33.00
2026-07-12,14:07:43,32912,6403.33,55.2011,139,33.00
2026-07-12,14:07:53,32922,6513.33,56.1494,135,32.00
2026-07-12,14:08:03,32932,6613.33,57.0115,133,32.00
2026-07-12,14:08:13,32942,6763.33,58.3046,133,33.00
2026-07-12,14:08:23,32952,6930.00,59.7414,137,32.00
2026-07-12,14:08:33,32962,7090.00,61.1207,139,33.00
2026-07-12,14:08:43,32972,7213.33,62.1839,138,33.00
2026-07-12,14:08:53,32982,7336.67,63.2471,144,33.00
2026-07-12,14:09:03,32992,7406.67,63.8506,145,33.00
2026-07-12,14:09:13,33002,7436.67,64.1092,143,33.00
2026-07-12,14:09:23,33012,7433.33,64.0805,142,33.00
2026-07-12,14:09:33,33022,7343.33,63.3046,146,33.00
2026-07-12,14:09:43,33032,7256.67,62.5575,142,33.00
2026-07-12,14:09:53,33042,7220.00,62.2414,142,33.00
2026-07-12,14:10:03,33052,7333.33,63.2184,140,33.00
2026-07-12,14:10:13,33062,7500.00,64.6552,145,33.00
2026-07-12,14:10:23,33072,7690.00,66.2931,137,33.00
2026-07-12,14:10:33,33082,7890.00,68.0172,143,33.00
2026-07-12,14:10:43,33092,8126.67,70.0575,153,33.00
2026-07-12,14:10:53,33102,8380.00,72.2414,151,33.00
2026-07-12,14:11:03,33112,8593.33,74.0805,160,33.00
2026-07-12,14:11:13,33122,8793.33,75.8046,158,33.00
2026-07-12,14:11:23,33132,8960.00,77.2414,167,33.00
2026-07-12,14:11:33,33142,9123.33,78.6494,170,33.00
2026-07-12,14:11:43,33152,9290.00,80.0862,172,33.00
2026-07-12,14:11:53,33162,9436.67,81.3506,175,33.00
2026-07-12,14:12:03,33172,9563.33,82.4425,175,33.00
2026-07-12,14:12:12,33182,9710.00,83.7069,173,33.00
2026-07-12,14:12:22,33192,9876.67,85.1437,178,33.00
2026-07-12,14:12:32,33202,9990.00,86.1207,175,33.00
2026-07-12,14:12:42,33212,10133.33,87.3563,168,33.00
2026-07-12,14:12:52,33222,10266.67,88.5057,175,33.00
2026-07-12,14:13:02,33232,10310.00,88.8793,175,33.00
2026-07-12,14:13:12,33242,10316.67,88.9368,178,34.00
2026-07-12,14:13:22,33252,10300.00,88.7931,172,34.00
2026-07-12,14:13:32,33262,10286.67,88.6782,172,34.00
2026-07-12,14:13:42,33272,10226.67,88.1609,171,34.00
2026-07-12,14:13:52,33282,10163.33,87.6149,170,34.00
2026-07-12,14:14:02,33292,10093.33,87.0115,169,34.00
2026-07-12,14:14:12,33302,10046.67,86.6092,169,34.00
2026-07-12,14:14:22,33312,9996.67,86.1782,168,34.00
2026-07-12,14:14:32,33322,9986.67,86.0919,164,34.00
2026-07-12,14:14:42,33332,10020.00,86.3793,165,34.00
2026-07-12,14:14:52,33342,10086.67,86.9540,170,34.00
2026-07-12,14:15:02,33352,10203.33,87.9598,175,34.00
2026-07-12,14:15:12,33362,10370.00,89.3966,173,34.00
2026-07-12,14:15:22,33372,10533.33,90.8046,179,34.00
2026-07-12,14:15:32,33382,10703.33,92.2701,178,34.00
2026-07-12,14:15:42,33392,10870.00,93.7069,180,34.00
2026-07-12,14:15:52,33402,11013.33,94.9425,182,34.00
2026-07-12,14:16:02,33412,11130.00,95.9483,185,34.00
2026-07-12,14:16:12,33422,11203.33,96.5805,184,34.00
2026-07-12,14:16:22,33432,11260.00,97.0690,182,34.00
2026-07-12,14:16:32,33442,11290.00,97.3276,181,34.00
2026-07-12,14:16:42,33452,11286.67,97.2988,178,35.00
2026-07-12,14:16:52,33462,11283.33,97.2701,179,35.00
2026-07-12,14:17:02,33472,11280.00,97.2414,181,35.00
2026-07-12,14:17:12,33482,11266.67,97.1264,178,35.00
2026-07-12,14:17:22,33492,11286.67,97.2988,175,35.00
2026-07-12,14:17:32,33502,11340.00,97.7586,176,35.00
2026-07-12,14:17:42,33512,11436.67,98.5919,174,35.00
2026-07-12,14:17:52,33522,11586.67,99.8850,177,35.00
2026-07-12,14:18:02,33532,11756.67,101.3506,178,35.00
2026-07-12,14:18:12,33542,11990.00,103.3621,181,35.00
2026-07-12,14:18:22,33552,12216.67,105.3161,182,35.00
2026-07-12,14:18:32,33562,12510.00,107.8448,187,35.00
2026-07-12,14:18:42,33572,12786.67,110.2299,189,35.00
2026-07-12,14:18:52,33582,13053.33,112.5287,190,35.00
2026-07-12,14:19:02,33592,13306.67,114.7126,195,35.00
2026-07-12,14:19:12,33602,13506.67,116.4368,199,35.00
2026-07-12,14:19:22,33612,13676.67,117.9023,198,36.00
2026-07-12,14:19:32,33622,13816.67,119.1092,205,36.00
2026-07-12,14:19:42,33632,13936.67,120.1437,204,36.00
2026-07-12,14:19:52,33642,14040.00,121.0345,205,36.00
2026-07-12,14:20:02,33652,14110.00,121.6379,206,36.00
2026-07-12,14:20:12,33662,14163.33,122.0977,206,36.00
2026-07-12,14:20:22,33672,14216.67,122.5575,205,36.00
2026-07-12,14:20:32,33682,14276.67,123.0747,207,36.00
2026-07-12,14:20:42,33692,14346.67,123.6782,206,36.00
2026-07-12,14:20:52,33702,14433.33,124.4253,207,36.00
2026-07-12,14:21:02,33712,14570.00,125.6034,207,36.00
2026-07-12,14:21:12,33722,14733.33,127.0115,206,36.00
2026-07-12,14:21:22,33732,14983.33,129.1667,208,36.00
2026-07-12,14:21:32,33742,15290.00,131.8103,209,36.00
2026-07-12,14:21:42,33752,15670.00,135.0862,210,36.00
2026-07-12,14:21:52,33762,16123.33,138.9942,209,36.00
2026-07-12,14:22:02,33772,16626.67,143.3333,214,36.00
2026-07-12,14:22:12,33782,17150.00,147.8448,214,36.00
2026-07-12,14:22:22,33792,17660.00,152.2414,215,37.00
2026-07-12,14:22:32,33802,18123.33,156.2356,216,37.00
2026-07-12,14:22:42,33812,18573.33,160.1149,211,37.00
2026-07-12,14:22:52,33822,18956.67,163.4195,217,37.00
2026-07-12,14:23:02,33832,19246.67,165.9195,219,37.00
2026-07-12,14:23:11,33842,19446.67,167.6437,221,37.00
2026-07-12,14:23:21,33852,19606.67,169.0230,221,37.00
2026-07-12,14:23:31,33862,19693.33,169.7701,221,38.00
2026-07-12,14:23:41,33872,19700.00,169.8276,222,38.00
2026-07-12,14:23:51,33882,19696.67,169.7988,223,38.00
2026-07-12,14:24:01,33892,19660.00,169.4828,222,38.00
2026-07-12,14:24:11,33902,19646.67,169.3678,221,38.00
2026-07-12,14:24:21,33912,19656.67,169.4540,215,38.00
2026-07-12,14:24:31,33922,19710.00,169.9138,219,38.00
2026-07-12,14:24:41,33932,19780.00,170.5172,219,38.00
2026-07-12,14:24:51,33942,19913.33,171.6667,221,39.00
2026-07-12,14:25:01,33952,20073.33,173.0460,221,39.00
2026-07-12,14:25:11,33962,20196.67,174.1092,221,39.00
2026-07-12,14:25:21,33972,20336.67,175.3161,223,39.00
2026-07-12,14:25:31,33982,20470.00,176.4655,225,39.00
2026-07-12,14:25:41,33992,20563.33,177.2701,225,39.00
2026-07-12,14:25:51,34002,20663.33,178.1322,223,39.00
2026-07-12,14:26:01,34012,20740.00,178.7931,223,39.00
2026-07-12,14:26:11,34022,20770.00,179.0517,222,40.00
2026-07-12,14:26:21,34032,20830.00,179.5690,224,40.00
2026-07-12,14:26:31,34042,20830.00,179.5690,224,40.00
2026-07-12,14:26:41,34052,20820.00,179.4828,223,40.00
2026-07-12,14:26:51,34062,20726.67,178.6782,223,40.00
2026-07-12,14:27:01,34072,20616.67,177.7299,222,40.00
2026-07-12,14:27:11,34082,20460.00,176.3793,222,40.00
2026-07-12,14:27:21,34092,20350.00,175.4310,223,40.00
2026-07-12,14:27:31,34102,20280.00,174.8276,220,40.00
2026-07-12,14:27:41,34112,20236.67,174.4540,222,40.00
2026-07-12,14:27:51,34122,20173.33,173.9080,223,40.00
2026-07-12,14:28:01,34132,20150.00,173.7069,222,40.00
2026-07-12,14:28:11,34142,20126.67,173.5057,224,40.00
2026-07-12,14:28:21,34152,20130.00,173.5345,223,40.00
2026-07-12,14:28:31,34162,20136.67,173.5919,225,40.00
2026-07-12,14:28:41,34172,20160.00,173.7931,225,40.00
2026-07-12,14:28:51,34182,20193.33,174.0804,224,40.00
2026-07-12,14:29:01,34192,20216.67,174.2816,225,41.00
2026-07-12,14:29:11,34202,20256.67,174.6264,225,41.00
2026-07-12,14:29:21,34212,20303.33,175.0287,226,41.00
2026-07-12,14:29:31,34222,20366.67,175.5747,224,41.00
2026-07-12,14:29:41,34232,20460.00,176.3793,225,41.00
2026-07-12,14:29:51,34242,20586.67,177.4713,224,41.00
2026-07-12,14:30:01,34252,20720.00,178.6207,224,41.00
2026-07-12,14:30:11,34262,20880.00,180.0000,223,41.00
2026-07-12,14:30:21,34272,21060.00,181.5517,225,41.00
2026-07-12,14:30:31,34282,21286.67,183.5057,223,41.00
2026-07-12,14:30:41,34292,21566.67,185.9195,222,41.00
2026-07-12,14:30:51,34302,21846.67,188.3333,222,41.00
2026-07-12,14:31:01,34312,22113.33,190.6322,223,42.00
2026-07-12,14:31:11,34322,22420.00,193.2759,225,42.00
2026-07-12,14:31:21,34332,22710.00,195.7759,226,42.00
2026-07-12,14:31:31,34342,23010.00,198.3621,223,42.00
2026-07-12,14:31:41,34352,23396.67,201.6954,223,42.00
2026-07-12,14:31:51,34362,23793.33,205.1149,224,42.00
2026-07-12,14:32:01,34372,24200.00,208.6207,224,42.00
2026-07-12,14:32:11,34382,24600.00,212.0690,226,42.00
2026-07-12,14:32:21,34392,24973.33,215.2873,228,42.00
2026-07-12,14:32:31,34402,25326.67,218.3333,227,42.00
2026-07-12,14:32:41,34412,25663.33,221.2356,227,43.00
2026-07-12,14:32:51,34422,25970.00,223.8793,227,43.00
2026-07-12,14:33:01,34432,26340.00,227.0690,227,43.00
2026-07-12,14:33:11,34442,26716.67,230.3161,228,43.00
2026-07-12,14:33:21,34452,27156.67,234.1092,226,43.00
2026-07-12,14:33:31,34462,27586.67,237.8161,226,43.00
2026-07-12,14:33:41,34472,28063.33,241.9253,228,43.00
2026-07-12,14:33:51,34482,28533.33,245.9770,226,43.00
2026-07-12,14:34:01,34492,29083.33,250.7184,227,43.00
2026-07-12,14:34:11,34502,29736.67,256.3506,228,43.00
2026-07-12,14:34:20,34512,30460.00,262.5862,223,43.00
2026-07-12,14:34:30,34522,31313.33,269.9425,230,43.00
2026-07-12,14:34:40,34532,32370.00,279.0517,227,44.00
2026-07-12,14:34:50,34542,33620.00,289.8276,227,44.00
2026-07-12,14:35:00,34552,34943.33,301.2356,225,44.00
2026-07-12,14:35:10,34562,36280.00,312.7586,229,44.00
2026-07-12,14:35:20,34572,37900.00,326.7242,225,44.00
2026-07-12,14:35:30,34582,39773.33,342.8736,226,45.00
2026-07-12,14:35:40,34592,41453.33,357.3563,226,45.00
2026-07-12,14:35:50,34602,43493.33,374.9425,230,45.00
2026-07-12,14:36:00,34612,48723.33,420.0287,235,46.00
2026-07-12,14:36:10,34622,54612.50,470.7974,233,46.00
2026-07-12,14:36:20,34632,54612.50,470.7974,234,46.00
2026-07-12,14:36:30,34642,54612.50,470.7974,232,47.00
2026-07-12,14:36:40,34652,54612.50,470.7974,228,47.00
2026-07-12,14:36:50,34662,54612.50,470.7974,227,48.00
2026-07-12,14:37:00,34672,54612.50,470.7974,228,49.00
2026-07-12,14:37:10,34682,54612.50,470.7974,228,49.00
2026-07-12,14:37:20,34692,54612.50,470.7974,228,50.00
2026-07-12,14:37:30,34702,54612.50,470.7974,228,50.00
2026-07-12,14:37:40,34712,54612.50,470.7974,229,51.00
2026-07-12,14:37:50,34722,54612.50,470.7974,229,51.00
2026-07-12,14:38:00,34732,54612.50,470.7974,233,51.00
2026-07-12,14:38:10,34742,54612.50,470.7974,234,52.00
2026-07-12,14:38:20,34752,54612.50,470.7974,236,53.00
2026-07-12,14:38:30,34762,54612.50,470.7974,235,54.00
2026-07-12,14:38:40,34772,54612.50,470.7974,236,54.00
2026-07-12,14:38:50,34782,54612.50,470.7974,237,54.00
2026-07-12,14:39:00,34792,54612.50,470.7974,237,55.00
2026-07-12,14:39:10,34802,54612.50,470.7974,236,55.00
2026-07-12,14:39:20,34812,54612.50,470.7974,234,56.00
2026-07-12,14:39:30,34822,54612.50,470.7974,235,57.00
2026-07-12,14:39:40,34832,54612.50,470.7974,236,57.00
2026-07-12,14:39:50,34842,52070.00,448.8793,236,57.00
2026-07-12,14:40:00,34852,43830.00,377.8448,234,57.00
2026-07-12,14:40:10,34862,36266.66,312.6436,231,57.00
2026-07-12,14:40:20,34872,31496.67,271.5230,235,57.00
2026-07-12,14:40:30,34882,28260.00,243.6207,232,57.00
2026-07-12,14:40:40,34892,26296.67,226.6954,234,56.00
2026-07-12,14:40:50,34902,25413.33,219.0804,232,56.00
2026-07-12,14:41:00,34912,25216.67,217.3851,229,56.00
2026-07-12,14:41:10,34922,25300.00,218.1034,228,55.00
2026-07-12,14:41:20,34932,25326.67,218.3333,229,55.00
2026-07-12,14:41:30,34942,24906.67,214.7126,225,55.00
2026-07-12,14:41:40,34952,24550.00,211.6379,225,55.00
2026-07-12,14:41:50,34962,24216.67,208.7644,222,54.00
2026-07-12,14:42:00,34972,23360.00,201.3793,224,54.00
2026-07-12,14:42:10,34982,22386.67,192.9885,220,54.00
2026-07-12,14:42:20,34992,21530.00,185.6035,219,54.00
2026-07-12,14:42:30,35002,20836.67,179.6264,213,54.00
2026-07-12,14:42:40,35012,20286.67,174.8851,213,54.00
2026-07-12,14:42:50,35022,19683.33,169.6839,218,53.00
2026-07-12,14:43:00,35032,19120.00,164.8276,217,53.00
2026-07-12,14:43:10,35042,18606.67,160.4023,221,53.00
2026-07-12,14:43:20,35052,18570.00,160.0862,215,52.00
2026-07-12,14:43:30,35062,18700.00,161.2069,219,52.00
2026-07-12,14:43:40,35072,18956.67,163.4195,218,52.00
2026-07-12,14:43:50,35082,19106.67,164.7126,221,52.00
2026-07-12,14:44:00,35092,19310.00,166.4655,219,51.00
2026-07-12,14:44:10,35102,19566.67,168.6782,216,51.00
2026-07-12,14:44:20,35112,19713.33,169.9425,214,51.00
2026-07-12,14:44:30,35122,19660.00,169.4828,215,51.00
2026-07-12,14:44:40,35132,19536.67,168.4195,213,51.00
2026-07-12,14:44:50,35142,19420.00,167.4138,217,51.00
2026-07-12,14:45:00,35152,19406.67,167.2988,213,51.00
2026-07-12,14:45:10,35162,19443.33,167.6149,214,51.00
2026-07-12,14:45:20,35172,19546.67,168.5057,223,50.00
2026-07-12,14:45:30,35182,19626.67,169.1954,221,50.00
2026-07-12,14:45:40,35192,19690.00,169.7414,222,50.00
2026-07-12,14:45:50,35202,19813.33,170.8046,222,50.00
2026-07-12,14:46:00,35212,20013.33,172.5287,219,50.00
2026-07-12,14:46:10,35222,20270.00,174.7414,222,50.00
2026-07-12,14:46:20,35232,20523.33,176.9253,223,50.00
2026-07-12,14:46:30,35242,20556.67,177.2126,222,49.00
2026-07-12,14:46:39,35252,20480.00,176.5517,225,49.00
2026-07-12,14:46:49,35262,20340.00,175.3448,222,49.00
2026-07-12,14:46:59,35272,20110.00,173.3621,222,49.00
2026-07-12,14:47:09,35282,19900.00,171.5517,220,49.00
2026-07-12,14:47:19,35292,19680.00,169.6552,221,49.00
2026-07-12,14:47:29,35302,19393.33,167.1839,220,49.00
2026-07-12,14:47:39,35312,19183.33,165.3736,219,49.00
2026-07-12,14:47:49,35322,19040.00,164.1379,221,48.00
2026-07-12,14:47:59,35332,18960.00,163.4483,223,48.00
2026-07-12,14:48:09,35342,18983.33,163.6494,224,48.00
2026-07-12,14:48:19,35352,19136.67,164.9713,222,48.00
2026-07-12,14:48:29,35362,19353.33,166.8391,222,48.00
2026-07-12,14:48:39,35372,19626.67,169.1954,221,48.00
2026-07-12,14:48:49,35382,19850.00,171.1207,220,48.00
2026-07-12,14:48:59,35392,20016.67,172.5575,221,48.00
2026-07-12,14:49:09,35402,20026.67,172.6437,221,48.00
2026-07-12,14:49:19,35412,19966.67,172.1264,223,47.00
2026-07-12,14:49:29,35422,19720.00,170.0000,222,47.00
2026-07-12,14:49:39,35432,19400.00,167.2414,224,47.00
2026-07-12,14:49:49,35442,19020.00,163.9655,226,47.00
2026-07-12,14:49:59,35452,18660.00,160.8621,227,47.00
2026-07-12,14:50:09,35462,18320.00,157.9310,229,47.00
2026-07-12,14:50:19,35472,17993.33,155.1149,232,47.00
2026-07-12,14:50:29,35482,17693.33,152.5287,229,47.00
2026-07-12,14:50:39,35492,17533.33,151.1494,226,47.00
2026-07-12,14:50:49,35502,17480.00,150.6897,225,47.00
2026-07-12,14:50:59,35512,17523.33,151.0632,220,47.00
2026-07-12,14:51:09,35522,17630.00,151.9828,216,47.00
2026-07-12,14:51:19,35532,17770.00,153.1897,219,47.00
2026-07-12,14:51:29,35542,17896.67,154.2816,222,47.00
2026-07-12,14:51:39,35552,18013.33,155.2873,219,47.00
2026-07-12,14:51:49,35562,18166.67,156.6092,221,47.00
2026-07-12,14:51:59,35572,18303.33,157.7873,222,47.00
2026-07-12,14:52:09,35582,18373.33,158.3908,222,47.00
2026-07-12,14:52:19,35592,18386.67,158.5057,222,47.00
2026-07-12,14:52:29,35602,18380.00,158.4483,223,46.00
2026-07-12,14:52:39,35612,18346.67,158.1609,223,46.00
2026-07-12,14:52:49,35622,18376.67,158.4195,223,46.00
2026-07-12,14:52:59,35632,18326.67,157.9885,221,46.00
2026-07-12,14:53:09,35642,18336.67,158.0747,223,46.00
2026-07-12,14:53:19,35652,18346.67,158.1609,225,46.00
2026-07-12,14:53:29,35662,18390.00,158.5345,223,46.00
2026-07-12,14:53:39,35672,18413.33,158.7356,224,46.00
2026-07-12,14:53:49,35682,18503.33,159.5115,223,46.00
2026-07-12,14:53:59,35692,18640.00,160.6897,219,46.00
2026-07-12,14:54:09,35702,18843.33,162.4425,222,46.00
2026-07-12,14:54:19,35712,19046.67,164.1954,215,46.00
2026-07-12,14:54:29,35722,19320.00,166.5517,219,46.00
2026-07-12,14:54:39,35732,19670.00,169.5690,221,46.00
2026-07-12,14:54:49,35742,20223.33,174.3391,221,46.00
2026-07-12,14:54:59,35752,21046.67,181.4368,222,46.00
2026-07-12,14:55:09,35762,21580.00,186.0345,223,46.00
2026-07-12,14:55:19,35772,22056.67,190.1437,222,46.00
2026-07-12,14:55:29,35782,22186.67,191.2644,221,46.00
2026-07-12,14:55:39,35792,22400.00,193.1035,220,46.00
2026-07-12,14:55:49,35802,22770.00,196.2931,220,46.00
2026-07-12,14:55:59,35812,23313.33,200.9770,224,46.00
2026-07-12,14:56:09,35822,23960.00,206.5517,223,46.00
2026-07-12,14:56:19,35832,24643.33,212.4425,223,46.00
2026-07-12,14:56:29,35842,25550.00,220.2586,224,46.00
2026-07-12,14:56:39,35852,26803.33,231.0632,224,46.00
2026-07-12,14:56:49,35862,29543.33,254.6839,224,46.00
2026-07-12,14:56:59,35872,30140.00,259.8276,220,46.00
2026-07-12,14:57:09,35882,28663.33,247.0977,220,46.00
2026-07-12,14:57:19,35892,28970.00,249.7414,221,46.00
2026-07-12,14:57:29,35902,29676.67,255.8333,222,47.00
2026-07-12,14:57:39,35912,31000.00,267.2414,219,47.00
2026-07-12,14:57:49,35922,34266.66,295.4023,221,47.00
2026-07-12,14:57:59,35932,34340.00,296.0345,222,47.00
2026-07-12,14:58:09,35942,32803.33,282.7874,223,47.00
2026-07-12,14:58:19,35952,32496.67,280.1437,225,47.00
2026-07-12,14:58:28,35962,32780.00,282.5862,225,47.00
2026-07-12,14:58:38,35972,33603.33,289.6839,226,47.00
2026-07-12,14:58:48,35982,33880.00,292.0690,225,47.00
2026-07-12,14:58:58,35992,34766.66,299.7126,223,47.00
2026-07-12,14:59:08,36002,34736.66,299.4540,220,47.00
2026-07-12,14:59:18,36012,34470.00,297.1552,222,48.00
2026-07-12,14:59:28,36022,34220.00,295.0000,222,48.00
2026-07-12,14:59:38,36032,34100.00,293.9655,220,48.00
2026-07-12,14:59:48,36042,34073.33,293.7356,217,48.00
2026-07-12,14:59:58,36052,34313.33,295.8046,218,48.00
2026-07-12,15:00:08,36062,34656.66,298.7643,218,48.00
2026-07-12,15:00:18,36072,35280.00,304.1379,220,48.00
2026-07-12,15:00:28,36082,36516.66,314.7988,219,48.00
2026-07-12,15:00:38,36092,37843.33,326.2356,217,49.00
2026-07-12,15:00:48,36102,43680.00,376.5517,214,49.00
2026-07-12,15:00:58,36112,51410.00,443.1896,210,49.00
2026-07-12,15:01:08,36122,32116.67,276.8678,216,49.00
2026-07-12,15:01:18,36132,29783.33,256.7529,216,49.00
2026-07-12,15:01:28,36142,28950.00,249.5690,216,49.00
2026-07-12,15:01:38,36152,28933.33,249.4253,211,49.00
2026-07-12,15:01:48,36162,31373.33,270.4597,214,49.00
2026-07-12,15:01:58,36172,53890.00,464.5689,213,49.00
2026-07-12,15:02:08,36182,52600.00,453.4482,213,50.00
2026-07-12,15:02:18,36192,54612.50,470.7974,213,50.00
2026-07-12,15:02:28,36202,54612.50,470.7974,212,51.00
2026-07-12,15:02:38,36212,43580.00,375.6897,204,51.00
2026-07-12,15:02:48,36222,35353.33,304.7701,210,51.00
2026-07-12,15:02:58,36232,30100.00,259.4827,208,51.00
2026-07-12,15:03:08,36242,26890.00,231.8103,211,51.00
2026-07-12,15:03:18,36252,24226.67,208.8506,213,51.00
2026-07-12,15:03:28,36262,22766.67,196.2644,212,51.00
2026-07-12,15:03:38,36272,21590.00,186.1207,212,51.00
2026-07-12,15:03:48,36282,20866.67,179.8851,208,51.00
2026-07-12,15:03:58,36292,20506.67,176.7816,204,50.00
2026-07-12,15:04:08,36302,20513.33,176.8391,207,50.00
2026-07-12,15:04:18,36312,20796.67,179.2816,198,50.00
2026-07-12,15:04:28,36322,21333.33,183.9080,206,50.00
2026-07-12,15:04:38,36332,21950.00,189.2241,204,50.00
2026-07-12,15:04:48,36342,22496.67,193.9368,204,50.00
2026-07-12,15:04:58,36352,22453.33,193.5632,210,49.00
2026-07-12,15:05:08,36362,22016.67,189.7988,209,49.00
2026-07-12,15:05:18,36372,21283.33,183.4770,203,49.00
2026-07-12,15:05:28,36382,20683.33,178.3046,211,49.00
2026-07-12,15:05:38,36392,20363.33,175.5460,208,49.00
2026-07-12,15:05:48,36402,20226.67,174.3678,208,49.00
2026-07-12,15:05:58,36412,20683.33,178.3046,203,49.00
2026-07-12,15:06:08,36422,20436.67,176.1782,200,49.00
2026-07-12,15:06:18,36432,19883.33,171.4080,207,49.00
2026-07-12,15:06:28,36442,19563.33,168.6494,203,48.00
2026-07-12,15:06:38,36452,19473.33,167.8736,198,48.00
2026-07-12,15:06:48,36462,19406.67,167.2988,203,48.00
2026-07-12,15:06:58,36472,18646.67,160.7471,205,48.00
2026-07-12,15:07:08,36482,17806.67,153.5057,205,48.00
2026-07-12,15:07:18,36492,17420.00,150.1724,202,48.00
2026-07-12,15:07:28,36502,17240.00,148.6207,205,48.00
2026-07-12,15:07:38,36512,17270.00,148.8793,197,48.00
2026-07-12,15:07:48,36522,17463.33,150.5460,196,48.00
2026-07-12,15:07:58,36532,17746.67,152.9885,198,47.00
2026-07-12,15:08:08,36542,18066.67,155.7471,193,47.00
2026-07-12,15:08:18,36552,18333.33,158.0460,197,47.00
2026-07-12,15:08:28,36562,18666.67,160.9195,192,47.00
2026-07-12,15:08:38,36572,19046.67,164.1954,194,47.00
2026-07-12,15:08:48,36582,19370.00,166.9828,192,47.00
2026-07-12,15:08:58,36592,19603.33,168.9942,194,47.00
2026-07-12,15:09:08,36602,19770.00,170.4310,190,47.00
2026-07-12,15:09:18,36612,19806.67,170.7471,190,47.00
2026-07-12,15:09:28,36622,19660.00,169.4828,190,47.00
2026-07-12,15:09:38,36632,19276.67,166.1782,187,47.00
2026-07-12,15:09:48,36642,18750.00,161.6379,189,47.00
2026-07-12,15:09:58,36652,18316.67,157.9023,186,47.00
2026-07-12,15:10:08,36662,17913.33,154.4253,186,47.00
2026-07-12,15:10:17,36672,17486.67,150.7471,182,47.00
2026-07-12,15:10:27,36682,17136.67,147.7299,181,47.00
2026-07-12,15:10:37,36692,16773.33,144.5977,184,47.00
2026-07-12,15:10:47,36702,16560.00,142.7586,187,47.00
2026-07-12,15:10:57,36712,16443.33,141.7529,166,46.00
2026-07-12,15:11:07,36722,16460.00,141.8965,175,46.00
2026-07-12,15:11:17,36732,16533.33,142.5287,177,46.00
2026-07-12,15:11:27,36742,16790.00,144.7414,180,46.00
2026-07-12,15:11:37,36752,17253.33,148.7356,186,46.00
2026-07-12,15:11:47,36762,17893.33,154.2529,188,46.00
2026-07-12,15:11:57,36772,18666.67,160.9195,193,46.00
2026-07-12,15:12:07,36782,19663.33,169.5115,196,46.00
2026-07-12,15:12:17,36792,20906.67,180.2299,197,46.00
2026-07-12,15:12:27,36802,22476.67,193.7644,201,46.00
2026-07-12,15:12:37,36812,23890.00,205.9483,188,46.00
2026-07-12,15:12:47,36822,25546.67,220.2299,204,46.00
2026-07-12,15:12:57,36832,29476.67,254.1092,202,46.00
2026-07-12,15:13:07,36842,29413.33,253.5632,205,46.00
2026-07-12,15:13:17,36852,29920.00,257.9310,204,46.00
2026-07-12,15:13:27,36862,39510.00,340.6035,206,46.00
2026-07-12,15:13:37,36872,41373.33,356.6667,210,47.00
2026-07-12,15:13:47,36882,52003.33,448.3046,206,47.00
2026-07-12,15:13:57,36892,45993.33,396.4942,212,47.00
2026-07-12,15:14:07,36902,26453.33,228.0460,216,47.00
2026-07-12,15:14:17,36912,24020.00,207.0690,215,47.00
2026-07-12,15:14:27,36922,22973.33,198.0460,211,47.00
2026-07-12,15:14:37,36932,21960.00,189.3103,215,47.00
2026-07-12,15:14:47,36942,21166.67,182.4713,215,47.00
2026-07-12,15:14:57,36952,20426.67,176.0919,211,47.00
2026-07-12,15:15:07,36962,20030.00,172.6724,215,47.00
2026-07-12,15:15:17,36972,19423.33,167.4425,213,47.00
2026-07-12,15:15:27,36982,18993.33,163.7356,216,47.00
2026-07-12,15:15:37,36992,18610.00,160.4310,216,47.00
2026-07-12,15:15:47,37002,18253.33,157.3563,222,47.00
2026-07-12,15:15:57,37012,17920.00,154.4828,217,47.00
2026-07-12,15:16:07,37022,17636.67,152.0402,220,47.00
2026-07-12,15:16:17,37032,17250.00,148.7069,218,47.00
2026-07-12,15:16:27,37042,16926.67,145.9195,216,47.00
2026-07-12,15:16:37,37052,16700.00,143.9655,219,47.00
2026-07-12,15:16:47,37062,16350.00,140.9483,216,47.00
2026-07-12,15:16:57,37072,16040.00,138.2758,215,47.00
2026-07-12,15:17:07,37082,15880.00,136.8965,216,47.00
2026-07-12,15:17:17,37092,15906.67,137.1264,216,47.00
2026-07-12,15:17:27,37102,16056.67,138.4195,215,47.00
2026-07-12,15:17:37,37112,16206.67,139.7126,211,46.00
2026-07-12,15:17:47,37122,16463.33,141.9253,212,46.00
2026-07-12,15:17:57,37132,16910.00,145.7759,208,46.00
2026-07-12,15:18:07,37142,17553.33,151.3218,203,46.00
2026-07-12,15:18:17,37152,18136.67,156.3506,203,46.00
2026-07-12,15:18:27,37162,18603.33,160.3736,201,46.00
2026-07-12,15:18:37,37172,19270.00,166.1207,198,46.00
2026-07-12,15:18:47,37182,20183.33,173.9942,197,46.00
2026-07-12,15:18:57,37192,21280.00,183.4483,199,46.00
2026-07-12,15:19:07,37202,22530.00,194.2241,196,46.00
2026-07-12,15:19:17,37212,24606.67,212.1264,181,46.00
2026-07-12,15:19:27,37222,41960.00,361.7242,195,46.00
2026-07-12,15:19:37,37232,54612.50,470.7974,196,46.00
2026-07-12,15:19:47,37242,54612.50,470.7974,197,47.00
2026-07-12,15:19:57,37252,54612.50,470.7974,195,48.00
2026-07-12,15:20:07,37262,54612.50,470.7974,194,49.00
2026-07-12,15:20:17,37272,54612.50,470.7974,177,50.00
2026-07-12,15:20:27,37282,54612.50,470.7974,189,51.00
2026-07-12,15:20:37,37292,54612.50,470.7974,182,51.00
2026-07-12,15:20:47,37302,33800.00,291.3793,176,51.00
2026-07-12,15:20:57,37312,35150.00,303.0172,168,51.00
2026-07-12,15:21:07,37322,54612.50,470.7974,167,51.00
2026-07-12,15:21:17,37332,54612.50,470.7974,177,52.00
2026-07-12,15:21:27,37342,54612.50,470.7974,180,53.00
2026-07-12,15:21:37,37352,54612.50,470.7974,174,53.00
2026-07-12,15:21:47,37362,39840.00,343.4483,179,54.00
2026-07-12,15:21:56,37372,54612.50,470.7974,161,54.00
2026-07-12,15:22:06,37382,37466.66,322.9885,174,54.00
2026-07-12,15:22:16,37392,54612.50,470.7974,160,54.00
2026-07-12,15:22:26,37402,31626.67,272.6437,169,55.00
2026-07-12,15:22:36,37412,38033.33,327.8736,172,54.00
2026-07-12,15:22:46,37422,28990.00,249.9138,169,55.00
2026-07-12,15:22:56,37432,40393.33,348.2184,169,55.00
2026-07-12,15:23:06,37442,54612.50,470.7974,172,55.00
2026-07-12,15:23:16,37452,54612.50,470.7974,181,56.00
2026-07-12,15:23:26,37462,54612.50,470.7974,180,56.00
2026-07-12,15:23:36,37472,30770.00,265.2586,191,57.00
2026-07-12,15:23:46,37482,28500.00,245.6896,174,57.00
2026-07-12,15:23:56,37492,54612.50,470.7974,183,56.00
2026-07-12,15:24:06,37502,54612.50,470.7974,195,57.00
2026-07-12,15:24:16,37512,54612.50,470.7974,177,58.00
2026-07-12,15:24:26,37522,54612.50,470.7974,194,58.00
2026-07-12,15:24:36,37532,54612.50,470.7974,193,58.00
2026-07-12,15:24:46,37542,54612.50,470.7974,188,59.00
2026-07-12,15:24:56,37552,54612.50,470.7974,187,60.00
2026-07-12,15:25:06,37562,54612.50,470.7974,189,60.00
2026-07-12,15:25:16,37572,54612.50,470.7974,191,61.00
2026-07-12,15:25:26,37582,54612.50,470.7974,186,61.00
2026-07-12,15:25:36,37592,54612.50,470.7974,187,61.00
2026-07-12,15:25:46,37602,54612.50,470.7974,189,61.00
2026-07-12,15:25:56,37612,54612.50,470.7974,180,61.00
2026-07-12,15:26:06,37622,54612.50,470.7974,181,62.00
2026-07-12,15:26:16,37632,54612.50,470.7974,194,62.00
2026-07-12,15:26:26,37642,54612.50,470.7974,192,62.00
2026-07-12,15:26:36,37652,54612.50,470.7974,197,63.00
2026-07-12,15:26:46,37662,54612.50,470.7974,196,63.00
2026-07-12,15:26:56,37672,54612.50,470.7974,191,63.00
2026-07-12,15:27:06,37682,54612.50,470.7974,188,64.00
2026-07-12,15:27:16,37692,54612.50,470.7974,194,64.00
2026-07-12,15:27:26,37702,54612.50,470.7974,186,64.00
2026-07-12,15:27:36,37712,54612.50,470.7974,187,65.00
2026-07-12,15:27:46,37722,54612.50,470.7974,194,65.00
2026-07-12,15:27:56,37732,54612.50,470.7974,188,65.00
2026-07-12,15:28:06,37742,54612.50,470.7974,192,65.00
2026-07-12,15:28:16,37752,54612.50,470.7974,191,65.00
2026-07-12,15:28:26,37762,54612.50,470.7974,190,66.00
2026-07-12,15:28:36,37772,54612.50,470.7974,193,66.00
2026-07-12,15:28:46,37782,50613.33,436.3218,200,66.00
2026-07-12,15:28:56,37792,52836.66,455.4885,198,66.00
2026-07-12,15:29:06,37802,44970.00,387.6724,200,66.00
2026-07-12,15:29:16,37812,54612.50,470.7974,210,66.00
2026-07-12,15:29:26,37822,54612.50,470.7974,209,66.00
2026-07-12,15:29:36,37832,54612.50,470.7974,210,66.00
2026-07-12,15:29:46,37842,54612.50,470.7974,206,66.00
2026-07-12,15:29:56,37852,54612.50,470.7974,207,66.00
2026-07-12,15:30:06,37862,54612.50,470.7974,206,67.00
2026-07-12,15:30:16,37872,54612.50,470.7974,212,67.00
2026-07-12,15:30:26,37882,54612.50,470.7974,210,67.00
2026-07-12,15:30:36,37892,54612.50,470.7974,211,68.00
2026-07-12,15:30:46,37902,54612.50,470.7974,204,68.00
2026-07-12,15:30:56,37912,54612.50,470.7974,207,68.00
2026-07-12,15:31:06,37922,54612.50,470.7974,211,68.00
2026-07-12,15:31:16,37932,34556.66,297.9023,210,68.00
2026-07-12,15:31:26,37942,40603.33,350.0287,203,68.00
2026-07-12,15:31:36,37952,54612.50,470.7974,205,68.00
2026-07-12,15:31:46,37962,40016.66,344.9713,209,68.00
2026-07-12,15:31:56,37972,54612.50,470.7974,200,67.00
2026-07-12,15:32:06,37982,54612.50,470.7974,206,68.00
2026-07-12,15:32:16,37992,54612.50,470.7974,194,68.00
2026-07-12,15:32:26,38002,54612.50,470.7974,214,68.00
2026-07-12,15:32:36,38012,54612.50,470.7974,205,68.00
2026-07-12,15:32:46,38022,54612.50,470.7974,203,69.00
2026-07-12,15:32:56,38032,54612.50,470.7974,201,69.00
2026-07-12,15:33:06,38042,38320.00,330.3448,195,69.00
2026-07-12,15:33:16,38052,54612.50,470.7974,190,68.00
2026-07-12,15:33:26,38062,54612.50,470.7974,209,69.00
2026-07-12,15:33:36,38072,50170.00,432.5000,213,69.00
2026-07-12,15:33:46,38082,54612.50,470.7974,212,68.00
2026-07-12,15:33:56,38092,54612.50,470.7974,220,69.00
2026-07-12,15:34:06,38102,54612.50,470.7974,229,69.00
2026-07-12,15:34:16,38112,54612.50,470.7974,224,69.00
2026-07-12,15:34:26,38122,34766.66,299.7126,227,69.00
2026-07-12,15:34:35,38132,33203.33,286.2356,219,69.00
2026-07-12,15:34:45,38142,32126.67,276.9540,220,69.00
2026-07-12,15:34:55,38152,32273.33,278.2184,216,68.00
2026-07-12,15:35:05,38162,37240.00,321.0345,213,68.00
2026-07-12,15:35:15,38172,31836.67,274.4540,212,68.00
2026-07-12,15:35:25,38182,34833.33,300.2874,216,68.00
2026-07-12,15:35:35,38192,38276.66,329.9713,220,67.00
2026-07-12,15:35:45,38202,51930.00,447.6724,222,67.00
2026-07-12,15:35:55,38212,46523.33,401.0632,225,67.00
2026-07-12,15:36:05,38222,38256.66,329.7988,221,67.00
2026-07-12,15:36:15,38232,40973.33,353.2184,223,67.00
2026-07-12,15:36:25,38242,54612.50,470.7974,219,67.00
2026-07-12,15:36:35,38252,54612.50,470.7974,228,67.00
2026-07-12,15:36:45,38262,54612.50,470.7974,229,67.00
2026-07-12,15:36:55,38272,54612.50,470.7974,226,67.00
2026-07-12,15:37:05,38282,54612.50,470.7974,229,68.00
2026-07-12,15:37:15,38292,54612.50,470.7974,227,68.00
2026-07-12,15:37:25,38302,40213.33,346.6667,224,68.00
2026-07-12,15:37:35,38312,54612.50,470.7974,216,68.00
2026-07-12,15:37:45,38322,54612.50,470.7974,223,68.00
2026-07-12,15:37:55,38332,54612.50,470.7974,221,68.00
2026-07-12,15:38:05,38342,54612.50,470.7974,220,68.00
2026-07-12,15:38:15,38352,54612.50,470.7974,219,69.00
2026-07-12,15:38:25,38362,53956.66,465.1436,222,69.00
2026-07-12,15:38:35,38372,29170.00,251.4655,224,69.00
2026-07-12,15:38:45,38382,27506.67,237.1264,228,69.00
2026-07-12,15:38:55,38392,26510.00,228.5345,226,68.00
2026-07-12,15:39:05,38402,26210.00,225.9483,225,68.00
2026-07-12,15:39:15,38412,26293.33,226.6667,217,68.00
2026-07-12,15:39:25,38422,26793.33,230.9770,221,67.00
2026-07-12,15:39:35,38432,29130.00,251.1207,224,67.00
2026-07-12,15:39:45,38442,45170.00,389.3965,225,67.00
2026-07-12,15:39:55,38452,38713.33,333.7356,225,66.00
2026-07-12,15:40:05,38462,36603.33,315.5460,226,66.00
2026-07-12,15:40:15,38472,50343.33,433.9942,226,66.00
2026-07-12,15:40:25,38482,37713.33,325.1149,222,66.00
2026-07-12,15:40:35,38492,38963.33,335.8908,227,66.00
2026-07-12,15:40:45,38502,34080.00,293.7931,226,65.00
2026-07-12,15:40:55,38512,33793.33,291.3218,228,65.00
2026-07-12,15:41:05,38522,31330.00,270.0862,230,65.00
2026-07-12,15:41:15,38532,28806.67,248.3333,230,65.00
2026-07-12,15:41:25,38542,27343.33,235.7184,230,65.00
2026-07-12,15:41:35,38552,26940.00,232.2414,229,65.00
2026-07-12,15:41:45,38562,26836.67,231.3506,225,64.00
2026-07-12,15:41:55,38572,27133.33,233.9080,228,64.00
2026-07-12,15:42:05,38582,28663.33,247.0977,231,64.00
2026-07-12,15:42:15,38592,33706.66,290.5747,231,63.00
2026-07-12,15:42:25,38602,31793.33,274.0804,231,63.00
2026-07-12,15:42:35,38612,29130.00,251.1207,232,63.00
2026-07-12,15:42:45,38622,28623.33,246.7529,231,63.00
2026-07-12,15:42:55,38632,27376.67,236.0057,228,62.00
2026-07-12,15:43:05,38642,27046.67,233.1609,229,62.00
2026-07-12,15:43:15,38652,26866.67,231.6092,228,62.00
2026-07-12,15:43:25,38662,26933.33,232.1839,231,62.00
2026-07-12,15:43:35,38672,27096.67,233.5919,229,62.00
2026-07-12,15:43:45,38682,27353.33,235.8046,230,61.00
2026-07-12,15:43:55,38692,27733.33,239.0804,231,61.00
2026-07-12,15:44:05,38702,28576.67,246.3506,231,61.00
2026-07-12,15:44:15,38712,29960.00,258.2758,227,61.00
2026-07-12,15:44:25,38722,30300.00,261.2069,227,61.00
2026-07-12,15:44:35,38732,31276.67,269.6264,229,61.00
2026-07-12,15:44:45,38742,32183.33,277.4425,229,61.00
2026-07-12,15:44:55,38752,33080.00,285.1724,230,60.00
2026-07-12,15:45:05,38762,36086.66,311.0919,233,60.00
2026-07-12,15:45:15,38772,38943.33,335.7184,232,60.00
2026-07-12,15:45:25,38782,41016.66,353.5919,232,60.00
2026-07-12,15:45:35,38792,52716.66,454.4540,233,60.00
2026-07-12,15:45:44,38802,45073.33,388.5632,234,60.00
2026-07-12,15:45:54,38812,46756.66,403.0747,227,61.00
2026-07-12,15:46:04,38822,52606.66,453.5057,230,61.00
2026-07-12,15:46:14,38832,51743.33,446.0632,229,61.00
2026-07-12,15:46:24,38842,50490.00,435.2586,229,61.00
2026-07-12,15:46:34,38852,39096.66,337.0402,229,61.00
2026-07-12,15:46:44,38862,39596.66,341.3506,230,61.00
2026-07-12,15:46:54,38872,41680.00,359.3103,229,61.00
2026-07-12,15:47:04,38882,38030.00,327.8448,231,61.00
2026-07-12,15:47:14,38892,42576.66,367.0402,231,61.00
2026-07-12,15:47:24,38902,46616.66,401.8678,230,61.00
2026-07-12,15:47:34,38912,46753.33,403.0460,228,61.00
2026-07-12,15:47:44,38922,54612.50,470.7974,230,61.00
2026-07-12,15:47:54,38932,54612.50,470.7974,228,61.00
2026-07-12,15:48:04,38942,37986.66,327.4713,228,61.00
2026-07-12,15:48:14,38952,30460.00,262.5862,233,61.00
2026-07-12,15:48:24,38962,27920.00,240.6896,233,61.00
2026-07-12,15:48:34,38972,26713.33,230.2873,233,61.00
2026-07-12,15:48:44,38982,26136.67,225.3161,232,61.00
2026-07-12,15:48:54,38992,26023.33,224.3391,230,61.00
2026-07-12,15:49:04,39002,26493.33,228.3908,232,61.00
2026-07-12,15:49:14,39012,28203.33,243.1322,226,60.00
2026-07-12,15:49:24,39022,34560.00,297.9310,230,60.00
2026-07-12,15:49:34,39032,34600.00,298.2758,228,60.00
2026-07-12,15:49:44,39042,34260.00,295.3448,230,60.00
2026-07-12,15:49:54,39052,36506.66,314.7126,230,60.00
2026-07-12,15:50:04,39062,37963.33,327.2701,224,60.00
2026-07-12,15:50:14,39072,46870.00,404.0517,219,60.00
2026-07-12,15:50:24,39082,46253.33,398.7356,222,60.00
2026-07-12,15:50:34,39092,48450.00,417.6724,222,60.00
2026-07-12,15:50:44,39102,47140.00,406.3793,224,60.00
2026-07-12,15:50:54,39112,42486.66,366.2643,216,60.00
2026-07-12,15:51:04,39122,42776.66,368.7643,216,60.00
2026-07-12,15:51:14,39132,38953.33,335.8046,212,60.00
2026-07-12,15:51:24,39142,37646.66,324.5402,210,60.00
2026-07-12,15:51:34,39152,32973.33,284.2529,208,60.00
2026-07-12,15:51:44,39162,28386.67,244.7126,213,60.00
2026-07-12,15:51:54,39172,24653.33,212.5287,221,60.00
2026-07-12,15:52:04,39182,22820.00,196.7241,221,59.00
2026-07-12,15:52:14,39192,21750.00,187.5000,218,59.00
2026-07-12,15:52:24,39202,21430.00,184.7414,216,59.00
2026-07-12,15:52:34,39212,21066.67,181.6092,211,59.00
2026-07-12,15:52:44,39222,20610.00,177.6724,213,59.00
2026-07-12,15:52:54,39232,20263.33,174.6839,209,58.00
2026-07-12,15:53:04,39242,19913.33,171.6667,210,58.00
2026-07-12,15:53:14,39252,19703.33,169.8563,206,58.00
2026-07-12,15:53:24,39262,19626.67,169.1954,214,58.00
2026-07-12,15:53:34,39272,19536.67,168.4195,215,57.00
2026-07-12,15:53:44,39282,19383.33,167.0977,217,57.00
2026-07-12,15:53:54,39292,19160.00,165.1724,216,57.00
2026-07-12,15:54:04,39302,18913.33,163.0460,215,57.00
2026-07-12,15:54:14,39312,18670.00,160.9483,209,57.00
2026-07-12,15:54:24,39322,18453.33,159.0804,210,56.00
2026-07-12,15:54:34,39332,18286.67,157.6437,209,56.00
2026-07-12,15:54:44,39342,18126.67,156.2644,204,56.00
2026-07-12,15:54:54,39352,17963.33,154.8563,208,56.00
2026-07-12,15:55:04,39362,17826.67,153.6782,200,55.00
2026-07-12,15:55:14,39372,17703.33,152.6149,206,55.00
2026-07-12,15:55:24,39382,17610.00,151.8103,203,55.00
2026-07-12,15:55:34,39392,17493.33,150.8046,199,55.00
2026-07-12,15:55:44,39402,17443.33,150.3736,208,55.00
2026-07-12,15:55:54,39412,17453.33,150.4598,205,54.00
2026-07-12,15:56:04,39422,17530.00,151.1207,199,54.00
2026-07-12,15:56:14,39432,17670.00,152.3276,207,54.00
2026-07-12,15:56:24,39442,17850.00,153.8793,192,54.00
2026-07-12,15:56:34,39452,18046.67,155.5747,193,54.00
2026-07-12,15:56:43,39462,18246.67,157.2988,193,54.00
2026-07-12,15:56:53,39472,18423.33,158.8218,180,54.00
2026-07-12,15:57:03,39482,18653.33,160.8046,179,53.00
2026-07-12,15:57:13,39492,19013.33,163.9080,186,53.00
2026-07-12,15:57:23,39502,19286.67,166.2644,180,53.00
2026-07-12,15:57:33,39512,19536.67,168.4195,181,53.00
2026-07-12,15:57:43,39522,20043.33,172.7873,183,53.00
2026-07-12,15:57:53,39532,20793.33,179.2529,176,53.00
2026-07-12,15:58:03,39542,22280.00,192.0690,171,53.00
2026-07-12,15:58:13,39552,25980.00,223.9655,169,53.00
2026-07-12,15:58:23,39562,26093.33,224.9425,161,53.00
2026-07-12,15:58:33,39572,25933.33,223.5632,161,52.00
2026-07-12,15:58:43,39582,34360.00,296.2069,156,52.00
2026-07-12,15:58:53,39592,46483.33,400.7184,150,53.00
2026-07-12,15:59:03,39602,45190.00,389.5690,146,53.00
2026-07-12,15:59:13,39612,37270.00,321.2931,144,53.00
2026-07-12,15:59:23,39622,25650.00,221.1207,147,54.00
2026-07-12,15:59:33,39632,27046.67,233.1609,141,53.00
2026-07-12,15:59:43,39642,34146.66,294.3678,143,53.00
2026-07-12,15:59:53,39652,39016.66,336.3506,150,53.00
2026-07-12,16:00:03,39662,41380.00,356.7242,152,54.00
2026-07-12,16:00:13,39672,37613.33,324.2529,171,54.00
2026-07-12,16:00:23,39682,37203.33,320.7184,178,54.00
2026-07-12,16:00:33,39692,36313.33,313.0460,175,54.00
2026-07-12,16:00:43,39702,38646.66,333.1609,169,54.00
2026-07-12,16:00:53,39712,42223.33,363.9942,163,54.00
2026-07-12,16:01:03,39722,45920.00,395.8621,183,54.00
2026-07-12,16:01:13,39732,43100.00,371.5517,198,54.00
2026-07-12,16:01:23,39742,39396.66,339.6264,190,55.00
2026-07-12,16:01:33,39752,42733.33,368.3908,190,55.00
2026-07-12,16:01:43,39762,47916.66,413.0747,195,55.00
2026-07-12,16:01:53,39772,45543.33,392.6149,190,55.00
2026-07-12,16:02:03,39782,35623.33,307.0977,199,56.00
2026-07-12,16:02:13,39792,28970.00,249.7414,208,56.00
2026-07-12,16:02:23,39802,29366.67,253.1609,198,56.00
2026-07-12,16:02:33,39812,38976.66,336.0057,197,56.00
2026-07-12,16:02:43,39822,36710.00,316.4655,200,56.00
2026-07-12,16:02:53,39832,28216.67,243.2471,206,56.00
2026-07-12,16:03:03,39842,29973.33,258.3908,199,56.00
2026-07-12,16:03:13,39852,39170.00,337.6724,197,56.00
2026-07-12,16:03:23,39862,44346.66,382.2988,206,56.00
2026-07-12,16:03:33,39872,42666.66,367.8161,212,56.00
2026-07-12,16:03:43,39882,30466.67,262.6437,214,56.00
2026-07-12,16:03:53,39892,27550.00,237.5000,215,56.00
2026-07-12,16:04:03,39902,32523.33,280.3736,217,56.00
2026-07-12,16:04:13,39912,23690.00,204.2241,204,56.00
2026-07-12,16:04:23,39922,22910.00,197.5000,219,56.00
2026-07-12,16:04:33,39932,22896.67,197.3851,212,55.00
2026-07-12,16:04:43,39942,23446.67,202.1264,200,55.00
2026-07-12,16:04:53,39952,27180.00,234.3103,214,55.00
2026-07-12,16:05:03,39962,38203.33,329.3391,206,55.00
2026-07-12,16:05:13,39972,35550.00,306.4655,215,55.00
2026-07-12,16:05:23,39982,34413.33,296.6667,209,55.00
2026-07-12,16:05:33,39992,33376.66,287.7299,213,55.00
2026-07-12,16:05:43,40002,28713.33,247.5287,209,55.00
2026-07-12,16:05:53,40012,32043.33,276.2356,206,55.00
2026-07-12,16:06:03,40022,28556.67,246.1782,202,55.00
2026-07-12,16:06:13,40032,28683.33,247.2701,206,55.00
2026-07-12,16:06:23,40042,30893.33,266.3218,202,55.00
2026-07-12,16:06:33,40052,28870.00,248.8793,206,55.00
2026-07-12,16:06:43,40062,32003.33,275.8908,208,55.00
2026-07-12,16:06:53,40072,29110.00,250.9483,210,55.00
2026-07-12,16:07:03,40082,24616.67,212.2126,204,54.00
2026-07-12,16:07:13,40092,23160.00,199.6552,208,54.00
2026-07-12,16:07:23,40102,21390.00,184.3965,212,54.00
2026-07-12,16:07:33,40112,20833.33,179.5977,206,54.00
2026-07-12,16:07:43,40122,20736.67,178.7644,208,54.00
2026-07-12,16:07:53,40132,21923.33,188.9942,207,54.00
2026-07-12,16:08:02,40142,21240.00,183.1035,209,54.00
2026-07-12,16:08:12,40152,20716.67,178.5919,217,54.00
2026-07-12,16:08:22,40162,20406.67,175.9195,211,54.00
2026-07-12,16:08:32,40172,20240.00,174.4828,211,53.00
2026-07-12,16:08:42,40182,20113.33,173.3908,216,53.00
2026-07-12,16:08:52,40192,20053.33,172.8736,211,53.00
2026-07-12,16:09:02,40202,20020.00,172.5862,206,53.00
2026-07-12,16:09:12,40212,19920.00,171.7241,213,53.00
2026-07-12,16:09:22,40222,19833.33,170.9770,205,53.00
2026-07-12,16:09:32,40232,19723.33,170.0287,207,53.00
2026-07-12,16:09:42,40242,19626.67,169.1954,213,52.00
2026-07-12,16:09:52,40252,19516.67,168.2471,209,52.00
2026-07-12,16:10:02,40262,19386.67,167.1264,206,52.00
2026-07-12,16:10:12,40272,18936.67,163.2471,206,52.00
2026-07-12,16:10:22,40282,18410.00,158.7069,202,52.00
2026-07-12,16:10:32,40292,17763.33,153.1322,207,52.00
2026-07-12,16:10:42,40302,17250.00,148.7069,205,51.00
2026-07-12,16:10:52,40312,16813.33,144.9425,201,51.00
2026-07-12,16:11:02,40322,16333.33,140.8046,209,51.00
2026-07-12,16:11:12,40332,15816.67,136.3506,212,51.00
2026-07-12,16:11:22,40342,15353.33,132.3563,203,51.00
2026-07-12,16:11:32,40352,14883.33,128.3046,194,51.00
2026-07-12,16:11:42,40362,14350.00,123.7069,193,51.00
2026-07-12,16:11:52,40372,13736.67,118.4195,198,51.00
2026-07-12,16:12:02,40382,13146.67,113.3333,190,50.00
2026-07-12,16:12:12,40392,12616.67,108.7644,189,50.00
2026-07-12,16:12:22,40402,12063.33,103.9942,181,50.00
2026-07-12,16:12:32,40412,11420.00,98.4483,171,50.00
2026-07-12,16:12:42,40422,10766.67,92.8161,157,49.00
2026-07-12,16:12:52,40432,10166.67,87.6437,155,49.00
2026-07-12,16:13:02,40442,9643.33,83.1322,147,49.00
2026-07-12,16:13:12,40452,9140.00,78.7931,146,49.00
2026-07-12,16:13:22,40462,8653.33,74.5977,131,49.00
2026-07-12,16:13:32,40472,8233.33,70.9770,141,49.00
2026-07-12,16:13:42,40482,7860.00,67.7586,135,48.00
2026-07-12,16:13:52,40492,7540.00,65.0000,139,48.00
2026-07-12,16:14:02,40502,7263.33,62.6149,144,48.00
2026-07-12,16:14:12,40512,7016.67,60.4885,146,48.00
2026-07-12,16:14:22,40522,6800.00,58.6207,143,47.00
2026-07-12,16:14:32,40532,6620.00,57.0690,149,47.00
2026-07-12,16:14:42,40542,6480.00,55.8621,146,47.00
2026-07-12,16:14:52,40552,6366.67,54.8851,140,47.00
2026-07-12,16:15:02,40562,6293.33,54.2529,137,47.00
2026-07-12,16:15:12,40572,6210.00,53.5345,136,47.00
2026-07-12,16:15:22,40582,6130.00,52.8448,140,46.00
2026-07-12,16:15:32,40592,6050.00,52.1552,137,47.00
2026-07-12,16:15:42,40602,5960.00,51.3793,138,46.00
2026-07-12,16:15:52,40612,5876.67,50.6609,137,46.00
2026-07-12,16:16:02,40622,5756.67,49.6264,138,46.00
2026-07-12,16:16:12,40632,5646.67,48.6782,139,46.00
2026-07-12,16:16:22,40642,5533.33,47.7011,129,46.00
2026-07-12,16:16:32,40652,5430.00,46.8103,134,45.00
2026-07-12,16:16:42,40662,5330.00,45.9483,133,45.00
2026-07-12,16:16:52,40672,5246.67,45.2299,135,45.00
2026-07-12,16:17:02,40682,5183.33,44.6839,127,44.00
2026-07-12,16:17:12,40692,5163.33,44.5115,130,45.00
2026-07-12,16:17:22,40702,5183.33,44.6839,133,44.00
2026-07-12,16:17:32,40712,5260.00,45.3448,132,44.00
2026-07-12,16:17:42,40722,5386.67,46.4368,138,44.00
2026-07-12,16:17:52,40732,5550.00,47.8448,143,44.00
2026-07-12,16:18:02,40742,5683.33,48.9943,142,44.00
2026-07-12,16:18:12,40752,5820.00,50.1724,143,43.00
2026-07-12,16:18:22,40762,5973.33,51.4943,145,43.00
2026-07-12,16:18:32,40772,6123.33,52.7874,149,43.00
2026-07-12,16:18:42,40782,6300.00,54.3103,155,43.00
2026-07-12,16:18:51,40792,6476.67,55.8333,158,43.00
2026-07-12,16:19:01,40802,6616.67,57.0402,153,43.00
2026-07-12,16:19:11,40812,6716.67,57.9023,147,43.00
2026-07-12,16:19:21,40822,6776.67,58.4195,154,43.00
2026-07-12,16:19:31,40832,6780.00,58.4483,147,43.00
2026-07-12,16:19:41,40842,6760.00,58.2759,144,43.00
2026-07-12,16:19:51,40852,6743.33,58.1322,137,43.00
2026-07-12,16:20:01,40862,6730.00,58.0172,140,43.00
2026-07-12,16:20:11,40872,6723.33,57.9598,140,42.00
2026-07-12,16:20:21,40882,6696.67,57.7299,140,42.00
2026-07-12,16:20:31,40892,6656.67,57.3851,133,42.00
2026-07-12,16:20:41,40902,6616.67,57.0402,133,42.00
2026-07-12,16:20:51,40912,6563.33,56.5805,137,42.00
2026-07-12,16:21:01,40922,6503.33,56.0632,133,42.00
2026-07-12,16:21:11,40932,6430.00,55.4310,137,42.00
2026-07-12,16:21:21,40942,6353.33,54.7701,134,42.00
2026-07-12,16:21:31,40952,6290.00,54.2241,136,42.00
2026-07-12,16:21:41,40962,6196.67,53.4195,129,41.00
2026-07-12,16:21:51,40972,6100.00,52.5862,127,41.00
2026-07-12,16:22:01,40982,5996.67,51.6954,123,41.00
2026-07-12,16:22:11,40992,5886.67,50.7471,130,41.00
2026-07-12,16:22:21,41002,5763.33,49.6839,131,41.00
2026-07-12,16:22:31,41012,5630.00,48.5345,130,41.00
2026-07-12,16:22:41,41022,5473.33,47.1839,129,41.00
2026-07-12,16:22:51,41032,5330.00,45.9483,130,41.00
2026-07-12,16:23:01,41042,5210.00,44.9138,133,41.00
2026-07-12,16:23:11,41052,5100.00,43.9655,128,41.00
2026-07-12,16:23:21,41062,5033.33,43.3908,123,40.00
2026-07-12,16:23:31,41072,4983.33,42.9598,125,40.00
2026-07-12,16:23:41,41082,4963.33,42.7874,134,40.00
2026-07-12,16:23:51,41092,4956.67,42.7299,124,40.00
2026-07-12,16:24:01,41102,4966.67,42.8161,133,40.00
2026-07-12,16:24:11,41112,4990.00,43.0172,135,40.00
2026-07-12,16:24:21,41122,5020.00,43.2759,123,40.00
2026-07-12,16:24:31,41132,5053.33,43.5632,126,40.00
2026-07-12,16:24:41,41142,5076.67,43.7644,134,40.00
2026-07-12,16:24:51,41152,5100.00,43.9655,130,40.00
2026-07-12,16:25:01,41162,5130.00,44.2241,125,40.00
2026-07-12,16:25:11,41172,5166.67,44.5402,130,40.00
2026-07-12,16:25:21,41182,5233.33,45.1149,130,40.00
2026-07-12,16:25:31,41192,5320.00,45.8621,130,40.00
2026-07-12,16:25:41,41202,5440.00,46.8966,136,39.00
2026-07-12,16:25:51,41212,5606.67,48.3333,135,40.00
2026-07-12,16:26:01,41222,5796.67,49.9713,136,39.00
2026-07-12,16:26:11,41232,6026.67,51.9540,153,40.00
2026-07-12,16:26:21,41242,6260.00,53.9655,147,39.00
2026-07-12,16:26:31,41252,6503.33,56.0632,150,39.00
2026-07-12,16:26:41,41262,6730.00,58.0172,158,39.00
2026-07-12,16:26:51,41272,6953.33,59.9425,160,39.00
2026-07-12,16:27:01,41282,7140.00,61.5517,167,39.00
2026-07-12,16:27:11,41292,7300.00,62.9310,165,39.00
2026-07-12,16:27:21,41302,7423.33,63.9943,168,39.00
2026-07-12,16:27:31,41312,7526.67,64.8851,168,39.00
2026-07-12,16:27:41,41322,7600.00,65.5172,171,39.00
2026-07-12,16:27:51,41332,7633.33,65.8046,163,39.00
2026-07-12,16:28:01,41342,7620.00,65.6897,155,39.00
2026-07-12,16:28:11,41352,7566.67,65.2299,148,39.00
2026-07-12,16:28:21,41362,7466.67,64.3678,147,39.00
2026-07-12,16:28:31,41372,7330.00,63.1897,148,39.00
2026-07-12,16:28:41,41382,7150.00,61.6379,143,39.00
2026-07-12,16:28:51,41392,6980.00,60.1724,140,39.00
2026-07-12,16:29:01,41402,6810.00,58.7069,148,39.00
2026-07-12,16:29:11,41412,6663.33,57.4425,147,39.00
2026-07-12,16:29:21,41422,6523.33,56.2356,144,39.00
2026-07-12,16:29:30,41432,6370.00,54.9138,142,39.00
2026-07-12,16:29:40,41442,6220.00,53.6207,137,38.00
2026-07-12,16:29:50,41452,6083.33,52.4425,136,38.00
2026-07-12,16:30:00,41462,5943.33,51.2356,137,38.00
2026-07-12,16:30:10,41472,5846.67,50.4023,135,38.00
2026-07-12,16:30:20,41482,5766.67,49.7126,136,38.00
2026-07-12,16:30:30,41492,5720.00,49.3103,136,38.00
2026-07-12,16:30:40,41502,5696.67,49.1092,130,38.00
2026-07-12,16:30:50,41512,5713.33,49.2529,132,38.00
2026-07-12,16:31:00,41522,5750.00,49.5690,138,38.00
2026-07-12,16:31:10,41532,5803.33,50.0287,125,38.00
2026-07-12,16:31:20,41542,5880.00,50.6897,125,38.00
2026-07-12,16:31:30,41552,5993.33,51.6667,139,38.00
2026-07-12,16:31:40,41562,6116.67,52.7299,145,38.00
2026-07-12,16:31:50,41572,6253.33,53.9080,153,38.00
2026-07-12,16:32:00,41582,6410.00,55.2586,150,38.00
2026-07-12,16:32:10,41592,6593.33,56.8391,147,38.00
2026-07-12,16:32:20,41602,6793.33,58.5632,149,38.00
2026-07-12,16:32:30,41612,7003.33,60.3736,157,38.00
2026-07-12,16:32:40,41622,7150.00,61.6379,161,38.00
2026-07-12,16:32:50,41632,7240.00,62.4138,159,38.00
2026-07-12,16:33:00,41642,7283.33,62.7874,154,38.00
2026-07-12,16:33:10,41652,7266.67,62.6437,155,38.00
2026-07-12,16:33:20,41662,7203.33,62.0977,150,38.00
2026-07-12,16:33:30,41672,7120.00,61.3793,154,38.00
2026-07-12,16:33:40,41682,6980.00,60.1724,153,38.00
2026-07-12,16:33:50,41692,6803.33,58.6494,155,38.00
2026-07-12,16:34:00,41702,6613.33,57.0115,152,38.00
2026-07-12,16:34:10,41712,6410.00,55.2586,147,38.00
2026-07-12,16:34:20,41722,6190.00,53.3621,139,37.00
2026-07-12,16:34:30,41732,5993.33,51.6667,133,37.00
2026-07-12,16:34:40,41742,5873.33,50.6322,140,38.00
2026-07-12,16:34:50,41752,5870.00,50.6034,127,37.00
2026-07-12,16:35:00,41762,5940.00,51.2069,137,38.00
2026-07-12,16:35:10,41772,6043.33,52.0977,129,37.00
2026-07-12,16:35:20,41782,6146.67,52.9885,129,37.00
2026-07-12,16:35:30,41792,6250.00,53.8793,133,37.00
2026-07-12,16:35:40,41802,6340.00,54.6552,134,37.00
2026-07-12,16:35:50,41812,6433.33,55.4598,139,37.00
2026-07-12,16:36:00,41822,6493.33,55.9770,144,37.00
2026-07-12,16:36:10,41832,6520.00,56.2069,137,37.00
2026-07-12,16:36:20,41842,6510.00,56.1207,139,37.00
2026-07-12,16:36:30,41852,6456.67,55.6609,145,37.00
2026-07-12,16:36:40,41862,6343.33,54.6839,142,37.00
2026-07-12,16:36:50,41872,6186.67,53.3333,142,37.00
2026-07-12,16:37:00,41882,5996.67,51.6954,137,37.00
2026-07-12,16:37:10,41892,5773.33,49.7701,130,37.00
2026-07-12,16:37:20,41902,5546.67,47.8161,131,37.00
2026-07-12,16:37:30,41912,5296.67,45.6609,138,37.00
2026-07-12,16:37:40,41922,5043.33,43.4770,138,37.00
2026-07-12,16:37:50,41932,4810.00,41.4655,133,37.00
2026-07-12,16:38:00,41942,4580.00,39.4828,128,37.00
2026-07-12,16:38:10,41952,4376.67,37.7299,125,37.00
2026-07-12,16:38:20,41962,4196.67,36.1782,126,37.00
2026-07-12,16:38:30,41972,4066.67,35.0575,129,37.00
2026-07-12,16:38:40,41982,3970.00,34.2241,131,37.00
2026-07-12,16:38:50,41992,3906.67,33.6782,138,36.00
2026-07-12,16:39:00,42002,3863.33,33.3046,133,36.00
2026-07-12,16:39:10,42012,3820.00,32.9310,123,36.00
2026-07-12,16:39:20,42022,3793.33,32.7011,128,36.00
2026-07-12,16:39:30,42032,3766.67,32.4713,126,36.00
2026-07-12,16:39:40,42042,3740.00,32.2414,126,36.00
2026-07-12,16:39:50,42052,3720.00,32.0690,122,36.00
2026-07-12,16:40:00,42062,3686.67,31.7816,129,36.00
2026-07-12,16:40:10,42072,3650.00,31.4655,126,36.00
2026-07-12,16:40:20,42082,3613.33,31.1494,128,36.00
2026-07-12,16:40:29,42092,3590.00,30.9483,124,36.00
2026-07-12,16:40:39,42102,3573.33,30.8046,125,36.00
2026-07-12,16:40:49,42112,3560.00,30.6897,127,36.00
2026-07-12,16:40:59,42122,3546.67,30.5747,126,36.00
2026-07-12,16:41:09,42132,3536.67,30.4885,127,36.00
2026-07-12,16:41:19,42142,3516.67,30.3161,127,36.00
2026-07-12,16:41:29,42152,3480.00,30.0000,129,36.00
2026-07-12,16:41:39,42162,3430.00,29.5690,123,36.00
2026-07-12,16:41:49,42172,3343.33,28.8218,127,36.00
2026-07-12,16:41:59,42182,3253.33,28.0460,125,36.00
2026-07-12,16:42:09,42192,3150.00,27.1552,123,36.00
2026-07-12,16:42:19,42202,3033.33,26.1494,124,36.00
2026-07-12,16:42:29,42212,2896.67,24.9713,137,36.00
2026-07-12,16:42:39,42222,2766.67,23.8506,115,36.00
2026-07-12,16:42:49,42232,2633.33,22.7011,123,36.00
2026-07-12,16:42:59,42242,2486.67,21.4368,119,36.00
2026-07-12,16:43:09,42252,2360.00,20.3448,127,36.00
2026-07-12,16:43:19,42262,2236.67,19.2816,131,36.00
2026-07-12,16:43:29,42272,2116.67,18.2471,126,36.00
2026-07-12,16:43:39,42282,2013.33,17.3563,127,35.00
2026-07-12,16:43:49,42292,1916.67,16.5230,132,35.00
2026-07-12,16:43:59,42302,1823.33,15.7184,128,35.00
2026-07-12,16:44:09,42312,1733.33,14.9425,127,35.00
2026-07-12,16:44:19,42322,1626.67,14.0230,128,35.00
2026-07-12,16:44:29,42332,1533.33,13.2184,124,35.00
2026-07-12,16:44:39,42342,1443.33,12.4425,126,35.00
2026-07-12,16:44:49,42352,1376.67,11.8678,139,35.00
2026-07-12,16:44:59,42362,1350.00,11.6379,135,35.00
2026-07-12,16:45:09,42372,1353.33,11.6667,135,35.00
2026-07-12,16:45:19,42382,1386.67,11.9540,128,35.00
2026-07-12,16:45:29,42392,1440.00,12.4138,125,35.00
2026-07-12,16:45:39,42402,1483.33,12.7874,139,35.00
2026-07-12,16:45:49,42412,1516.67,13.0747,126,35.00
2026-07-12,16:45:59,42422,1540.00,13.2759,123,35.00
2026-07-12,16:46:09,42432,1550.00,13.3621,131,35.00
2026-07-12,16:46:19,42442,1550.00,13.3621,119,35.00
2026-07-12,16:46:29,42452,1536.67,13.2471,126,35.00
2026-07-12,16:46:39,42462,1520.00,13.1034,128,35.00
2026-07-12,16:46:49,42472,1490.00,12.8448,129,35.00
2026-07-12,16:46:59,42482,1456.67,12.5575,123,34.00
2026-07-12,16:47:09,42492,1430.00,12.3276,121,34.00
2026-07-12,16:47:19,42502,1410.00,12.1552,130,34.00
2026-07-12,16:47:29,42512,1390.00,11.9828,133,34.00
2026-07-12,16:47:39,42522,1380.00,11.8966,125,34.00
2026-07-12,16:47:49,42532,1390.00,11.9828,135,34.00
2026-07-12,16:47:59,42542,1426.67,12.2989,126,34.00
2026-07-12,16:48:09,42552,1483.33,12.7874,127,34.00
2026-07-12,16:48:19,42562,1546.67,13.3333,125,34.00
2026-07-12,16:48:29,42572,1610.00,13.8793,132,34.00
2026-07-12,16:48:39,42582,1663.33,14.3391,130,34.00
2026-07-12,16:48:49,42592,1716.67,14.7989,120,34.00
2026-07-12,16:48:59,42602,1743.33,15.0287,126,34.00
2026-07-12,16:49:09,42612,1766.67,15.2299,128,34.00
2026-07-12,16:49:19,42622,1790.00,15.4310,130,34.00
2026-07-12,16:49:29,42632,1806.67,15.5747,132,34.00
2026-07-12,16:49:39,42642,1816.67,15.6609,128,34.00
2026-07-12,16:49:49,42652,1823.33,15.7184,127,34.00
2026-07-12,16:49:59,42662,1833.33,15.8046,126,34.00
2026-07-12,16:50:09,42672,1846.67,15.9195,126,34.00
2026-07-12,16:50:19,42682,1856.67,16.0057,128,34.00
2026-07-12,16:50:29,42692,1863.33,16.0632,129,34.00
2026-07-12,16:50:39,42702,1860.00,16.0345,131,34.00
2026-07-12,16:50:48,42712,1853.33,15.9770,130,33.00
2026-07-12,16:50:58,42722,1833.33,15.8046,123,34.00
2026-07-12,16:51:08,42732,1810.00,15.6034,123,34.00
2026-07-12,16:51:18,42742,1776.67,15.3161,124,34.00
2026-07-12,16:51:28,42752,1746.67,15.0575,125,33.00
2026-07-12,16:51:38,42762,1716.67,14.7989,118,33.00
2026-07-12,16:51:48,42772,1676.67,14.4540,118,33.00
2026-07-12,16:51:58,42782,1646.67,14.1954,119,33.00
2026-07-12,16:52:08,42792,1620.00,13.9655,124,33.00
2026-07-12,16:52:18,42802,1593.33,13.7356,116,33.00
2026-07-12,16:52:28,42812,1570.00,13.5345,127,33.00
2026-07-12,16:52:38,42822,1536.67,13.2471,126,33.00
2026-07-12,16:52:48,42832,1510.00,13.0172,129,33.00
2026-07-12,16:52:58,42842,1483.33,12.7874,129,33.00
2026-07-12,16:53:08,42852,1463.33,12.6149,128,33.00
2026-07-12,16:53:18,42862,1443.33,12.4425,126,33.00
2026-07-12,16:53:28,42872,1436.67,12.3851,126,33.00
2026-07-12,16:53:38,42882,1426.67,12.2989,129,33.00
2026-07-12,16:53:48,42892,1420.00,12.2414,131,33.00
2026-07-12,16:53:58,42902,1413.33,12.1839,130,33.00
2026-07-12,16:54:08,42912,1406.67,12.1264,127,33.00
2026-07-12,16:54:18,42922,1406.67,12.1264,134,33.00
2026-07-12,16:54:28,42932,1410.00,12.1552,132,33.00
2026-07-12,16:54:38,42942,1410.00,12.1552,129,33.00
2026-07-12,16:54:48,42952,1416.67,12.2126,133,33.00
2026-07-12,16:54:58,42962,1423.33,12.2701,132,33.00
2026-07-12,16:55:08,42972,1430.00,12.3276,126,33.00
2026-07-12,16:55:18,42982,1436.67,12.3851,129,33.00
2026-07-12,16:55:28,42992,1443.33,12.4425,129,33.00
2026-07-12,16:55:38,43002,1450.00,12.5000,127,33.00
2026-07-12,16:55:48,43012,1460.00,12.5862,129,33.00
2026-07-12,16:55:58,43022,1466.67,12.6437,125,33.00
2026-07-12,16:56:08,43032,1476.67,12.7299,127,33.00
2026-07-12,16:56:18,43042,1486.67,12.8161,126,33.00
2026-07-12,16:56:28,43052,1500.00,12.9310,125,33.00
2026-07-12,16:56:38,43062,1516.67,13.0747,130,33.00
2026-07-12,16:56:48,43072,1530.00,13.1897,125,33.00
2026-07-12,16:56:58,43082,1546.67,13.3333,129,33.00
2026-07-12,16:57:08,43092,1563.33,13.4770,130,33.00
2026-07-12,16:57:18,43102,1586.67,13.6782,127,33.00
2026-07-12,16:57:28,43112,1613.33,13.9080,131,33.00
2026-07-12,16:57:38,43122,1640.00,14.1379,129,33.00
2026-07-12,16:57:48,43132,1670.00,14.3966,129,33.00
2026-07-12,16:57:58,43142,1716.67,14.7989,126,33.00
2026-07-12,16:58:08,43152,1753.33,15.1149,125,33.00
2026-07-12,16:58:18,43162,1796.67,15.4885,127,33.00
2026-07-12,16:58:28,43172,1843.33,15.8908,123,33.00
2026-07-12,16:58:38,43182,1893.33,16.3218,125,33.00
2026-07-12,16:58:48,43192,1943.33,16.7529,124,33.00
2026-07-12,16:58:58,43202,1986.67,17.1264,121,33.00
2026-07-12,16:59:08,43212,2030.00,17.5000,123,33.00
2026-07-12,16:59:18,43222,2066.67,17.8161,127,33.00
2026-07-12,16:59:28,43232,2103.33,18.1322,121,33.00
2026-07-12,16:59:38,43242,2146.67,18.5057,120,33.00
2026-07-12,16:59:48,43252,2180.00,18.7931,124,33.00
2026-07-12,16:59:58,43262,2210.00,19.0517,124,33.00
2026-07-12,17:00:08,43272,2240.00,19.3103,121,33.00
2026-07-12,17:00:18,43282,2266.67,19.5402,123,33.00
2026-07-12,17:00:28,43292,2283.33,19.6839,128,33.00
2026-07-12,17:00:38,43302,2293.33,19.7701,129,33.00
2026-07-12,17:00:48,43312,2303.33,19.8563,131,33.00
2026-07-12,17:00:58,43322,2303.33,19.8563,132,33.00
2026-07-12,17:01:08,43332,2303.33,19.8563,128,33.00
2026-07-12,17:01:18,43342,2293.33,19.7701,126,33.00
2026-07-12,17:01:27,43352,2283.33,19.6839,125,33.00
2026-07-12,17:01:37,43362,2266.67,19.5402,125,33.00
2026-07-12,17:01:47,43372,2253.33,19.4253,125,33.00
2026-07-12,17:01:57,43382,2240.00,19.3103,126,33.00
2026-07-12,17:02:07,43392,2230.00,19.2241,132,33.00
2026-07-12,17:02:17,43402,2223.33,19.1667,126,33.00
2026-07-12,17:02:27,43412,2223.33,19.1667,129,33.00
2026-07-12,17:02:37,43422,2233.33,19.2529,123,33.00
2026-07-12,17:02:47,43432,2256.67,19.4540,128,33.00
2026-07-12,17:02:57,43442,2286.67,19.7126,117,33.00
2026-07-12,17:03:07,43452,2326.67,20.0575,122,33.00
2026-07-12,17:03:17,43462,2363.33,20.3736,127,33.00
2026-07-12,17:03:27,43472,2410.00,20.7759,122,33.00
2026-07-12,17:03:37,43482,2450.00,21.1207,119,33.00
2026-07-12,17:03:47,43492,2486.67,21.4368,125,33.00
2026-07-12,17:03:57,43502,2523.33,21.7529,133,33.00
2026-07-12,17:04:07,43512,2566.67,22.1264,134,33.00
2026-07-12,17:04:17,43522,2596.67,22.3851,121,33.00
2026-07-12,17:04:27,43532,2616.67,22.5575,124,33.00
2026-07-12,17:04:37,43542,2633.33,22.7011,127,33.00
2026-07-12,17:04:47,43552,2646.67,22.8161,123,33.00
2026-07-12,17:04:57,43562,2663.33,22.9598,132,33.00
2026-07-12,17:05:07,43572,2673.33,23.0460,128,33.00
2026-07-12,17:05:17,43582,2673.33,23.0460,126,33.00
2026-07-12,17:05:27,43592,2670.00,23.0172,126,33.00
2026-07-12,17:05:37,43602,2660.00,22.9310,125,33.00
2026-07-12,17:05:47,43612,2650.00,22.8448,122,33.00
2026-07-12,17:05:57,43622,2626.67,22.6437,126,33.00
2026-07-12,17:06:07,43632,2606.67,22.4713,128,33.00
2026-07-12,17:06:17,43642,2586.67,22.2988,125,33.00
2026-07-12,17:06:27,43652,2573.33,22.1839,128,33.00
2026-07-12,17:06:37,43662,2563.33,22.0977,136,33.00
2026-07-12,17:06:47,43672,2560.00,22.0690,130,33.00
2026-07-12,17:06:57,43682,2536.67,21.8678,129,33.00
2026-07-12,17:07:07,43692,2526.67,21.7816,125,33.00
2026-07-12,17:07:17,43702,2510.00,21.6379,128,33.00
2026-07-12,17:07:27,43712,2493.33,21.4943,132,33.00
2026-07-12,17:07:37,43722,2476.67,21.3506,127,33.00
2026-07-12,17:07:47,43732,2456.67,21.1782,121,33.00
2026-07-12,17:07:57,43742,2426.67,20.9195,127,33.00
2026-07-12,17:08:07,43752,2386.67,20.5747,123,33.00
2026-07-12,17:08:17,43762,2343.33,20.2011,124,33.00
2026-07-12,17:08:27,43772,2300.00,19.8276,130,33.00
2026-07-12,17:08:37,43782,2263.33,19.5115,125,33.00
2026-07-12,17:08:47,43792,2233.33,19.2529,126,33.00
2026-07-12,17:08:57,43802,2216.67,19.1092,133,33.00
2026-07-12,17:09:07,43812,2213.33,19.0805,127,33.00
2026-07-12,17:09:17,43822,2220.00,19.1379,130,33.00
2026-07-12,17:09:27,43832,2220.00,19.1379,132,33.00
2026-07-12,17:09:37,43842,2230.00,19.2241,125,33.00
2026-07-12,17:09:47,43852,2240.00,19.3103,123,33.00
2026-07-12,17:09:57,43862,2246.67,19.3678,125,33.00
2026-07-12,17:10:07,43872,2256.67,19.4540,124,33.00
2026-07-12,17:10:17,43882,2270.00,19.5690,121,33.00
2026-07-12,17:10:27,43892,2263.33,19.5115,124,33.00
2026-07-12,17:10:37,43902,2250.00,19.3966,129,33.00
2026-07-12,17:10:47,43912,2236.67,19.2816,124,33.00
2026-07-12,17:10:57,43922,2230.00,19.2241,120,33.00
2026-07-12,17:11:07,43932,2236.67,19.2816,130,33.00
2026-07-12,17:11:17,43942,2256.67,19.4540,125,33.00
2026-07-12,17:11:27,43952,2276.67,19.6264,124,33.00
2026-07-12,17:11:36,43962,2303.33,19.8563,124,33.00
2026-07-12,17:11:46,43972,2320.00,20.0000,124,33.00
2026-07-12,17:11:56,43982,2333.33,20.1149,122,33.00
2026-07-12,17:12:06,43992,2336.67,20.1437,125,33.00
2026-07-12,17:12:16,44002,2323.33,20.0287,126,33.00
2026-07-12,17:12:26,44012,2293.33,19.7701,122,33.00
2026-07-12,17:12:36,44022,2250.00,19.3966,126,33.00
2026-07-12,17:12:46,44032,2210.00,19.0517,122,33.00
2026-07-12,17:12:56,44042,2186.67,18.8506,127,33.00
2026-07-12,17:13:06,44052,2173.33,18.7356,128,33.00
2026-07-12,17:13:16,44062,2170.00,18.7069,121,33.00
2026-07-12,17:13:26,44072,2173.33,18.7356,125,33.00
2026-07-12,17:13:36,44082,2176.67,18.7644,123,33.00
2026-07-12,17:13:46,44092,2190.00,18.8793,125,33.00
2026-07-12,17:13:56,44102,2193.33,18.9080,125,33.00
2026-07-12,17:14:06,44112,2176.67,18.7644,121,33.00
2026-07-12,17:14:16,44122,2140.00,18.4483,125,33.00
2026-07-12,17:14:26,44132,2076.67,17.9023,124,33.00
2026-07-12,17:14:36,44142,2016.67,17.3851,126,33.00
2026-07-12,17:14:46,44152,1963.33,16.9253,122,33.00
2026-07-12,17:14:56,44162,1926.67,16.6092,120,33.00
2026-07-12,17:15:06,44172,1906.67,16.4368,129,33.00
2026-07-12,17:15:16,44182,1913.33,16.4943,131,33.00
2026-07-12,17:15:26,44192,1913.33,16.4943,129,33.00
2026-07-12,17:15:36,44202,1920.00,16.5517,127,33.00
2026-07-12,17:15:46,44212,1920.00,16.5517,132,33.00
2026-07-12,17:15:56,44222,1913.33,16.4943,121,33.00
2026-07-12,17:16:06,44232,1900.00,16.3793,126,33.00
2026-07-12,17:16:16,44242,1876.67,16.1782,120,33.00
2026-07-12,17:16:26,44252,1836.67,15.8333,131,33.00
2026-07-12,17:16:36,44262,1786.67,15.4023,131,33.00
2026-07-12,17:16:46,44272,1736.67,14.9713,140,33.00
2026-07-12,17:16:56,44282,1690.00,14.5690,126,33.00
2026-07-12,17:17:06,44292,1670.00,14.3966,128,33.00
2026-07-12,17:17:16,44302,1660.00,14.3103,134,33.00
2026-07-12,17:17:26,44312,1663.33,14.3391,132,33.00
2026-07-12,17:17:36,44322,1676.67,14.4540,133,33.00
2026-07-12,17:17:46,44332,1706.67,14.7126,129,33.00
2026-07-12,17:17:56,44342,1723.33,14.8563,130,33.00
2026-07-12,17:18:06,44352,1740.00,15.0000,124,33.00
2026-07-12,17:18:16,44362,1743.33,15.0287,124,33.00
2026-07-12,17:18:26,44372,1750.00,15.0862,128,33.00
2026-07-12,17:18:36,44382,1750.00,15.0862,127,33.00
2026-07-12,17:18:46,44392,1746.67,15.0575,132,33.00
2026-07-12,17:18:56,44402,1750.00,15.0862,135,33.00
2026-07-12,17:19:06,44412,1750.00,15.0862,126,33.00
2026-07-12,17:19:16,44422,1756.67,15.1437,130,33.00
2026-07-12,17:19:26,44432,1756.67,15.1437,129,33.00
2026-07-12,17:19:36,44443,1750.00,15.0862,132,33.00
2026-07-12,17:19:46,44453,1733.33,14.9425,136,33.00
2026-07-12,17:19:56,44463,1706.67,14.7126,128,33.00
2026-07-12,17:20:06,44473,1653.33,14.2529,138,33.00
2026-07-12,17:20:16,44483,1600.00,13.7931,130,33.00
2026-07-12,17:20:26,44493,1550.00,13.3621,131,33.00
2026-07-12,17:20:36,44503,1503.33,12.9598,129,33.00
2026-07-12,17:20:46,44513,1470.00,12.6724,123,33.00
2026-07-12,17:20:56,44523,1436.67,12.3851,123,33.00
2026-07-12,17:21:06,44533,1403.33,12.0977,125,33.00
2026-07-12,17:21:16,44543,1373.33,11.8391,135,33.00
2026-07-12,17:21:26,44553,1353.33,11.6667,120,33.00
2026-07-12,17:21:36,44563,1333.33,11.4943,134,33.00
2026-07-12,17:21:46,44573,1320.00,11.3793,141,33.00
2026-07-12,17:21:56,44583,1303.33,11.2356,136,33.00
2026-07-12,17:22:06,44593,1300.00,11.2069,137,33.00
2026-07-12,17:22:16,44603,1303.33,11.2356,132,33.00
2026-07-12,17:22:26,44613,1313.33,11.3218,130,33.00
2026-07-12,17:22:35,44623,1330.00,11.4655,135,33.00
2026-07-12,17:22:45,44633,1346.67,11.6092,125,33.00
2026-07-12,17:22:55,44643,1363.33,11.7529,133,33.00
2026-07-12,17:23:05,44653,1380.00,11.8966,130,33.00
2026-07-12,17:23:15,44663,1396.67,12.0402,127,33.00
2026-07-12,17:23:25,44673,1413.33,12.1839,132,33.00
2026-07-12,17:23:35,44683,1426.67,12.2989,131,33.00
2026-07-12,17:23:45,44693,1436.67,12.3851,125,33.00
2026-07-12,17:23:55,44703,1443.33,12.4425,127,33.00
2026-07-12,17:24:05,44713,1456.67,12.5575,125,33.00
2026-07-12,17:24:15,44723,1463.33,12.6149,124,33.00
2026-07-12,17:24:25,44733,1470.00,12.6724,129,32.00
2026-07-12,17:24:35,44743,1473.33,12.7011,131,33.00
2026-07-12,17:24:45,44753,1470.00,12.6724,125,33.00
2026-07-12,17:24:55,44763,1466.67,12.6437,129,33.00
2026-07-12,17:25:05,44773,1463.33,12.6149,130,33.00
2026-07-12,17:25:15,44783,1460.00,12.5862,126,32.00
2026-07-12,17:25:25,44793,1456.67,12.5575,129,32.00
2026-07-12,17:25:35,44803,1453.33,12.5287,131,32.00
2026-07-12,17:25:45,44813,1450.00,12.5000,130,33.00
2026-07-12,17:25:55,44823,1443.33,12.4425,125,33.00
2026-07-12,17:26:05,44833,1436.67,12.3851,132,32.00
2026-07-12,17:26:15,44843,1423.33,12.2701,126,33.00
2026-07-12,17:26:25,44853,1416.67,12.2126,123,33.00
2026-07-12,17:26:35,44863,1403.33,12.0977,129,32.00
2026-07-12,17:26:45,44873,1390.00,11.9828,129,33.00
2026-07-12,17:26:55,44883,1370.00,11.8103,120,32.00
2026-07-12,17:27:05,44893,1350.00,11.6379,127,32.00
2026-07-12,17:27:15,44903,1320.00,11.3793,133,32.00
2026-07-12,17:27:25,44913,1296.67,11.1782,126,33.00
2026-07-12,17:27:35,44923,1260.00,10.8621,122,32.00
2026-07-12,17:27:45,44933,1230.00,10.6034,129,32.00
2026-07-12,17:27:55,44943,1203.33,10.3736,130,32.00
2026-07-12,17:28:05,44953,1180.00,10.1724,125,33.00
2026-07-12,17:28:15,44963,1153.33,9.9425,129,33.00
2026-07-12,17:28:25,44973,1130.00,9.7414,126,32.00
2026-07-12,17:28:35,44983,1106.67,9.5402,128,33.00
2026-07-12,17:28:45,44993,1086.67,9.3678,138,32.00
2026-07-12,17:28:55,45003,1066.67,9.1954,128,32.00
2026-07-12,17:29:05,45013,1050.00,9.0517,134,32.00
2026-07-12,17:29:15,45023,1033.33,8.9080,131,32.00
2026-07-12,17:29:25,45033,1023.33,8.8218,130,32.00
2026-07-12,17:29:35,45043,1010.00,8.7069,131,32.00
2026-07-12,17:29:45,45053,1003.33,8.6494,131,32.00
2026-07-12,17:29:55,45063,996.67,8.5920,132,32.00
2026-07-12,17:30:05,45073,993.33,8.5632,130,32.00
2026-07-12,17:30:15,45083,990.00,8.5345,125,32.00
2026-07-12,17:30:25,45093,990.00,8.5345,132,32.00
2026-07-12,17:30:35,45103,986.67,8.5057,133,32.00
2026-07-12,17:30:45,45113,990.00,8.5345,128,32.00
2026-07-12,17:30:55,45123,993.33,8.5632,130,32.00
2026-07-12,17:31:05,45133,996.67,8.5920,130,32.00
2026-07-12,17:31:15,45143,1000.00,8.6207,127,32.00
2026-07-12,17:31:25,45153,1006.67,8.6782,128,32.00
2026-07-12,17:31:35,45163,1010.00,8.7069,126,32.00
2026-07-12,17:31:45,45173,1016.67,8.7644,130,32.00
2026-07-12,17:31:55,45183,1016.67,8.7644,130,32.00
2026-07-12,17:32:05,45193,1023.33,8.8218,130,32.00
2026-07-12,17:32:15,45203,1023.33,8.8218,130,32.00
2026-07-12,17:32:25,45213,1026.67,8.8506,131,32.00
2026-07-12,17:32:35,45223,1030.00,8.8793,134,32.00
2026-07-12,17:32:45,45233,1036.67,8.9368,129,32.00
2026-07-12,17:32:55,45243,1046.67,9.0230,131,32.00
2026-07-12,17:33:05,45253,1053.33,9.0805,133,32.00
2026-07-12,17:33:14,45263,1063.33,9.1667,126,32.00
2026-07-12,17:33:24,45273,1070.00,9.2241,128,32.00
2026-07-12,17:33:34,45283,1076.67,9.2816,129,32.00
2026-07-12,17:33:44,45293,1086.67,9.3678,129,32.00
2026-07-12,17:33:54,45303,1093.33,9.4253,130,32.00
2026-07-12,17:34:04,45313,1100.00,9.4828,130,32.00
2026-07-12,17:34:14,45323,1103.33,9.5115,135,32.00
2026-07-12,17:34:24,45333,1110.00,9.5690,131,32.00
2026-07-12,17:34:34,45343,1110.00,9.5690,132,32.00
2026-07-12,17:34:44,45353,1113.33,9.5977,127,32.00
2026-07-12,17:34:54,45363,1113.33,9.5977,124,32.00
2026-07-12,17:35:04,45373,1113.33,9.5977,125,32.00
2026-07-12,17:35:14,45383,1110.00,9.5690,130,32.00
2026-07-12,17:35:24,45393,1106.67,9.5402,127,32.00
2026-07-12,17:35:34,45403,1100.00,9.4828,128,32.00
2026-07-12,17:35:44,45413,1090.00,9.3966,125,32.00
2026-07-12,17:35:54,45423,1083.33,9.3391,125,32.00
2026-07-12,17:36:04,45433,1073.33,9.2529,131,32.00
2026-07-12,17:36:14,45443,1063.33,9.1667,135,32.00
2026-07-12,17:36:24,45453,1056.67,9.1092,136,32.00
2026-07-12,17:36:34,45463,1050.00,9.0517,133,32.00
2026-07-12,17:36:44,45473,1043.33,8.9943,129,32.00
2026-07-12,17:36:54,45483,1036.67,8.9368,132,32.00
2026-07-12,17:37:04,45493,1030.00,8.8793,129,32.00
2026-07-12,17:37:14,45503,1023.33,8.8218,121,32.00
2026-07-12,17:37:24,45513,1016.67,8.7644,122,32.00
2026-07-12,17:37:34,45523,1006.67,8.6782,128,32.00
2026-07-12,17:37:44,45533,996.67,8.5920,128,32.00
2026-07-12,17:37:54,45543,986.67,8.5057,130,32.00
2026-07-12,17:38:04,45553,976.67,8.4195,130,32.00
2026-07-12,17:38:14,45563,970.00,8.3621,134,32.00
2026-07-12,17:38:24,45573,963.33,8.3046,131,32.00
2026-07-12,17:38:34,45583,960.00,8.2759,133,32.00
2026-07-12,17:38:44,45593,956.67,8.2471,125,32.00
2026-07-12,17:38:54,45603,953.33,8.2184,129,32.00
2026-07-12,17:39:04,45613,956.67,8.2471,141,32.00
2026-07-12,17:39:14,45623,956.67,8.2471,145,32.00
2026-07-12,17:39:24,45633,960.00,8.2759,136,32.00
2026-07-12,17:39:34,45643,960.00,8.2759,136,32.00
2026-07-12,17:39:44,45653,963.33,8.3046,136,32.00
2026-07-12,17:39:54,45663,960.00,8.2759,130,32.00
2026-07-12,17:40:04,45673,960.00,8.2759,130,32.00
2026-07-12,17:40:14,45683,953.33,8.2184,131,32.00
2026-07-12,17:40:24,45693,943.33,8.1322,127,32.00
2026-07-12,17:40:34,45703,930.00,8.0172,130,32.00
2026-07-12,17:40:44,45713,910.00,7.8448,132,32.00
2026-07-12,17:40:54,45723,890.00,7.6724,124,32.00
2026-07-12,17:41:04,45733,870.00,7.5000,126,32.00
2026-07-12,17:41:14,45743,833.33,7.1839,128,32.00
2026-07-12,17:41:24,45753,810.00,6.9828,133,32.00
2026-07-12,17:41:34,45763,786.67,6.7816,124,32.00
2026-07-12,17:41:44,45773,766.67,6.6092,126,32.00
2026-07-12,17:41:54,45783,746.67,6.4368,123,32.00
2026-07-12,17:42:04,45793,723.33,6.2356,129,32.00
2026-07-12,17:42:14,45803,703.33,6.0632,130,32.00
2026-07-12,17:42:24,45813,686.67,5.9195,132,32.00
2026-07-12,17:42:34,45823,670.00,5.7759,131,32.00
2026-07-12,17:42:44,45833,656.67,5.6609,132,32.00
2026-07-12,17:42:54,45843,640.00,5.5172,135,32.00
2026-07-12,17:43:04,45853,626.67,5.4023,132,32.00
2026-07-12,17:43:13,45863,610.00,5.2586,131,32.00
2026-07-12,17:43:23,45873,596.67,5.1437,131,32.00
2026-07-12,17:43:33,45883,583.33,5.0287,130,32.00
2026-07-12,17:43:43,45893,566.67,4.8851,129,32.00
2026-07-12,17:43:53,45903,553.33,4.7701,128,32.00
2026-07-12,17:44:03,45913,540.00,4.6552,129,32.00
2026-07-12,17:44:13,45923,523.33,4.5115,129,32.00
2026-07-12,17:44:23,45933,513.33,4.4253,128,32.00
2026-07-12,17:44:33,45943,503.33,4.3391,125,31.00
2026-07-12,17:44:43,45953,493.33,4.2529,128,32.00
2026-07-12,17:44:53,45963,483.33,4.1667,134,31.00
2026-07-12,17:45:03,45973,476.67,4.1092,124,32.00
2026-07-12,17:45:13,45983,473.33,4.0805,127,31.00
2026-07-12,17:45:23,45993,470.00,4.0517,126,32.00
2026-07-12,17:45:33,46003,466.67,4.0230,131,32.00
2026-07-12,17:45:43,46013,466.67,4.0230,130,32.00
2026-07-12,17:45:53,46023,466.67,4.0230,122,32.00
2026-07-12,17:46:03,46033,463.33,3.9943,126,31.00
2026-07-12,17:46:13,46043,463.33,3.9943,127,31.00
2026-07-12,17:46:23,46053,463.33,3.9943,126,32.00
2026-07-12,17:46:33,46063,463.33,3.9943,124,31.00
2026-07-12,17:46:43,46073,463.33,3.9943,133,31.00
2026-07-12,17:46:53,46083,460.00,3.9655,119,31.00
2026-07-12,17:47:03,46093,460.00,3.9655,132,32.00
2026-07-12,17:47:13,46103,460.00,3.9655,126,32.00
2026-07-12,17:47:23,46113,463.33,3.9943,132,32.00
2026-07-12,17:47:33,46123,466.67,4.0230,131,32.00
2026-07-12,17:47:43,46133,466.67,4.0230,132,31.00
2026-07-12,17:47:53,46143,470.00,4.0517,133,31.00
2026-07-12,17:48:03,46153,476.67,4.1092,135,32.00
2026-07-12,17:48:13,46163,480.00,4.1379,125,32.00
2026-07-12,17:48:23,46173,486.67,4.1954,127,31.00
2026-07-12,17:48:33,46183,490.00,4.2241,126,31.00
2026-07-12,17:48:43,46193,496.67,4.2816,132,31.00
2026-07-12,17:48:53,46203,500.00,4.3103,129,31.00
2026-07-12,17:49:03,46213,503.33,4.3391,129,31.00
2026-07-12,17:49:13,46223,503.33,4.3391,132,31.00
2026-07-12,17:49:23,46233,503.33,4.3391,123,32.00
2026-07-12,17:49:33,46243,500.00,4.3103,128,31.00
2026-07-12,17:49:43,46253,500.00,4.3103,127,31.00
2026-07-12,17:49:53,46263,500.00,4.3103,126,31.00
2026-07-12,17:50:03,46273,506.67,4.3678,131,31.00
2026-07-12,17:50:13,46283,510.00,4.3966,129,31.00
2026-07-12,17:50:23,46293,520.00,4.4828,130,31.00
2026-07-12,17:50:33,46303,533.33,4.5977,137,31.00
2026-07-12,17:50:43,46313,546.67,4.7126,131,31.00
2026-07-12,17:50:53,46323,560.00,4.8276,127,32.00
2026-07-12,17:51:03,46333,573.33,4.9425,135,31.00
2026-07-12,17:51:13,46343,583.33,5.0287,134,31.00
2026-07-12,17:51:23,46353,593.33,5.1149,131,31.00
2026-07-12,17:51:33,46363,596.67,5.1437,135,31.00
2026-07-12,17:51:43,46373,603.33,5.2011,128,31.00
2026-07-12,17:51:53,46383,603.33,5.2011,129,31.00
2026-07-12,17:52:03,46393,603.33,5.2011,133,31.00
2026-07-12,17:52:13,46403,603.33,5.2011,126,31.00
2026-07-12,17:52:23,46413,606.67,5.2299,129,31.00
2026-07-12,17:52:33,46423,610.00,5.2586,127,31.00
2026-07-12,17:52:43,46433,613.33,5.2874,129,31.00
2026-07-12,17:52:53,46443,616.67,5.3161,130,31.00
2026-07-12,17:53:03,46453,620.00,5.3448,124,31.00
2026-07-12,17:53:13,46463,620.00,5.3448,132,31.00
2026-07-12,17:53:23,46473,620.00,5.3448,133,31.00
2026-07-12,17:53:33,46483,623.33,5.3736,131,31.00
2026-07-12,17:53:42,46493,630.00,5.4310,131,31.00
2026-07-12,17:53:52,46503,633.33,5.4598,128,31.00
2026-07-12,17:54:02,46513,636.67,5.4885,139,31.00
2026-07-12,17:54:12,46523,640.00,5.5172,129,31.00
2026-07-12,17:54:22,46533,643.33,5.5460,127,31.00
2026-07-12,17:54:32,46543,650.00,5.6034,128,31.00
2026-07-12,17:54:42,46553,660.00,5.6897,129,31.00
2026-07-12,17:54:52,46563,670.00,5.7759,127,31.00
2026-07-12,17:55:02,46573,683.33,5.8908,126,31.00
2026-07-12,17:55:12,46583,700.00,6.0345,134,31.00
2026-07-12,17:55:22,46593,720.00,6.2069,139,31.00
2026-07-12,17:55:32,46603,743.33,6.4080,121,31.00
2026-07-12,17:55:42,46613,763.33,6.5805,129,31.00
2026-07-12,17:55:52,46623,780.00,6.7241,122,31.00
2026-07-12,17:56:02,46633,800.00,6.8966,124,31.00
2026-07-12,17:56:12,46643,816.67,7.0402,125,31.00
2026-07-12,17:56:22,46653,830.00,7.1552,131,31.00
2026-07-12,17:56:32,46663,836.67,7.2126,125,31.00
2026-07-12,17:56:42,46673,853.33,7.3563,127,31.00
2026-07-12,17:56:52,46683,830.00,7.1552,129,31.00
2026-07-12,17:57:02,46693,816.67,7.0402,127,31.00
2026-07-12,17:57:12,46703,803.33,6.9253,134,31.00
2026-07-12,17:57:22,46713,793.33,6.8391,129,31.00
2026-07-12,17:57:32,46723,780.00,6.7241,127,31.00
2026-07-12,17:57:42,46733,770.00,6.6379,133,31.00
2026-07-12,17:57:52,46743,760.00,6.5517,129,31.00
2026-07-12,17:58:02,46753,750.00,6.4655,132,31.00
2026-07-12,17:58:12,46763,746.67,6.4368,133,31.00
2026-07-12,17:58:22,46773,743.33,6.4080,125,31.00
2026-07-12,17:58:32,46783,736.67,6.3506,130,31.00
2026-07-12,17:58:42,46793,733.33,6.3218,132,31.00
2026-07-12,17:58:52,46803,733.33,6.3218,127,31.00
2026-07-12,17:59:02,46813,740.00,6.3793,128,31.00
2026-07-12,17:59:12,46823,746.67,6.4368,132,31.00
2026-07-12,17:59:22,46833,756.67,6.5230,127,31.00
2026-07-12,17:59:32,46843,766.67,6.6092,135,31.00
2026-07-12,17:59:42,46853,780.00,6.7241,133,31.00
2026-07-12,17:59:52,46863,790.00,6.8103,134,31.00
2026-07-12,18:00:02,46873,796.67,6.8678,123,31.00
2026-07-12,18:00:12,46883,800.00,6.8966,123,31.00
2026-07-12,18:00:22,46893,800.00,6.8966,133,31.00
2026-07-12,18:00:32,46903,793.33,6.8391,136,31.00
2026-07-12,18:00:42,46913,786.67,6.7816,127,31.00
2026-07-12,18:00:52,46923,773.33,6.6667,132,31.00
2026-07-12,18:01:02,46933,766.67,6.6092,134,31.00
2026-07-12,18:01:12,46943,760.00,6.5517,135,31.00
2026-07-12,18:01:22,46953,750.00,6.4655,132,31.00
2026-07-12,18:01:32,46963,740.00,6.3793,132,31.00
2026-07-12,18:01:42,46973,733.33,6.3218,128,31.00
2026-07-12,18:01:52,46983,723.33,6.2356,127,31.00
2026-07-12,18:02:02,46993,720.00,6.2069,134,31.00
2026-07-12,18:02:12,47003,713.33,6.1494,125,31.00
2026-07-12,18:02:22,47013,706.67,6.0920,132,31.00
2026-07-12,18:02:32,47023,693.33,5.9770,126,31.00
2026-07-12,18:02:42,47033,686.67,5.9195,131,31.00
2026-07-12,18:02:52,47043,676.67,5.8333,130,31.00
2026-07-12,18:03:02,47053,670.00,5.7759,129,31.00
2026-07-12,18:03:12,47063,656.67,5.6609,130,31.00
2026-07-12,18:03:22,47073,646.67,5.5747,130,31.00
2026-07-12,18:03:32,47083,633.33,5.4598,127,31.00
2026-07-12,18:03:42,47093,623.33,5.3736,127,31.00
2026-07-12,18:03:52,47103,610.00,5.2586,127,31.00
2026-07-12,18:04:01,47113,600.00,5.1724,124,31.00
2026-07-12,18:04:11,47123,586.67,5.0575,118,31.00
2026-07-12,18:04:21,47133,576.67,4.9713,119,31.00
2026-07-12,18:04:31,47143,563.33,4.8563,124,31.00
2026-07-12,18:04:41,47153,553.33,4.7701,128,31.00
2026-07-12,18:04:51,47163,543.33,4.6839,135,31.00
2026-07-12,18:05:01,47173,540.00,4.6552,135,31.00
2026-07-12,18:05:11,47183,533.33,4.5977,127,31.00
2026-07-12,18:05:21,47193,533.33,4.5977,136,31.00
2026-07-12,18:05:31,47203,536.67,4.6264,138,31.00
2026-07-12,18:05:41,47213,540.00,4.6552,122,31.00
2026-07-12,18:05:51,47223,540.00,4.6552,133,31.00
2026-07-12,18:06:01,47233,543.33,4.6839,129,31.00
2026-07-12,18:06:11,47243,540.00,4.6552,132,31.00
2026-07-12,18:06:21,47253,543.33,4.6839,132,31.00
2026-07-12,18:06:31,47263,540.00,4.6552,121,31.00
2026-07-12,18:06:41,47273,536.67,4.6264,127,31.00
2026-07-12,18:06:51,47283,533.33,4.5977,134,31.00
2026-07-12,18:07:01,47293,530.00,4.5690,125,31.00
2026-07-12,18:07:11,47303,526.67,4.5402,130,31.00
2026-07-12,18:07:21,47313,523.33,4.5115,132,31.00
2026-07-12,18:07:31,47323,520.00,4.4828,120,31.00
2026-07-12,18:07:41,47333,520.00,4.4828,127,31.00
2026-07-12,18:07:51,47343,516.67,4.4540,125,31.00
2026-07-12,18:08:01,47353,516.67,4.4540,127,31.00
2026-07-12,18:08:11,47363,516.67,4.4540,129,31.00
2026-07-12,18:08:21,47373,516.67,4.4540,128,31.00
2026-07-12,18:08:31,47383,513.33,4.4253,133,31.00
2026-07-12,18:08:41,47393,513.33,4.4253,125,30.00
2026-07-12,18:08:51,47403,513.33,4.4253,130,31.00
2026-07-12,18:09:01,47413,513.33,4.4253,126,31.00
2026-07-12,18:09:11,47423,510.00,4.3966,137,30.00
2026-07-12,18:09:21,47433,506.67,4.3678,132,31.00
2026-07-12,18:09:31,47443,503.33,4.3391,119,31.00
2026-07-12,18:09:41,47453,500.00,4.3103,126,31.00
2026-07-12,18:09:51,47463,496.67,4.2816,121,30.00
2026-07-12,18:10:01,47473,490.00,4.2241,126,30.00
2026-07-12,18:10:11,47483,483.33,4.1667,135,30.00
2026-07-12,18:10:21,47493,480.00,4.1379,120,30.00
2026-07-12,18:10:31,47503,476.67,4.1092,136,31.00
2026-07-12,18:10:41,47513,480.00,4.1379,133,31.00
2026-07-12,18:10:51,47523,480.00,4.1379,132,31.00
2026-07-12,18:11:01,47533,486.67,4.1954,130,31.00
2026-07-12,18:11:11,47543,490.00,4.2241,124,30.00
2026-07-12,18:11:21,47553,493.33,4.2529,120,30.00
2026-07-12,18:11:31,47563,500.00,4.3103,130,30.00
2026-07-12,18:11:41,47573,503.33,4.3391,123,31.00
2026-07-12,18:11:51,47583,506.67,4.3678,134,30.00
2026-07-12,18:12:01,47593,513.33,4.4253,122,31.00
2026-07-12,18:12:11,47603,513.33,4.4253,120,30.00
2026-07-12,18:12:21,47613,513.33,4.4253,119,31.00
2026-07-12,18:12:31,47623,513.33,4.4253,119,30.00
2026-07-12,18:12:41,47633,513.33,4.4253,125,30.00
2026-07-12,18:12:51,47643,510.00,4.3966,128,30.00
2026-07-12,18:13:01,47653,503.33,4.3391,136,30.00
2026-07-12,18:13:11,47663,493.33,4.2529,129,30.00
2026-07-12,18:13:21,47673,486.67,4.1954,131,30.00
2026-07-12,18:13:31,47683,473.33,4.0805,117,30.00
2026-07-12,18:13:41,47693,460.00,3.9655,120,30.00
2026-07-12,18:13:51,47703,450.00,3.8793,129,30.00
2026-07-12,18:14:01,47713,436.67,3.7644,131,30.00
2026-07-12,18:14:11,47723,426.67,3.6782,116,30.00
2026-07-12,18:14:21,47733,393.33,3.3908,125,30.00
2026-07-12,18:14:30,47743,380.00,3.2759,126,30.00
2026-07-12,18:14:40,47753,366.67,3.1609,130,30.00
2026-07-12,18:14:50,47763,353.33,3.0460,130,30.00
2026-07-12,18:15:00,47773,346.67,2.9885,125,30.00
2026-07-12,18:15:10,47783,336.67,2.9023,129,30.00
2026-07-12,18:15:20,47793,330.00,2.8448,131,30.00
2026-07-12,18:15:30,47803,323.33,2.7874,130,30.00
2026-07-12,18:15:40,47813,316.67,2.7299,130,30.00
2026-07-12,18:15:50,47823,313.33,2.7011,122,30.00
2026-07-12,18:16:00,47833,313.33,2.7011,126,30.00
2026-07-12,18:16:10,47843,310.00,2.6724,125,30.00
2026-07-12,18:16:20,47853,313.33,2.7011,128,30.00
2026-07-12,18:16:30,47863,316.67,2.7299,124,30.00
2026-07-12,18:16:40,47873,320.00,2.7586,128,30.00
2026-07-12,18:16:50,47883,320.00,2.7586,127,30.00
2026-07-12,18:17:00,47893,326.67,2.8161,122,30.00
2026-07-12,18:17:10,47903,326.67,2.8161,129,30.00
2026-07-12,18:17:20,47913,326.67,2.8161,136,30.00
2026-07-12,18:17:30,47923,326.67,2.8161,127,30.00
2026-07-12,18:17:40,47933,326.67,2.8161,125,30.00
2026-07-12,18:17:50,47943,320.00,2.7586,124,30.00
2026-07-12,18:18:00,47953,316.67,2.7299,127,30.00
2026-07-12,18:18:10,47963,310.00,2.6724,129,30.00
2026-07-12,18:18:20,47973,306.67,2.6437,131,30.00
2026-07-12,18:18:30,47983,300.00,2.5862,129,30.00
2026-07-12,18:18:40,47993,293.33,2.5287,128,30.00
2026-07-12,18:18:50,48003,286.67,2.4713,132,30.00
2026-07-12,18:19:00,48013,283.33,2.4425,127,30.00
2026-07-12,18:19:10,48023,276.67,2.3851,125,30.00
2026-07-12,18:19:20,48033,273.33,2.3563,127,30.00
2026-07-12,18:19:30,48043,266.67,2.2989,126,30.00
2026-07-12,18:19:40,48053,260.00,2.2414,124,30.00
2026-07-12,18:19:50,48063,253.33,2.1839,130,30.00
2026-07-12,18:20:00,48073,250.00,2.1552,125,30.00
2026-07-12,18:20:10,48083,243.33,2.0977,127,30.00
2026-07-12,18:20:20,48093,236.67,2.0402,124,30.00
2026-07-12,18:20:30,48103,230.00,1.9828,120,30.00
2026-07-12,18:20:40,48113,226.67,1.9540,120,30.00
2026-07-12,18:20:50,48123,220.00,1.8966,126,30.00
2026-07-12,18:21:00,48133,216.67,1.8678,128,30.00
2026-07-12,18:21:10,48143,210.00,1.8103,129,30.00
2026-07-12,18:21:20,48153,206.67,1.7816,137,30.00
2026-07-12,18:21:30,48163,203.33,1.7529,124,30.00
2026-07-12,18:21:40,48173,200.00,1.7241,132,30.00
2026-07-12,18:21:50,48183,196.67,1.6954,132,30.00
2026-07-12,18:22:00,48193,196.67,1.6954,132,30.00
2026-07-12,18:22:10,48203,196.67,1.6954,129,30.00
2026-07-12,18:22:20,48213,200.00,1.7241,135,30.00
2026-07-12,18:22:30,48223,203.33,1.7529,125,30.00
2026-07-12,18:22:40,48233,210.00,1.8103,127,30.00
2026-07-12,18:22:50,48243,213.33,1.8391,126,30.00
2026-07-12,18:23:00,48253,223.33,1.9253,132,30.00
2026-07-12,18:23:10,48263,230.00,1.9828,131,30.00
2026-07-12,18:23:20,48273,240.00,2.0690,131,30.00
2026-07-12,18:23:30,48283,250.00,2.1552,125,30.00
2026-07-12,18:23:40,48293,260.00,2.2414,132,30.00
2026-07-12,18:23:50,48303,263.33,2.2701,138,30.00
2026-07-12,18:24:00,48313,270.00,2.3276,133,30.00
2026-07-12,18:24:10,48323,276.67,2.3851,127,30.00
2026-07-12,18:24:20,48333,280.00,2.4138,136,30.00
2026-07-12,18:24:30,48343,283.33,2.4425,138,30.00
2026-07-12,18:24:40,48353,283.33,2.4425,134,30.00
2026-07-12,18:24:50,48363,283.33,2.4425,131,30.00
2026-07-12,18:24:59,48373,283.33,2.4425,137,30.00
2026-07-12,18:25:09,48383,283.33,2.4425,135,30.00
2026-07-12,18:25:19,48393,283.33,2.4425,128,30.00
2026-07-12,18:25:29,48403,283.33,2.4425,128,30.00
2026-07-12,18:25:39,48413,286.67,2.4713,136,30.00
2026-07-12,18:25:49,48423,283.33,2.4425,130,30.00
2026-07-12,18:25:59,48433,280.00,2.4138,127,30.00
2026-07-12,18:26:09,48443,276.67,2.3851,132,30.00
2026-07-12,18:26:19,48453,273.33,2.3563,131,30.00
2026-07-12,18:26:29,48463,270.00,2.3276,131,30.00
2026-07-12,18:26:39,48473,266.67,2.2989,132,30.00
2026-07-12,18:26:49,48483,263.33,2.2701,127,30.00
2026-07-12,18:26:59,48493,256.67,2.2126,130,30.00
2026-07-12,18:27:09,48503,253.33,2.1839,125,30.00
2026-07-12,18:27:19,48513,250.00,2.1552,130,30.00
2026-07-12,18:27:29,48523,243.33,2.0977,130,30.00
2026-07-12,18:27:39,48533,240.00,2.0690,129,30.00
2026-07-12,18:27:49,48543,236.67,2.0402,130,30.00
2026-07-12,18:27:59,48553,233.33,2.0115,131,30.00
2026-07-12,18:28:09,48563,230.00,1.9828,130,30.00
2026-07-12,18:28:19,48573,226.67,1.9540,126,30.00
2026-07-12,18:28:29,48583,220.00,1.8966,130,30.00
2026-07-12,18:28:39,48593,213.33,1.8391,129,30.00
2026-07-12,18:28:49,48603,210.00,1.8103,128,30.00
2026-07-12,18:28:59,48613,206.67,1.7816,130,30.00
2026-07-12,18:29:09,48623,203.33,1.7529,125,30.00
2026-07-12,18:29:19,48633,200.00,1.7241,122,30.00
2026-07-12,18:29:29,48643,196.67,1.6954,124,30.00
2026-07-12,18:29:39,48653,193.33,1.6667,123,30.00
2026-07-12,18:29:49,48663,190.00,1.6379,124,30.00
2026-07-12,18:29:59,48673,186.67,1.6092,128,30.00
2026-07-12,18:30:09,48683,183.33,1.5805,127,30.00
2026-07-12,18:30:19,48693,180.00,1.5517,135,30.00
2026-07-12,18:30:29,48703,170.00,1.4655,135,30.00
2026-07-12,18:30:39,48713,166.67,1.4368,127,30.00
2026-07-12,18:30:49,48723,156.67,1.3506,131,30.00
2026-07-12,18:30:59,48733,153.33,1.3218,128,30.00
2026-07-12,18:31:09,48743,143.33,1.2356,125,30.00
2026-07-12,18:31:19,48753,136.67,1.1782,131,30.00
2026-07-12,18:31:29,48763,130.00,1.1207,120,30.00
2026-07-12,18:31:39,48773,123.33,1.0632,128,30.00
2026-07-12,18:31:49,48783,116.67,1.0057,125,30.00
2026-07-12,18:31:59,48793,113.33,0.9770,132,30.00
2026-07-12,18:32:09,48803,110.00,0.9483,124,30.00
2026-07-12,18:32:19,48813,110.00,0.9483,135,30.00
2026-07-12,18:32:29,48823,106.67,0.9195,119,30.00
2026-07-12,18:32:39,48833,106.67,0.9195,124,30.00
2026-07-12,18:32:49,48843,103.33,0.8908,126,30.00
2026-07-12,18:32:59,48853,103.33,0.8908,125,30.00
2026-07-12,18:33:09,48863,103.33,0.8908,125,30.00
2026-07-12,18:33:19,48873,100.00,0.8621,124,30.00
2026-07-12,18:33:29,48883,100.00,0.8621,122,30.00
2026-07-12,18:33:39,48893,96.67,0.8333,129,30.00
2026-07-12,18:33:49,48903,93.33,0.8046,133,30.00
2026-07-12,18:33:59,48913,93.33,0.8046,131,30.00
2026-07-12,18:34:09,48923,90.00,0.7759,129,30.00
2026-07-12,18:34:19,48933,86.67,0.7471,138,30.00
2026-07-12,18:34:29,48943,83.33,0.7184,124,30.00
2026-07-12,18:34:39,48953,83.33,0.7184,128,30.00
