time_minutes,hour_decimal,Jan_DOY015,Apr_DOY105,Jul_DOY196,Sep_DOY258,Oct_DOY289,Dec_DOY350
0,0.0,0.0,,,,,
1,0.0167,0.0,,,,,
2,0.0333,0.0,,,,,
3,0.05,0.0,,,,,
4,0.0667,0.0,,,,,
5,0.0833,0.0,,,,,
6,0.1,0.0,,,,,
7,0.1167,0.0,,,,,
8,0.1333,0.0,,,,,
9,0.15,0.0,,,,,
10,0.1667,0.0,,,,,
11,0.1833,0.0,,,,,
12,0.2,0.0,,,,,
13,0.2167,0.0,,,,,
14,0.2333,0.0,,,,,
15,0.25,0.0,,,,,
16,0.2667,0.0,,,,,
17,0.2833,0.0,,,,,
18,0.3,0.0,,,,,
19,0.3167,0.0,,,,,
20,0.3333,0.0,,,,,
21,0.35,0.0,,,,,
22,0.3667,0.0,,,,,
23,0.3833,0.0,,,,,
24,0.4,0.0,,,,,
25,0.4167,0.0,,,,,
26,0.4333,0.0,,,,,
27,0.45,0.0,,,,,
28,0.4667,0.0,,,,,
29,0.4833,0.0,,,,,
30,0.5,0.0,,,,,
31,0.5167,0.0,,,,,
32,0.5333,0.0,,,,,
33,0.55,0.0,,,,,
34,0.5667,0.0,,,,,
35,0.5833,0.0,,,,,
36,0.6,0.0,,,,,
37,0.6167,0.0,,,,,
38,0.6333,0.0,,,,,
39,0.65,0.0,,,,,
40,0.6667,0.0,,,,,
41,0.6833,0.0,,,,,
42,0.7,0.0,,,,,
43,0.7167,0.0,,,,,
44,0.7333,0.0,,,,,
45,0.75,0.0,,,,,
46,0.7667,0.0,,,,,
47,0.7833,0.0,,,,,
48,0.8,0.0,,,,,
49,0.8167,0.0,,,,,
50,0.8333,0.0,,,,,
51,0.85,0.0,,,,,
52,0.8667,0.0,,,,,
53,0.8833,0.0,,,,,
54,0.9,0.0,,,,,
55,0.9167,0.0,,,,,
56,0.9333,0.0,,,,,
57,0.95,0.0,,,,,
58,0.9667,0.0,,,,,
59,0.9833,0.0,,,,,
60,1.0,0.0,,,,,
61,1.0167,0.0,,,,,
62,1.0333,0.0,,,,,
63,1.05,0.0,,,,,
64,1.0667,0.0,,,,,
65,1.0833,0.0,,,,,
66,1.1,0.0,,,,,
67,1.1167,0.0,,,,,
68,1.1333,0.0,,,,,
69,1.15,0.0,,,,,
70,1.1667,0.0,,,,,
71,1.1833,0.0,,,,,
72,1.2,0.0,,,,,
73,1.2167,0.0,,,,,
74,1.2333,0.0,,,,,
75,1.25,0.0,,,,,
76,1.2667,0.0,,,,,
77,1.2833,0.0,,,,,
78,1.3,0.0,,,,,
79,1.3167,0.0,,,,,
80,1.3333,0.0,,,,,
81,1.35,0.0,,,,,
82,1.3667,0.0,,,,,
83,1.3833,0.0,,,,,
84,1.4,0.0,,,,,
85,1.4167,0.0,,,,,
86,1.4333,0.0,,,,,
87,1.45,0.0,,,,,
88,1.4667,0.0,,,,,
89,1.4833,0.0,,,,,
90,1.5,0.0,,,,,
91,1.5167,0.0,,,,,
92,1.5333,0.0,,,,,
93,1.55,0.0,,,,,
94,1.5667,0.0,,,,,
95,1.5833,0.0,,,,,
96,1.6,0.0,,,,,
97,1.6167,0.0,,,,,
98,1.6333,0.0,,,,,
99,1.65,0.0,,,,,
100,1.6667,0.0,,,,,
101,1.6833,0.0,,,,,
102,1.7,0.0,,,,,
103,1.7167,0.0,,,,,
104,1.7333,0.0,,,,,
105,1.75,0.0,,,,,
106,1.7667,0.0,,,,,
107,1.7833,0.0,,,,,
108,1.8,0.0,,,,,
109,1.8167,0.0,,,,,
110,1.8333,0.0,,,,,
111,1.85,0.0,,,,,
112,1.8667,0.0,,,,,
113,1.8833,0.0,,,,,
114,1.9,0.0,,,,,
115,1.9167,0.0,,,,,
116,1.9333,0.0,,,,,
117,1.95,0.0,,,,,
118,1.9667,0.0,,,,,
119,1.9833,0.0,,,,,
120,2.0,0.0,,,,,
121,2.0167,0.0,,,,,
122,2.0333,0.0,,,,,
123,2.05,0.0,,,,,
124,2.0667,0.0,,,,,
125,2.0833,0.0,,,,,
126,2.1,0.0,,,,,
127,2.1167,0.0,,,,,
128,2.1333,0.0,,,,,
129,2.15,0.0,,,,,
130,2.1667,0.0,,,,,
131,2.1833,0.0,,,,,
132,2.2,0.0,,,,,
133,2.2167,0.0,,,,,
134,2.2333,0.0,,,,,
135,2.25,0.0,,,,,
136,2.2667,0.0,,,,,
137,2.2833,0.0,,,,,
138,2.3,0.0,,,,,
139,2.3167,0.0,,,,,
140,2.3333,0.0,,,,,
141,2.35,0.0,,,,,
142,2.3667,0.0,,,,,
143,2.3833,0.0,,,,,
144,2.4,0.0,,,,,
145,2.4167,0.0,,,,,
146,2.4333,0.0,,,,,
147,2.45,0.0,,,,,
148,2.4667,0.0,,,,,
149,2.4833,0.0,,,,,
150,2.5,0.0,,,,,
151,2.5167,0.0,,,,,
152,2.5333,0.0,,,,,
153,2.55,0.0,,,,,
154,2.5667,0.0,,,,,
155,2.5833,0.0,,,,,
156,2.6,0.0,,,,,
157,2.6167,0.0,,,,,
158,2.6333,0.0,,,,,
159,2.65,0.0,,,,,
160,2.6667,0.0,,,,,
161,2.6833,0.0,,,,,
162,2.7,0.0,,,,,
163,2.7167,0.0,,,,,
164,2.7333,0.0,,,,,
165,2.75,0.0,,,,,
166,2.7667,0.0,,,,,
167,2.7833,0.0,,,,,
168,2.8,0.0,,,,,
169,2.8167,0.0,,,,,
170,2.8333,0.0,,,,,
171,2.85,0.0,,,,,
172,2.8667,0.0,,,,,
173,2.8833,0.0,,,,,
174,2.9,0.0,,,,,
175,2.9167,0.0,,,,,
176,2.9333,0.0,,,,,
177,2.95,0.0,,,,,
178,2.9667,0.0,,,,,
179,2.9833,0.0,,,,,
180,3.0,0.0,,,,,
181,3.0167,0.0,,,,,
182,3.0333,0.0,,,,,
183,3.05,0.0,,,,,
184,3.0667,0.0,,,,,
185,3.0833,0.0,,,,,
186,3.1,0.0,,,,,
187,3.1167,0.0,,,,,
188,3.1333,0.0,,,,,
189,3.15,0.0,,,,,
190,3.1667,0.0,,,,,
191,3.1833,0.0,,,,,
192,3.2,0.0,,,,,
193,3.2167,0.0,,,,,
194,3.2333,0.0,,,,,
195,3.25,0.0,,,,,
196,3.2667,0.0,,,,,
197,3.2833,0.0,,,,,
198,3.3,0.0,,,,,
199,3.3167,0.0,,,,,
200,3.3333,0.0,,,,,
201,3.35,0.0,,,,,
202,3.3667,0.0,,,,,
203,3.3833,0.0,,,,,
204,3.4,0.0,,,,,
205,3.4167,0.0,,,,,
206,3.4333,0.0,,,,,
207,3.45,0.0,,,,,
208,3.4667,0.0,,,,,
209,3.4833,0.0,,,,,
210,3.5,0.0,,,,,
211,3.5167,0.0,,,,,
212,3.5333,0.0,,,,,
213,3.55,0.0,,,,,
214,3.5667,0.0,,,,,
215,3.5833,0.0,,,,,
216,3.6,0.0,,,,,
217,3.6167,0.0,,,,,
218,3.6333,0.0,,,,,
219,3.65,0.0,,,,,
220,3.6667,0.0,,,,,
221,3.6833,0.0,,,,,
222,3.7,0.0,,,,,
223,3.7167,0.0,,,,,
224,3.7333,0.0,,,,,
225,3.75,0.0,,,,,
226,3.7667,0.0,,,,,
227,3.7833,0.0,,,,,
228,3.8,0.0,,,,,
229,3.8167,0.0,,,,,
230,3.8333,0.0,,,,,
231,3.85,0.0,,,,,
232,3.8667,0.0,,,,,
233,3.8833,0.0,,,,,
234,3.9,0.0,,,,,
235,3.9167,0.0,,,,,
236,3.9333,0.0,,,,,
237,3.95,0.0,,,,,
238,3.9667,0.0,,,,,
239,3.9833,0.0,,,,,
240,4.0,0.0,,,,,
241,4.0167,0.0,,,,,
242,4.0333,0.0,,,,,
243,4.05,0.0,,,,,
244,4.0667,0.0,,,,,
245,4.0833,0.0,,,,,
246,4.1,0.0,,,,,
247,4.1167,0.0,,,,,
248,4.1333,0.0,,,,,
249,4.15,0.0,,,,,
250,4.1667,0.0,,,,,
251,4.1833,0.0,,,,,
252,4.2,0.0,,,,,
253,4.2167,0.0,,,,,
254,4.2333,0.0,,,,,
255,4.25,0.0,,,,,
256,4.2667,0.0,,,,,
257,4.2833,0.0,,,,,
258,4.3,0.0,,,,,
259,4.3167,0.0,,,,,
260,4.3333,0.0,,,,,
261,4.35,0.0,,,,,
262,4.3667,0.0,,,,,
263,4.3833,0.0,,,,,
264,4.4,0.0,,,,,
265,4.4167,0.0,,,,,
266,4.4333,0.0,,,,,
267,4.45,0.0,,,,,
268,4.4667,0.0,,,,,
269,4.4833,0.0,,,,,
270,4.5,0.0,,,,,
271,4.5167,0.0,,,,,
272,4.5333,0.0,,,,,
273,4.55,0.0,,,,,
274,4.5667,0.0,,,,,
275,4.5833,0.0,,,,,
276,4.6,0.0,,,,,
277,4.6167,0.0,,,,,
278,4.6333,0.0,,,,,
279,4.65,0.0,,,,,
280,4.6667,0.0,,,,,
281,4.6833,0.0,,,,,
282,4.7,0.0,,,,,
283,4.7167,0.0,,,,,
284,4.7333,0.0,,,,,
285,4.75,0.0,,,,,
286,4.7667,0.0,,,,,
287,4.7833,0.0,,,,,
288,4.8,0.0,,,,,
289,4.8167,0.0,,,,,
290,4.8333,0.0,,,,,
291,4.85,0.0,,,,,
292,4.8667,0.0,,,,,
293,4.8833,0.0,,,,,
294,4.9,0.0,,,,,
295,4.9167,0.0,,,,,
296,4.9333,0.0,,,,,
297,4.95,0.0,,,,,
298,4.9667,0.0,,,,,
299,4.9833,0.0,,,,,
300,5.0,0.0,,,,,
301,5.0167,0.0,,,,,
302,5.0333,0.0,,,,,
303,5.05,0.0,,,,,
304,5.0667,0.0,,,,,
305,5.0833,0.0,,,,,
306,5.1,0.0,,,,,
307,5.1167,0.0,,,,,
308,5.1333,0.0,,,,,
309,5.15,0.0,,,,,
310,5.1667,0.0,,,,,
311,5.1833,0.0,,,,,
312,5.2,0.0,,,,,
313,5.2167,0.0,,,,,
314,5.2333,0.0,,,,,
315,5.25,0.0,,,,,
316,5.2667,0.0,,,,,
317,5.2833,0.0,,,,,
318,5.3,0.0,,,,,
319,5.3167,0.0,,,,,
320,5.3333,0.0,,,,,
321,5.35,0.0,,,,,
322,5.3667,0.0,,,,,
323,5.3833,0.0,,,,,
324,5.4,0.0,,,,,
325,5.4167,0.0,,,,,
326,5.4333,0.0,,,,,
327,5.45,0.0,,,,,
328,5.4667,0.0,,,,,
329,5.4833,0.0,,,,,
330,5.5,0.0,,,,,
331,5.5167,0.0,,,,,
332,5.5333,0.0,,,,,
333,5.55,0.0,,,,,
334,5.5667,0.0,,,,,
335,5.5833,0.0,,,,,
336,5.6,0.0,,,,,
337,5.6167,0.0,,,,,
338,5.6333,0.0,,,,,
339,5.65,0.0,,,,,
340,5.6667,0.0,,,,,
341,5.6833,0.0,,,,,
342,5.7,0.0,,,,,
343,5.7167,0.0,,,,,
344,5.7333,0.0,,,,,
345,5.75,0.0,,,,,
346,5.7667,0.0,,,,,
347,5.7833,0.0,,,,,
348,5.8,0.0,,,,,
349,5.8167,0.0,,,,,
350,5.8333,0.0,,,,,
351,5.85,0.0,,,,,
352,5.8667,0.0,,,,,
353,5.8833,0.0,,,,,
354,5.9,0.0,,,,,
355,5.9167,0.0,,,,,
356,5.9333,0.0,,,,,
357,5.95,0.0,,,,,
358,5.9667,0.0,,,,,
359,5.9833,0.0,,,,,
360,6.0,0.0,,,,,
361,6.0167,0.0,,,,,
362,6.0333,0.0,,,,,
363,6.05,0.0,,,,,
364,6.0667,0.0,,,,,
365,6.0833,0.0,,,,,
366,6.1,0.0,,,,,
367,6.1167,0.0,,,,,
368,6.1333,0.0,,,,,
369,6.15,0.0,,,,,
370,6.1667,0.0,,,,,
371,6.1833,0.0,,,,,
372,6.2,0.0,,,,,
373,6.2167,0.0,,,,,
374,6.2333,0.0,,,,,
375,6.25,0.0,,,,,
376,6.2667,0.0,,,,,
377,6.2833,0.0,,,,,
378,6.3,0.0,,,,,
379,6.3167,3.18,,,,,
380,6.3333,5.27,,,,,
381,6.35,10.53,,,,,
382,6.3667,14.04,,,,,
383,6.3833,17.55,,,,,
384,6.4,21.05,,,,,
385,6.4167,22.95,,,,,
386,6.4333,28.07,,,,,
387,6.45,19.14,,,,,
388,6.4667,22.94,,,,,
389,6.4833,33.29,,,,,
390,6.5,42.09,,,,,
391,6.5167,45.6,,,,,
392,6.5333,44.62,,,,,
393,6.55,43.99,,,,,
394,6.5667,42.76,,,,,
395,6.5833,52.57,,,,,
396,6.6,63.1,,,,,
397,6.6167,66.59,,,,,
398,6.6333,64.79,,,,,
399,6.65,72.43,,,,,
400,6.6667,55.46,,,,,
401,6.6833,74.03,,,,,
402,6.7,84.05,,,,,
403,6.7167,87.53,,,,,
404,6.7333,91.02,,,,,
405,6.75,72.75,,,,,
406,6.7667,72.5,,,,,
407,6.7833,101.46,,,,,
408,6.8,82.35,,,,,
409,6.8167,94.57,,,,,
410,6.8333,111.88,,,,,
411,6.85,115.35,,,,,
412,6.8667,118.81,,,,,
413,6.8833,109.04,,,,,
414,6.9,120.49,,,,,
415,6.9167,129.19,,,,,
416,6.9333,108.72,,,,,
417,6.95,88.81,,,,,
418,6.9667,139.55,,,,,
419,6.9833,143.0,,,,,
420,7.0,146.44,,,,,
421,7.0167,149.88,,,,,
422,7.0333,124.6,,,,,
423,7.05,156.75,,,,,
424,7.0667,160.17,,,,,
425,7.0833,117.89,,,,,
426,7.1,167.02,,,,,
427,7.1167,120.95,,,,,
428,7.1333,173.85,,,,,
429,7.15,177.26,,,,,
430,7.1667,180.67,,,,,
431,7.1833,170.47,,,,,
432,7.2,187.47,,,,,
433,7.2167,190.87,,,,,
434,7.2333,194.26,,,,,
435,7.25,119.75,,,,,
436,7.2667,201.02,,,,,
437,7.2833,195.82,,,,,
438,7.3,152.61,,,,,
439,7.3167,211.14,,,,,
440,7.3333,92.5,,,,,
441,7.35,165.58,,,,,
442,7.3667,150.0,,,,,
443,7.3833,167.98,,,,,
444,7.4,109.77,,,,,
445,7.4167,198.03,,,,,
446,7.4333,78.08,,,,,
447,7.45,134.71,,,,,
448,7.4667,174.97,,,,,
449,7.4833,168.45,,,,,
450,7.5,133.47,,,,,
451,7.5167,139.74,,,,,
452,7.5333,224.64,,,,,
453,7.55,185.76,,,,,
454,7.5667,261.05,,,,,
455,7.5833,253.95,,,,,
456,7.6,208.91,,,,,
457,7.6167,188.89,,,,,
458,7.6333,200.87,,,,,
459,7.65,205.88,,,,,
460,7.6667,237.88,,,,,
461,7.6833,190.84,,,,,
462,7.7,152.46,,,,,
463,7.7167,202.58,,,,,
464,7.7333,262.28,,,,,
465,7.75,296.83,,,,,
466,7.7667,279.12,,,,,
467,7.7833,303.25,,,,,
468,7.8,306.45,,,,,
469,7.8167,294.22,,,,,
470,7.8333,312.84,,,,,
471,7.85,261.75,,,,,
472,7.8667,319.19,,,,,
473,7.8833,307.29,,,,,
474,7.9,325.52,,,,,
475,7.9167,328.67,,,,,
476,7.9333,331.81,,,,,
477,7.95,308.51,,,,,
478,7.9667,338.08,,,,,
479,7.9833,341.2,,,,,
480,8.0,344.32,,,,,
481,8.0167,334.04,,,,,
482,8.0333,295.95,,,,,
483,8.05,277.18,,,,,
484,8.0667,221.9,,,,,
485,8.0833,358.43,,,,,
486,8.1,362.85,,,,,
487,8.1167,365.9,,,,,
488,8.1333,328.77,,,,,
489,8.15,227.92,,,,,
490,8.1667,375.04,,,,,
491,8.1833,358.64,,,,,
492,8.2,381.08,,,,,
493,8.2167,384.09,,,,,
494,8.2333,387.09,,,,,
495,8.25,390.08,,,,,
496,8.2667,393.07,,,,,
497,8.2833,395.96,,,,,
498,8.3,356.23,,,,,
499,8.3167,401.97,,,,,
500,8.3333,404.92,,,,,
501,8.35,407.86,,,,,
502,8.3667,410.79,,,,,
503,8.3833,413.71,,,,,
504,8.4,416.62,,,,,
505,8.4167,363.48,,,,,
506,8.4333,422.42,,,,,
507,8.45,425.3,,,,,
508,8.4667,423.45,,,,,
509,8.4833,431.04,,,,,
510,8.5,433.9,,,,,
511,8.5167,436.74,,,,,
512,8.5333,439.58,,,,,
513,8.55,273.72,,,,,
514,8.5667,445.22,,,,,
515,8.5833,262.9,,,,,
516,8.6,450.83,,,,,
517,8.6167,453.61,,,,,
518,8.6333,456.39,,,,,
519,8.65,459.16,,,,,
520,8.6667,461.91,,,,,
521,8.6833,464.66,,,,,
522,8.7,435.79,,,,,
523,8.7167,470.12,,,,,
524,8.7333,431.35,,,,,
525,8.75,433.38,,,,,
526,8.7667,459.68,,,,,
527,8.7833,303.56,,,,,
528,8.8,354.05,,,,,
529,8.8167,486.25,,,,,
530,8.8333,488.9,,,,,
531,8.85,491.54,,,,,
532,8.8667,494.17,,,,,
533,8.8833,496.79,,,,,
534,8.9,499.4,,,,,
535,8.9167,501.99,,,,,
536,8.9333,296.94,,,,,
537,8.95,363.54,,,,,
538,8.9667,509.71,,,,,
539,8.9833,506.67,,,,,
540,9.0,514.8,,,,,
541,9.0167,517.33,,,,,
542,9.0333,519.85,,,,,
543,9.05,494.82,,,,,
544,9.0667,524.85,,,,,
545,9.0833,497.98,,,,,
546,9.1,425.19,,,,,
547,9.1167,297.08,,,,,
548,9.1333,433.67,,,,,
549,9.15,228.68,,,,,
550,9.1667,132.46,,,,,
551,9.1833,72.29,,,,,
552,9.2,122.24,,,,,
553,9.2167,96.86,,,,,
554,9.2333,157.18,,,,,
555,9.25,51.81,,,,,
556,9.2667,70.22,,,,,
557,9.2833,123.22,,,,,
558,9.3,115.3,,,,,
559,9.3167,83.93,,,,,
560,9.3333,220.11,,,,,
561,9.35,298.7,,,,,
562,9.3667,320.72,,,,,
563,9.3833,445.29,,,,,
564,9.4,371.24,,,,,
565,9.4167,428.65,,,,,
566,9.4333,318.5,,,,,
567,9.45,444.07,,,,,
568,9.4667,297.34,,,,,
569,9.4833,509.65,,,,,
570,9.5,438.48,,,,,
571,9.5167,263.88,,,,,
572,9.5333,362.3,,,,,
573,9.55,529.62,,,,,
574,9.5667,358.56,,,,,
575,9.5833,490.84,,,,,
576,9.6,352.83,,,,,
577,9.6167,320.75,,,,,
578,9.6333,464.09,,,,,
579,9.65,436.69,,,,,
580,9.6667,82.07,,,,,
581,9.6833,146.06,,,,,
582,9.7,104.48,,,,,
583,9.7167,95.3,,,,,
584,9.7333,150.69,,,,,
585,9.75,400.51,,,,,
586,9.7667,168.66,,,,,
587,9.7833,423.87,,,,,
588,9.8,515.63,,,,,
589,9.8167,335.79,,,,,
590,9.8333,378.57,,,,,
591,9.85,413.3,,,,,
592,9.8667,298.7,,,,,
593,9.8833,342.47,,,,,
594,9.9,481.09,,,,,
595,9.9167,635.37,,,,,
596,9.9333,507.33,,,,,
597,9.95,638.99,,,,,
598,9.9667,583.44,,,,,
599,9.9833,642.56,,,,,
600,10.0,644.32,,,,,
601,10.0167,646.07,,,,,
602,10.0333,543.27,,,,,
603,10.05,648.78,,,,,
604,10.0667,651.23,,,,,
605,10.0833,559.05,,,,,
606,10.1,654.59,,,,,
607,10.1167,656.25,,,,,
608,10.1333,569.27,,,,,
609,10.15,640.89,,,,,
610,10.1667,661.15,,,,,
611,10.1833,619.94,,,,,
612,10.2,385.49,,,,,
613,10.2167,496.7,,,,,
614,10.2333,524.77,,,,,
615,10.25,669.01,,,,,
616,10.2667,670.54,,,,,
617,10.2833,421.09,,,,,
618,10.3,647.56,,,,,
619,10.3167,675.03,,,,,
620,10.3333,395.67,,,,,
621,10.35,666.03,,,,,
622,10.3667,679.39,,,,,
623,10.3833,680.81,,,,,
624,10.4,682.22,,,,,
625,10.4167,387.44,,,,,
626,10.4333,684.99,,,,,
627,10.45,641.67,,,,,
628,10.4667,433.87,,,,,
629,10.4833,689.03,,,,,
630,10.5,449.11,,,,,
631,10.5167,691.65,,,,,
632,10.5333,692.94,,,,,
633,10.55,694.21,,,,,
634,10.5667,600.25,,,,,
635,10.5833,504.89,,,,,
636,10.6,697.92,,,,,
637,10.6167,699.13,,,,,
638,10.6333,700.32,,,,,
639,10.65,535.58,,,,,
640,10.6667,702.66,,,,,
641,10.6833,529.81,,,,,
642,10.7,687.68,,,,,
643,10.7167,668.99,,,,,
644,10.7333,679.79,,,,,
645,10.75,708.23,,,,,
646,10.7667,499.28,,,,,
647,10.7833,710.35,,,,,
648,10.8,711.39,,,,,
649,10.8167,712.41,,,,,
650,10.8333,557.71,,,,,
651,10.85,650.12,,,,,
652,10.8667,715.37,,,,,
653,10.8833,666.95,,,,,
654,10.9,717.27,,,,,
655,10.9167,714.28,,,,,
656,10.9333,452.8,,,,,
657,10.95,719.99,,,,,
658,10.9667,720.87,,,,,
659,10.9833,721.73,,,,,
660,11.0,722.57,,,,,
661,11.0167,723.4,,,,,
662,11.0333,415.83,,,,,
663,11.05,725.01,,,,,
664,11.0667,647.71,,,,,
665,11.0833,726.55,,,,,
666,11.1,438.8,,,,,
667,11.1167,703.8,,,,,
668,11.1333,602.2,,,,,
669,11.15,729.45,,,,,
670,11.1667,607.07,,,,,
671,11.1833,730.8,,,,,
672,11.2,648.88,,,,,
673,11.2167,732.08,,,,,
674,11.2333,732.7,,,,,
675,11.25,733.3,,,,,
676,11.2667,733.88,,,,,
677,11.2833,513.94,,,,,
678,11.3,584.83,,,,,
679,11.3167,476.37,,,,,
680,11.3333,736.06,,,,,
681,11.35,688.04,,,,,
682,11.3667,737.05,,,,,
683,11.3833,596.45,,,,,
684,11.4,479.65,,,,,
685,11.4167,680.25,,,,,
686,11.4333,407.69,,,,,
687,11.45,593.33,,,,,
688,11.4667,537.59,,,,,
689,11.4833,366.05,,,,,
690,11.5,552.71,,,,,
691,11.5167,569.18,,,,,
692,11.5333,626.21,,,,,
693,11.55,593.55,,,,,
694,11.5667,584.35,,,,,
695,11.5833,741.88,,,,,
696,11.6,491.89,,,,,
697,11.6167,742.38,,,,,
698,11.6333,742.6,,,,,
699,11.65,557.79,,,,,
700,11.6667,734.27,,,,,
701,11.6833,449.46,,,,,
702,11.7,561.24,,,,,
703,11.7167,481.91,,,,,
704,11.7333,743.59,,,,,
705,11.75,743.7,,,,,
706,11.7667,686.62,,,,,
707,11.7833,566.66,,,,,
708,11.8,743.93,,,,,
709,11.8167,743.97,,,,,
710,11.8333,708.36,,,,,
711,11.85,744.0,,,,,
712,11.8667,743.99,,,,,
713,11.8833,726.12,,,,,
714,11.9,743.93,,,,,
715,11.9167,743.87,,,,,
716,11.9333,743.79,,,,,
717,11.95,743.7,,,,,
718,11.9667,743.59,,,,,
719,11.9833,743.47,,,,,
720,12.0,701.79,,,,,
721,12.0167,743.17,,,,,
722,12.0333,743.0,,,,,
723,12.05,663.15,,,,,
724,12.0667,627.51,,,,,
725,12.0833,742.38,,,,,
726,12.1,742.14,,,,,
727,12.1167,741.88,,,,,
728,12.1333,741.61,,,,,
729,12.15,540.74,,,,,
730,12.1667,741.01,,,,,
731,12.1833,486.59,,,,,
732,12.2,740.35,,,,,
733,12.2167,484.68,,,,,
734,12.2333,739.63,,,,,
735,12.25,739.24,,,,,
736,12.2667,738.83,,,,,
737,12.2833,454.81,,,,,
738,12.3,489.9,,,,,
739,12.3167,737.52,,,,,
740,12.3333,452.24,,,,,
741,12.35,736.56,,,,,
742,12.3667,607.33,,,,,
743,12.3833,663.66,,,,,
744,12.4,735.0,,,,,
745,12.4167,626.46,,,,,
746,12.4333,733.88,,,,,
747,12.45,586.18,,,,,
748,12.4667,732.7,,,,,
749,12.4833,603.92,,,,,
750,12.5,728.2,,,,,
751,12.5167,730.8,,,,,
752,12.5333,730.13,,,,,
753,12.55,493.54,,,,,
754,12.5667,728.75,,,,,
755,12.5833,728.03,,,,,
756,12.6,727.3,,,,,
757,12.6167,452.14,,,,,
758,12.6333,725.79,,,,,
759,12.65,725.01,,,,,
760,12.6667,724.21,,,,,
761,12.6833,723.4,,,,,
762,12.7,394.11,,,,,
763,12.7167,721.73,,,,,
764,12.7333,720.87,,,,,
765,12.75,719.99,,,,,
766,12.7667,661.83,,,,,
767,12.7833,580.15,,,,,
768,12.8,564.47,,,,,
769,12.8167,433.08,,,,,
770,12.8333,698.1,,,,,
771,12.85,714.4,,,,,
772,12.8667,540.9,,,,,
773,12.8833,712.41,,,,,
774,12.9,432.94,,,,,
775,12.9167,701.28,,,,,
776,12.9333,431.01,,,,,
777,12.95,452.12,,,,,
778,12.9667,577.13,,,,,
779,12.9833,706.05,,,,,
780,13.0,704.94,,,,,
781,13.0167,703.81,,,,,
782,13.0333,702.66,,,,,
783,13.05,701.5,,,,,
784,13.0667,497.87,,,,,
785,13.0833,699.13,,,,,
786,13.1,697.92,,,,,
787,13.1167,631.43,,,,,
788,13.1333,451.3,,,,,
789,13.15,694.21,,,,,
790,13.1667,436.72,,,,,
791,13.1833,680.61,,,,,
792,13.2,478.87,,,,,
793,13.2167,540.28,,,,,
794,13.2333,408.38,,,,,
795,13.25,686.35,,,,,
796,13.2667,436.36,,,,,
797,13.2833,490.76,,,,,
798,13.3,538.74,,,,,
799,13.3167,680.81,,,,,
800,13.3333,401.13,,,,,
801,13.35,584.41,,,,,
802,13.3667,396.48,,,,,
803,13.3833,675.03,,,,,
804,13.4,470.08,,,,,
805,13.4167,568.65,,,,,
806,13.4333,619.03,,,,,
807,13.45,401.62,,,,,
808,13.4667,667.47,,,,,
809,13.4833,665.91,,,,,
810,13.5,376.75,,,,,
811,13.5167,644.1,,,,,
812,13.5333,502.74,,,,,
813,13.55,659.53,,,,,
814,13.5667,657.9,,,,,
815,13.5833,625.31,,,,,
816,13.6,654.59,,,,,
817,13.6167,652.92,,,,,
818,13.6333,651.23,,,,,
819,13.65,649.52,,,,,
820,13.6667,647.8,,,,,
821,13.6833,646.07,,,,,
822,13.7,644.32,,,,,
823,13.7167,550.64,,,,,
824,13.7333,619.59,,,,,
825,13.75,464.13,,,,,
826,13.7667,637.19,,,,,
827,13.7833,635.37,,,,,
828,13.8,448.55,,,,,
829,13.8167,631.69,,,,,
830,13.8333,420.95,,,,,
831,13.85,627.95,,,,,
832,13.8667,626.07,,,,,
833,13.8833,624.16,,,,,
834,13.9,622.25,,,,,
835,13.9167,620.31,,,,,
836,13.9333,502.1,,,,,
837,13.95,610.81,,,,,
838,13.9667,480.01,,,,,
839,13.9833,612.45,,,,,
840,14.0,610.45,,,,,
841,14.0167,411.02,,,,,
842,14.0333,606.41,,,,,
843,14.05,604.37,,,,,
844,14.0667,602.32,,,,,
845,14.0833,369.62,,,,,
846,14.1,598.17,,,,,
847,14.1167,449.71,,,,,
848,14.1333,593.97,,,,,
849,14.15,591.85,,,,,
850,14.1667,414.37,,,,,
851,14.1833,410.93,,,,,
852,14.2,585.41,,,,,
853,14.2167,475.63,,,,,
854,14.2333,581.06,,,,,
855,14.25,578.86,,,,,
856,14.2667,338.37,,,,,
857,14.2833,519.42,,,,,
858,14.3,572.19,,,,,
859,14.3167,569.94,,,,,
860,14.3333,567.67,,,,,
861,14.35,565.4,,,,,
862,14.3667,371.44,,,,,
863,14.3833,510.32,,,,,
864,14.4,409.02,,,,,
865,14.4167,556.18,,,,,
866,14.4333,553.84,,,,,
867,14.45,503.7,,,,,
868,14.4667,380.58,,,,,
869,14.4833,546.75,,,,,
870,14.5,544.37,,,,,
871,14.5167,454.82,,,,,
872,14.5333,539.56,,,,,
873,14.55,537.14,,,,,
874,14.5667,515.09,,,,,
875,14.5833,532.25,,,,,
876,14.6,529.8,,,,,
877,14.6167,527.33,,,,,
878,14.6333,524.85,,,,,
879,14.65,489.87,,,,,
880,14.6667,519.85,,,,,
881,14.6833,517.33,,,,,
882,14.7,514.8,,,,,
883,14.7167,512.26,,,,,
884,14.7333,401.76,,,,,
885,14.75,507.15,,,,,
886,14.7667,347.91,,,,,
887,14.7833,501.99,,,,,
888,14.8,374.39,,,,,
889,14.8167,448.67,,,,,
890,14.8333,494.17,,,,,
891,14.85,344.19,,,,,
892,14.8667,488.9,,,,,
893,14.8833,486.25,,,,,
894,14.9,387.03,,,,,
895,14.9167,320.86,,,,,
896,14.9333,304.72,,,,,
897,14.95,213.67,,,,,
898,14.9667,221.1,,,,,
899,14.9833,363.37,,,,,
900,15.0,97.25,,,,,
901,15.0167,103.48,,,,,
902,15.0333,61.54,,,,,
903,15.05,89.77,,,,,
904,15.0667,106.73,,,,,
905,15.0833,102.3,,,,,
906,15.1,99.62,,,,,
907,15.1167,105.65,,,,,
908,15.1333,74.11,,,,,
909,15.15,100.58,,,,,
910,15.1667,111.83,,,,,
911,15.1833,38.21,,,,,
912,15.2,114.4,,,,,
913,15.2167,63.95,,,,,
914,15.2333,77.92,,,,,
915,15.25,80.35,,,,,
916,15.2667,97.56,,,,,
917,15.2833,68.98,,,,,
918,15.3,111.93,,,,,
919,15.3167,94.94,,,,,
920,15.3333,63.48,,,,,
921,15.35,56.48,,,,,
922,15.3667,109.32,,,,,
923,15.3833,73.47,,,,,
924,15.4,94.55,,,,,
925,15.4167,92.85,,,,,
926,15.4333,97.5,,,,,
927,15.45,69.21,,,,,
928,15.4667,63.7,,,,,
929,15.4833,66.08,,,,,
930,15.5,266.0,,,,,
931,15.5167,258.98,,,,,
932,15.5333,352.35,,,,,
933,15.55,210.63,,,,,
934,15.5667,285.39,,,,,
935,15.5833,248.54,,,,,
936,15.6,215.61,,,,,
937,15.6167,331.42,,,,,
938,15.6333,252.41,,,,,
939,15.65,176.86,,,,,
940,15.6667,186.34,,,,,
941,15.6833,199.83,,,,,
942,15.7,271.52,,,,,
943,15.7167,260.11,,,,,
944,15.7333,179.72,,,,,
945,15.75,192.86,,,,,
946,15.7667,291.42,,,,,
947,15.7833,239.36,,,,,
948,15.8,269.3,,,,,
949,15.8167,199.27,,,,,
950,15.8333,179.96,,,,,
951,15.85,228.27,,,,,
952,15.8667,182.33,,,,,
953,15.8833,205.8,,,,,
954,15.9,123.74,,,,,
955,15.9167,167.8,,,,,
956,15.9333,136.88,,,,,
957,15.95,129.97,,,,,
958,15.9667,293.61,,,,,
959,15.9833,159.26,,,,,
960,16.0,178.01,,,,,
961,16.0167,274.46,,,,,
962,16.0333,280.66,,,,,
963,16.05,200.21,,,,,
964,16.0667,219.38,,,,,
965,16.0833,193.5,,,,,
966,16.1,267.61,,,,,
967,16.1167,264.33,,,,,
968,16.1333,181.4,,,,,
969,16.15,257.76,,,,,
970,16.1667,190.32,,,,,
971,16.1833,251.16,,,,,
972,16.2,247.86,,,,,
973,16.2167,244.54,,,,,
974,16.2333,203.56,,,,,
975,16.25,227.57,,,,,
976,16.2667,234.58,,,,,
977,16.2833,231.24,,,,,
978,16.3,217.31,,,,,
979,16.3167,147.97,,,,,
980,16.3333,221.21,,,,,
981,16.35,206.68,,,,,
982,16.3667,214.29,,,,,
983,16.3833,126.41,,,,,
984,16.4,207.77,,,,,
985,16.4167,204.4,,,,,
986,16.4333,168.07,,,,,
987,16.45,197.64,,,,,
988,16.4667,194.26,,,,,
989,16.4833,190.87,,,,,
990,16.5,187.47,,,,,
991,16.5167,184.07,,,,,
992,16.5333,137.73,,,,,
993,16.55,172.15,,,,,
994,16.5667,169.18,,,,,
995,16.5833,170.44,,,,,
996,16.6,167.02,,,,,
997,16.6167,120.21,,,,,
998,16.6333,160.17,,,,,
999,16.65,118.67,,,,,
1000,16.6667,136.45,,,,,
1001,16.6833,144.75,,,,,
1002,16.7,102.51,,,,,
1003,16.7167,143.0,,,,,
1004,16.7333,126.98,,,,,
1005,16.75,136.1,,,,,
1006,16.7667,102.9,,,,,
1007,16.7833,95.05,,,,,
1008,16.8,121.91,,,,,
1009,16.8167,107.22,,,,,
1010,16.8333,69.85,,,,,
1011,16.85,65.98,,,,,
1012,16.8667,57.94,,,,,
1013,16.8833,93.3,,,,,
1014,16.9,66.22,,,,,
1015,16.9167,73.98,,,,,
1016,16.9333,81.6,,,,,
1017,16.95,58.58,,,,,
1018,16.9667,61.28,,,,,
1019,16.9833,42.6,,,,,
1020,17.0,54.74,,,,,
1021,17.0167,39.47,,,,,
1022,17.0333,72.49,,,,,
1023,17.05,57.65,,,,,
1024,17.0667,55.5,,,,,
1025,17.0833,45.11,,,,,
1026,17.1,55.53,,,,,
1027,17.1167,47.85,,,,,
1028,17.1333,38.19,,,,,
1029,17.15,21.73,,,,,
1030,17.1667,31.31,,,,,
1031,17.1833,42.23,,,,,
1032,17.2,27.21,,,,,
1033,17.2167,22.82,,,,,
1034,17.2333,15.63,,,,,
1035,17.25,19.94,,,,,
1036,17.2667,22.96,,,,,
1037,17.2833,12.82,,,,,
1038,17.3,8.95,,,,,
1039,17.3167,14.59,,,,,
1040,17.3333,3.94,,,,,
1041,17.35,8.29,,,,,
1042,17.3667,2.54,,,,,
1043,17.3833,0.11,,,,,
1044,17.4,0.0,,,,,
1045,17.4167,0.0,,,,,
1046,17.4333,0.0,,,,,
1047,17.45,0.0,,,,,
1048,17.4667,0.0,,,,,
1049,17.4833,0.0,,,,,
1050,17.5,0.0,,,,,
1051,17.5167,0.0,,,,,
1052,17.5333,0.0,,,,,
1053,17.55,0.0,,,,,
1054,17.5667,0.0,,,,,
1055,17.5833,0.0,,,,,
1056,17.6,0.0,,,,,
1057,17.6167,0.0,,,,,
1058,17.6333,0.0,,,,,
1059,17.65,0.0,,,,,
1060,17.6667,0.0,,,,,
1061,17.6833,0.0,,,,,
1062,17.7,0.0,,,,,
1063,17.7167,0.0,,,,,
1064,17.7333,0.0,,,,,
1065,17.75,0.0,,,,,
1066,17.7667,0.0,,,,,
1067,17.7833,0.0,,,,,
1068,17.8,0.0,,,,,
1069,17.8167,0.0,,,,,
1070,17.8333,0.0,,,,,
1071,17.85,0.0,,,,,
1072,17.8667,0.0,,,,,
1073,17.8833,0.0,,,,,
1074,17.9,0.0,,,,,
1075,17.9167,0.0,,,,,
1076,17.9333,0.0,,,,,
1077,17.95,0.0,,,,,
1078,17.9667,0.0,,,,,
1079,17.9833,0.0,,,,,
1080,18.0,0.0,,,,,
1081,18.0167,0.0,,,,,
1082,18.0333,0.0,,,,,
1083,18.05,0.0,,,,,
1084,18.0667,0.0,,,,,
1085,18.0833,0.0,,,,,
1086,18.1,0.0,,,,,
1087,18.1167,0.0,,,,,
1088,18.1333,0.0,,,,,
1089,18.15,0.0,,,,,
1090,18.1667,0.0,,,,,
1091,18.1833,0.0,,,,,
1092,18.2,0.0,,,,,
1093,18.2167,0.0,,,,,
1094,18.2333,0.0,,,,,
1095,18.25,0.0,,,,,
1096,18.2667,0.0,,,,,
1097,18.2833,0.0,,,,,
1098,18.3,0.0,,,,,
1099,18.3167,0.0,,,,,
1100,18.3333,0.0,,,,,
1101,18.35,0.0,,,,,
1102,18.3667,0.0,,,,,
1103,18.3833,0.0,,,,,
1104,18.4,0.0,,,,,
1105,18.4167,0.0,,,,,
1106,18.4333,0.0,,,,,
1107,18.45,0.0,,,,,
1108,18.4667,0.0,,,,,
1109,18.4833,0.0,,,,,
1110,18.5,0.0,,,,,
1111,18.5167,0.0,,,,,
1112,18.5333,0.0,,,,,
1113,18.55,0.0,,,,,
1114,18.5667,0.0,,,,,
1115,18.5833,0.0,,,,,
1116,18.6,0.0,,,,,
1117,18.6167,0.0,,,,,
1118,18.6333,0.0,,,,,
1119,18.65,0.0,,,,,
1120,18.6667,0.0,,,,,
1121,18.6833,0.0,,,,,
1122,18.7,0.0,,,,,
1123,18.7167,0.0,,,,,
1124,18.7333,0.0,,,,,
1125,18.75,0.0,,,,,
1126,18.7667,0.0,,,,,
1127,18.7833,0.0,,,,,
1128,18.8,0.0,,,,,
1129,18.8167,0.0,,,,,
1130,18.8333,0.0,,,,,
1131,18.85,0.0,,,,,
1132,18.8667,0.0,,,,,
1133,18.8833,0.0,,,,,
1134,18.9,0.0,,,,,
1135,18.9167,0.0,,,,,
1136,18.9333,0.0,,,,,
1137,18.95,0.0,,,,,
1138,18.9667,0.0,,,,,
1139,18.9833,0.0,,,,,
1140,19.0,0.0,,,,,
1141,19.0167,0.0,,,,,
1142,19.0333,0.0,,,,,
1143,19.05,0.0,,,,,
1144,19.0667,0.0,,,,,
1145,19.0833,0.0,,,,,
1146,19.1,0.0,,,,,
1147,19.1167,0.0,,,,,
1148,19.1333,0.0,,,,,
1149,19.15,0.0,,,,,
1150,19.1667,0.0,,,,,
1151,19.1833,0.0,,,,,
1152,19.2,0.0,,,,,
1153,19.2167,0.0,,,,,
1154,19.2333,0.0,,,,,
1155,19.25,0.0,,,,,
1156,19.2667,0.0,,,,,
1157,19.2833,0.0,,,,,
1158,19.3,0.0,,,,,
1159,19.3167,0.0,,,,,
1160,19.3333,0.0,,,,,
1161,19.35,0.0,,,,,
1162,19.3667,0.0,,,,,
1163,19.3833,0.0,,,,,
1164,19.4,0.0,,,,,
1165,19.4167,0.0,,,,,
1166,19.4333,0.0,,,,,
1167,19.45,0.0,,,,,
1168,19.4667,0.0,,,,,
1169,19.4833,0.0,,,,,
1170,19.5,0.0,,,,,
1171,19.5167,0.0,,,,,
1172,19.5333,0.0,,,,,
1173,19.55,0.0,,,,,
1174,19.5667,0.0,,,,,
1175,19.5833,0.0,,,,,
1176,19.6,0.0,,,,,
1177,19.6167,0.0,,,,,
1178,19.6333,0.0,,,,,
1179,19.65,0.0,,,,,
1180,19.6667,0.0,,,,,
1181,19.6833,0.0,,,,,
1182,19.7,0.0,,,,,
1183,19.7167,0.0,,,,,
1184,19.7333,0.0,,,,,
1185,19.75,0.0,,,,,
1186,19.7667,0.0,,,,,
1187,19.7833,0.0,,,,,
1188,19.8,0.0,,,,,
1189,19.8167,0.0,,,,,
1190,19.8333,0.0,,,,,
1191,19.85,0.0,,,,,
1192,19.8667,0.0,,,,,
1193,19.8833,0.0,,,,,
1194,19.9,0.0,,,,,
1195,19.9167,0.0,,,,,
1196,19.9333,0.0,,,,,
1197,19.95,0.0,,,,,
1198,19.9667,0.0,,,,,
1199,19.9833,0.0,,,,,
1200,20.0,0.0,,,,,
1201,20.0167,0.0,,,,,
1202,20.0333,0.0,,,,,
1203,20.05,0.0,,,,,
1204,20.0667,0.0,,,,,
1205,20.0833,0.0,,,,,
1206,20.1,0.0,,,,,
1207,20.1167,0.0,,,,,
1208,20.1333,0.0,,,,,
1209,20.15,0.0,,,,,
1210,20.1667,0.0,,,,,
1211,20.1833,0.0,,,,,
1212,20.2,0.0,,,,,
1213,20.2167,0.0,,,,,
1214,20.2333,0.0,,,,,
1215,20.25,0.0,,,,,
1216,20.2667,0.0,,,,,
1217,20.2833,0.0,,,,,
1218,20.3,0.0,,,,,
1219,20.3167,0.0,,,,,
1220,20.3333,0.0,,,,,
1221,20.35,0.0,,,,,
1222,20.3667,0.0,,,,,
1223,20.3833,0.0,,,,,
1224,20.4,0.0,,,,,
1225,20.4167,0.0,,,,,
1226,20.4333,0.0,,,,,
1227,20.45,0.0,,,,,
1228,20.4667,0.0,,,,,
1229,20.4833,0.0,,,,,
1230,20.5,0.0,,,,,
1231,20.5167,0.0,,,,,
1232,20.5333,0.0,,,,,
1233,20.55,0.0,,,,,
1234,20.5667,0.0,,,,,
1235,20.5833,0.0,,,,,
1236,20.6,0.0,,,,,
1237,20.6167,0.0,,,,,
1238,20.6333,0.0,,,,,
1239,20.65,0.0,,,,,
1240,20.6667,0.0,,,,,
1241,20.6833,0.0,,,,,
1242,20.7,0.0,,,,,
1243,20.7167,0.0,,,,,
1244,20.7333,0.0,,,,,
1245,20.75,0.0,,,,,
1246,20.7667,0.0,,,,,
1247,20.7833,0.0,,,,,
1248,20.8,0.0,,,,,
1249,20.8167,0.0,,,,,
1250,20.8333,0.0,,,,,
1251,20.85,0.0,,,,,
1252,20.8667,0.0,,,,,
1253,20.8833,0.0,,,,,
1254,20.9,0.0,,,,,
1255,20.9167,0.0,,,,,
1256,20.9333,0.0,,,,,
1257,20.95,0.0,,,,,
1258,20.9667,0.0,,,,,
1259,20.9833,0.0,,,,,
1260,21.0,0.0,,,,,
1261,21.0167,0.0,,,,,
1262,21.0333,0.0,,,,,
1263,21.05,0.0,,,,,
1264,21.0667,0.0,,,,,
1265,21.0833,0.0,,,,,
1266,21.1,0.0,,,,,
1267,21.1167,0.0,,,,,
1268,21.1333,0.0,,,,,
1269,21.15,0.0,,,,,
1270,21.1667,0.0,,,,,
1271,21.1833,0.0,,,,,
1272,21.2,0.0,,,,,
1273,21.2167,0.0,,,,,
1274,21.2333,0.0,,,,,
1275,21.25,0.0,,,,,
1276,21.2667,0.0,,,,,
1277,21.2833,0.0,,,,,
1278,21.3,0.0,,,,,
1279,21.3167,0.0,,,,,
1280,21.3333,0.0,,,,,
1281,21.35,0.0,,,,,
1282,21.3667,0.0,,,,,
1283,21.3833,0.0,,,,,
1284,21.4,0.0,,,,,
1285,21.4167,0.0,,,,,
1286,21.4333,0.0,,,,,
1287,21.45,0.0,,,,,
1288,21.4667,0.0,,,,,
1289,21.4833,0.0,,,,,
1290,21.5,0.0,,,,,
1291,21.5167,0.0,,,,,
1292,21.5333,0.0,,,,,
1293,21.55,0.0,,,,,
1294,21.5667,0.0,,,,,
1295,21.5833,0.0,,,,,
1296,21.6,0.0,,,,,
1297,21.6167,0.0,,,,,
1298,21.6333,0.0,,,,,
1299,21.65,0.0,,,,,
1300,21.6667,0.0,,,,,
1301,21.6833,0.0,,,,,
1302,21.7,0.0,,,,,
1303,21.7167,0.0,,,,,
1304,21.7333,0.0,,,,,
1305,21.75,0.0,,,,,
1306,21.7667,0.0,,,,,
1307,21.7833,0.0,,,,,
1308,21.8,0.0,,,,,
1309,21.8167,0.0,,,,,
1310,21.8333,0.0,,,,,
1311,21.85,0.0,,,,,
1312,21.8667,0.0,,,,,
1313,21.8833,0.0,,,,,
1314,21.9,0.0,,,,,
1315,21.9167,0.0,,,,,
1316,21.9333,0.0,,,,,
1317,21.95,0.0,,,,,
1318,21.9667,0.0,,,,,
1319,21.9833,0.0,,,,,
1320,22.0,0.0,,,,,
1321,22.0167,0.0,,,,,
1322,22.0333,0.0,,,,,
1323,22.05,0.0,,,,,
1324,22.0667,0.0,,,,,
1325,22.0833,0.0,,,,,
1326,22.1,0.0,,,,,
1327,22.1167,0.0,,,,,
1328,22.1333,0.0,,,,,
1329,22.15,0.0,,,,,
1330,22.1667,0.0,,,,,
1331,22.1833,0.0,,,,,
1332,22.2,0.0,,,,,
1333,22.2167,0.0,,,,,
1334,22.2333,0.0,,,,,
1335,22.25,0.0,,,,,
1336,22.2667,0.0,,,,,
1337,22.2833,0.0,,,,,
1338,22.3,0.0,,,,,
1339,22.3167,0.0,,,,,
1340,22.3333,0.0,,,,,
1341,22.35,0.0,,,,,
1342,22.3667,0.0,,,,,
1343,22.3833,0.0,,,,,
1344,22.4,0.0,,,,,
1345,22.4167,0.0,,,,,
1346,22.4333,0.0,,,,,
1347,22.45,0.0,,,,,
1348,22.4667,0.0,,,,,
1349,22.4833,0.0,,,,,
1350,22.5,0.0,,,,,
1351,22.5167,0.0,,,,,
1352,22.5333,0.0,,,,,
1353,22.55,0.0,,,,,
1354,22.5667,0.0,,,,,
1355,22.5833,0.0,,,,,
1356,22.6,0.0,,,,,
1357,22.6167,0.0,,,,,
1358,22.6333,0.0,,,,,
1359,22.65,0.0,,,,,
1360,22.6667,0.0,,,,,
1361,22.6833,0.0,,,,,
1362,22.7,0.0,,,,,
1363,22.7167,0.0,,,,,
1364,22.7333,0.0,,,,,
1365,22.75,0.0,,,,,
1366,22.7667,0.0,,,,,
1367,22.7833,0.0,,,,,
1368,22.8,0.0,,,,,
1369,22.8167,0.0,,,,,
1370,22.8333,0.0,,,,,
1371,22.85,0.0,,,,,
1372,22.8667,0.0,,,,,
1373,22.8833,0.0,,,,,
1374,22.9,0.0,,,,,
1375,22.9167,0.0,,,,,
1376,22.9333,0.0,,,,,
1377,22.95,0.0,,,,,
1378,22.9667,0.0,,,,,
1379,22.9833,0.0,,,,,
1380,23.0,0.0,,,,,
1381,23.0167,0.0,,,,,
1382,23.0333,0.0,,,,,
1383,23.05,0.0,,,,,
1384,23.0667,0.0,,,,,
1385,23.0833,0.0,,,,,
1386,23.1,0.0,,,,,
1387,23.1167,0.0,,,,,
1388,23.1333,0.0,,,,,
1389,23.15,0.0,,,,,
1390,23.1667,0.0,,,,,
1391,23.1833,0.0,,,,,
1392,23.2,0.0,,,,,
1393,23.2167,0.0,,,,,
1394,23.2333,0.0,,,,,
1395,23.25,0.0,,,,,
1396,23.2667,0.0,,,,,
1397,23.2833,0.0,,,,,
1398,23.3,0.0,,,,,
1399,23.3167,0.0,,,,,
1400,23.3333,0.0,,,,,
1401,23.35,0.0,,,,,
1402,23.3667,0.0,,,,,
1403,23.3833,0.0,,,,,
1404,23.4,0.0,,,,,
1405,23.4167,0.0,,,,,
1406,23.4333,0.0,,,,,
1407,23.45,0.0,,,,,
1408,23.4667,0.0,,,,,
1409,23.4833,0.0,,,,,
1410,23.5,0.0,,,,,
1411,23.5167,0.0,,,,,
1412,23.5333,0.0,,,,,
1413,23.55,0.0,,,,,
1414,23.5667,0.0,,,,,
1415,23.5833,0.0,,,,,
1416,23.6,0.0,,,,,
1417,23.6167,0.0,,,,,
1418,23.6333,0.0,,,,,
1419,23.65,0.0,,,,,
1420,23.6667,0.0,,,,,
1421,23.6833,0.0,,,,,
1422,23.7,0.0,,,,,
1423,23.7167,0.0,,,,,
1424,23.7333,0.0,,,,,
1425,23.75,0.0,,,,,
1426,23.7667,0.0,,,,,
1427,23.7833,0.0,,,,,
1428,23.8,0.0,,,,,
1429,23.8167,0.0,,,,,
1430,23.8333,0.0,,,,,
1431,23.85,0.0,,,,,
1432,23.8667,0.0,,,,,
1433,23.8833,0.0,,,,,
1434,23.9,0.0,,,,,
1435,23.9167,0.0,,,,,
1436,23.9333,0.0,,,,,
1437,23.95,0.0,,,,,
1438,23.9667,0.0,,,,,
1439,23.9833,0.0,,,,,
0,0.0,,0.0,,,,
1,0.0167,,0.0,,,,
2,0.0333,,0.0,,,,
3,0.05,,0.0,,,,
4,0.0667,,0.0,,,,
5,0.0833,,0.0,,,,
6,0.1,,0.0,,,,
7,0.1167,,0.0,,,,
8,0.1333,,0.0,,,,
9,0.15,,0.0,,,,
10,0.1667,,0.0,,,,
11,0.1833,,0.0,,,,
12,0.2,,0.0,,,,
13,0.2167,,0.0,,,,
14,0.2333,,0.0,,,,
15,0.25,,0.0,,,,
16,0.2667,,0.0,,,,
17,0.2833,,0.0,,,,
18,0.3,,0.0,,,,
19,0.3167,,0.0,,,,
20,0.3333,,0.0,,,,
21,0.35,,0.0,,,,
22,0.3667,,0.0,,,,
23,0.3833,,0.0,,,,
24,0.4,,0.0,,,,
25,0.4167,,0.0,,,,
26,0.4333,,0.0,,,,
27,0.45,,0.0,,,,
28,0.4667,,0.0,,,,
29,0.4833,,0.0,,,,
30,0.5,,0.0,,,,
31,0.5167,,0.0,,,,
32,0.5333,,0.0,,,,
33,0.55,,0.0,,,,
34,0.5667,,0.0,,,,
35,0.5833,,0.0,,,,
36,0.6,,0.0,,,,
37,0.6167,,0.0,,,,
38,0.6333,,0.0,,,,
39,0.65,,0.0,,,,
40,0.6667,,0.0,,,,
41,0.6833,,0.0,,,,
42,0.7,,0.0,,,,
43,0.7167,,0.0,,,,
44,0.7333,,0.0,,,,
45,0.75,,0.0,,,,
46,0.7667,,0.0,,,,
47,0.7833,,0.0,,,,
48,0.8,,0.0,,,,
49,0.8167,,0.0,,,,
50,0.8333,,0.0,,,,
51,0.85,,0.0,,,,
52,0.8667,,0.0,,,,
53,0.8833,,0.0,,,,
54,0.9,,0.0,,,,
55,0.9167,,0.0,,,,
56,0.9333,,0.0,,,,
57,0.95,,0.0,,,,
58,0.9667,,0.0,,,,
59,0.9833,,0.0,,,,
60,1.0,,0.0,,,,
61,1.0167,,0.0,,,,
62,1.0333,,0.0,,,,
63,1.05,,0.0,,,,
64,1.0667,,0.0,,,,
65,1.0833,,0.0,,,,
66,1.1,,0.0,,,,
67,1.1167,,0.0,,,,
68,1.1333,,0.0,,,,
69,1.15,,0.0,,,,
70,1.1667,,0.0,,,,
71,1.1833,,0.0,,,,
72,1.2,,0.0,,,,
73,1.2167,,0.0,,,,
74,1.2333,,0.0,,,,
75,1.25,,0.0,,,,
76,1.2667,,0.0,,,,
77,1.2833,,0.0,,,,
78,1.3,,0.0,,,,
79,1.3167,,0.0,,,,
80,1.3333,,0.0,,,,
81,1.35,,0.0,,,,
82,1.3667,,0.0,,,,
83,1.3833,,0.0,,,,
84,1.4,,0.0,,,,
85,1.4167,,0.0,,,,
86,1.4333,,0.0,,,,
87,1.45,,0.0,,,,
88,1.4667,,0.0,,,,
89,1.4833,,0.0,,,,
90,1.5,,0.0,,,,
91,1.5167,,0.0,,,,
92,1.5333,,0.0,,,,
93,1.55,,0.0,,,,
94,1.5667,,0.0,,,,
95,1.5833,,0.0,,,,
96,1.6,,0.0,,,,
97,1.6167,,0.0,,,,
98,1.6333,,0.0,,,,
99,1.65,,0.0,,,,
100,1.6667,,0.0,,,,
101,1.6833,,0.0,,,,
102,1.7,,0.0,,,,
103,1.7167,,0.0,,,,
104,1.7333,,0.0,,,,
105,1.75,,0.0,,,,
106,1.7667,,0.0,,,,
107,1.7833,,0.0,,,,
108,1.8,,0.0,,,,
109,1.8167,,0.0,,,,
110,1.8333,,0.0,,,,
111,1.85,,0.0,,,,
112,1.8667,,0.0,,,,
113,1.8833,,0.0,,,,
114,1.9,,0.0,,,,
115,1.9167,,0.0,,,,
116,1.9333,,0.0,,,,
117,1.95,,0.0,,,,
118,1.9667,,0.0,,,,
119,1.9833,,0.0,,,,
120,2.0,,0.0,,,,
121,2.0167,,0.0,,,,
122,2.0333,,0.0,,,,
123,2.05,,0.0,,,,
124,2.0667,,0.0,,,,
125,2.0833,,0.0,,,,
126,2.1,,0.0,,,,
127,2.1167,,0.0,,,,
128,2.1333,,0.0,,,,
129,2.15,,0.0,,,,
130,2.1667,,0.0,,,,
131,2.1833,,0.0,,,,
132,2.2,,0.0,,,,
133,2.2167,,0.0,,,,
134,2.2333,,0.0,,,,
135,2.25,,0.0,,,,
136,2.2667,,0.0,,,,
137,2.2833,,0.0,,,,
138,2.3,,0.0,,,,
139,2.3167,,0.0,,,,
140,2.3333,,0.0,,,,
141,2.35,,0.0,,,,
142,2.3667,,0.0,,,,
143,2.3833,,0.0,,,,
144,2.4,,0.0,,,,
145,2.4167,,0.0,,,,
146,2.4333,,0.0,,,,
147,2.45,,0.0,,,,
148,2.4667,,0.0,,,,
149,2.4833,,0.0,,,,
150,2.5,,0.0,,,,
151,2.5167,,0.0,,,,
152,2.5333,,0.0,,,,
153,2.55,,0.0,,,,
154,2.5667,,0.0,,,,
155,2.5833,,0.0,,,,
156,2.6,,0.0,,,,
157,2.6167,,0.0,,,,
158,2.6333,,0.0,,,,
159,2.65,,0.0,,,,
160,2.6667,,0.0,,,,
161,2.6833,,0.0,,,,
162,2.7,,0.0,,,,
163,2.7167,,0.0,,,,
164,2.7333,,0.0,,,,
165,2.75,,0.0,,,,
166,2.7667,,0.0,,,,
167,2.7833,,0.0,,,,
168,2.8,,0.0,,,,
169,2.8167,,0.0,,,,
170,2.8333,,0.0,,,,
171,2.85,,0.0,,,,
172,2.8667,,0.0,,,,
173,2.8833,,0.0,,,,
174,2.9,,0.0,,,,
175,2.9167,,0.0,,,,
176,2.9333,,0.0,,,,
177,2.95,,0.0,,,,
178,2.9667,,0.0,,,,
179,2.9833,,0.0,,,,
180,3.0,,0.0,,,,
181,3.0167,,0.0,,,,
182,3.0333,,0.0,,,,
183,3.05,,0.0,,,,
184,3.0667,,0.0,,,,
185,3.0833,,0.0,,,,
186,3.1,,0.0,,,,
187,3.1167,,0.0,,,,
188,3.1333,,0.0,,,,
189,3.15,,0.0,,,,
190,3.1667,,0.0,,,,
191,3.1833,,0.0,,,,
192,3.2,,0.0,,,,
193,3.2167,,0.0,,,,
194,3.2333,,0.0,,,,
195,3.25,,0.0,,,,
196,3.2667,,0.0,,,,
197,3.2833,,0.0,,,,
198,3.3,,0.0,,,,
199,3.3167,,0.0,,,,
200,3.3333,,0.0,,,,
201,3.35,,0.0,,,,
202,3.3667,,0.0,,,,
203,3.3833,,0.0,,,,
204,3.4,,0.0,,,,
205,3.4167,,0.0,,,,
206,3.4333,,0.0,,,,
207,3.45,,0.0,,,,
208,3.4667,,0.0,,,,
209,3.4833,,0.0,,,,
210,3.5,,0.0,,,,
211,3.5167,,0.0,,,,
212,3.5333,,0.0,,,,
213,3.55,,0.0,,,,
214,3.5667,,0.0,,,,
215,3.5833,,0.0,,,,
216,3.6,,0.0,,,,
217,3.6167,,0.0,,,,
218,3.6333,,0.0,,,,
219,3.65,,0.0,,,,
220,3.6667,,0.0,,,,
221,3.6833,,0.0,,,,
222,3.7,,0.0,,,,
223,3.7167,,0.0,,,,
224,3.7333,,0.0,,,,
225,3.75,,0.0,,,,
226,3.7667,,0.0,,,,
227,3.7833,,0.0,,,,
228,3.8,,0.0,,,,
229,3.8167,,0.0,,,,
230,3.8333,,0.0,,,,
231,3.85,,0.0,,,,
232,3.8667,,0.0,,,,
233,3.8833,,0.0,,,,
234,3.9,,0.0,,,,
235,3.9167,,0.0,,,,
236,3.9333,,0.0,,,,
237,3.95,,0.0,,,,
238,3.9667,,0.0,,,,
239,3.9833,,0.0,,,,
240,4.0,,0.0,,,,
241,4.0167,,0.0,,,,
242,4.0333,,0.0,,,,
243,4.05,,0.0,,,,
244,4.0667,,0.0,,,,
245,4.0833,,0.0,,,,
246,4.1,,0.0,,,,
247,4.1167,,0.0,,,,
248,4.1333,,0.0,,,,
249,4.15,,0.0,,,,
250,4.1667,,0.0,,,,
251,4.1833,,0.0,,,,
252,4.2,,0.0,,,,
253,4.2167,,0.0,,,,
254,4.2333,,0.0,,,,
255,4.25,,0.0,,,,
256,4.2667,,0.0,,,,
257,4.2833,,0.0,,,,
258,4.3,,0.0,,,,
259,4.3167,,0.0,,,,
260,4.3333,,0.0,,,,
261,4.35,,0.0,,,,
262,4.3667,,0.0,,,,
263,4.3833,,0.0,,,,
264,4.4,,0.0,,,,
265,4.4167,,0.0,,,,
266,4.4333,,0.0,,,,
267,4.45,,0.0,,,,
268,4.4667,,0.0,,,,
269,4.4833,,0.0,,,,
270,4.5,,0.0,,,,
271,4.5167,,0.0,,,,
272,4.5333,,0.0,,,,
273,4.55,,0.0,,,,
274,4.5667,,0.0,,,,
275,4.5833,,0.0,,,,
276,4.6,,0.0,,,,
277,4.6167,,0.0,,,,
278,4.6333,,0.0,,,,
279,4.65,,0.0,,,,
280,4.6667,,0.0,,,,
281,4.6833,,0.0,,,,
282,4.7,,0.0,,,,
283,4.7167,,0.0,,,,
284,4.7333,,0.0,,,,
285,4.75,,0.0,,,,
286,4.7667,,0.0,,,,
287,4.7833,,0.0,,,,
288,4.8,,0.0,,,,
289,4.8167,,0.0,,,,
290,4.8333,,0.0,,,,
291,4.85,,0.0,,,,
292,4.8667,,0.0,,,,
293,4.8833,,0.0,,,,
294,4.9,,0.0,,,,
295,4.9167,,0.0,,,,
296,4.9333,,0.0,,,,
297,4.95,,0.0,,,,
298,4.9667,,0.0,,,,
299,4.9833,,0.0,,,,
300,5.0,,0.0,,,,
301,5.0167,,0.0,,,,
302,5.0333,,0.0,,,,
303,5.05,,0.0,,,,
304,5.0667,,0.0,,,,
305,5.0833,,0.0,,,,
306,5.1,,0.0,,,,
307,5.1167,,0.0,,,,
308,5.1333,,0.0,,,,
309,5.15,,0.0,,,,
310,5.1667,,0.0,,,,
311,5.1833,,0.0,,,,
312,5.2,,0.0,,,,
313,5.2167,,0.0,,,,
314,5.2333,,0.0,,,,
315,5.25,,0.0,,,,
316,5.2667,,0.0,,,,
317,5.2833,,0.0,,,,
318,5.3,,0.0,,,,
319,5.3167,,0.0,,,,
320,5.3333,,0.0,,,,
321,5.35,,0.0,,,,
322,5.3667,,0.0,,,,
323,5.3833,,0.0,,,,
324,5.4,,0.0,,,,
325,5.4167,,0.0,,,,
326,5.4333,,0.0,,,,
327,5.45,,0.0,,,,
328,5.4667,,0.0,,,,
329,5.4833,,0.0,,,,
330,5.5,,0.0,,,,
331,5.5167,,0.0,,,,
332,5.5333,,0.0,,,,
333,5.55,,0.0,,,,
334,5.5667,,0.0,,,,
335,5.5833,,0.0,,,,
336,5.6,,0.0,,,,
337,5.6167,,3.18,,,,
338,5.6333,,6.37,,,,
339,5.65,,9.55,,,,
340,5.6667,,9.53,,,,
341,5.6833,,14.06,,,,
342,5.7,,19.1,,,,
343,5.7167,,21.92,,,,
344,5.7333,,17.23,,,,
345,5.75,,17.47,,,,
346,5.7667,,27.62,,,,
347,5.7833,,29.34,,,,
348,5.8,,19.84,,,,
349,5.8167,,36.17,,,,
350,5.8333,,26.8,,,,
351,5.85,,19.43,,,,
352,5.8667,,46.59,,,,
353,5.8833,,38.0,,,,
354,5.9,,54.31,,,,
355,5.9167,,60.43,,,,
356,5.9333,,63.61,,,,
357,5.95,,66.78,,,,
358,5.9667,,69.95,,,,
359,5.9833,,61.15,,,,
360,6.0,,62.54,,,,
361,6.0167,,79.46,,,,
362,6.0333,,82.63,,,,
363,6.05,,74.69,,,,
364,6.0667,,88.96,,,,
365,6.0833,,71.13,,,,
366,6.1,,95.28,,,,
367,6.1167,,83.93,,,,
368,6.1333,,101.6,,,,
369,6.15,,104.76,,,,
370,6.1667,,26.97,,,,
371,6.1833,,18.0,,,,
372,6.2,,22.96,,,,
373,6.2167,,24.52,,,,
374,6.2333,,11.2,,,,
375,6.25,,25.92,,,,
376,6.2667,,23.66,,,,
377,6.2833,,31.97,,,,
378,6.3,,38.13,,,,
379,6.3167,,42.77,,,,
380,6.3333,,26.14,,,,
381,6.35,,24.75,,,,
382,6.3667,,30.99,,,,
383,6.3833,,34.7,,,,
384,6.4,,36.68,,,,
385,6.4167,,61.01,,,,
386,6.4333,,128.97,,,,
387,6.45,,115.35,,,,
388,6.4667,,118.14,,,,
389,6.4833,,88.9,,,,
390,6.5,,152.72,,,,
391,6.5167,,100.64,,,,
392,6.5333,,109.99,,,,
393,6.55,,124.52,,,,
394,6.5667,,112.86,,,,
395,6.5833,,43.84,,,,
396,6.6,,48.1,,,,
397,6.6167,,51.76,,,,
398,6.6333,,30.85,,,,
399,6.65,,59.56,,,,
400,6.6667,,38.57,,,,
401,6.6833,,41.24,,,,
402,6.7,,42.29,,,,
403,6.7167,,25.18,,,,
404,6.7333,,53.88,,,,
405,6.75,,43.52,,,,
406,6.7667,,50.08,,,,
407,6.7833,,34.64,,,,
408,6.8,,13.81,,,,
409,6.8167,,42.93,,,,
410,6.8333,,43.26,,,,
411,6.85,,51.01,,,,
412,6.8667,,56.63,,,,
413,6.8833,,48.74,,,,
414,6.9,,73.49,,,,
415,6.9167,,208.55,,,,
416,6.9333,,142.0,,,,
417,6.95,,140.55,,,,
418,6.9667,,256.36,,,,
419,6.9833,,171.73,,,,
420,7.0,,262.37,,,,
421,7.0167,,265.37,,,,
422,7.0333,,251.23,,,,
423,7.05,,207.64,,,,
424,7.0667,,274.35,,,,
425,7.0833,,216.06,,,,
426,7.1,,242.59,,,,
427,7.1167,,130.56,,,,
428,7.1333,,129.62,,,,
429,7.15,,224.59,,,,
430,7.1667,,49.72,,,,
431,7.1833,,52.04,,,,
432,7.2,,58.08,,,,
433,7.2167,,52.84,,,,
434,7.2333,,47.97,,,,
435,7.25,,306.92,,,,
436,7.2667,,309.85,,,,
437,7.2833,,220.81,,,,
438,7.3,,315.7,,,,
439,7.3167,,280.67,,,,
440,7.3333,,79.9,,,,
441,7.35,,61.53,,,,
442,7.3667,,49.87,,,,
443,7.3833,,56.91,,,,
444,7.4,,18.17,,,,
445,7.4167,,47.32,,,,
446,7.4333,,69.65,,,,
447,7.45,,58.04,,,,
448,7.4667,,80.66,,,,
449,7.4833,,97.75,,,,
450,7.5,,281.92,,,,
451,7.5167,,288.86,,,,
452,7.5333,,356.04,,,,
453,7.55,,354.39,,,,
454,7.5667,,361.71,,,,
455,7.5833,,364.54,,,,
456,7.6,,234.31,,,,
457,7.6167,,370.18,,,,
458,7.6333,,372.99,,,,
459,7.65,,375.79,,,,
460,7.6667,,378.59,,,,
461,7.6833,,227.91,,,,
462,7.7,,367.35,,,,
463,7.7167,,344.14,,,,
464,7.7333,,382.0,,,,
465,7.75,,362.83,,,,
466,7.7667,,395.25,,,,
467,7.7833,,398.0,,,,
468,7.8,,400.75,,,,
469,7.8167,,403.49,,,,
470,7.8333,,406.23,,,,
471,7.85,,408.96,,,,
472,7.8667,,411.68,,,,
473,7.8833,,414.39,,,,
474,7.9,,391.31,,,,
475,7.9167,,419.8,,,,
476,7.9333,,323.33,,,,
477,7.95,,425.18,,,,
478,7.9667,,398.56,,,,
479,7.9833,,430.54,,,,
480,8.0,,406.1,,,,
481,8.0167,,435.86,,,,
482,8.0333,,438.52,,,,
483,8.05,,441.16,,,,
484,8.0667,,395.68,,,,
485,8.0833,,370.14,,,,
486,8.1,,275.79,,,,
487,8.1167,,284.67,,,,
488,8.1333,,296.55,,,,
489,8.15,,456.88,,,,
490,8.1667,,424.56,,,,
491,8.1833,,462.06,,,,
492,8.2,,276.65,,,,
493,8.2167,,288.92,,,,
494,8.2333,,469.78,,,,
495,8.25,,467.93,,,,
496,8.2667,,397.73,,,,
497,8.2833,,425.73,,,,
498,8.3,,479.96,,,,
499,8.3167,,464.45,,,,
500,8.3333,,485.01,,,,
501,8.35,,329.94,,,,
502,8.3667,,490.02,,,,
503,8.3833,,492.51,,,,
504,8.4,,358.52,,,,
505,8.4167,,432.41,,,,
506,8.4333,,397.65,,,,
507,8.45,,409.88,,,,
508,8.4667,,504.86,,,,
509,8.4833,,424.82,,,,
510,8.5,,292.25,,,,
511,8.5167,,443.6,,,,
512,8.5333,,301.11,,,,
513,8.55,,255.91,,,,
514,8.5667,,385.54,,,,
515,8.5833,,277.83,,,,
516,8.6,,454.53,,,,
517,8.6167,,189.73,,,,
518,8.6333,,130.7,,,,
519,8.65,,350.92,,,,
520,8.6667,,533.66,,,,
521,8.6833,,515.44,,,,
522,8.7,,446.18,,,,
523,8.7167,,540.67,,,,
524,8.7333,,416.92,,,,
525,8.75,,526.81,,,,
526,8.7667,,547.6,,,,
527,8.7833,,549.89,,,,
528,8.8,,552.17,,,,
529,8.8167,,540.6,,,,
530,8.8333,,556.71,,,,
531,8.85,,358.67,,,,
532,8.8667,,561.21,,,,
533,8.8833,,525.12,,,,
534,8.9,,440.55,,,,
535,8.9167,,150.56,,,,
536,8.9333,,110.79,,,,
537,8.95,,117.13,,,,
538,8.9667,,65.03,,,,
539,8.9833,,110.9,,,,
540,9.0,,336.02,,,,
541,9.0167,,313.74,,,,
542,9.0333,,357.97,,,,
543,9.05,,479.45,,,,
544,9.0667,,518.29,,,,
545,9.0833,,401.75,,,,
546,9.1,,486.36,,,,
547,9.1167,,313.82,,,,
548,9.1333,,485.38,,,,
549,9.15,,498.17,,,,
550,9.1667,,600.07,,,,
551,9.1833,,463.19,,,,
552,9.2,,604.19,,,,
553,9.2167,,606.24,,,,
554,9.2333,,608.28,,,,
555,9.25,,552.38,,,,
556,9.2667,,445.79,,,,
557,9.2833,,344.24,,,,
558,9.3,,314.82,,,,
559,9.3167,,366.27,,,,
560,9.3333,,436.09,,,,
561,9.35,,388.28,,,,
562,9.3667,,556.14,,,,
563,9.3833,,431.96,,,,
564,9.4,,541.19,,,,
565,9.4167,,160.86,,,,
566,9.4333,,148.39,,,,
567,9.45,,135.37,,,,
568,9.4667,,122.49,,,,
569,9.4833,,144.54,,,,
570,9.5,,77.8,,,,
571,9.5167,,96.94,,,,
572,9.5333,,140.77,,,,
573,9.55,,115.88,,,,
574,9.5667,,176.2,,,,
575,9.5833,,648.75,,,,
576,9.6,,650.57,,,,
577,9.6167,,652.37,,,,
578,9.6333,,654.16,,,,
579,9.65,,655.95,,,,
580,9.6667,,657.72,,,,
581,9.6833,,659.48,,,,
582,9.7,,490.16,,,,
583,9.7167,,488.06,,,,
584,9.7333,,447.3,,,,
585,9.75,,650.51,,,,
586,9.7667,,668.12,,,,
587,9.7833,,669.82,,,,
588,9.8,,671.5,,,,
589,9.8167,,673.18,,,,
590,9.8333,,674.84,,,,
591,9.85,,313.3,,,,
592,9.8667,,384.43,,,,
593,9.8833,,657.39,,,,
594,9.9,,312.93,,,,
595,9.9167,,683.0,,,,
596,9.9333,,684.59,,,,
597,9.95,,686.18,,,,
598,9.9667,,550.18,,,,
599,9.9833,,544.08,,,,
600,10.0,,482.85,,,,
601,10.0167,,573.06,,,,
602,10.0333,,631.65,,,,
603,10.05,,695.46,,,,
604,10.0667,,503.11,,,,
605,10.0833,,670.86,,,,
606,10.1,,699.95,,,,
607,10.1167,,418.91,,,,
608,10.1333,,702.89,,,,
609,10.15,,421.72,,,,
610,10.1667,,614.0,,,,
611,10.1833,,674.38,,,,
612,10.2,,708.63,,,,
613,10.2167,,710.03,,,,
614,10.2333,,711.42,,,,
615,10.25,,536.9,,,,
616,10.2667,,630.66,,,,
617,10.2833,,437.71,,,,
618,10.3,,382.32,,,,
619,10.3167,,414.59,,,,
620,10.3333,,513.78,,,,
621,10.35,,585.18,,,,
622,10.3667,,492.38,,,,
623,10.3833,,723.45,,,,
624,10.4,,724.72,,,,
625,10.4167,,218.44,,,,
626,10.4333,,134.9,,,,
627,10.45,,91.76,,,,
628,10.4667,,96.57,,,,
629,10.4833,,178.7,,,,
630,10.5,,101.5,,,,
631,10.5167,,95.26,,,,
632,10.5333,,137.91,,,,
633,10.55,,113.99,,,,
634,10.5667,,175.52,,,,
635,10.5833,,191.82,,,,
636,10.6,,159.3,,,,
637,10.6167,,132.89,,,,
638,10.6333,,63.98,,,,
639,10.65,,171.0,,,,
640,10.6667,,489.84,,,,
641,10.6833,,592.9,,,,
642,10.7,,561.45,,,,
643,10.7167,,442.51,,,,
644,10.7333,,271.14,,,,
645,10.75,,476.39,,,,
646,10.7667,,535.33,,,,
647,10.7833,,532.86,,,,
648,10.8,,167.54,,,,
649,10.8167,,475.77,,,,
650,10.8333,,753.75,,,,
651,10.85,,662.49,,,,
652,10.8667,,586.15,,,,
653,10.8833,,506.86,,,,
654,10.9,,757.49,,,,
655,10.9167,,758.4,,,,
656,10.9333,,736.9,,,,
657,10.95,,701.28,,,,
658,10.9667,,730.27,,,,
659,10.9833,,738.63,,,,
660,11.0,,137.02,,,,
661,11.0167,,190.45,,,,
662,11.0333,,81.59,,,,
663,11.05,,184.86,,,,
664,11.0667,,169.45,,,,
665,11.0833,,90.73,,,,
666,11.1,,169.44,,,,
667,11.1167,,160.24,,,,
668,11.1333,,125.44,,,,
669,11.15,,189.63,,,,
670,11.1667,,95.36,,,,
671,11.1833,,145.93,,,,
672,11.2,,134.23,,,,
673,11.2167,,95.06,,,,
674,11.2333,,138.43,,,,
675,11.25,,152.09,,,,
676,11.2667,,165.68,,,,
677,11.2833,,192.61,,,,
678,11.3,,192.26,,,,
679,11.3167,,160.75,,,,
680,11.3333,,95.97,,,,
681,11.35,,180.79,,,,
682,11.3667,,156.74,,,,
683,11.3833,,140.22,,,,
684,11.4,,182.9,,,,
685,11.4167,,163.21,,,,
686,11.4333,,122.67,,,,
687,11.45,,89.28,,,,
688,11.4667,,198.54,,,,
689,11.4833,,159.22,,,,
690,11.5,,620.05,,,,
691,11.5167,,414.29,,,,
692,11.5333,,542.67,,,,
693,11.55,,430.19,,,,
694,11.5667,,385.82,,,,
695,11.5833,,654.39,,,,
696,11.6,,520.34,,,,
697,11.6167,,652.11,,,,
698,11.6333,,475.25,,,,
699,11.65,,583.77,,,,
700,11.6667,,603.84,,,,
701,11.6833,,539.83,,,,
702,11.7,,556.08,,,,
703,11.7167,,769.26,,,,
704,11.7333,,476.16,,,,
705,11.75,,103.19,,,,
706,11.7667,,207.36,,,,
707,11.7833,,92.67,,,,
708,11.8,,110.71,,,,
709,11.8167,,196.54,,,,
710,11.8333,,130.96,,,,
711,11.85,,69.9,,,,
712,11.8667,,184.82,,,,
713,11.8833,,164.85,,,,
714,11.9,,182.08,,,,
715,11.9167,,403.82,,,,
716,11.9333,,660.66,,,,
717,11.95,,562.19,,,,
718,11.9667,,504.57,,,,
719,11.9833,,402.01,,,,
720,12.0,,621.59,,,,
721,12.0167,,406.13,,,,
722,12.0333,,470.63,,,,
723,12.05,,614.78,,,,
724,12.0667,,430.19,,,,
725,12.0833,,790.49,,,,
726,12.1,,540.92,,,,
727,12.1167,,790.49,,,,
728,12.1333,,790.47,,,,
729,12.15,,790.44,,,,
730,12.1667,,638.13,,,,
731,12.1833,,646.7,,,,
732,12.2,,709.66,,,,
733,12.2167,,609.69,,,,
734,12.2333,,790.09,,,,
735,12.25,,789.98,,,,
736,12.2667,,789.86,,,,
737,12.2833,,789.72,,,,
738,12.3,,702.39,,,,
739,12.3167,,673.37,,,,
740,12.3333,,160.89,,,,
741,12.35,,158.79,,,,
742,12.3667,,74.14,,,,
743,12.3833,,193.59,,,,
744,12.4,,235.98,,,,
745,12.4167,,105.63,,,,
746,12.4333,,131.55,,,,
747,12.45,,149.56,,,,
748,12.4667,,114.89,,,,
749,12.4833,,120.61,,,,
750,12.5,,786.81,,,,
751,12.5167,,786.5,,,,
752,12.5333,,786.17,,,,
753,12.55,,647.17,,,,
754,12.5667,,785.48,,,,
755,12.5833,,745.87,,,,
756,12.6,,775.89,,,,
757,12.6167,,784.35,,,,
758,12.6333,,783.94,,,,
759,12.65,,580.27,,,,
760,12.6667,,118.45,,,,
761,12.6833,,204.62,,,,
762,12.7,,166.81,,,,
763,12.7167,,80.7,,,,
764,12.7333,,87.12,,,,
765,12.75,,187.83,,,,
766,12.7667,,127.44,,,,
767,12.7833,,152.04,,,,
768,12.8,,196.44,,,,
769,12.8167,,226.91,,,,
770,12.8333,,199.85,,,,
771,12.85,,165.8,,,,
772,12.8667,,144.53,,,,
773,12.8833,,214.34,,,,
774,12.9,,139.22,,,,
775,12.9167,,268.77,,,,
776,12.9333,,143.47,,,,
777,12.95,,108.23,,,,
778,12.9667,,147.39,,,,
779,12.9833,,55.21,,,,
780,13.0,,189.6,,,,
781,13.0167,,136.29,,,,
782,13.0333,,109.18,,,,
783,13.05,,148.77,,,,
784,13.0667,,118.67,,,,
785,13.0833,,178.76,,,,
786,13.1,,170.24,,,,
787,13.1167,,111.07,,,,
788,13.1333,,141.93,,,,
789,13.15,,174.67,,,,
790,13.1667,,137.7,,,,
791,13.1833,,171.63,,,,
792,13.2,,106.17,,,,
793,13.2167,,104.28,,,,
794,13.2333,,166.43,,,,
795,13.25,,204.52,,,,
796,13.2667,,183.58,,,,
797,13.2833,,146.89,,,,
798,13.3,,166.4,,,,
799,13.3167,,213.5,,,,
800,13.3333,,671.53,,,,
801,13.35,,685.55,,,,
802,13.3667,,746.57,,,,
803,13.3833,,585.28,,,,
804,13.4,,590.69,,,,
805,13.4167,,455.16,,,,
806,13.4333,,629.94,,,,
807,13.45,,748.8,,,,
808,13.4667,,747.78,,,,
809,13.4833,,746.74,,,,
810,13.5,,529.68,,,,
811,13.5167,,317.17,,,,
812,13.5333,,516.97,,,,
813,13.55,,435.75,,,,
814,13.5667,,394.47,,,,
815,13.5833,,503.15,,,,
816,13.6,,404.37,,,,
817,13.6167,,303.72,,,,
818,13.6333,,733.84,,,,
819,13.65,,280.33,,,,
820,13.6667,,257.1,,,,
821,13.6833,,398.87,,,,
822,13.7,,331.81,,,,
823,13.7167,,494.98,,,,
824,13.7333,,527.3,,,,
825,13.75,,437.21,,,,
826,13.7667,,526.94,,,,
827,13.7833,,543.44,,,,
828,13.8,,491.5,,,,
829,13.8167,,440.23,,,,
830,13.8333,,549.66,,,,
831,13.85,,720.86,,,,
832,13.8667,,456.47,,,,
833,13.8833,,371.1,,,,
834,13.9,,420.34,,,,
835,13.9167,,715.54,,,,
836,13.9333,,714.18,,,,
837,13.95,,531.38,,,,
838,13.9667,,559.88,,,,
839,13.9833,,710.03,,,,
840,14.0,,130.23,,,,
841,14.0167,,203.02,,,,
842,14.0333,,168.27,,,,
843,14.05,,132.22,,,,
844,14.0667,,155.22,,,,
845,14.0833,,124.46,,,,
846,14.1,,92.85,,,,
847,14.1167,,117.34,,,,
848,14.1333,,155.31,,,,
849,14.15,,179.73,,,,
850,14.1667,,693.94,,,,
851,14.1833,,692.41,,,,
852,14.2,,690.87,,,,
853,14.2167,,682.69,,,,
854,14.2333,,686.62,,,,
855,14.25,,481.29,,,,
856,14.2667,,605.34,,,,
857,14.2833,,397.04,,,,
858,14.3,,437.73,,,,
859,14.3167,,524.26,,,,
860,14.3333,,409.2,,,,
861,14.35,,555.28,,,,
862,14.3667,,408.41,,,,
863,14.3833,,641.0,,,,
864,14.4,,320.72,,,,
865,14.4167,,507.67,,,,
866,14.4333,,341.27,,,,
867,14.45,,451.18,,,,
868,14.4667,,608.0,,,,
869,14.4833,,399.02,,,,
870,14.5,,263.61,,,,
871,14.5167,,452.01,,,,
872,14.5333,,347.53,,,,
873,14.55,,456.07,,,,
874,14.5667,,367.77,,,,
875,14.5833,,581.51,,,,
876,14.6,,650.57,,,,
877,14.6167,,648.75,,,,
878,14.6333,,552.2,,,,
879,14.65,,645.1,,,,
880,14.6667,,583.09,,,,
881,14.6833,,641.39,,,,
882,14.7,,618.1,,,,
883,14.7167,,497.59,,,,
884,14.7333,,635.76,,,,
885,14.75,,572.22,,,,
886,14.7667,,631.96,,,,
887,14.7833,,630.04,,,,
888,14.8,,628.11,,,,
889,14.8167,,603.2,,,,
890,14.8333,,481.37,,,,
891,14.85,,573.12,,,,
892,14.8667,,483.67,,,,
893,14.8833,,488.56,,,,
894,14.9,,396.94,,,,
895,14.9167,,172.5,,,,
896,14.9333,,143.38,,,,
897,14.95,,131.11,,,,
898,14.9667,,183.88,,,,
899,14.9833,,94.16,,,,
900,15.0,,282.28,,,,
901,15.0167,,329.34,,,,
902,15.0333,,427.06,,,,
903,15.05,,262.48,,,,
904,15.0667,,298.65,,,,
905,15.0833,,106.11,,,,
906,15.1,,71.93,,,,
907,15.1167,,115.13,,,,
908,15.1333,,146.51,,,,
909,15.15,,66.45,,,,
910,15.1667,,583.18,,,,
911,15.1833,,581.02,,,,
912,15.2,,578.86,,,,
913,15.2167,,447.52,,,,
914,15.2333,,574.5,,,,
915,15.25,,343.64,,,,
916,15.2667,,504.98,,,,
917,15.2833,,531.44,,,,
918,15.3,,551.23,,,,
919,15.3167,,563.45,,,,
920,15.3333,,561.21,,,,
921,15.35,,558.97,,,,
922,15.3667,,536.25,,,,
923,15.3833,,554.45,,,,
924,15.4,,552.17,,,,
925,15.4167,,376.39,,,,
926,15.4333,,451.3,,,,
927,15.45,,545.3,,,,
928,15.4667,,325.92,,,,
929,15.4833,,513.12,,,,
930,15.5,,410.77,,,,
931,15.5167,,316.2,,,,
932,15.5333,,501.83,,,,
933,15.55,,180.0,,,,
934,15.5667,,318.77,,,,
935,15.5833,,372.08,,,,
936,15.6,,175.68,,,,
937,15.6167,,357.7,,,,
938,15.6333,,269.25,,,,
939,15.65,,273.18,,,,
940,15.6667,,418.92,,,,
941,15.6833,,230.32,,,,
942,15.7,,452.1,,,,
943,15.7167,,222.41,,,,
944,15.7333,,226.13,,,,
945,15.75,,375.75,,,,
946,15.7667,,454.0,,,,
947,15.7833,,361.25,,,,
948,15.8,,345.49,,,,
949,15.8167,,207.24,,,,
950,15.8333,,330.81,,,,
951,15.85,,363.66,,,,
952,15.8667,,384.79,,,,
953,15.8833,,173.02,,,,
954,15.9,,229.52,,,,
955,15.9167,,406.88,,,,
956,15.9333,,362.02,,,,
957,15.95,,354.21,,,,
958,15.9667,,209.09,,,,
959,15.9833,,264.1,,,,
960,16.0,,272.44,,,,
961,16.0167,,252.87,,,,
962,16.0333,,315.51,,,,
963,16.05,,346.41,,,,
964,16.0667,,284.19,,,,
965,16.0833,,191.12,,,,
966,16.1,,318.84,,,,
967,16.1167,,181.11,,,,
968,16.1333,,290.69,,,,
969,16.15,,334.03,,,,
970,16.1667,,105.63,,,,
971,16.1833,,75.42,,,,
972,16.2,,129.05,,,,
973,16.2167,,88.61,,,,
974,16.2333,,68.75,,,,
975,16.25,,381.23,,,,
976,16.2667,,215.67,,,,
977,16.2833,,347.53,,,,
978,16.3,,256.93,,,,
979,16.3167,,273.06,,,,
980,16.3333,,411.68,,,,
981,16.35,,258.71,,,,
982,16.3667,,251.57,,,,
983,16.3833,,339.83,,,,
984,16.4,,133.03,,,,
985,16.4167,,398.0,,,,
986,16.4333,,241.23,,,,
987,16.45,,392.49,,,,
988,16.4667,,389.72,,,,
989,16.4833,,374.76,,,,
990,16.5,,384.17,,,,
991,16.5167,,381.38,,,,
992,16.5333,,361.42,,,,
993,16.55,,375.79,,,,
994,16.5667,,344.98,,,,
995,16.5833,,370.18,,,,
996,16.6,,367.36,,,,
997,16.6167,,276.32,,,,
998,16.6333,,213.42,,,,
999,16.65,,358.88,,,,
1000,16.6667,,293.03,,,,
1001,16.6833,,227.79,,,,
1002,16.7,,115.67,,,,
1003,16.7167,,167.04,,,,
1004,16.7333,,107.21,,,,
1005,16.75,,65.52,,,,
1006,16.7667,,94.47,,,,
1007,16.7833,,45.75,,,,
1008,16.8,,66.06,,,,
1009,16.8167,,32.09,,,,
1010,16.8333,,278.96,,,,
1011,16.85,,324.43,,,,
1012,16.8667,,208.18,,,,
1013,16.8833,,318.61,,,,
1014,16.9,,262.48,,,,
1015,16.9167,,49.4,,,,
1016,16.9333,,48.08,,,,
1017,16.95,,66.0,,,,
1018,16.9667,,73.9,,,,
1019,16.9833,,47.16,,,,
1020,17.0,,50.87,,,,
1021,17.0167,,64.18,,,,
1022,17.0333,,60.75,,,,
1023,17.05,,79.84,,,,
1024,17.0667,,51.71,,,,
1025,17.0833,,58.18,,,,
1026,17.1,,66.43,,,,
1027,17.1167,,61.67,,,,
1028,17.1333,,58.49,,,,
1029,17.15,,27.43,,,,
1030,17.1667,,31.64,,,,
1031,17.1833,,49.53,,,,
1032,17.2,,52.54,,,,
1033,17.2167,,45.16,,,,
1034,17.2333,,68.69,,,,
1035,17.25,,173.94,,,,
1036,17.2667,,179.6,,,,
1037,17.2833,,174.42,,,,
1038,17.3,,151.58,,,,
1039,17.3167,,145.06,,,,
1040,17.3333,,148.89,,,,
1041,17.35,,161.05,,,,
1042,17.3667,,173.06,,,,
1043,17.3833,,131.62,,,,
1044,17.4,,131.1,,,,
1045,17.4167,,25.27,,,,
1046,17.4333,,33.43,,,,
1047,17.45,,53.08,,,,
1048,17.4667,,48.7,,,,
1049,17.4833,,45.44,,,,
1050,17.5,,42.1,,,,
1051,17.5167,,33.13,,,,
1052,17.5333,,50.37,,,,
1053,17.55,,35.56,,,,
1054,17.5667,,40.45,,,,
1055,17.5833,,37.99,,,,
1056,17.6,,44.5,,,,
1057,17.6167,,18.72,,,,
1058,17.6333,,40.5,,,,
1059,17.65,,19.09,,,,
1060,17.6667,,127.29,,,,
1061,17.6833,,84.31,,,,
1062,17.7,,140.08,,,,
1063,17.7167,,108.16,,,,
1064,17.7333,,118.46,,,,
1065,17.75,,28.08,,,,
1066,17.7667,,50.66,,,,
1067,17.7833,,31.1,,,,
1068,17.8,,32.57,,,,
1069,17.8167,,16.64,,,,
1070,17.8333,,20.88,,,,
1071,17.85,,35.03,,,,
1072,17.8667,,17.57,,,,
1073,17.8833,,17.29,,,,
1074,17.9,,32.02,,,,
1075,17.9167,,114.74,,,,
1076,17.9333,,88.84,,,,
1077,17.95,,69.83,,,,
1078,17.9667,,70.21,,,,
1079,17.9833,,72.58,,,,
1080,18.0,,92.34,,,,
1081,18.0167,,49.51,,,,
1082,18.0333,,72.94,,,,
1083,18.05,,67.16,,,,
1084,18.0667,,48.09,,,,
1085,18.0833,,17.64,,,,
1086,18.1,,12.95,,,,
1087,18.1167,,15.13,,,,
1088,18.1333,,29.89,,,,
1089,18.15,,27.05,,,,
1090,18.1667,,12.8,,,,
1091,18.1833,,17.32,,,,
1092,18.2,,19.8,,,,
1093,18.2167,,11.93,,,,
1094,18.2333,,11.52,,,,
1095,18.25,,11.99,,,,
1096,18.2667,,16.35,,,,
1097,18.2833,,12.13,,,,
1098,18.3,,13.52,,,,
1099,18.3167,,20.33,,,,
1100,18.3333,,8.44,,,,
1101,18.35,,9.77,,,,
1102,18.3667,,11.08,,,,
1103,18.3833,,12.22,,,,
1104,18.4,,7.23,,,,
1105,18.4167,,4.18,,,,
1106,18.4333,,2.73,,,,
1107,18.45,,6.59,,,,
1108,18.4667,,5.25,,,,
1109,18.4833,,5.14,,,,
1110,18.5,,6.93,,,,
1111,18.5167,,4.61,,,,
1112,18.5333,,2.96,,,,
1113,18.55,,2.81,,,,
1114,18.5667,,3.19,,,,
1115,18.5833,,0.0,,,,
1116,18.6,,0.0,,,,
1117,18.6167,,0.0,,,,
1118,18.6333,,0.0,,,,
1119,18.65,,0.0,,,,
1120,18.6667,,0.0,,,,
1121,18.6833,,0.0,,,,
1122,18.7,,0.0,,,,
1123,18.7167,,0.0,,,,
1124,18.7333,,0.0,,,,
1125,18.75,,0.0,,,,
1126,18.7667,,0.0,,,,
1127,18.7833,,0.0,,,,
1128,18.8,,0.0,,,,
1129,18.8167,,0.0,,,,
1130,18.8333,,0.0,,,,
1131,18.85,,0.0,,,,
1132,18.8667,,0.0,,,,
1133,18.8833,,0.0,,,,
1134,18.9,,0.0,,,,
1135,18.9167,,0.0,,,,
1136,18.9333,,0.0,,,,
1137,18.95,,0.0,,,,
1138,18.9667,,0.0,,,,
1139,18.9833,,0.0,,,,
1140,19.0,,0.0,,,,
1141,19.0167,,0.0,,,,
1142,19.0333,,0.0,,,,
1143,19.05,,0.0,,,,
1144,19.0667,,0.0,,,,
1145,19.0833,,0.0,,,,
1146,19.1,,0.0,,,,
1147,19.1167,,0.0,,,,
1148,19.1333,,0.0,,,,
1149,19.15,,0.0,,,,
1150,19.1667,,0.0,,,,
1151,19.1833,,0.0,,,,
1152,19.2,,0.0,,,,
1153,19.2167,,0.0,,,,
1154,19.2333,,0.0,,,,
1155,19.25,,0.0,,,,
1156,19.2667,,0.0,,,,
1157,19.2833,,0.0,,,,
1158,19.3,,0.0,,,,
1159,19.3167,,0.0,,,,
1160,19.3333,,0.0,,,,
1161,19.35,,0.0,,,,
1162,19.3667,,0.0,,,,
1163,19.3833,,0.0,,,,
1164,19.4,,0.0,,,,
1165,19.4167,,0.0,,,,
1166,19.4333,,0.0,,,,
1167,19.45,,0.0,,,,
1168,19.4667,,0.0,,,,
1169,19.4833,,0.0,,,,
1170,19.5,,0.0,,,,
1171,19.5167,,0.0,,,,
1172,19.5333,,0.0,,,,
1173,19.55,,0.0,,,,
1174,19.5667,,0.0,,,,
1175,19.5833,,0.0,,,,
1176,19.6,,0.0,,,,
1177,19.6167,,0.0,,,,
1178,19.6333,,0.0,,,,
1179,19.65,,0.0,,,,
1180,19.6667,,0.0,,,,
1181,19.6833,,0.0,,,,
1182,19.7,,0.0,,,,
1183,19.7167,,0.0,,,,
1184,19.7333,,0.0,,,,
1185,19.75,,0.0,,,,
1186,19.7667,,0.0,,,,
1187,19.7833,,0.0,,,,
1188,19.8,,0.0,,,,
1189,19.8167,,0.0,,,,
1190,19.8333,,0.0,,,,
1191,19.85,,0.0,,,,
1192,19.8667,,0.0,,,,
1193,19.8833,,0.0,,,,
1194,19.9,,0.0,,,,
1195,19.9167,,0.0,,,,
1196,19.9333,,0.0,,,,
1197,19.95,,0.0,,,,
1198,19.9667,,0.0,,,,
1199,19.9833,,0.0,,,,
1200,20.0,,0.0,,,,
1201,20.0167,,0.0,,,,
1202,20.0333,,0.0,,,,
1203,20.05,,0.0,,,,
1204,20.0667,,0.0,,,,
1205,20.0833,,0.0,,,,
1206,20.1,,0.0,,,,
1207,20.1167,,0.0,,,,
1208,20.1333,,0.0,,,,
1209,20.15,,0.0,,,,
1210,20.1667,,0.0,,,,
1211,20.1833,,0.0,,,,
1212,20.2,,0.0,,,,
1213,20.2167,,0.0,,,,
1214,20.2333,,0.0,,,,
1215,20.25,,0.0,,,,
1216,20.2667,,0.0,,,,
1217,20.2833,,0.0,,,,
1218,20.3,,0.0,,,,
1219,20.3167,,0.0,,,,
1220,20.3333,,0.0,,,,
1221,20.35,,0.0,,,,
1222,20.3667,,0.0,,,,
1223,20.3833,,0.0,,,,
1224,20.4,,0.0,,,,
1225,20.4167,,0.0,,,,
1226,20.4333,,0.0,,,,
1227,20.45,,0.0,,,,
1228,20.4667,,0.0,,,,
1229,20.4833,,0.0,,,,
1230,20.5,,0.0,,,,
1231,20.5167,,0.0,,,,
1232,20.5333,,0.0,,,,
1233,20.55,,0.0,,,,
1234,20.5667,,0.0,,,,
1235,20.5833,,0.0,,,,
1236,20.6,,0.0,,,,
1237,20.6167,,0.0,,,,
1238,20.6333,,0.0,,,,
1239,20.65,,0.0,,,,
1240,20.6667,,0.0,,,,
1241,20.6833,,0.0,,,,
1242,20.7,,0.0,,,,
1243,20.7167,,0.0,,,,
1244,20.7333,,0.0,,,,
1245,20.75,,0.0,,,,
1246,20.7667,,0.0,,,,
1247,20.7833,,0.0,,,,
1248,20.8,,0.0,,,,
1249,20.8167,,0.0,,,,
1250,20.8333,,0.0,,,,
1251,20.85,,0.0,,,,
1252,20.8667,,0.0,,,,
1253,20.8833,,0.0,,,,
1254,20.9,,0.0,,,,
1255,20.9167,,0.0,,,,
1256,20.9333,,0.0,,,,
1257,20.95,,0.0,,,,
1258,20.9667,,0.0,,,,
1259,20.9833,,0.0,,,,
1260,21.0,,0.0,,,,
1261,21.0167,,0.0,,,,
1262,21.0333,,0.0,,,,
1263,21.05,,0.0,,,,
1264,21.0667,,0.0,,,,
1265,21.0833,,0.0,,,,
1266,21.1,,0.0,,,,
1267,21.1167,,0.0,,,,
1268,21.1333,,0.0,,,,
1269,21.15,,0.0,,,,
1270,21.1667,,0.0,,,,
1271,21.1833,,0.0,,,,
1272,21.2,,0.0,,,,
1273,21.2167,,0.0,,,,
1274,21.2333,,0.0,,,,
1275,21.25,,0.0,,,,
1276,21.2667,,0.0,,,,
1277,21.2833,,0.0,,,,
1278,21.3,,0.0,,,,
1279,21.3167,,0.0,,,,
1280,21.3333,,0.0,,,,
1281,21.35,,0.0,,,,
1282,21.3667,,0.0,,,,
1283,21.3833,,0.0,,,,
1284,21.4,,0.0,,,,
1285,21.4167,,0.0,,,,
1286,21.4333,,0.0,,,,
1287,21.45,,0.0,,,,
1288,21.4667,,0.0,,,,
1289,21.4833,,0.0,,,,
1290,21.5,,0.0,,,,
1291,21.5167,,0.0,,,,
1292,21.5333,,0.0,,,,
1293,21.55,,0.0,,,,
1294,21.5667,,0.0,,,,
1295,21.5833,,0.0,,,,
1296,21.6,,0.0,,,,
1297,21.6167,,0.0,,,,
1298,21.6333,,0.0,,,,
1299,21.65,,0.0,,,,
1300,21.6667,,0.0,,,,
1301,21.6833,,0.0,,,,
1302,21.7,,0.0,,,,
1303,21.7167,,0.0,,,,
1304,21.7333,,0.0,,,,
1305,21.75,,0.0,,,,
1306,21.7667,,0.0,,,,
1307,21.7833,,0.0,,,,
1308,21.8,,0.0,,,,
1309,21.8167,,0.0,,,,
1310,21.8333,,0.0,,,,
1311,21.85,,0.0,,,,
1312,21.8667,,0.0,,,,
1313,21.8833,,0.0,,,,
1314,21.9,,0.0,,,,
1315,21.9167,,0.0,,,,
1316,21.9333,,0.0,,,,
1317,21.95,,0.0,,,,
1318,21.9667,,0.0,,,,
1319,21.9833,,0.0,,,,
1320,22.0,,0.0,,,,
1321,22.0167,,0.0,,,,
1322,22.0333,,0.0,,,,
1323,22.05,,0.0,,,,
1324,22.0667,,0.0,,,,
1325,22.0833,,0.0,,,,
1326,22.1,,0.0,,,,
1327,22.1167,,0.0,,,,
1328,22.1333,,0.0,,,,
1329,22.15,,0.0,,,,
1330,22.1667,,0.0,,,,
1331,22.1833,,0.0,,,,
1332,22.2,,0.0,,,,
1333,22.2167,,0.0,,,,
1334,22.2333,,0.0,,,,
1335,22.25,,0.0,,,,
1336,22.2667,,0.0,,,,
1337,22.2833,,0.0,,,,
1338,22.3,,0.0,,,,
1339,22.3167,,0.0,,,,
1340,22.3333,,0.0,,,,
1341,22.35,,0.0,,,,
1342,22.3667,,0.0,,,,
1343,22.3833,,0.0,,,,
1344,22.4,,0.0,,,,
1345,22.4167,,0.0,,,,
1346,22.4333,,0.0,,,,
1347,22.45,,0.0,,,,
1348,22.4667,,0.0,,,,
1349,22.4833,,0.0,,,,
1350,22.5,,0.0,,,,
1351,22.5167,,0.0,,,,
1352,22.5333,,0.0,,,,
1353,22.55,,0.0,,,,
1354,22.5667,,0.0,,,,
1355,22.5833,,0.0,,,,
1356,22.6,,0.0,,,,
1357,22.6167,,0.0,,,,
1358,22.6333,,0.0,,,,
1359,22.65,,0.0,,,,
1360,22.6667,,0.0,,,,
1361,22.6833,,0.0,,,,
1362,22.7,,0.0,,,,
1363,22.7167,,0.0,,,,
1364,22.7333,,0.0,,,,
1365,22.75,,0.0,,,,
1366,22.7667,,0.0,,,,
1367,22.7833,,0.0,,,,
1368,22.8,,0.0,,,,
1369,22.8167,,0.0,,,,
1370,22.8333,,0.0,,,,
1371,22.85,,0.0,,,,
1372,22.8667,,0.0,,,,
1373,22.8833,,0.0,,,,
1374,22.9,,0.0,,,,
1375,22.9167,,0.0,,,,
1376,22.9333,,0.0,,,,
1377,22.95,,0.0,,,,
1378,22.9667,,0.0,,,,
1379,22.9833,,0.0,,,,
1380,23.0,,0.0,,,,
1381,23.0167,,0.0,,,,
1382,23.0333,,0.0,,,,
1383,23.05,,0.0,,,,
1384,23.0667,,0.0,,,,
1385,23.0833,,0.0,,,,
1386,23.1,,0.0,,,,
1387,23.1167,,0.0,,,,
1388,23.1333,,0.0,,,,
1389,23.15,,0.0,,,,
1390,23.1667,,0.0,,,,
1391,23.1833,,0.0,,,,
1392,23.2,,0.0,,,,
1393,23.2167,,0.0,,,,
1394,23.2333,,0.0,,,,
1395,23.25,,0.0,,,,
1396,23.2667,,0.0,,,,
1397,23.2833,,0.0,,,,
1398,23.3,,0.0,,,,
1399,23.3167,,0.0,,,,
1400,23.3333,,0.0,,,,
1401,23.35,,0.0,,,,
1402,23.3667,,0.0,,,,
1403,23.3833,,0.0,,,,
1404,23.4,,0.0,,,,
1405,23.4167,,0.0,,,,
1406,23.4333,,0.0,,,,
1407,23.45,,0.0,,,,
1408,23.4667,,0.0,,,,
1409,23.4833,,0.0,,,,
1410,23.5,,0.0,,,,
1411,23.5167,,0.0,,,,
1412,23.5333,,0.0,,,,
1413,23.55,,0.0,,,,
1414,23.5667,,0.0,,,,
1415,23.5833,,0.0,,,,
1416,23.6,,0.0,,,,
1417,23.6167,,0.0,,,,
1418,23.6333,,0.0,,,,
1419,23.65,,0.0,,,,
1420,23.6667,,0.0,,,,
1421,23.6833,,0.0,,,,
1422,23.7,,0.0,,,,
1423,23.7167,,0.0,,,,
1424,23.7333,,0.0,,,,
1425,23.75,,0.0,,,,
1426,23.7667,,0.0,,,,
1427,23.7833,,0.0,,,,
1428,23.8,,0.0,,,,
1429,23.8167,,0.0,,,,
1430,23.8333,,0.0,,,,
1431,23.85,,0.0,,,,
1432,23.8667,,0.0,,,,
1433,23.8833,,0.0,,,,
1434,23.9,,0.0,,,,
1435,23.9167,,0.0,,,,
1436,23.9333,,0.0,,,,
1437,23.95,,0.0,,,,
1438,23.9667,,0.0,,,,
1439,23.9833,,0.0,,,,
0,0.0,,,0.0,,,
1,0.0167,,,0.0,,,
2,0.0333,,,0.0,,,
3,0.05,,,0.0,,,
4,0.0667,,,0.0,,,
5,0.0833,,,0.0,,,
6,0.1,,,0.0,,,
7,0.1167,,,0.0,,,
8,0.1333,,,0.0,,,
9,0.15,,,0.0,,,
10,0.1667,,,0.0,,,
11,0.1833,,,0.0,,,
12,0.2,,,0.0,,,
13,0.2167,,,0.0,,,
14,0.2333,,,0.0,,,
15,0.25,,,0.0,,,
16,0.2667,,,0.0,,,
17,0.2833,,,0.0,,,
18,0.3,,,0.0,,,
19,0.3167,,,0.0,,,
20,0.3333,,,0.0,,,
21,0.35,,,0.0,,,
22,0.3667,,,0.0,,,
23,0.3833,,,0.0,,,
24,0.4,,,0.0,,,
25,0.4167,,,0.0,,,
26,0.4333,,,0.0,,,
27,0.45,,,0.0,,,
28,0.4667,,,0.0,,,
29,0.4833,,,0.0,,,
30,0.5,,,0.0,,,
31,0.5167,,,0.0,,,
32,0.5333,,,0.0,,,
33,0.55,,,0.0,,,
34,0.5667,,,0.0,,,
35,0.5833,,,0.0,,,
36,0.6,,,0.0,,,
37,0.6167,,,0.0,,,
38,0.6333,,,0.0,,,
39,0.65,,,0.0,,,
40,0.6667,,,0.0,,,
41,0.6833,,,0.0,,,
42,0.7,,,0.0,,,
43,0.7167,,,0.0,,,
44,0.7333,,,0.0,,,
45,0.75,,,0.0,,,
46,0.7667,,,0.0,,,
47,0.7833,,,0.0,,,
48,0.8,,,0.0,,,
49,0.8167,,,0.0,,,
50,0.8333,,,0.0,,,
51,0.85,,,0.0,,,
52,0.8667,,,0.0,,,
53,0.8833,,,0.0,,,
54,0.9,,,0.0,,,
55,0.9167,,,0.0,,,
56,0.9333,,,0.0,,,
57,0.95,,,0.0,,,
58,0.9667,,,0.0,,,
59,0.9833,,,0.0,,,
60,1.0,,,0.0,,,
61,1.0167,,,0.0,,,
62,1.0333,,,0.0,,,
63,1.05,,,0.0,,,
64,1.0667,,,0.0,,,
65,1.0833,,,0.0,,,
66,1.1,,,0.0,,,
67,1.1167,,,0.0,,,
68,1.1333,,,0.0,,,
69,1.15,,,0.0,,,
70,1.1667,,,0.0,,,
71,1.1833,,,0.0,,,
72,1.2,,,0.0,,,
73,1.2167,,,0.0,,,
74,1.2333,,,0.0,,,
75,1.25,,,0.0,,,
76,1.2667,,,0.0,,,
77,1.2833,,,0.0,,,
78,1.3,,,0.0,,,
79,1.3167,,,0.0,,,
80,1.3333,,,0.0,,,
81,1.35,,,0.0,,,
82,1.3667,,,0.0,,,
83,1.3833,,,0.0,,,
84,1.4,,,0.0,,,
85,1.4167,,,0.0,,,
86,1.4333,,,0.0,,,
87,1.45,,,0.0,,,
88,1.4667,,,0.0,,,
89,1.4833,,,0.0,,,
90,1.5,,,0.0,,,
91,1.5167,,,0.0,,,
92,1.5333,,,0.0,,,
93,1.55,,,0.0,,,
94,1.5667,,,0.0,,,
95,1.5833,,,0.0,,,
96,1.6,,,0.0,,,
97,1.6167,,,0.0,,,
98,1.6333,,,0.0,,,
99,1.65,,,0.0,,,
100,1.6667,,,0.0,,,
101,1.6833,,,0.0,,,
102,1.7,,,0.0,,,
103,1.7167,,,0.0,,,
104,1.7333,,,0.0,,,
105,1.75,,,0.0,,,
106,1.7667,,,0.0,,,
107,1.7833,,,0.0,,,
108,1.8,,,0.0,,,
109,1.8167,,,0.0,,,
110,1.8333,,,0.0,,,
111,1.85,,,0.0,,,
112,1.8667,,,0.0,,,
113,1.8833,,,0.0,,,
114,1.9,,,0.0,,,
115,1.9167,,,0.0,,,
116,1.9333,,,0.0,,,
117,1.95,,,0.0,,,
118,1.9667,,,0.0,,,
119,1.9833,,,0.0,,,
120,2.0,,,0.0,,,
121,2.0167,,,0.0,,,
122,2.0333,,,0.0,,,
123,2.05,,,0.0,,,
124,2.0667,,,0.0,,,
125,2.0833,,,0.0,,,
126,2.1,,,0.0,,,
127,2.1167,,,0.0,,,
128,2.1333,,,0.0,,,
129,2.15,,,0.0,,,
130,2.1667,,,0.0,,,
131,2.1833,,,0.0,,,
132,2.2,,,0.0,,,
133,2.2167,,,0.0,,,
134,2.2333,,,0.0,,,
135,2.25,,,0.0,,,
136,2.2667,,,0.0,,,
137,2.2833,,,0.0,,,
138,2.3,,,0.0,,,
139,2.3167,,,0.0,,,
140,2.3333,,,0.0,,,
141,2.35,,,0.0,,,
142,2.3667,,,0.0,,,
143,2.3833,,,0.0,,,
144,2.4,,,0.0,,,
145,2.4167,,,0.0,,,
146,2.4333,,,0.0,,,
147,2.45,,,0.0,,,
148,2.4667,,,0.0,,,
149,2.4833,,,0.0,,,
150,2.5,,,0.0,,,
151,2.5167,,,0.0,,,
152,2.5333,,,0.0,,,
153,2.55,,,0.0,,,
154,2.5667,,,0.0,,,
155,2.5833,,,0.0,,,
156,2.6,,,0.0,,,
157,2.6167,,,0.0,,,
158,2.6333,,,0.0,,,
159,2.65,,,0.0,,,
160,2.6667,,,0.0,,,
161,2.6833,,,0.0,,,
162,2.7,,,0.0,,,
163,2.7167,,,0.0,,,
164,2.7333,,,0.0,,,
165,2.75,,,0.0,,,
166,2.7667,,,0.0,,,
167,2.7833,,,0.0,,,
168,2.8,,,0.0,,,
169,2.8167,,,0.0,,,
170,2.8333,,,0.0,,,
171,2.85,,,0.0,,,
172,2.8667,,,0.0,,,
173,2.8833,,,0.0,,,
174,2.9,,,0.0,,,
175,2.9167,,,0.0,,,
176,2.9333,,,0.0,,,
177,2.95,,,0.0,,,
178,2.9667,,,0.0,,,
179,2.9833,,,0.0,,,
180,3.0,,,0.0,,,
181,3.0167,,,0.0,,,
182,3.0333,,,0.0,,,
183,3.05,,,0.0,,,
184,3.0667,,,0.0,,,
185,3.0833,,,0.0,,,
186,3.1,,,0.0,,,
187,3.1167,,,0.0,,,
188,3.1333,,,0.0,,,
189,3.15,,,0.0,,,
190,3.1667,,,0.0,,,
191,3.1833,,,0.0,,,
192,3.2,,,0.0,,,
193,3.2167,,,0.0,,,
194,3.2333,,,0.0,,,
195,3.25,,,0.0,,,
196,3.2667,,,0.0,,,
197,3.2833,,,0.0,,,
198,3.3,,,0.0,,,
199,3.3167,,,0.0,,,
200,3.3333,,,0.0,,,
201,3.35,,,0.0,,,
202,3.3667,,,0.0,,,
203,3.3833,,,0.0,,,
204,3.4,,,0.0,,,
205,3.4167,,,0.0,,,
206,3.4333,,,0.0,,,
207,3.45,,,0.0,,,
208,3.4667,,,0.0,,,
209,3.4833,,,0.0,,,
210,3.5,,,0.0,,,
211,3.5167,,,0.0,,,
212,3.5333,,,0.0,,,
213,3.55,,,0.0,,,
214,3.5667,,,0.0,,,
215,3.5833,,,0.0,,,
216,3.6,,,0.0,,,
217,3.6167,,,0.0,,,
218,3.6333,,,0.0,,,
219,3.65,,,0.0,,,
220,3.6667,,,0.0,,,
221,3.6833,,,0.0,,,
222,3.7,,,0.0,,,
223,3.7167,,,0.0,,,
224,3.7333,,,0.0,,,
225,3.75,,,0.0,,,
226,3.7667,,,0.0,,,
227,3.7833,,,0.0,,,
228,3.8,,,0.0,,,
229,3.8167,,,0.0,,,
230,3.8333,,,0.0,,,
231,3.85,,,0.0,,,
232,3.8667,,,0.0,,,
233,3.8833,,,0.0,,,
234,3.9,,,0.0,,,
235,3.9167,,,0.0,,,
236,3.9333,,,0.0,,,
237,3.95,,,0.0,,,
238,3.9667,,,0.0,,,
239,3.9833,,,0.0,,,
240,4.0,,,0.0,,,
241,4.0167,,,0.0,,,
242,4.0333,,,0.0,,,
243,4.05,,,0.0,,,
244,4.0667,,,0.0,,,
245,4.0833,,,0.0,,,
246,4.1,,,0.0,,,
247,4.1167,,,0.0,,,
248,4.1333,,,0.0,,,
249,4.15,,,0.0,,,
250,4.1667,,,0.0,,,
251,4.1833,,,0.0,,,
252,4.2,,,0.0,,,
253,4.2167,,,0.0,,,
254,4.2333,,,0.0,,,
255,4.25,,,0.0,,,
256,4.2667,,,0.0,,,
257,4.2833,,,0.0,,,
258,4.3,,,0.0,,,
259,4.3167,,,0.0,,,
260,4.3333,,,0.0,,,
261,4.35,,,0.0,,,
262,4.3667,,,0.0,,,
263,4.3833,,,0.0,,,
264,4.4,,,0.0,,,
265,4.4167,,,0.0,,,
266,4.4333,,,0.0,,,
267,4.45,,,0.0,,,
268,4.4667,,,0.0,,,
269,4.4833,,,0.0,,,
270,4.5,,,0.0,,,
271,4.5167,,,0.0,,,
272,4.5333,,,0.0,,,
273,4.55,,,0.0,,,
274,4.5667,,,0.0,,,
275,4.5833,,,0.0,,,
276,4.6,,,0.0,,,
277,4.6167,,,0.0,,,
278,4.6333,,,0.0,,,
279,4.65,,,0.0,,,
280,4.6667,,,0.0,,,
281,4.6833,,,0.0,,,
282,4.7,,,0.0,,,
283,4.7167,,,0.0,,,
284,4.7333,,,0.0,,,
285,4.75,,,0.0,,,
286,4.7667,,,0.0,,,
287,4.7833,,,0.0,,,
288,4.8,,,0.0,,,
289,4.8167,,,0.0,,,
290,4.8333,,,0.0,,,
291,4.85,,,0.0,,,
292,4.8667,,,0.0,,,
293,4.8833,,,0.0,,,
294,4.9,,,0.0,,,
295,4.9167,,,0.0,,,
296,4.9333,,,0.0,,,
297,4.95,,,0.0,,,
298,4.9667,,,0.0,,,
299,4.9833,,,0.0,,,
300,5.0,,,0.0,,,
301,5.0167,,,0.0,,,
302,5.0333,,,0.0,,,
303,5.05,,,0.0,,,
304,5.0667,,,0.0,,,
305,5.0833,,,0.0,,,
306,5.1,,,0.0,,,
307,5.1167,,,0.0,,,
308,5.1333,,,0.0,,,
309,5.15,,,0.0,,,
310,5.1667,,,0.0,,,
311,5.1833,,,0.0,,,
312,5.2,,,0.0,,,
313,5.2167,,,0.0,,,
314,5.2333,,,0.0,,,
315,5.25,,,0.0,,,
316,5.2667,,,0.0,,,
317,5.2833,,,0.0,,,
318,5.3,,,0.0,,,
319,5.3167,,,2.82,,,
320,5.3333,,,5.02,,,
321,5.35,,,5.32,,,
322,5.3667,,,11.29,,,
323,5.3833,,,7.28,,,
324,5.4,,,16.94,,,
325,5.4167,,,8.09,,,
326,5.4333,,,4.01,,,
327,5.45,,,2.11,,,
328,5.4667,,,1.24,,,
329,5.4833,,,5.37,,,
330,5.5,,,3.62,,,
331,5.5167,,,11.26,,,
332,5.5333,,,7.02,,,
333,5.55,,,9.33,,,
334,5.5667,,,9.96,,,
335,5.5833,,,15.58,,,
336,5.6,,,10.04,,,
337,5.6167,,,16.99,,,
338,5.6333,,,8.4,,,
339,5.65,,,12.35,,,
340,5.6667,,,10.94,,,
341,5.6833,,,12.39,,,
342,5.7,,,17.08,,,
343,5.7167,,,17.11,,,
344,5.7333,,,15.79,,,
345,5.75,,,43.46,,,
346,5.7667,,,70.91,,,
347,5.7833,,,70.68,,,
348,5.8,,,84.5,,,
349,5.8167,,,50.91,,,
350,5.8333,,,81.47,,,
351,5.85,,,86.49,,,
352,5.8667,,,95.71,,,
353,5.8833,,,84.13,,,
354,5.9,,,97.12,,,
355,5.9167,,,99.1,,,
356,5.9333,,,71.78,,,
357,5.95,,,99.46,,,
358,5.9667,,,101.98,,,
359,5.9833,,,115.27,,,
360,6.0,,,118.06,,,
361,6.0167,,,120.85,,,
362,6.0333,,,123.63,,,
363,6.05,,,113.09,,,
364,6.0667,,,129.19,,,
365,6.0833,,,131.97,,,
366,6.1,,,134.75,,,
367,6.1167,,,137.53,,,
368,6.1333,,,138.87,,,
369,6.15,,,104.78,,,
370,6.1667,,,70.79,,,
371,6.1833,,,60.3,,,
372,6.2,,,94.09,,,
373,6.2167,,,92.23,,,
374,6.2333,,,107.55,,,
375,6.25,,,28.38,,,
376,6.2667,,,33.85,,,
377,6.2833,,,38.46,,,
378,6.3,,,32.39,,,
379,6.3167,,,47.02,,,
380,6.3333,,,36.18,,,
381,6.35,,,26.89,,,
382,6.3667,,,18.26,,,
383,6.3833,,,46.17,,,
384,6.4,,,44.89,,,
385,6.4167,,,37.3,,,
386,6.4333,,,28.12,,,
387,6.45,,,38.34,,,
388,6.4667,,,39.64,,,
389,6.4833,,,61.29,,,
390,6.5,,,41.46,,,
391,6.5167,,,45.83,,,
392,6.5333,,,24.54,,,
393,6.55,,,20.75,,,
394,6.5667,,,61.89,,,
395,6.5833,,,18.4,,,
396,6.6,,,37.07,,,
397,6.6167,,,52.56,,,
398,6.6333,,,37.99,,,
399,6.65,,,28.06,,,
400,6.6667,,,56.39,,,
401,6.6833,,,55.25,,,
402,6.7,,,55.26,,,
403,6.7167,,,42.94,,,
404,6.7333,,,51.26,,,
405,6.75,,,45.63,,,
406,6.7667,,,41.17,,,
407,6.7833,,,44.2,,,
408,6.8,,,55.43,,,
409,6.8167,,,45.79,,,
410,6.8333,,,76.45,,,
411,6.85,,,40.67,,,
412,6.8667,,,48.98,,,
413,6.8833,,,57.9,,,
414,6.9,,,61.99,,,
415,6.9167,,,243.4,,,
416,6.9333,,,270.31,,,
417,6.95,,,220.45,,,
418,6.9667,,,157.62,,,
419,6.9833,,,278.18,,,
420,7.0,,,258.9,,,
421,7.0167,,,188.21,,,
422,7.0333,,,240.75,,,
423,7.05,,,186.22,,,
424,7.0667,,,202.77,,,
425,7.0833,,,38.03,,,
426,7.1,,,85.85,,,
427,7.1167,,,68.71,,,
428,7.1333,,,58.18,,,
429,7.15,,,8.68,,,
430,7.1667,,,158.96,,,
431,7.1833,,,193.06,,,
432,7.2,,,229.9,,,
433,7.2167,,,212.46,,,
434,7.2333,,,151.85,,,
435,7.25,,,319.54,,,
436,7.2667,,,279.89,,,
437,7.2833,,,311.19,,,
438,7.3,,,327.16,,,
439,7.3167,,,329.7,,,
440,7.3333,,,332.22,,,
441,7.35,,,334.75,,,
442,7.3667,,,337.27,,,
443,7.3833,,,194.45,,,
444,7.4,,,314.75,,,
445,7.4167,,,344.79,,,
446,7.4333,,,347.29,,,
447,7.45,,,349.79,,,
448,7.4667,,,352.27,,,
449,7.4833,,,354.76,,,
450,7.5,,,357.24,,,
451,7.5167,,,359.71,,,
452,7.5333,,,362.18,,,
453,7.55,,,329.43,,,
454,7.5667,,,305.1,,,
455,7.5833,,,64.26,,,
456,7.6,,,42.41,,,
457,7.6167,,,98.1,,,
458,7.6333,,,40.28,,,
459,7.65,,,62.13,,,
460,7.6667,,,230.54,,,
461,7.6833,,,154.86,,,
462,7.7,,,200.36,,,
463,7.7167,,,194.32,,,
464,7.7333,,,322.93,,,
465,7.75,,,170.78,,,
466,7.7667,,,270.44,,,
467,7.7833,,,158.16,,,
468,7.8,,,211.33,,,
469,7.8167,,,341.04,,,
470,7.8333,,,214.92,,,
471,7.85,,,164.93,,,
472,7.8667,,,261.19,,,
473,7.8833,,,326.33,,,
474,7.9,,,284.07,,,
475,7.9167,,,374.65,,,
476,7.9333,,,304.42,,,
477,7.95,,,303.5,,,
478,7.9667,,,418.99,,,
479,7.9833,,,261.17,,,
480,8.0,,,57.01,,,
481,8.0167,,,99.03,,,
482,8.0333,,,108.74,,,
483,8.05,,,85.97,,,
484,8.0667,,,85.33,,,
485,8.0833,,,64.64,,,
486,8.1,,,98.49,,,
487,8.1167,,,104.21,,,
488,8.1333,,,59.33,,,
489,8.15,,,118.86,,,
490,8.1667,,,124.51,,,
491,8.1833,,,80.08,,,
492,8.2,,,104.37,,,
493,8.2167,,,98.94,,,
494,8.2333,,,90.98,,,
495,8.25,,,91.35,,,
496,8.2667,,,68.35,,,
497,8.2833,,,64.38,,,
498,8.3,,,114.46,,,
499,8.3167,,,86.54,,,
500,8.3333,,,81.41,,,
501,8.35,,,56.27,,,
502,8.3667,,,165.87,,,
503,8.3833,,,62.01,,,
504,8.4,,,117.71,,,
505,8.4167,,,41.81,,,
506,8.4333,,,129.19,,,
507,8.45,,,128.46,,,
508,8.4667,,,166.69,,,
509,8.4833,,,65.08,,,
510,8.5,,,468.72,,,
511,8.5167,,,497.41,,,
512,8.5333,,,499.51,,,
513,8.55,,,491.55,,,
514,8.5667,,,422.91,,,
515,8.5833,,,88.34,,,
516,8.6,,,104.67,,,
517,8.6167,,,97.32,,,
518,8.6333,,,90.58,,,
519,8.65,,,89.17,,,
520,8.6667,,,250.05,,,
521,8.6833,,,272.33,,,
522,8.7,,,379.41,,,
523,8.7167,,,407.1,,,
524,8.7333,,,342.01,,,
525,8.75,,,20.36,,,
526,8.7667,,,81.13,,,
527,8.7833,,,108.12,,,
528,8.8,,,129.25,,,
529,8.8167,,,84.04,,,
530,8.8333,,,88.56,,,
531,8.85,,,103.71,,,
532,8.8667,,,117.89,,,
533,8.8833,,,111.98,,,
534,8.9,,,105.93,,,
535,8.9167,,,98.99,,,
536,8.9333,,,58.98,,,
537,8.95,,,103.57,,,
538,8.9667,,,97.35,,,
539,8.9833,,,110.88,,,
540,9.0,,,109.29,,,
541,9.0167,,,116.22,,,
542,9.0333,,,131.49,,,
543,9.05,,,122.74,,,
544,9.0667,,,133.69,,,
545,9.0833,,,286.27,,,
546,9.1,,,218.27,,,
547,9.1167,,,435.19,,,
548,9.1333,,,364.66,,,
549,9.15,,,215.18,,,
550,9.1667,,,132.76,,,
551,9.1833,,,122.86,,,
552,9.2,,,132.85,,,
553,9.2167,,,150.44,,,
554,9.2333,,,165.56,,,
555,9.25,,,458.56,,,
556,9.2667,,,445.39,,,
557,9.2833,,,270.13,,,
558,9.3,,,540.42,,,
559,9.3167,,,243.13,,,
560,9.3333,,,171.11,,,
561,9.35,,,162.65,,,
562,9.3667,,,156.52,,,
563,9.3833,,,167.07,,,
564,9.4,,,111.54,,,
565,9.4167,,,252.43,,,
566,9.4333,,,303.39,,,
567,9.45,,,533.2,,,
568,9.4667,,,224.81,,,
569,9.4833,,,586.07,,,
570,9.5,,,498.45,,,
571,9.5167,,,390.41,,,
572,9.5333,,,381.67,,,
573,9.55,,,315.38,,,
574,9.5667,,,292.53,,,
575,9.5833,,,444.97,,,
576,9.6,,,406.92,,,
577,9.6167,,,436.51,,,
578,9.6333,,,382.14,,,
579,9.65,,,157.24,,,
580,9.6667,,,500.06,,,
581,9.6833,,,419.57,,,
582,9.7,,,358.01,,,
583,9.7167,,,286.84,,,
584,9.7333,,,398.27,,,
585,9.75,,,631.25,,,
586,9.7667,,,433.61,,,
587,9.7833,,,624.16,,,
588,9.8,,,537.73,,,
589,9.8167,,,598.05,,,
590,9.8333,,,341.84,,,
591,9.85,,,640.05,,,
592,9.8667,,,380.41,,,
593,9.8833,,,265.53,,,
594,9.9,,,351.34,,,
595,9.9167,,,422.63,,,
596,9.9333,,,278.17,,,
597,9.95,,,344.41,,,
598,9.9667,,,565.0,,,
599,9.9833,,,439.69,,,
600,10.0,,,93.35,,,
601,10.0167,,,76.12,,,
602,10.0333,,,116.84,,,
603,10.05,,,122.11,,,
604,10.0667,,,173.47,,,
605,10.0833,,,160.35,,,
606,10.1,,,149.68,,,
607,10.1167,,,113.13,,,
608,10.1333,,,203.07,,,
609,10.15,,,133.81,,,
610,10.1667,,,128.76,,,
611,10.1833,,,142.18,,,
612,10.2,,,119.48,,,
613,10.2167,,,88.05,,,
614,10.2333,,,105.93,,,
615,10.25,,,75.18,,,
616,10.2667,,,179.67,,,
617,10.2833,,,144.05,,,
618,10.3,,,142.08,,,
619,10.3167,,,144.56,,,
620,10.3333,,,439.25,,,
621,10.35,,,276.49,,,
622,10.3667,,,244.01,,,
623,10.3833,,,653.6,,,
624,10.4,,,289.92,,,
625,10.4167,,,429.46,,,
626,10.4333,,,332.25,,,
627,10.45,,,543.53,,,
628,10.4667,,,389.36,,,
629,10.4833,,,245.43,,,
630,10.5,,,534.64,,,
631,10.5167,,,443.17,,,
632,10.5333,,,523.98,,,
633,10.55,,,616.41,,,
634,10.5667,,,352.27,,,
635,10.5833,,,160.9,,,
636,10.6,,,116.32,,,
637,10.6167,,,119.59,,,
638,10.6333,,,128.48,,,
639,10.65,,,137.29,,,
640,10.6667,,,154.28,,,
641,10.6833,,,175.84,,,
642,10.7,,,90.58,,,
643,10.7167,,,141.85,,,
644,10.7333,,,104.08,,,
645,10.75,,,400.69,,,
646,10.7667,,,557.97,,,
647,10.7833,,,679.71,,,
648,10.8,,,563.27,,,
649,10.8167,,,543.08,,,
650,10.8333,,,160.91,,,
651,10.85,,,226.18,,,
652,10.8667,,,57.16,,,
653,10.8833,,,181.35,,,
654,10.9,,,138.08,,,
655,10.9167,,,397.03,,,
656,10.9333,,,358.84,,,
657,10.95,,,496.16,,,
658,10.9667,,,582.46,,,
659,10.9833,,,513.72,,,
660,11.0,,,716.41,,,
661,11.0167,,,595.27,,,
662,11.0333,,,717.91,,,
663,11.05,,,718.65,,,
664,11.0667,,,719.37,,,
665,11.0833,,,499.27,,,
666,11.1,,,720.79,,,
667,11.1167,,,545.62,,,
668,11.1333,,,497.74,,,
669,11.15,,,418.89,,,
670,11.1667,,,723.51,,,
671,11.1833,,,431.97,,,
672,11.2,,,657.68,,,
673,11.2167,,,725.44,,,
674,11.2333,,,664.67,,,
675,11.25,,,563.07,,,
676,11.2667,,,443.3,,,
677,11.2833,,,433.91,,,
678,11.3,,,728.44,,,
679,11.3167,,,729.01,,,
680,11.3333,,,729.57,,,
681,11.35,,,722.52,,,
682,11.3667,,,549.64,,,
683,11.3833,,,563.24,,,
684,11.4,,,731.7,,,
685,11.4167,,,732.2,,,
686,11.4333,,,564.04,,,
687,11.45,,,607.47,,,
688,11.4667,,,607.98,,,
689,11.4833,,,690.3,,,
690,11.5,,,734.57,,,
691,11.5167,,,735.02,,,
692,11.5333,,,735.45,,,
693,11.55,,,702.43,,,
694,11.5667,,,736.28,,,
695,11.5833,,,128.94,,,
696,11.6,,,95.37,,,
697,11.6167,,,123.79,,,
698,11.6333,,,133.08,,,
699,11.65,,,217.51,,,
700,11.6667,,,526.7,,,
701,11.6833,,,569.93,,,
702,11.7,,,430.58,,,
703,11.7167,,,380.92,,,
704,11.7333,,,321.72,,,
705,11.75,,,199.72,,,
706,11.7667,,,592.67,,,
707,11.7833,,,593.66,,,
708,11.8,,,308.32,,,
709,11.8167,,,442.51,,,
710,11.8333,,,741.41,,,
711,11.85,,,728.88,,,
712,11.8667,,,741.86,,,
713,11.8833,,,742.07,,,
714,11.9,,,651.42,,,
715,11.9167,,,178.21,,,
716,11.9333,,,182.69,,,
717,11.95,,,174.77,,,
718,11.9667,,,190.63,,,
719,11.9833,,,170.53,,,
720,12.0,,,63.79,,,
721,12.0167,,,121.62,,,
722,12.0333,,,106.84,,,
723,12.05,,,68.06,,,
724,12.0667,,,110.43,,,
725,12.0833,,,168.16,,,
726,12.1,,,98.95,,,
727,12.1167,,,107.03,,,
728,12.1333,,,143.38,,,
729,12.15,,,122.52,,,
730,12.1667,,,487.73,,,
731,12.1833,,,379.01,,,
732,12.2,,,475.38,,,
733,12.2167,,,351.65,,,
734,12.2333,,,439.17,,,
735,12.25,,,197.66,,,
736,12.2667,,,116.61,,,
737,12.2833,,,135.49,,,
738,12.3,,,136.57,,,
739,12.3167,,,185.47,,,
740,12.3333,,,743.66,,,
741,12.35,,,743.57,,,
742,12.3667,,,743.46,,,
743,12.3833,,,623.92,,,
744,12.4,,,743.23,,,
745,12.4167,,,538.82,,,
746,12.4333,,,742.95,,,
747,12.45,,,742.8,,,
748,12.4667,,,742.63,,,
749,12.4833,,,611.24,,,
750,12.5,,,525.66,,,
751,12.5167,,,564.16,,,
752,12.5333,,,465.89,,,
753,12.55,,,609.05,,,
754,12.5667,,,486.28,,,
755,12.5833,,,509.02,,,
756,12.6,,,211.91,,,
757,12.6167,,,438.08,,,
758,12.6333,,,519.1,,,
759,12.65,,,541.83,,,
760,12.6667,,,190.03,,,
761,12.6833,,,173.22,,,
762,12.7,,,237.72,,,
763,12.7167,,,154.52,,,
764,12.7333,,,168.3,,,
765,12.75,,,173.67,,,
766,12.7667,,,113.55,,,
767,12.7833,,,175.75,,,
768,12.8,,,185.27,,,
769,12.8167,,,193.26,,,
770,12.8333,,,79.22,,,
771,12.85,,,75.88,,,
772,12.8667,,,171.98,,,
773,12.8833,,,170.34,,,
774,12.9,,,157.44,,,
775,12.9167,,,463.86,,,
776,12.9333,,,300.62,,,
777,12.95,,,520.52,,,
778,12.9667,,,471.05,,,
779,12.9833,,,440.2,,,
780,13.0,,,426.65,,,
781,13.0167,,,478.4,,,
782,13.0333,,,490.62,,,
783,13.05,,,276.95,,,
784,13.0667,,,461.67,,,
785,13.0833,,,557.45,,,
786,13.1,,,527.25,,,
787,13.1167,,,393.68,,,
788,13.1333,,,619.88,,,
789,13.15,,,458.31,,,
790,13.1667,,,726.06,,,
791,13.1833,,,618.79,,,
792,13.2,,,724.8,,,
793,13.2167,,,724.16,,,
794,13.2333,,,723.51,,,
795,13.25,,,180.59,,,
796,13.2667,,,180.49,,,
797,13.2833,,,125.28,,,
798,13.3,,,203.85,,,
799,13.3167,,,79.76,,,
800,13.3333,,,177.63,,,
801,13.35,,,145.46,,,
802,13.3667,,,120.2,,,
803,13.3833,,,150.22,,,
804,13.4,,,108.15,,,
805,13.4167,,,180.14,,,
806,13.4333,,,202.46,,,
807,13.45,,,148.84,,,
808,13.4667,,,68.49,,,
809,13.4833,,,130.47,,,
810,13.5,,,92.0,,,
811,13.5167,,,125.7,,,
812,13.5333,,,133.54,,,
813,13.55,,,88.03,,,
814,13.5667,,,194.37,,,
815,13.5833,,,121.56,,,
816,13.6,,,173.37,,,
817,13.6167,,,144.93,,,
818,13.6333,,,97.26,,,
819,13.65,,,132.64,,,
820,13.6667,,,701.69,,,
821,13.6833,,,574.76,,,
822,13.7,,,594.64,,,
823,13.7167,,,639.63,,,
824,13.7333,,,699.13,,,
825,13.75,,,331.76,,,
826,13.7667,,,321.38,,,
827,13.7833,,,360.02,,,
828,13.8,,,492.7,,,
829,13.8167,,,364.75,,,
830,13.8333,,,270.61,,,
831,13.85,,,380.06,,,
832,13.8667,,,447.06,,,
833,13.8833,,,408.09,,,
834,13.9,,,459.63,,,
835,13.9167,,,345.5,,,
836,13.9333,,,285.72,,,
837,13.95,,,426.52,,,
838,13.9667,,,408.35,,,
839,13.9833,,,596.4,,,
840,14.0,,,682.41,,,
841,14.0167,,,681.28,,,
842,14.0333,,,544.35,,,
843,14.05,,,678.99,,,
844,14.0667,,,612.21,,,
845,14.0833,,,501.26,,,
846,14.1,,,560.62,,,
847,14.1167,,,393.59,,,
848,14.1333,,,514.13,,,
849,14.15,,,362.65,,,
850,14.1667,,,91.66,,,
851,14.1833,,,172.82,,,
852,14.2,,,176.25,,,
853,14.2167,,,134.76,,,
854,14.2333,,,188.06,,,
855,14.25,,,139.08,,,
856,14.2667,,,118.03,,,
857,14.2833,,,101.14,,,
858,14.3,,,138.19,,,
859,14.3167,,,167.5,,,
860,14.3333,,,155.4,,,
861,14.35,,,137.94,,,
862,14.3667,,,172.39,,,
863,14.3833,,,107.81,,,
864,14.4,,,165.14,,,
865,14.4167,,,118.77,,,
866,14.4333,,,60.66,,,
867,14.45,,,122.15,,,
868,14.4667,,,149.25,,,
869,14.4833,,,129.89,,,
870,14.5,,,70.82,,,
871,14.5167,,,161.41,,,
872,14.5333,,,134.49,,,
873,14.55,,,133.32,,,
874,14.5667,,,113.54,,,
875,14.5833,,,131.71,,,
876,14.6,,,101.12,,,
877,14.6167,,,159.51,,,
878,14.6333,,,175.11,,,
879,14.65,,,138.29,,,
880,14.6667,,,305.52,,,
881,14.6833,,,409.53,,,
882,14.7,,,474.96,,,
883,14.7167,,,513.24,,,
884,14.7333,,,484.03,,,
885,14.75,,,411.77,,,
886,14.7667,,,491.62,,,
887,14.7833,,,519.41,,,
888,14.8,,,617.43,,,
889,14.8167,,,537.22,,,
890,14.8333,,,69.04,,,
891,14.85,,,130.7,,,
892,14.8667,,,193.91,,,
893,14.8833,,,163.38,,,
894,14.9,,,135.42,,,
895,14.9167,,,126.94,,,
896,14.9333,,,86.98,,,
897,14.95,,,99.75,,,
898,14.9667,,,131.29,,,
899,14.9833,,,90.95,,,
900,15.0,,,141.06,,,
901,15.0167,,,108.43,,,
902,15.0333,,,149.01,,,
903,15.05,,,119.42,,,
904,15.0667,,,147.6,,,
905,15.0833,,,513.49,,,
906,15.1,,,259.7,,,
907,15.1167,,,266.33,,,
908,15.1333,,,375.1,,,
909,15.15,,,390.11,,,
910,15.1667,,,437.66,,,
911,15.1833,,,463.01,,,
912,15.2,,,384.6,,,
913,15.2167,,,228.93,,,
914,15.2333,,,350.17,,,
915,15.25,,,89.59,,,
916,15.2667,,,114.55,,,
917,15.2833,,,176.82,,,
918,15.3,,,153.44,,,
919,15.3167,,,83.44,,,
920,15.3333,,,134.42,,,
921,15.35,,,94.21,,,
922,15.3667,,,95.29,,,
923,15.3833,,,106.53,,,
924,15.4,,,152.44,,,
925,15.4167,,,122.38,,,
926,15.4333,,,162.29,,,
927,15.45,,,113.79,,,
928,15.4667,,,76.89,,,
929,15.4833,,,71.17,,,
930,15.5,,,114.17,,,
931,15.5167,,,174.08,,,
932,15.5333,,,95.82,,,
933,15.55,,,140.43,,,
934,15.5667,,,74.9,,,
935,15.5833,,,130.19,,,
936,15.6,,,68.93,,,
937,15.6167,,,101.77,,,
938,15.6333,,,113.55,,,
939,15.65,,,77.81,,,
940,15.6667,,,114.88,,,
941,15.6833,,,89.91,,,
942,15.7,,,130.95,,,
943,15.7167,,,154.33,,,
944,15.7333,,,117.96,,,
945,15.75,,,341.09,,,
946,15.7667,,,435.87,,,
947,15.7833,,,471.84,,,
948,15.8,,,507.82,,,
949,15.8167,,,499.57,,,
950,15.8333,,,503.68,,,
951,15.85,,,418.51,,,
952,15.8667,,,458.88,,,
953,15.8833,,,497.41,,,
954,15.9,,,495.31,,,
955,15.9167,,,369.0,,,
956,15.9333,,,385.68,,,
957,15.95,,,359.65,,,
958,15.9667,,,332.41,,,
959,15.9833,,,347.49,,,
960,16.0,,,117.95,,,
961,16.0167,,,88.33,,,
962,16.0333,,,94.91,,,
963,16.05,,,113.11,,,
964,16.0667,,,143.07,,,
965,16.0833,,,272.31,,,
966,16.1,,,280.93,,,
967,16.1167,,,467.34,,,
968,16.1333,,,274.12,,,
969,16.15,,,307.81,,,
970,16.1667,,,141.25,,,
971,16.1833,,,149.46,,,
972,16.2,,,67.79,,,
973,16.2167,,,81.67,,,
974,16.2333,,,82.16,,,
975,16.25,,,262.51,,,
976,16.2667,,,387.86,,,
977,16.2833,,,316.25,,,
978,16.3,,,337.95,,,
979,16.3167,,,205.46,,,
980,16.3333,,,186.38,,,
981,16.35,,,425.99,,,
982,16.3667,,,253.86,,,
983,16.3833,,,377.2,,,
984,16.4,,,260.38,,,
985,16.4167,,,219.73,,,
986,16.4333,,,242.25,,,
987,16.45,,,295.01,,,
988,16.4667,,,228.32,,,
989,16.4833,,,177.83,,,
990,16.5,,,116.21,,,
991,16.5167,,,62.64,,,
992,16.5333,,,111.45,,,
993,16.55,,,107.56,,,
994,16.5667,,,93.96,,,
995,16.5833,,,373.62,,,
996,16.6,,,246.86,,,
997,16.6167,,,375.85,,,
998,16.6333,,,256.71,,,
999,16.65,,,393.78,,,
1000,16.6667,,,391.38,,,
1001,16.6833,,,371.36,,,
1002,16.7,,,386.57,,,
1003,16.7167,,,363.84,,,
1004,16.7333,,,363.66,,,
1005,16.75,,,91.54,,,
1006,16.7667,,,231.86,,,
1007,16.7833,,,319.85,,,
1008,16.8,,,212.67,,,
1009,16.8167,,,213.17,,,
1010,16.8333,,,85.17,,,
1011,16.85,,,99.41,,,
1012,16.8667,,,79.94,,,
1013,16.8833,,,88.41,,,
1014,16.9,,,76.55,,,
1015,16.9167,,,59.31,,,
1016,16.9333,,,81.01,,,
1017,16.95,,,66.04,,,
1018,16.9667,,,49.26,,,
1019,16.9833,,,51.06,,,
1020,17.0,,,237.05,,,
1021,17.0167,,,112.03,,,
1022,17.0333,,,311.77,,,
1023,17.05,,,203.77,,,
1024,17.0667,,,291.86,,,
1025,17.0833,,,84.76,,,
1026,17.1,,,101.74,,,
1027,17.1167,,,73.15,,,
1028,17.1333,,,58.68,,,
1029,17.15,,,83.51,,,
1030,17.1667,,,182.59,,,
1031,17.1833,,,223.96,,,
1032,17.2,,,153.32,,,
1033,17.2167,,,246.39,,,
1034,17.2333,,,189.76,,,
1035,17.25,,,42.0,,,
1036,17.2667,,,59.92,,,
1037,17.2833,,,73.1,,,
1038,17.3,,,47.7,,,
1039,17.3167,,,48.62,,,
1040,17.3333,,,67.03,,,
1041,17.35,,,72.89,,,
1042,17.3667,,,45.67,,,
1043,17.3833,,,60.33,,,
1044,17.4,,,44.93,,,
1045,17.4167,,,192.69,,,
1046,17.4333,,,155.49,,,
1047,17.45,,,199.53,,,
1048,17.4667,,,114.84,,,
1049,17.4833,,,162.79,,,
1050,17.5,,,32.86,,,
1051,17.5167,,,47.06,,,
1052,17.5333,,,56.62,,,
1053,17.55,,,37.0,,,
1054,17.5667,,,83.99,,,
1055,17.5833,,,153.95,,,
1056,17.6,,,158.8,,,
1057,17.6167,,,195.18,,,
1058,17.6333,,,193.44,,,
1059,17.65,,,177.41,,,
1060,17.6667,,,121.9,,,
1061,17.6833,,,124.76,,,
1062,17.7,,,107.61,,,
1063,17.7167,,,137.46,,,
1064,17.7333,,,151.03,,,
1065,17.75,,,43.13,,,
1066,17.7667,,,21.16,,,
1067,17.7833,,,40.76,,,
1068,17.8,,,49.98,,,
1069,17.8167,,,46.07,,,
1070,17.8333,,,32.27,,,
1071,17.85,,,32.36,,,
1072,17.8667,,,17.71,,,
1073,17.8833,,,40.13,,,
1074,17.9,,,60.75,,,
1075,17.9167,,,198.01,,,
1076,17.9333,,,195.29,,,
1077,17.95,,,192.56,,,
1078,17.9667,,,189.83,,,
1079,17.9833,,,172.49,,,
1080,18.0,,,129.81,,,
1081,18.0167,,,163.23,,,
1082,18.0333,,,178.89,,,
1083,18.05,,,176.15,,,
1084,18.0667,,,173.41,,,
1085,18.0833,,,47.64,,,
1086,18.1,,,32.64,,,
1087,18.1167,,,24.19,,,
1088,18.1333,,,26.39,,,
1089,18.15,,,24.85,,,
1090,18.1667,,,22.55,,,
1091,18.1833,,,36.2,,,
1092,18.2,,,49.02,,,
1093,18.2167,,,29.38,,,
1094,18.2333,,,26.77,,,
1095,18.25,,,32.09,,,
1096,18.2667,,,30.71,,,
1097,18.2833,,,23.49,,,
1098,18.3,,,19.69,,,
1099,18.3167,,,22.63,,,
1100,18.3333,,,26.19,,,
1101,18.35,,,32.49,,,
1102,18.3667,,,21.79,,,
1103,18.3833,,,23.27,,,
1104,18.4,,,26.22,,,
1105,18.4167,,,16.21,,,
1106,18.4333,,,14.89,,,
1107,18.45,,,18.65,,,
1108,18.4667,,,22.54,,,
1109,18.4833,,,12.27,,,
1110,18.5,,,17.79,,,
1111,18.5167,,,18.03,,,
1112,18.5333,,,15.41,,,
1113,18.55,,,22.32,,,
1114,18.5667,,,17.44,,,
1115,18.5833,,,44.96,,,
1116,18.6,,,37.68,,,
1117,18.6167,,,40.8,,,
1118,18.6333,,,63.77,,,
1119,18.65,,,60.21,,,
1120,18.6667,,,17.41,,,
1121,18.6833,,,18.27,,,
1122,18.7,,,6.84,,,
1123,18.7167,,,18.05,,,
1124,18.7333,,,10.67,,,
1125,18.75,,,13.09,,,
1126,18.7667,,,13.99,,,
1127,18.7833,,,13.35,,,
1128,18.8,,,10.67,,,
1129,18.8167,,,11.12,,,
1130,18.8333,,,24.08,,,
1131,18.85,,,21.8,,,
1132,18.8667,,,23.07,,,
1133,18.8833,,,19.7,,,
1134,18.9,,,28.05,,,
1135,18.9167,,,24.98,,,
1136,18.9333,,,17.37,,,
1137,18.95,,,16.87,,,
1138,18.9667,,,12.88,,,
1139,18.9833,,,14.14,,,
1140,19.0,,,0.0,,,
1141,19.0167,,,4.52,,,
1142,19.0333,,,0.11,,,
1143,19.05,,,5.16,,,
1144,19.0667,,,3.83,,,
1145,19.0833,,,2.82,,,
1146,19.1,,,0.0,,,
1147,19.1167,,,0.0,,,
1148,19.1333,,,0.0,,,
1149,19.15,,,0.0,,,
1150,19.1667,,,0.0,,,
1151,19.1833,,,0.0,,,
1152,19.2,,,0.0,,,
1153,19.2167,,,0.0,,,
1154,19.2333,,,0.0,,,
1155,19.25,,,0.0,,,
1156,19.2667,,,0.0,,,
1157,19.2833,,,0.0,,,
1158,19.3,,,0.0,,,
1159,19.3167,,,0.0,,,
1160,19.3333,,,0.0,,,
1161,19.35,,,0.0,,,
1162,19.3667,,,0.0,,,
1163,19.3833,,,0.0,,,
1164,19.4,,,0.0,,,
1165,19.4167,,,0.0,,,
1166,19.4333,,,0.0,,,
1167,19.45,,,0.0,,,
1168,19.4667,,,0.0,,,
1169,19.4833,,,0.0,,,
1170,19.5,,,0.0,,,
1171,19.5167,,,0.0,,,
1172,19.5333,,,0.0,,,
1173,19.55,,,0.0,,,
1174,19.5667,,,0.0,,,
1175,19.5833,,,0.0,,,
1176,19.6,,,0.0,,,
1177,19.6167,,,0.0,,,
1178,19.6333,,,0.0,,,
1179,19.65,,,0.0,,,
1180,19.6667,,,0.0,,,
1181,19.6833,,,0.0,,,
1182,19.7,,,0.0,,,
1183,19.7167,,,0.0,,,
1184,19.7333,,,0.0,,,
1185,19.75,,,0.0,,,
1186,19.7667,,,0.0,,,
1187,19.7833,,,0.0,,,
1188,19.8,,,0.0,,,
1189,19.8167,,,0.0,,,
1190,19.8333,,,0.0,,,
1191,19.85,,,0.0,,,
1192,19.8667,,,0.0,,,
1193,19.8833,,,0.0,,,
1194,19.9,,,0.0,,,
1195,19.9167,,,0.0,,,
1196,19.9333,,,0.0,,,
1197,19.95,,,0.0,,,
1198,19.9667,,,0.0,,,
1199,19.9833,,,0.0,,,
1200,20.0,,,0.0,,,
1201,20.0167,,,0.0,,,
1202,20.0333,,,0.0,,,
1203,20.05,,,0.0,,,
1204,20.0667,,,0.0,,,
1205,20.0833,,,0.0,,,
1206,20.1,,,0.0,,,
1207,20.1167,,,0.0,,,
1208,20.1333,,,0.0,,,
1209,20.15,,,0.0,,,
1210,20.1667,,,0.0,,,
1211,20.1833,,,0.0,,,
1212,20.2,,,0.0,,,
1213,20.2167,,,0.0,,,
1214,20.2333,,,0.0,,,
1215,20.25,,,0.0,,,
1216,20.2667,,,0.0,,,
1217,20.2833,,,0.0,,,
1218,20.3,,,0.0,,,
1219,20.3167,,,0.0,,,
1220,20.3333,,,0.0,,,
1221,20.35,,,0.0,,,
1222,20.3667,,,0.0,,,
1223,20.3833,,,0.0,,,
1224,20.4,,,0.0,,,
1225,20.4167,,,0.0,,,
1226,20.4333,,,0.0,,,
1227,20.45,,,0.0,,,
1228,20.4667,,,0.0,,,
1229,20.4833,,,0.0,,,
1230,20.5,,,0.0,,,
1231,20.5167,,,0.0,,,
1232,20.5333,,,0.0,,,
1233,20.55,,,0.0,,,
1234,20.5667,,,0.0,,,
1235,20.5833,,,0.0,,,
1236,20.6,,,0.0,,,
1237,20.6167,,,0.0,,,
1238,20.6333,,,0.0,,,
1239,20.65,,,0.0,,,
1240,20.6667,,,0.0,,,
1241,20.6833,,,0.0,,,
1242,20.7,,,0.0,,,
1243,20.7167,,,0.0,,,
1244,20.7333,,,0.0,,,
1245,20.75,,,0.0,,,
1246,20.7667,,,0.0,,,
1247,20.7833,,,0.0,,,
1248,20.8,,,0.0,,,
1249,20.8167,,,0.0,,,
1250,20.8333,,,0.0,,,
1251,20.85,,,0.0,,,
1252,20.8667,,,0.0,,,
1253,20.8833,,,0.0,,,
1254,20.9,,,0.0,,,
1255,20.9167,,,0.0,,,
1256,20.9333,,,0.0,,,
1257,20.95,,,0.0,,,
1258,20.9667,,,0.0,,,
1259,20.9833,,,0.0,,,
1260,21.0,,,0.0,,,
1261,21.0167,,,0.0,,,
1262,21.0333,,,0.0,,,
1263,21.05,,,0.0,,,
1264,21.0667,,,0.0,,,
1265,21.0833,,,0.0,,,
1266,21.1,,,0.0,,,
1267,21.1167,,,0.0,,,
1268,21.1333,,,0.0,,,
1269,21.15,,,0.0,,,
1270,21.1667,,,0.0,,,
1271,21.1833,,,0.0,,,
1272,21.2,,,0.0,,,
1273,21.2167,,,0.0,,,
1274,21.2333,,,0.0,,,
1275,21.25,,,0.0,,,
1276,21.2667,,,0.0,,,
1277,21.2833,,,0.0,,,
1278,21.3,,,0.0,,,
1279,21.3167,,,0.0,,,
1280,21.3333,,,0.0,,,
1281,21.35,,,0.0,,,
1282,21.3667,,,0.0,,,
1283,21.3833,,,0.0,,,
1284,21.4,,,0.0,,,
1285,21.4167,,,0.0,,,
1286,21.4333,,,0.0,,,
1287,21.45,,,0.0,,,
1288,21.4667,,,0.0,,,
1289,21.4833,,,0.0,,,
1290,21.5,,,0.0,,,
1291,21.5167,,,0.0,,,
1292,21.5333,,,0.0,,,
1293,21.55,,,0.0,,,
1294,21.5667,,,0.0,,,
1295,21.5833,,,0.0,,,
1296,21.6,,,0.0,,,
1297,21.6167,,,0.0,,,
1298,21.6333,,,0.0,,,
1299,21.65,,,0.0,,,
1300,21.6667,,,0.0,,,
1301,21.6833,,,0.0,,,
1302,21.7,,,0.0,,,
1303,21.7167,,,0.0,,,
1304,21.7333,,,0.0,,,
1305,21.75,,,0.0,,,
1306,21.7667,,,0.0,,,
1307,21.7833,,,0.0,,,
1308,21.8,,,0.0,,,
1309,21.8167,,,0.0,,,
1310,21.8333,,,0.0,,,
1311,21.85,,,0.0,,,
1312,21.8667,,,0.0,,,
1313,21.8833,,,0.0,,,
1314,21.9,,,0.0,,,
1315,21.9167,,,0.0,,,
1316,21.9333,,,0.0,,,
1317,21.95,,,0.0,,,
1318,21.9667,,,0.0,,,
1319,21.9833,,,0.0,,,
1320,22.0,,,0.0,,,
1321,22.0167,,,0.0,,,
1322,22.0333,,,0.0,,,
1323,22.05,,,0.0,,,
1324,22.0667,,,0.0,,,
1325,22.0833,,,0.0,,,
1326,22.1,,,0.0,,,
1327,22.1167,,,0.0,,,
1328,22.1333,,,0.0,,,
1329,22.15,,,0.0,,,
1330,22.1667,,,0.0,,,
1331,22.1833,,,0.0,,,
1332,22.2,,,0.0,,,
1333,22.2167,,,0.0,,,
1334,22.2333,,,0.0,,,
1335,22.25,,,0.0,,,
1336,22.2667,,,0.0,,,
1337,22.2833,,,0.0,,,
1338,22.3,,,0.0,,,
1339,22.3167,,,0.0,,,
1340,22.3333,,,0.0,,,
1341,22.35,,,0.0,,,
1342,22.3667,,,0.0,,,
1343,22.3833,,,0.0,,,
1344,22.4,,,0.0,,,
1345,22.4167,,,0.0,,,
1346,22.4333,,,0.0,,,
1347,22.45,,,0.0,,,
1348,22.4667,,,0.0,,,
1349,22.4833,,,0.0,,,
1350,22.5,,,0.0,,,
1351,22.5167,,,0.0,,,
1352,22.5333,,,0.0,,,
1353,22.55,,,0.0,,,
1354,22.5667,,,0.0,,,
1355,22.5833,,,0.0,,,
1356,22.6,,,0.0,,,
1357,22.6167,,,0.0,,,
1358,22.6333,,,0.0,,,
1359,22.65,,,0.0,,,
1360,22.6667,,,0.0,,,
1361,22.6833,,,0.0,,,
1362,22.7,,,0.0,,,
1363,22.7167,,,0.0,,,
1364,22.7333,,,0.0,,,
1365,22.75,,,0.0,,,
1366,22.7667,,,0.0,,,
1367,22.7833,,,0.0,,,
1368,22.8,,,0.0,,,
1369,22.8167,,,0.0,,,
1370,22.8333,,,0.0,,,
1371,22.85,,,0.0,,,
1372,22.8667,,,0.0,,,
1373,22.8833,,,0.0,,,
1374,22.9,,,0.0,,,
1375,22.9167,,,0.0,,,
1376,22.9333,,,0.0,,,
1377,22.95,,,0.0,,,
1378,22.9667,,,0.0,,,
1379,22.9833,,,0.0,,,
1380,23.0,,,0.0,,,
1381,23.0167,,,0.0,,,
1382,23.0333,,,0.0,,,
1383,23.05,,,0.0,,,
1384,23.0667,,,0.0,,,
1385,23.0833,,,0.0,,,
1386,23.1,,,0.0,,,
1387,23.1167,,,0.0,,,
1388,23.1333,,,0.0,,,
1389,23.15,,,0.0,,,
1390,23.1667,,,0.0,,,
1391,23.1833,,,0.0,,,
1392,23.2,,,0.0,,,
1393,23.2167,,,0.0,,,
1394,23.2333,,,0.0,,,
1395,23.25,,,0.0,,,
1396,23.2667,,,0.0,,,
1397,23.2833,,,0.0,,,
1398,23.3,,,0.0,,,
1399,23.3167,,,0.0,,,
1400,23.3333,,,0.0,,,
1401,23.35,,,0.0,,,
1402,23.3667,,,0.0,,,
1403,23.3833,,,0.0,,,
1404,23.4,,,0.0,,,
1405,23.4167,,,0.0,,,
1406,23.4333,,,0.0,,,
1407,23.45,,,0.0,,,
1408,23.4667,,,0.0,,,
1409,23.4833,,,0.0,,,
1410,23.5,,,0.0,,,
1411,23.5167,,,0.0,,,
1412,23.5333,,,0.0,,,
1413,23.55,,,0.0,,,
1414,23.5667,,,0.0,,,
1415,23.5833,,,0.0,,,
1416,23.6,,,0.0,,,
1417,23.6167,,,0.0,,,
1418,23.6333,,,0.0,,,
1419,23.65,,,0.0,,,
1420,23.6667,,,0.0,,,
1421,23.6833,,,0.0,,,
1422,23.7,,,0.0,,,
1423,23.7167,,,0.0,,,
1424,23.7333,,,0.0,,,
1425,23.75,,,0.0,,,
1426,23.7667,,,0.0,,,
1427,23.7833,,,0.0,,,
1428,23.8,,,0.0,,,
1429,23.8167,,,0.0,,,
1430,23.8333,,,0.0,,,
1431,23.85,,,0.0,,,
1432,23.8667,,,0.0,,,
1433,23.8833,,,0.0,,,
1434,23.9,,,0.0,,,
1435,23.9167,,,0.0,,,
1436,23.9333,,,0.0,,,
1437,23.95,,,0.0,,,
1438,23.9667,,,0.0,,,
1439,23.9833,,,0.0,,,
0,0.0,,,,0.0,,
1,0.0167,,,,0.0,,
2,0.0333,,,,0.0,,
3,0.05,,,,0.0,,
4,0.0667,,,,0.0,,
5,0.0833,,,,0.0,,
6,0.1,,,,0.0,,
7,0.1167,,,,0.0,,
8,0.1333,,,,0.0,,
9,0.15,,,,0.0,,
10,0.1667,,,,0.0,,
11,0.1833,,,,0.0,,
12,0.2,,,,0.0,,
13,0.2167,,,,0.0,,
14,0.2333,,,,0.0,,
15,0.25,,,,0.0,,
16,0.2667,,,,0.0,,
17,0.2833,,,,0.0,,
18,0.3,,,,0.0,,
19,0.3167,,,,0.0,,
20,0.3333,,,,0.0,,
21,0.35,,,,0.0,,
22,0.3667,,,,0.0,,
23,0.3833,,,,0.0,,
24,0.4,,,,0.0,,
25,0.4167,,,,0.0,,
26,0.4333,,,,0.0,,
27,0.45,,,,0.0,,
28,0.4667,,,,0.0,,
29,0.4833,,,,0.0,,
30,0.5,,,,0.0,,
31,0.5167,,,,0.0,,
32,0.5333,,,,0.0,,
33,0.55,,,,0.0,,
34,0.5667,,,,0.0,,
35,0.5833,,,,0.0,,
36,0.6,,,,0.0,,
37,0.6167,,,,0.0,,
38,0.6333,,,,0.0,,
39,0.65,,,,0.0,,
40,0.6667,,,,0.0,,
41,0.6833,,,,0.0,,
42,0.7,,,,0.0,,
43,0.7167,,,,0.0,,
44,0.7333,,,,0.0,,
45,0.75,,,,0.0,,
46,0.7667,,,,0.0,,
47,0.7833,,,,0.0,,
48,0.8,,,,0.0,,
49,0.8167,,,,0.0,,
50,0.8333,,,,0.0,,
51,0.85,,,,0.0,,
52,0.8667,,,,0.0,,
53,0.8833,,,,0.0,,
54,0.9,,,,0.0,,
55,0.9167,,,,0.0,,
56,0.9333,,,,0.0,,
57,0.95,,,,0.0,,
58,0.9667,,,,0.0,,
59,0.9833,,,,0.0,,
60,1.0,,,,0.0,,
61,1.0167,,,,0.0,,
62,1.0333,,,,0.0,,
63,1.05,,,,0.0,,
64,1.0667,,,,0.0,,
65,1.0833,,,,0.0,,
66,1.1,,,,0.0,,
67,1.1167,,,,0.0,,
68,1.1333,,,,0.0,,
69,1.15,,,,0.0,,
70,1.1667,,,,0.0,,
71,1.1833,,,,0.0,,
72,1.2,,,,0.0,,
73,1.2167,,,,0.0,,
74,1.2333,,,,0.0,,
75,1.25,,,,0.0,,
76,1.2667,,,,0.0,,
77,1.2833,,,,0.0,,
78,1.3,,,,0.0,,
79,1.3167,,,,0.0,,
80,1.3333,,,,0.0,,
81,1.35,,,,0.0,,
82,1.3667,,,,0.0,,
83,1.3833,,,,0.0,,
84,1.4,,,,0.0,,
85,1.4167,,,,0.0,,
86,1.4333,,,,0.0,,
87,1.45,,,,0.0,,
88,1.4667,,,,0.0,,
89,1.4833,,,,0.0,,
90,1.5,,,,0.0,,
91,1.5167,,,,0.0,,
92,1.5333,,,,0.0,,
93,1.55,,,,0.0,,
94,1.5667,,,,0.0,,
95,1.5833,,,,0.0,,
96,1.6,,,,0.0,,
97,1.6167,,,,0.0,,
98,1.6333,,,,0.0,,
99,1.65,,,,0.0,,
100,1.6667,,,,0.0,,
101,1.6833,,,,0.0,,
102,1.7,,,,0.0,,
103,1.7167,,,,0.0,,
104,1.7333,,,,0.0,,
105,1.75,,,,0.0,,
106,1.7667,,,,0.0,,
107,1.7833,,,,0.0,,
108,1.8,,,,0.0,,
109,1.8167,,,,0.0,,
110,1.8333,,,,0.0,,
111,1.85,,,,0.0,,
112,1.8667,,,,0.0,,
113,1.8833,,,,0.0,,
114,1.9,,,,0.0,,
115,1.9167,,,,0.0,,
116,1.9333,,,,0.0,,
117,1.95,,,,0.0,,
118,1.9667,,,,0.0,,
119,1.9833,,,,0.0,,
120,2.0,,,,0.0,,
121,2.0167,,,,0.0,,
122,2.0333,,,,0.0,,
123,2.05,,,,0.0,,
124,2.0667,,,,0.0,,
125,2.0833,,,,0.0,,
126,2.1,,,,0.0,,
127,2.1167,,,,0.0,,
128,2.1333,,,,0.0,,
129,2.15,,,,0.0,,
130,2.1667,,,,0.0,,
131,2.1833,,,,0.0,,
132,2.2,,,,0.0,,
133,2.2167,,,,0.0,,
134,2.2333,,,,0.0,,
135,2.25,,,,0.0,,
136,2.2667,,,,0.0,,
137,2.2833,,,,0.0,,
138,2.3,,,,0.0,,
139,2.3167,,,,0.0,,
140,2.3333,,,,0.0,,
141,2.35,,,,0.0,,
142,2.3667,,,,0.0,,
143,2.3833,,,,0.0,,
144,2.4,,,,0.0,,
145,2.4167,,,,0.0,,
146,2.4333,,,,0.0,,
147,2.45,,,,0.0,,
148,2.4667,,,,0.0,,
149,2.4833,,,,0.0,,
150,2.5,,,,0.0,,
151,2.5167,,,,0.0,,
152,2.5333,,,,0.0,,
153,2.55,,,,0.0,,
154,2.5667,,,,0.0,,
155,2.5833,,,,0.0,,
156,2.6,,,,0.0,,
157,2.6167,,,,0.0,,
158,2.6333,,,,0.0,,
159,2.65,,,,0.0,,
160,2.6667,,,,0.0,,
161,2.6833,,,,0.0,,
162,2.7,,,,0.0,,
163,2.7167,,,,0.0,,
164,2.7333,,,,0.0,,
165,2.75,,,,0.0,,
166,2.7667,,,,0.0,,
167,2.7833,,,,0.0,,
168,2.8,,,,0.0,,
169,2.8167,,,,0.0,,
170,2.8333,,,,0.0,,
171,2.85,,,,0.0,,
172,2.8667,,,,0.0,,
173,2.8833,,,,0.0,,
174,2.9,,,,0.0,,
175,2.9167,,,,0.0,,
176,2.9333,,,,0.0,,
177,2.95,,,,0.0,,
178,2.9667,,,,0.0,,
179,2.9833,,,,0.0,,
180,3.0,,,,0.0,,
181,3.0167,,,,0.0,,
182,3.0333,,,,0.0,,
183,3.05,,,,0.0,,
184,3.0667,,,,0.0,,
185,3.0833,,,,0.0,,
186,3.1,,,,0.0,,
187,3.1167,,,,0.0,,
188,3.1333,,,,0.0,,
189,3.15,,,,0.0,,
190,3.1667,,,,0.0,,
191,3.1833,,,,0.0,,
192,3.2,,,,0.0,,
193,3.2167,,,,0.0,,
194,3.2333,,,,0.0,,
195,3.25,,,,0.0,,
196,3.2667,,,,0.0,,
197,3.2833,,,,0.0,,
198,3.3,,,,0.0,,
199,3.3167,,,,0.0,,
200,3.3333,,,,0.0,,
201,3.35,,,,0.0,,
202,3.3667,,,,0.0,,
203,3.3833,,,,0.0,,
204,3.4,,,,0.0,,
205,3.4167,,,,0.0,,
206,3.4333,,,,0.0,,
207,3.45,,,,0.0,,
208,3.4667,,,,0.0,,
209,3.4833,,,,0.0,,
210,3.5,,,,0.0,,
211,3.5167,,,,0.0,,
212,3.5333,,,,0.0,,
213,3.55,,,,0.0,,
214,3.5667,,,,0.0,,
215,3.5833,,,,0.0,,
216,3.6,,,,0.0,,
217,3.6167,,,,0.0,,
218,3.6333,,,,0.0,,
219,3.65,,,,0.0,,
220,3.6667,,,,0.0,,
221,3.6833,,,,0.0,,
222,3.7,,,,0.0,,
223,3.7167,,,,0.0,,
224,3.7333,,,,0.0,,
225,3.75,,,,0.0,,
226,3.7667,,,,0.0,,
227,3.7833,,,,0.0,,
228,3.8,,,,0.0,,
229,3.8167,,,,0.0,,
230,3.8333,,,,0.0,,
231,3.85,,,,0.0,,
232,3.8667,,,,0.0,,
233,3.8833,,,,0.0,,
234,3.9,,,,0.0,,
235,3.9167,,,,0.0,,
236,3.9333,,,,0.0,,
237,3.95,,,,0.0,,
238,3.9667,,,,0.0,,
239,3.9833,,,,0.0,,
240,4.0,,,,0.0,,
241,4.0167,,,,0.0,,
242,4.0333,,,,0.0,,
243,4.05,,,,0.0,,
244,4.0667,,,,0.0,,
245,4.0833,,,,0.0,,
246,4.1,,,,0.0,,
247,4.1167,,,,0.0,,
248,4.1333,,,,0.0,,
249,4.15,,,,0.0,,
250,4.1667,,,,0.0,,
251,4.1833,,,,0.0,,
252,4.2,,,,0.0,,
253,4.2167,,,,0.0,,
254,4.2333,,,,0.0,,
255,4.25,,,,0.0,,
256,4.2667,,,,0.0,,
257,4.2833,,,,0.0,,
258,4.3,,,,0.0,,
259,4.3167,,,,0.0,,
260,4.3333,,,,0.0,,
261,4.35,,,,0.0,,
262,4.3667,,,,0.0,,
263,4.3833,,,,0.0,,
264,4.4,,,,0.0,,
265,4.4167,,,,0.0,,
266,4.4333,,,,0.0,,
267,4.45,,,,0.0,,
268,4.4667,,,,0.0,,
269,4.4833,,,,0.0,,
270,4.5,,,,0.0,,
271,4.5167,,,,0.0,,
272,4.5333,,,,0.0,,
273,4.55,,,,0.0,,
274,4.5667,,,,0.0,,
275,4.5833,,,,0.0,,
276,4.6,,,,0.0,,
277,4.6167,,,,0.0,,
278,4.6333,,,,0.0,,
279,4.65,,,,0.0,,
280,4.6667,,,,0.0,,
281,4.6833,,,,0.0,,
282,4.7,,,,0.0,,
283,4.7167,,,,0.0,,
284,4.7333,,,,0.0,,
285,4.75,,,,0.0,,
286,4.7667,,,,0.0,,
287,4.7833,,,,0.0,,
288,4.8,,,,0.0,,
289,4.8167,,,,0.0,,
290,4.8333,,,,0.0,,
291,4.85,,,,0.0,,
292,4.8667,,,,0.0,,
293,4.8833,,,,0.0,,
294,4.9,,,,0.0,,
295,4.9167,,,,0.0,,
296,4.9333,,,,0.0,,
297,4.95,,,,0.0,,
298,4.9667,,,,0.0,,
299,4.9833,,,,0.0,,
300,5.0,,,,0.0,,
301,5.0167,,,,0.0,,
302,5.0333,,,,0.0,,
303,5.05,,,,0.0,,
304,5.0667,,,,0.0,,
305,5.0833,,,,0.0,,
306,5.1,,,,0.0,,
307,5.1167,,,,0.0,,
308,5.1333,,,,0.0,,
309,5.15,,,,0.0,,
310,5.1667,,,,0.0,,
311,5.1833,,,,0.0,,
312,5.2,,,,0.0,,
313,5.2167,,,,0.0,,
314,5.2333,,,,0.0,,
315,5.25,,,,0.0,,
316,5.2667,,,,0.0,,
317,5.2833,,,,0.0,,
318,5.3,,,,0.0,,
319,5.3167,,,,0.0,,
320,5.3333,,,,0.0,,
321,5.35,,,,0.0,,
322,5.3667,,,,0.0,,
323,5.3833,,,,0.0,,
324,5.4,,,,0.0,,
325,5.4167,,,,0.0,,
326,5.4333,,,,0.0,,
327,5.45,,,,0.0,,
328,5.4667,,,,0.0,,
329,5.4833,,,,0.0,,
330,5.5,,,,0.0,,
331,5.5167,,,,0.0,,
332,5.5333,,,,0.0,,
333,5.55,,,,0.0,,
334,5.5667,,,,0.0,,
335,5.5833,,,,0.0,,
336,5.6,,,,0.0,,
337,5.6167,,,,0.0,,
338,5.6333,,,,0.0,,
339,5.65,,,,0.0,,
340,5.6667,,,,0.0,,
341,5.6833,,,,0.0,,
342,5.7,,,,0.0,,
343,5.7167,,,,0.0,,
344,5.7333,,,,0.0,,
345,5.75,,,,0.0,,
346,5.7667,,,,0.0,,
347,5.7833,,,,0.0,,
348,5.8,,,,0.0,,
349,5.8167,,,,2.61,,
350,5.8333,,,,6.44,,
351,5.85,,,,8.27,,
352,5.8667,,,,9.23,,
353,5.8833,,,,10.72,,
354,5.9,,,,16.55,,
355,5.9167,,,,21.06,,
356,5.9333,,,,15.77,,
357,5.95,,,,18.08,,
358,5.9667,,,,22.04,,
359,5.9833,,,,35.41,,
360,6.0,,,,5.0,,
361,6.0167,,,,11.46,,
362,6.0333,,,,5.64,,
363,6.05,,,,5.76,,
364,6.0667,,,,12.34,,
365,6.0833,,,,36.56,,
366,6.1,,,,41.71,,
367,6.1167,,,,58.78,,
368,6.1333,,,,50.86,,
369,6.15,,,,56.49,,
370,6.1667,,,,11.17,,
371,6.1833,,,,20.75,,
372,6.2,,,,16.98,,
373,6.2167,,,,14.56,,
374,6.2333,,,,21.22,,
375,6.25,,,,75.04,,
376,6.2667,,,,89.95,,
377,6.2833,,,,80.24,,
378,6.3,,,,96.35,,
379,6.3167,,,,99.54,,
380,6.3333,,,,92.37,,
381,6.35,,,,66.87,,
382,6.3667,,,,94.38,,
383,6.3833,,,,109.34,,
384,6.4,,,,75.99,,
385,6.4167,,,,65.04,,
386,6.4333,,,,78.18,,
387,6.45,,,,78.22,,
388,6.4667,,,,78.07,,
389,6.4833,,,,48.94,,
390,6.5,,,,24.88,,
391,6.5167,,,,19.88,,
392,6.5333,,,,32.17,,
393,6.55,,,,29.14,,
394,6.5667,,,,32.76,,
395,6.5833,,,,42.94,,
396,6.6,,,,44.44,,
397,6.6167,,,,9.17,,
398,6.6333,,,,46.59,,
399,6.65,,,,29.01,,
400,6.6667,,,,82.28,,
401,6.6833,,,,144.13,,
402,6.7,,,,117.37,,
403,6.7167,,,,86.72,,
404,6.7333,,,,125.44,,
405,6.75,,,,57.1,,
406,6.7667,,,,28.18,,
407,6.7833,,,,29.1,,
408,6.8,,,,36.69,,
409,6.8167,,,,30.99,,
410,6.8333,,,,57.03,,
411,6.85,,,,144.07,,
412,6.8667,,,,147.39,,
413,6.8833,,,,118.94,,
414,6.9,,,,147.4,,
415,6.9167,,,,40.26,,
416,6.9333,,,,53.57,,
417,6.95,,,,52.95,,
418,6.9667,,,,40.64,,
419,6.9833,,,,58.18,,
420,7.0,,,,36.41,,
421,7.0167,,,,47.78,,
422,7.0333,,,,48.58,,
423,7.05,,,,52.28,,
424,7.0667,,,,43.99,,
425,7.0833,,,,170.47,,
426,7.1,,,,246.65,,
427,7.1167,,,,190.09,,
428,7.1333,,,,216.24,,
429,7.15,,,,223.44,,
430,7.1667,,,,95.76,,
431,7.1833,,,,65.62,,
432,7.2,,,,47.66,,
433,7.2167,,,,52.16,,
434,7.2333,,,,63.94,,
435,7.25,,,,37.49,,
436,7.2667,,,,72.0,,
437,7.2833,,,,37.81,,
438,7.3,,,,61.67,,
439,7.3167,,,,57.85,,
440,7.3333,,,,178.62,,
441,7.35,,,,206.89,,
442,7.3667,,,,219.32,,
443,7.3833,,,,182.36,,
444,7.4,,,,237.79,,
445,7.4167,,,,187.77,,
446,7.4333,,,,163.92,,
447,7.45,,,,214.17,,
448,7.4667,,,,201.52,,
449,7.4833,,,,188.24,,
450,7.5,,,,172.16,,
451,7.5167,,,,207.68,,
452,7.5333,,,,289.04,,
453,7.55,,,,142.25,,
454,7.5667,,,,122.01,,
455,7.5833,,,,218.05,,
456,7.6,,,,180.87,,
457,7.6167,,,,160.06,,
458,7.6333,,,,195.57,,
459,7.65,,,,111.04,,
460,7.6667,,,,347.36,,
461,7.6833,,,,344.1,,
462,7.7,,,,353.08,,
463,7.7167,,,,220.35,,
464,7.7333,,,,328.58,,
465,7.75,,,,67.58,,
466,7.7667,,,,80.92,,
467,7.7833,,,,101.23,,
468,7.8,,,,86.6,,
469,7.8167,,,,58.02,,
470,7.8333,,,,238.86,,
471,7.85,,,,166.16,,
472,7.8667,,,,352.22,,
473,7.8833,,,,210.73,,
474,7.9,,,,354.86,,
475,7.9167,,,,93.31,,
476,7.9333,,,,50.68,,
477,7.95,,,,109.74,,
478,7.9667,,,,59.47,,
479,7.9833,,,,69.46,,
480,8.0,,,,58.77,,
481,8.0167,,,,49.1,,
482,8.0333,,,,70.84,,
483,8.05,,,,104.64,,
484,8.0667,,,,59.99,,
485,8.0833,,,,71.84,,
486,8.1,,,,85.61,,
487,8.1167,,,,64.18,,
488,8.1333,,,,101.46,,
489,8.15,,,,102.23,,
490,8.1667,,,,356.99,,
491,8.1833,,,,433.0,,
492,8.2,,,,435.65,,
493,8.2167,,,,438.29,,
494,8.2333,,,,440.92,,
495,8.25,,,,332.44,,
496,8.2667,,,,434.38,,
497,8.2833,,,,233.13,,
498,8.3,,,,358.43,,
499,8.3167,,,,369.83,,
500,8.3333,,,,264.9,,
501,8.35,,,,219.55,,
502,8.3667,,,,279.08,,
503,8.3833,,,,251.4,,
504,8.4,,,,184.1,,
505,8.4167,,,,337.65,,
506,8.4333,,,,471.87,,
507,8.45,,,,474.39,,
508,8.4667,,,,476.91,,
509,8.4833,,,,479.42,,
510,8.5,,,,207.36,,
511,8.5167,,,,243.04,,
512,8.5333,,,,244.55,,
513,8.55,,,,279.51,,
514,8.5667,,,,340.17,,
515,8.5833,,,,118.89,,
516,8.6,,,,81.66,,
517,8.6167,,,,158.25,,
518,8.6333,,,,115.16,,
519,8.65,,,,117.41,,
520,8.6667,,,,118.69,,
521,8.6833,,,,148.67,,
522,8.7,,,,102.28,,
523,8.7167,,,,121.6,,
524,8.7333,,,,81.75,,
525,8.75,,,,84.46,,
526,8.7667,,,,113.18,,
527,8.7833,,,,145.64,,
528,8.8,,,,76.62,,
529,8.8167,,,,94.05,,
530,8.8333,,,,119.21,,
531,8.85,,,,80.04,,
532,8.8667,,,,95.36,,
533,8.8833,,,,146.93,,
534,8.9,,,,104.67,,
535,8.9167,,,,96.18,,
536,8.9333,,,,70.82,,
537,8.95,,,,131.77,,
538,8.9667,,,,84.73,,
539,8.9833,,,,116.24,,
540,9.0,,,,108.13,,
541,9.0167,,,,99.86,,
542,9.0333,,,,109.62,,
543,9.05,,,,73.4,,
544,9.0667,,,,126.97,,
545,9.0833,,,,121.4,,
546,9.1,,,,103.86,,
547,9.1167,,,,112.03,,
548,9.1333,,,,150.36,,
549,9.15,,,,118.39,,
550,9.1667,,,,139.59,,
551,9.1833,,,,92.52,,
552,9.2,,,,119.04,,
553,9.2167,,,,91.77,,
554,9.2333,,,,94.7,,
555,9.25,,,,563.1,,
556,9.2667,,,,330.7,,
557,9.2833,,,,223.98,,
558,9.3,,,,364.55,,
559,9.3167,,,,258.86,,
560,9.3333,,,,464.98,,
561,9.35,,,,270.8,,
562,9.3667,,,,403.19,,
563,9.3833,,,,267.76,,
564,9.4,,,,269.43,,
565,9.4167,,,,418.59,,
566,9.4333,,,,457.86,,
567,9.45,,,,281.43,,
568,9.4667,,,,177.92,,
569,9.4833,,,,467.2,,
570,9.5,,,,199.85,,
571,9.5167,,,,550.47,,
572,9.5333,,,,437.93,,
573,9.55,,,,350.5,,
574,9.5667,,,,356.38,,
575,9.5833,,,,615.35,,
576,9.6,,,,510.12,,
577,9.6167,,,,556.11,,
578,9.6333,,,,530.05,,
579,9.65,,,,442.91,,
580,9.6667,,,,605.45,,
581,9.6833,,,,634.97,,
582,9.7,,,,636.75,,
583,9.7167,,,,638.52,,
584,9.7333,,,,548.95,,
585,9.75,,,,572.62,,
586,9.7667,,,,455.74,,
587,9.7833,,,,347.5,,
588,9.8,,,,308.18,,
589,9.8167,,,,384.47,,
590,9.8333,,,,386.57,,
591,9.85,,,,383.26,,
592,9.8667,,,,571.3,,
593,9.8833,,,,316.27,,
594,9.9,,,,331.06,,
595,9.9167,,,,236.0,,
596,9.9333,,,,403.31,,
597,9.95,,,,550.91,,
598,9.9667,,,,220.6,,
599,9.9833,,,,544.25,,
600,10.0,,,,199.22,,
601,10.0167,,,,93.23,,
602,10.0333,,,,105.41,,
603,10.05,,,,132.23,,
604,10.0667,,,,136.84,,
605,10.0833,,,,211.41,,
606,10.1,,,,89.24,,
607,10.1167,,,,150.09,,
608,10.1333,,,,92.23,,
609,10.15,,,,135.02,,
610,10.1667,,,,534.21,,
611,10.1833,,,,361.14,,
612,10.2,,,,412.37,,
613,10.2167,,,,610.31,,
614,10.2333,,,,562.73,,
615,10.25,,,,160.07,,
616,10.2667,,,,178.29,,
617,10.2833,,,,170.06,,
618,10.3,,,,67.99,,
619,10.3167,,,,160.91,,
620,10.3333,,,,589.92,,
621,10.35,,,,696.93,,
622,10.3667,,,,663.53,,
623,10.3833,,,,627.86,,
624,10.4,,,,464.42,,
625,10.4167,,,,702.06,,
626,10.4333,,,,703.31,,
627,10.45,,,,704.55,,
628,10.4667,,,,650.83,,
629,10.4833,,,,706.99,,
630,10.5,,,,145.67,,
631,10.5167,,,,71.24,,
632,10.5333,,,,94.75,,
633,10.55,,,,158.44,,
634,10.5667,,,,149.58,,
635,10.5833,,,,127.11,,
636,10.6,,,,80.41,,
637,10.6167,,,,54.16,,
638,10.6333,,,,106.53,,
639,10.65,,,,127.59,,
640,10.6667,,,,195.6,,
641,10.6833,,,,148.62,,
642,10.7,,,,159.05,,
643,10.7167,,,,135.25,,
644,10.7333,,,,88.17,,
645,10.75,,,,417.42,,
646,10.7667,,,,450.01,,
647,10.7833,,,,581.41,,
648,10.8,,,,727.63,,
649,10.8167,,,,728.58,,
650,10.8333,,,,75.22,,
651,10.85,,,,151.04,,
652,10.8667,,,,165.49,,
653,10.8833,,,,210.19,,
654,10.9,,,,148.92,,
655,10.9167,,,,191.49,,
656,10.9333,,,,150.71,,
657,10.95,,,,146.04,,
658,10.9667,,,,117.73,,
659,10.9833,,,,65.74,,
660,11.0,,,,163.91,,
661,11.0167,,,,119.24,,
662,11.0333,,,,236.29,,
663,11.05,,,,129.16,,
664,11.0667,,,,142.42,,
665,11.0833,,,,142.18,,
666,11.1,,,,153.24,,
667,11.1167,,,,128.67,,
668,11.1333,,,,131.16,,
669,11.15,,,,193.95,,
670,11.1667,,,,179.29,,
671,11.1833,,,,165.41,,
672,11.2,,,,110.01,,
673,11.2167,,,,140.72,,
674,11.2333,,,,134.78,,
675,11.25,,,,470.76,,
676,11.2667,,,,498.69,,
677,11.2833,,,,384.25,,
678,11.3,,,,555.95,,
679,11.3167,,,,473.47,,
680,11.3333,,,,345.55,,
681,11.35,,,,350.8,,
682,11.3667,,,,717.32,,
683,11.3833,,,,450.86,,
684,11.4,,,,505.5,,
685,11.4167,,,,139.06,,
686,11.4333,,,,244.16,,
687,11.45,,,,148.41,,
688,11.4667,,,,124.58,,
689,11.4833,,,,181.36,,
690,11.5,,,,156.82,,
691,11.5167,,,,176.54,,
692,11.5333,,,,70.01,,
693,11.55,,,,221.57,,
694,11.5667,,,,121.03,,
695,11.5833,,,,85.68,,
696,11.6,,,,244.18,,
697,11.6167,,,,147.11,,
698,11.6333,,,,193.68,,
699,11.65,,,,175.83,,
700,11.6667,,,,713.74,,
701,11.6833,,,,247.77,,
702,11.7,,,,561.72,,
703,11.7167,,,,588.81,,
704,11.7333,,,,461.72,,
705,11.75,,,,354.56,,
706,11.7667,,,,651.89,,
707,11.7833,,,,691.96,,
708,11.8,,,,442.21,,
709,11.8167,,,,457.62,,
710,11.8333,,,,592.06,,
711,11.85,,,,367.9,,
712,11.8667,,,,451.06,,
713,11.8833,,,,456.36,,
714,11.9,,,,188.9,,
715,11.9167,,,,176.92,,
716,11.9333,,,,107.11,,
717,11.95,,,,153.01,,
718,11.9667,,,,186.46,,
719,11.9833,,,,137.5,,
720,12.0,,,,216.38,,
721,12.0167,,,,137.54,,
722,12.0333,,,,196.62,,
723,12.05,,,,134.43,,
724,12.0667,,,,183.95,,
725,12.0833,,,,230.23,,
726,12.1,,,,167.67,,
727,12.1167,,,,137.91,,
728,12.1333,,,,194.16,,
729,12.15,,,,135.58,,
730,12.1667,,,,66.46,,
731,12.1833,,,,182.89,,
732,12.2,,,,115.78,,
733,12.2167,,,,189.56,,
734,12.2333,,,,182.0,,
735,12.25,,,,127.67,,
736,12.2667,,,,157.15,,
737,12.2833,,,,128.55,,
738,12.3,,,,195.46,,
739,12.3167,,,,97.42,,
740,12.3333,,,,103.4,,
741,12.35,,,,154.44,,
742,12.3667,,,,234.2,,
743,12.3833,,,,264.0,,
744,12.4,,,,190.67,,
745,12.4167,,,,114.47,,
746,12.4333,,,,219.58,,
747,12.45,,,,140.05,,
748,12.4667,,,,135.99,,
749,12.4833,,,,160.42,,
750,12.5,,,,26.3,,
751,12.5167,,,,175.06,,
752,12.5333,,,,144.11,,
753,12.55,,,,124.0,,
754,12.5667,,,,170.61,,
755,12.5833,,,,56.54,,
756,12.6,,,,217.84,,
757,12.6167,,,,118.13,,
758,12.6333,,,,210.76,,
759,12.65,,,,132.44,,
760,12.6667,,,,136.97,,
761,12.6833,,,,122.04,,
762,12.7,,,,102.03,,
763,12.7167,,,,155.5,,
764,12.7333,,,,217.24,,
765,12.75,,,,184.75,,
766,12.7667,,,,86.64,,
767,12.7833,,,,149.95,,
768,12.8,,,,156.32,,
769,12.8167,,,,119.29,,
770,12.8333,,,,187.93,,
771,12.85,,,,141.4,,
772,12.8667,,,,141.04,,
773,12.8833,,,,134.12,,
774,12.9,,,,163.59,,
775,12.9167,,,,742.13,,
776,12.9333,,,,741.38,,
777,12.95,,,,740.62,,
778,12.9667,,,,739.84,,
779,12.9833,,,,577.08,,
780,13.0,,,,738.26,,
781,13.0167,,,,737.44,,
782,13.0333,,,,736.62,,
783,13.05,,,,735.78,,
784,13.0667,,,,696.98,,
785,13.0833,,,,522.56,,
786,13.1,,,,335.05,,
787,13.1167,,,,480.5,,
788,13.1333,,,,548.59,,
789,13.15,,,,478.84,,
790,13.1667,,,,489.74,,
791,13.1833,,,,681.63,,
792,13.2,,,,511.14,,
793,13.2167,,,,329.2,,
794,13.2333,,,,440.37,,
795,13.25,,,,724.68,,
796,13.2667,,,,723.67,,
797,13.2833,,,,722.64,,
798,13.3,,,,665.73,,
799,13.3167,,,,526.4,,
800,13.3333,,,,478.71,,
801,13.35,,,,496.61,,
802,13.3667,,,,657.36,,
803,13.3833,,,,328.37,,
804,13.4,,,,545.54,,
805,13.4167,,,,528.65,,
806,13.4333,,,,450.59,,
807,13.45,,,,466.44,,
808,13.4667,,,,374.19,,
809,13.4833,,,,474.29,,
810,13.5,,,,708.19,,
811,13.5167,,,,440.06,,
812,13.5333,,,,263.05,,
813,13.55,,,,401.27,,
814,13.5667,,,,470.44,,
815,13.5833,,,,326.27,,
816,13.6,,,,348.49,,
817,13.6167,,,,322.58,,
818,13.6333,,,,489.51,,
819,13.65,,,,524.43,,
820,13.6667,,,,139.94,,
821,13.6833,,,,154.81,,
822,13.7,,,,107.82,,
823,13.7167,,,,176.68,,
824,13.7333,,,,88.47,,
825,13.75,,,,531.28,,
826,13.7667,,,,343.97,,
827,13.7833,,,,406.77,,
828,13.8,,,,437.24,,
829,13.8167,,,,354.36,,
830,13.8333,,,,215.29,,
831,13.85,,,,504.98,,
832,13.8667,,,,470.13,,
833,13.8833,,,,271.29,,
834,13.9,,,,429.77,,
835,13.9167,,,,154.85,,
836,13.9333,,,,148.73,,
837,13.95,,,,189.76,,
838,13.9667,,,,99.54,,
839,13.9833,,,,127.72,,
840,14.0,,,,167.65,,
841,14.0167,,,,139.59,,
842,14.0333,,,,97.84,,
843,14.05,,,,179.6,,
844,14.0667,,,,146.62,,
845,14.0833,,,,152.88,,
846,14.1,,,,159.51,,
847,14.1167,,,,113.08,,
848,14.1333,,,,109.52,,
849,14.15,,,,178.64,,
850,14.1667,,,,111.74,,
851,14.1833,,,,173.32,,
852,14.2,,,,168.19,,
853,14.2167,,,,71.76,,
854,14.2333,,,,189.35,,
855,14.25,,,,475.08,,
856,14.2667,,,,640.27,,
857,14.2833,,,,638.52,,
858,14.3,,,,636.75,,
859,14.3167,,,,606.96,,
860,14.3333,,,,555.1,,
861,14.35,,,,631.38,,
862,14.3667,,,,629.57,,
863,14.3833,,,,524.5,,
864,14.4,,,,625.91,,
865,14.4167,,,,379.52,,
866,14.4333,,,,398.1,,
867,14.45,,,,517.92,,
868,14.4667,,,,361.8,,
869,14.4833,,,,383.1,,
870,14.5,,,,119.06,,
871,14.5167,,,,116.05,,
872,14.5333,,,,130.46,,
873,14.55,,,,148.38,,
874,14.5667,,,,78.88,,
875,14.5833,,,,128.56,,
876,14.6,,,,129.4,,
877,14.6167,,,,110.67,,
878,14.6333,,,,123.27,,
879,14.65,,,,102.18,,
880,14.6667,,,,114.47,,
881,14.6833,,,,107.77,,
882,14.7,,,,111.35,,
883,14.7167,,,,93.1,,
884,14.7333,,,,93.34,,
885,14.75,,,,579.41,,
886,14.7667,,,,582.8,,
887,14.7833,,,,580.72,,
888,14.8,,,,447.64,,
889,14.8167,,,,576.53,,
890,14.8333,,,,526.29,,
891,14.85,,,,441.62,,
892,14.8667,,,,502.92,,
893,14.8833,,,,553.75,,
894,14.9,,,,565.86,,
895,14.9167,,,,563.7,,
896,14.9333,,,,561.52,,
897,14.95,,,,327.17,,
898,14.9667,,,,557.14,,
899,14.9833,,,,509.37,,
900,15.0,,,,124.78,,
901,15.0167,,,,100.58,,
902,15.0333,,,,146.67,,
903,15.05,,,,106.03,,
904,15.0667,,,,61.27,,
905,15.0833,,,,111.27,,
906,15.1,,,,138.47,,
907,15.1167,,,,122.42,,
908,15.1333,,,,96.28,,
909,15.15,,,,114.48,,
910,15.1667,,,,96.75,,
911,15.1833,,,,91.22,,
912,15.2,,,,133.62,,
913,15.2167,,,,93.21,,
914,15.2333,,,,99.79,,
915,15.25,,,,60.13,,
916,15.2667,,,,66.52,,
917,15.2833,,,,87.4,,
918,15.3,,,,120.6,,
919,15.3167,,,,93.75,,
920,15.3333,,,,127.11,,
921,15.35,,,,84.39,,
922,15.3667,,,,89.0,,
923,15.3833,,,,69.85,,
924,15.4,,,,112.09,,
925,15.4167,,,,96.48,,
926,15.4333,,,,142.61,,
927,15.45,,,,103.37,,
928,15.4667,,,,47.89,,
929,15.4833,,,,107.05,,
930,15.5,,,,74.52,,
931,15.5167,,,,118.01,,
932,15.5333,,,,130.3,,
933,15.55,,,,78.23,,
934,15.5667,,,,59.17,,
935,15.5833,,,,86.98,,
936,15.6,,,,111.55,,
937,15.6167,,,,76.46,,
938,15.6333,,,,71.45,,
939,15.65,,,,57.52,,
940,15.6667,,,,111.67,,
941,15.6833,,,,66.39,,
942,15.7,,,,92.4,,
943,15.7167,,,,91.18,,
944,15.7333,,,,89.54,,
945,15.75,,,,80.68,,
946,15.7667,,,,88.83,,
947,15.7833,,,,84.13,,
948,15.8,,,,103.38,,
949,15.8167,,,,107.56,,
950,15.8333,,,,65.3,,
951,15.85,,,,97.84,,
952,15.8667,,,,75.06,,
953,15.8833,,,,46.4,,
954,15.9,,,,78.69,,
955,15.9167,,,,84.28,,
956,15.9333,,,,93.46,,
957,15.95,,,,93.1,,
958,15.9667,,,,72.83,,
959,15.9833,,,,91.26,,
960,16.0,,,,403.39,,
961,16.0167,,,,400.65,,
962,16.0333,,,,326.08,,
963,16.05,,,,395.16,,
964,16.0667,,,,392.4,,
965,16.0833,,,,389.64,,
966,16.1,,,,386.86,,
967,16.1167,,,,384.09,,
968,16.1333,,,,233.62,,
969,16.15,,,,378.51,,
970,16.1667,,,,200.49,,
971,16.1833,,,,244.66,,
972,16.2,,,,226.7,,
973,16.2167,,,,229.32,,
974,16.2333,,,,257.44,,
975,16.25,,,,361.62,,
976,16.2667,,,,358.71,,
977,16.2833,,,,340.06,,
978,16.3,,,,277.85,,
979,16.3167,,,,350.22,,
980,16.3333,,,,347.36,,
981,16.35,,,,273.39,,
982,16.3667,,,,341.61,,
983,16.3833,,,,338.73,,
984,16.4,,,,335.84,,
985,16.4167,,,,40.68,,
986,16.4333,,,,54.5,,
987,16.45,,,,86.12,,
988,16.4667,,,,95.7,,
989,16.4833,,,,79.55,,
990,16.5,,,,218.35,,
991,16.5167,,,,315.46,,
992,16.5333,,,,312.53,,
993,16.55,,,,309.59,,
994,16.5667,,,,226.09,,
995,16.5833,,,,302.65,,
996,16.6,,,,300.74,,
997,16.6167,,,,180.44,,
998,16.6333,,,,294.81,,
999,16.65,,,,208.85,,
1000,16.6667,,,,76.19,,
1001,16.6833,,,,65.51,,
1002,16.7,,,,53.71,,
1003,16.7167,,,,43.29,,
1004,16.7333,,,,55.0,,
1005,16.75,,,,59.97,,
1006,16.7667,,,,63.75,,
1007,16.7833,,,,44.73,,
1008,16.8,,,,51.23,,
1009,16.8167,,,,47.19,,
1010,16.8333,,,,237.57,,
1011,16.85,,,,255.77,,
1012,16.8667,,,,252.38,,
1013,16.8833,,,,249.7,,
1014,16.9,,,,246.65,,
1015,16.9167,,,,61.48,,
1016,16.9333,,,,43.92,,
1017,16.95,,,,39.03,,
1018,16.9667,,,,37.7,,
1019,16.9833,,,,52.42,,
1020,17.0,,,,216.8,,
1021,17.0167,,,,225.22,,
1022,17.0333,,,,158.41,,
1023,17.05,,,,219.06,,
1024,17.0667,,,,215.97,,
1025,17.0833,,,,127.94,,
1026,17.1,,,,82.32,,
1027,17.1167,,,,136.69,,
1028,17.1333,,,,203.59,,
1029,17.15,,,,102.11,,
1030,17.1667,,,,109.19,,
1031,17.1833,,,,103.32,,
1032,17.2,,,,117.96,,
1033,17.2167,,,,172.07,,
1034,17.2333,,,,171.28,,
1035,17.25,,,,46.1,,
1036,17.2667,,,,44.2,,
1037,17.2833,,,,38.89,,
1038,17.3,,,,32.76,,
1039,17.3167,,,,29.61,,
1040,17.3333,,,,31.36,,
1041,17.35,,,,26.19,,
1042,17.3667,,,,38.17,,
1043,17.3833,,,,27.95,,
1044,17.4,,,,34.36,,
1045,17.4167,,,,29.08,,
1046,17.4333,,,,41.25,,
1047,17.45,,,,14.06,,
1048,17.4667,,,,19.08,,
1049,17.4833,,,,32.92,,
1050,17.5,,,,21.28,,
1051,17.5167,,,,27.28,,
1052,17.5333,,,,41.69,,
1053,17.55,,,,26.01,,
1054,17.5667,,,,29.75,,
1055,17.5833,,,,30.45,,
1056,17.6,,,,24.07,,
1057,17.6167,,,,16.3,,
1058,17.6333,,,,30.85,,
1059,17.65,,,,30.82,,
1060,17.6667,,,,19.88,,
1061,17.6833,,,,21.34,,
1062,17.7,,,,26.11,,
1063,17.7167,,,,21.2,,
1064,17.7333,,,,14.77,,
1065,17.75,,,,4.5,,
1066,17.7667,,,,14.83,,
1067,17.7833,,,,14.82,,
1068,17.8,,,,9.52,,
1069,17.8167,,,,12.78,,
1070,17.8333,,,,6.63,,
1071,17.85,,,,7.85,,
1072,17.8667,,,,20.88,,
1073,17.8833,,,,7.85,,
1074,17.9,,,,13.59,,
1075,17.9167,,,,14.71,,
1076,17.9333,,,,7.01,,
1077,17.95,,,,11.34,,
1078,17.9667,,,,4.45,,
1079,17.9833,,,,9.73,,
1080,18.0,,,,5.48,,
1081,18.0167,,,,6.79,,
1082,18.0333,,,,6.15,,
1083,18.05,,,,7.63,,
1084,18.0667,,,,6.35,,
1085,18.0833,,,,5.22,,
1086,18.1,,,,6.25,,
1087,18.1167,,,,9.29,,
1088,18.1333,,,,1.46,,
1089,18.15,,,,0.47,,
1090,18.1667,,,,2.66,,
1091,18.1833,,,,2.32,,
1092,18.2,,,,0.0,,
1093,18.2167,,,,0.0,,
1094,18.2333,,,,0.0,,
1095,18.25,,,,0.0,,
1096,18.2667,,,,0.0,,
1097,18.2833,,,,0.0,,
1098,18.3,,,,0.0,,
1099,18.3167,,,,0.0,,
1100,18.3333,,,,0.0,,
1101,18.35,,,,0.0,,
1102,18.3667,,,,0.0,,
1103,18.3833,,,,0.0,,
1104,18.4,,,,0.0,,
1105,18.4167,,,,0.0,,
1106,18.4333,,,,0.0,,
1107,18.45,,,,0.0,,
1108,18.4667,,,,0.0,,
1109,18.4833,,,,0.0,,
1110,18.5,,,,0.0,,
1111,18.5167,,,,0.0,,
1112,18.5333,,,,0.0,,
1113,18.55,,,,0.0,,
1114,18.5667,,,,0.0,,
1115,18.5833,,,,0.0,,
1116,18.6,,,,0.0,,
1117,18.6167,,,,0.0,,
1118,18.6333,,,,0.0,,
1119,18.65,,,,0.0,,
1120,18.6667,,,,0.0,,
1121,18.6833,,,,0.0,,
1122,18.7,,,,0.0,,
1123,18.7167,,,,0.0,,
1124,18.7333,,,,0.0,,
1125,18.75,,,,0.0,,
1126,18.7667,,,,0.0,,
1127,18.7833,,,,0.0,,
1128,18.8,,,,0.0,,
1129,18.8167,,,,0.0,,
1130,18.8333,,,,0.0,,
1131,18.85,,,,0.0,,
1132,18.8667,,,,0.0,,
1133,18.8833,,,,0.0,,
1134,18.9,,,,0.0,,
1135,18.9167,,,,0.0,,
1136,18.9333,,,,0.0,,
1137,18.95,,,,0.0,,
1138,18.9667,,,,0.0,,
1139,18.9833,,,,0.0,,
1140,19.0,,,,0.0,,
1141,19.0167,,,,0.0,,
1142,19.0333,,,,0.0,,
1143,19.05,,,,0.0,,
1144,19.0667,,,,0.0,,
1145,19.0833,,,,0.0,,
1146,19.1,,,,0.0,,
1147,19.1167,,,,0.0,,
1148,19.1333,,,,0.0,,
1149,19.15,,,,0.0,,
1150,19.1667,,,,0.0,,
1151,19.1833,,,,0.0,,
1152,19.2,,,,0.0,,
1153,19.2167,,,,0.0,,
1154,19.2333,,,,0.0,,
1155,19.25,,,,0.0,,
1156,19.2667,,,,0.0,,
1157,19.2833,,,,0.0,,
1158,19.3,,,,0.0,,
1159,19.3167,,,,0.0,,
1160,19.3333,,,,0.0,,
1161,19.35,,,,0.0,,
1162,19.3667,,,,0.0,,
1163,19.3833,,,,0.0,,
1164,19.4,,,,0.0,,
1165,19.4167,,,,0.0,,
1166,19.4333,,,,0.0,,
1167,19.45,,,,0.0,,
1168,19.4667,,,,0.0,,
1169,19.4833,,,,0.0,,
1170,19.5,,,,0.0,,
1171,19.5167,,,,0.0,,
1172,19.5333,,,,0.0,,
1173,19.55,,,,0.0,,
1174,19.5667,,,,0.0,,
1175,19.5833,,,,0.0,,
1176,19.6,,,,0.0,,
1177,19.6167,,,,0.0,,
1178,19.6333,,,,0.0,,
1179,19.65,,,,0.0,,
1180,19.6667,,,,0.0,,
1181,19.6833,,,,0.0,,
1182,19.7,,,,0.0,,
1183,19.7167,,,,0.0,,
1184,19.7333,,,,0.0,,
1185,19.75,,,,0.0,,
1186,19.7667,,,,0.0,,
1187,19.7833,,,,0.0,,
1188,19.8,,,,0.0,,
1189,19.8167,,,,0.0,,
1190,19.8333,,,,0.0,,
1191,19.85,,,,0.0,,
1192,19.8667,,,,0.0,,
1193,19.8833,,,,0.0,,
1194,19.9,,,,0.0,,
1195,19.9167,,,,0.0,,
1196,19.9333,,,,0.0,,
1197,19.95,,,,0.0,,
1198,19.9667,,,,0.0,,
1199,19.9833,,,,0.0,,
1200,20.0,,,,0.0,,
1201,20.0167,,,,0.0,,
1202,20.0333,,,,0.0,,
1203,20.05,,,,0.0,,
1204,20.0667,,,,0.0,,
1205,20.0833,,,,0.0,,
1206,20.1,,,,0.0,,
1207,20.1167,,,,0.0,,
1208,20.1333,,,,0.0,,
1209,20.15,,,,0.0,,
1210,20.1667,,,,0.0,,
1211,20.1833,,,,0.0,,
1212,20.2,,,,0.0,,
1213,20.2167,,,,0.0,,
1214,20.2333,,,,0.0,,
1215,20.25,,,,0.0,,
1216,20.2667,,,,0.0,,
1217,20.2833,,,,0.0,,
1218,20.3,,,,0.0,,
1219,20.3167,,,,0.0,,
1220,20.3333,,,,0.0,,
1221,20.35,,,,0.0,,
1222,20.3667,,,,0.0,,
1223,20.3833,,,,0.0,,
1224,20.4,,,,0.0,,
1225,20.4167,,,,0.0,,
1226,20.4333,,,,0.0,,
1227,20.45,,,,0.0,,
1228,20.4667,,,,0.0,,
1229,20.4833,,,,0.0,,
1230,20.5,,,,0.0,,
1231,20.5167,,,,0.0,,
1232,20.5333,,,,0.0,,
1233,20.55,,,,0.0,,
1234,20.5667,,,,0.0,,
1235,20.5833,,,,0.0,,
1236,20.6,,,,0.0,,
1237,20.6167,,,,0.0,,
1238,20.6333,,,,0.0,,
1239,20.65,,,,0.0,,
1240,20.6667,,,,0.0,,
1241,20.6833,,,,0.0,,
1242,20.7,,,,0.0,,
1243,20.7167,,,,0.0,,
1244,20.7333,,,,0.0,,
1245,20.75,,,,0.0,,
1246,20.7667,,,,0.0,,
1247,20.7833,,,,0.0,,
1248,20.8,,,,0.0,,
1249,20.8167,,,,0.0,,
1250,20.8333,,,,0.0,,
1251,20.85,,,,0.0,,
1252,20.8667,,,,0.0,,
1253,20.8833,,,,0.0,,
1254,20.9,,,,0.0,,
1255,20.9167,,,,0.0,,
1256,20.9333,,,,0.0,,
1257,20.95,,,,0.0,,
1258,20.9667,,,,0.0,,
1259,20.9833,,,,0.0,,
1260,21.0,,,,0.0,,
1261,21.0167,,,,0.0,,
1262,21.0333,,,,0.0,,
1263,21.05,,,,0.0,,
1264,21.0667,,,,0.0,,
1265,21.0833,,,,0.0,,
1266,21.1,,,,0.0,,
1267,21.1167,,,,0.0,,
1268,21.1333,,,,0.0,,
1269,21.15,,,,0.0,,
1270,21.1667,,,,0.0,,
1271,21.1833,,,,0.0,,
1272,21.2,,,,0.0,,
1273,21.2167,,,,0.0,,
1274,21.2333,,,,0.0,,
1275,21.25,,,,0.0,,
1276,21.2667,,,,0.0,,
1277,21.2833,,,,0.0,,
1278,21.3,,,,0.0,,
1279,21.3167,,,,0.0,,
1280,21.3333,,,,0.0,,
1281,21.35,,,,0.0,,
1282,21.3667,,,,0.0,,
1283,21.3833,,,,0.0,,
1284,21.4,,,,0.0,,
1285,21.4167,,,,0.0,,
1286,21.4333,,,,0.0,,
1287,21.45,,,,0.0,,
1288,21.4667,,,,0.0,,
1289,21.4833,,,,0.0,,
1290,21.5,,,,0.0,,
1291,21.5167,,,,0.0,,
1292,21.5333,,,,0.0,,
1293,21.55,,,,0.0,,
1294,21.5667,,,,0.0,,
1295,21.5833,,,,0.0,,
1296,21.6,,,,0.0,,
1297,21.6167,,,,0.0,,
1298,21.6333,,,,0.0,,
1299,21.65,,,,0.0,,
1300,21.6667,,,,0.0,,
1301,21.6833,,,,0.0,,
1302,21.7,,,,0.0,,
1303,21.7167,,,,0.0,,
1304,21.7333,,,,0.0,,
1305,21.75,,,,0.0,,
1306,21.7667,,,,0.0,,
1307,21.7833,,,,0.0,,
1308,21.8,,,,0.0,,
1309,21.8167,,,,0.0,,
1310,21.8333,,,,0.0,,
1311,21.85,,,,0.0,,
1312,21.8667,,,,0.0,,
1313,21.8833,,,,0.0,,
1314,21.9,,,,0.0,,
1315,21.9167,,,,0.0,,
1316,21.9333,,,,0.0,,
1317,21.95,,,,0.0,,
1318,21.9667,,,,0.0,,
1319,21.9833,,,,0.0,,
1320,22.0,,,,0.0,,
1321,22.0167,,,,0.0,,
1322,22.0333,,,,0.0,,
1323,22.05,,,,0.0,,
1324,22.0667,,,,0.0,,
1325,22.0833,,,,0.0,,
1326,22.1,,,,0.0,,
1327,22.1167,,,,0.0,,
1328,22.1333,,,,0.0,,
1329,22.15,,,,0.0,,
1330,22.1667,,,,0.0,,
1331,22.1833,,,,0.0,,
1332,22.2,,,,0.0,,
1333,22.2167,,,,0.0,,
1334,22.2333,,,,0.0,,
1335,22.25,,,,0.0,,
1336,22.2667,,,,0.0,,
1337,22.2833,,,,0.0,,
1338,22.3,,,,0.0,,
1339,22.3167,,,,0.0,,
1340,22.3333,,,,0.0,,
1341,22.35,,,,0.0,,
1342,22.3667,,,,0.0,,
1343,22.3833,,,,0.0,,
1344,22.4,,,,0.0,,
1345,22.4167,,,,0.0,,
1346,22.4333,,,,0.0,,
1347,22.45,,,,0.0,,
1348,22.4667,,,,0.0,,
1349,22.4833,,,,0.0,,
1350,22.5,,,,0.0,,
1351,22.5167,,,,0.0,,
1352,22.5333,,,,0.0,,
1353,22.55,,,,0.0,,
1354,22.5667,,,,0.0,,
1355,22.5833,,,,0.0,,
1356,22.6,,,,0.0,,
1357,22.6167,,,,0.0,,
1358,22.6333,,,,0.0,,
1359,22.65,,,,0.0,,
1360,22.6667,,,,0.0,,
1361,22.6833,,,,0.0,,
1362,22.7,,,,0.0,,
1363,22.7167,,,,0.0,,
1364,22.7333,,,,0.0,,
1365,22.75,,,,0.0,,
1366,22.7667,,,,0.0,,
1367,22.7833,,,,0.0,,
1368,22.8,,,,0.0,,
1369,22.8167,,,,0.0,,
1370,22.8333,,,,0.0,,
1371,22.85,,,,0.0,,
1372,22.8667,,,,0.0,,
1373,22.8833,,,,0.0,,
1374,22.9,,,,0.0,,
1375,22.9167,,,,0.0,,
1376,22.9333,,,,0.0,,
1377,22.95,,,,0.0,,
1378,22.9667,,,,0.0,,
1379,22.9833,,,,0.0,,
1380,23.0,,,,0.0,,
1381,23.0167,,,,0.0,,
1382,23.0333,,,,0.0,,
1383,23.05,,,,0.0,,
1384,23.0667,,,,0.0,,
1385,23.0833,,,,0.0,,
1386,23.1,,,,0.0,,
1387,23.1167,,,,0.0,,
1388,23.1333,,,,0.0,,
1389,23.15,,,,0.0,,
1390,23.1667,,,,0.0,,
1391,23.1833,,,,0.0,,
1392,23.2,,,,0.0,,
1393,23.2167,,,,0.0,,
1394,23.2333,,,,0.0,,
1395,23.25,,,,0.0,,
1396,23.2667,,,,0.0,,
1397,23.2833,,,,0.0,,
1398,23.3,,,,0.0,,
1399,23.3167,,,,0.0,,
1400,23.3333,,,,0.0,,
1401,23.35,,,,0.0,,
1402,23.3667,,,,0.0,,
1403,23.3833,,,,0.0,,
1404,23.4,,,,0.0,,
1405,23.4167,,,,0.0,,
1406,23.4333,,,,0.0,,
1407,23.45,,,,0.0,,
1408,23.4667,,,,0.0,,
1409,23.4833,,,,0.0,,
1410,23.5,,,,0.0,,
1411,23.5167,,,,0.0,,
1412,23.5333,,,,0.0,,
1413,23.55,,,,0.0,,
1414,23.5667,,,,0.0,,
1415,23.5833,,,,0.0,,
1416,23.6,,,,0.0,,
1417,23.6167,,,,0.0,,
1418,23.6333,,,,0.0,,
1419,23.65,,,,0.0,,
1420,23.6667,,,,0.0,,
1421,23.6833,,,,0.0,,
1422,23.7,,,,0.0,,
1423,23.7167,,,,0.0,,
1424,23.7333,,,,0.0,,
1425,23.75,,,,0.0,,
1426,23.7667,,,,0.0,,
1427,23.7833,,,,0.0,,
1428,23.8,,,,0.0,,
1429,23.8167,,,,0.0,,
1430,23.8333,,,,0.0,,
1431,23.85,,,,0.0,,
1432,23.8667,,,,0.0,,
1433,23.8833,,,,0.0,,
1434,23.9,,,,0.0,,
1435,23.9167,,,,0.0,,
1436,23.9333,,,,0.0,,
1437,23.95,,,,0.0,,
1438,23.9667,,,,0.0,,
1439,23.9833,,,,0.0,,
0,0.0,,,,,0.0,
1,0.0167,,,,,0.0,
2,0.0333,,,,,0.0,
3,0.05,,,,,0.0,
4,0.0667,,,,,0.0,
5,0.0833,,,,,0.0,
6,0.1,,,,,0.0,
7,0.1167,,,,,0.0,
8,0.1333,,,,,0.0,
9,0.15,,,,,0.0,
10,0.1667,,,,,0.0,
11,0.1833,,,,,0.0,
12,0.2,,,,,0.0,
13,0.2167,,,,,0.0,
14,0.2333,,,,,0.0,
15,0.25,,,,,0.0,
16,0.2667,,,,,0.0,
17,0.2833,,,,,0.0,
18,0.3,,,,,0.0,
19,0.3167,,,,,0.0,
20,0.3333,,,,,0.0,
21,0.35,,,,,0.0,
22,0.3667,,,,,0.0,
23,0.3833,,,,,0.0,
24,0.4,,,,,0.0,
25,0.4167,,,,,0.0,
26,0.4333,,,,,0.0,
27,0.45,,,,,0.0,
28,0.4667,,,,,0.0,
29,0.4833,,,,,0.0,
30,0.5,,,,,0.0,
31,0.5167,,,,,0.0,
32,0.5333,,,,,0.0,
33,0.55,,,,,0.0,
34,0.5667,,,,,0.0,
35,0.5833,,,,,0.0,
36,0.6,,,,,0.0,
37,0.6167,,,,,0.0,
38,0.6333,,,,,0.0,
39,0.65,,,,,0.0,
40,0.6667,,,,,0.0,
41,0.6833,,,,,0.0,
42,0.7,,,,,0.0,
43,0.7167,,,,,0.0,
44,0.7333,,,,,0.0,
45,0.75,,,,,0.0,
46,0.7667,,,,,0.0,
47,0.7833,,,,,0.0,
48,0.8,,,,,0.0,
49,0.8167,,,,,0.0,
50,0.8333,,,,,0.0,
51,0.85,,,,,0.0,
52,0.8667,,,,,0.0,
53,0.8833,,,,,0.0,
54,0.9,,,,,0.0,
55,0.9167,,,,,0.0,
56,0.9333,,,,,0.0,
57,0.95,,,,,0.0,
58,0.9667,,,,,0.0,
59,0.9833,,,,,0.0,
60,1.0,,,,,0.0,
61,1.0167,,,,,0.0,
62,1.0333,,,,,0.0,
63,1.05,,,,,0.0,
64,1.0667,,,,,0.0,
65,1.0833,,,,,0.0,
66,1.1,,,,,0.0,
67,1.1167,,,,,0.0,
68,1.1333,,,,,0.0,
69,1.15,,,,,0.0,
70,1.1667,,,,,0.0,
71,1.1833,,,,,0.0,
72,1.2,,,,,0.0,
73,1.2167,,,,,0.0,
74,1.2333,,,,,0.0,
75,1.25,,,,,0.0,
76,1.2667,,,,,0.0,
77,1.2833,,,,,0.0,
78,1.3,,,,,0.0,
79,1.3167,,,,,0.0,
80,1.3333,,,,,0.0,
81,1.35,,,,,0.0,
82,1.3667,,,,,0.0,
83,1.3833,,,,,0.0,
84,1.4,,,,,0.0,
85,1.4167,,,,,0.0,
86,1.4333,,,,,0.0,
87,1.45,,,,,0.0,
88,1.4667,,,,,0.0,
89,1.4833,,,,,0.0,
90,1.5,,,,,0.0,
91,1.5167,,,,,0.0,
92,1.5333,,,,,0.0,
93,1.55,,,,,0.0,
94,1.5667,,,,,0.0,
95,1.5833,,,,,0.0,
96,1.6,,,,,0.0,
97,1.6167,,,,,0.0,
98,1.6333,,,,,0.0,
99,1.65,,,,,0.0,
100,1.6667,,,,,0.0,
101,1.6833,,,,,0.0,
102,1.7,,,,,0.0,
103,1.7167,,,,,0.0,
104,1.7333,,,,,0.0,
105,1.75,,,,,0.0,
106,1.7667,,,,,0.0,
107,1.7833,,,,,0.0,
108,1.8,,,,,0.0,
109,1.8167,,,,,0.0,
110,1.8333,,,,,0.0,
111,1.85,,,,,0.0,
112,1.8667,,,,,0.0,
113,1.8833,,,,,0.0,
114,1.9,,,,,0.0,
115,1.9167,,,,,0.0,
116,1.9333,,,,,0.0,
117,1.95,,,,,0.0,
118,1.9667,,,,,0.0,
119,1.9833,,,,,0.0,
120,2.0,,,,,0.0,
121,2.0167,,,,,0.0,
122,2.0333,,,,,0.0,
123,2.05,,,,,0.0,
124,2.0667,,,,,0.0,
125,2.0833,,,,,0.0,
126,2.1,,,,,0.0,
127,2.1167,,,,,0.0,
128,2.1333,,,,,0.0,
129,2.15,,,,,0.0,
130,2.1667,,,,,0.0,
131,2.1833,,,,,0.0,
132,2.2,,,,,0.0,
133,2.2167,,,,,0.0,
134,2.2333,,,,,0.0,
135,2.25,,,,,0.0,
136,2.2667,,,,,0.0,
137,2.2833,,,,,0.0,
138,2.3,,,,,0.0,
139,2.3167,,,,,0.0,
140,2.3333,,,,,0.0,
141,2.35,,,,,0.0,
142,2.3667,,,,,0.0,
143,2.3833,,,,,0.0,
144,2.4,,,,,0.0,
145,2.4167,,,,,0.0,
146,2.4333,,,,,0.0,
147,2.45,,,,,0.0,
148,2.4667,,,,,0.0,
149,2.4833,,,,,0.0,
150,2.5,,,,,0.0,
151,2.5167,,,,,0.0,
152,2.5333,,,,,0.0,
153,2.55,,,,,0.0,
154,2.5667,,,,,0.0,
155,2.5833,,,,,0.0,
156,2.6,,,,,0.0,
157,2.6167,,,,,0.0,
158,2.6333,,,,,0.0,
159,2.65,,,,,0.0,
160,2.6667,,,,,0.0,
161,2.6833,,,,,0.0,
162,2.7,,,,,0.0,
163,2.7167,,,,,0.0,
164,2.7333,,,,,0.0,
165,2.75,,,,,0.0,
166,2.7667,,,,,0.0,
167,2.7833,,,,,0.0,
168,2.8,,,,,0.0,
169,2.8167,,,,,0.0,
170,2.8333,,,,,0.0,
171,2.85,,,,,0.0,
172,2.8667,,,,,0.0,
173,2.8833,,,,,0.0,
174,2.9,,,,,0.0,
175,2.9167,,,,,0.0,
176,2.9333,,,,,0.0,
177,2.95,,,,,0.0,
178,2.9667,,,,,0.0,
179,2.9833,,,,,0.0,
180,3.0,,,,,0.0,
181,3.0167,,,,,0.0,
182,3.0333,,,,,0.0,
183,3.05,,,,,0.0,
184,3.0667,,,,,0.0,
185,3.0833,,,,,0.0,
186,3.1,,,,,0.0,
187,3.1167,,,,,0.0,
188,3.1333,,,,,0.0,
189,3.15,,,,,0.0,
190,3.1667,,,,,0.0,
191,3.1833,,,,,0.0,
192,3.2,,,,,0.0,
193,3.2167,,,,,0.0,
194,3.2333,,,,,0.0,
195,3.25,,,,,0.0,
196,3.2667,,,,,0.0,
197,3.2833,,,,,0.0,
198,3.3,,,,,0.0,
199,3.3167,,,,,0.0,
200,3.3333,,,,,0.0,
201,3.35,,,,,0.0,
202,3.3667,,,,,0.0,
203,3.3833,,,,,0.0,
204,3.4,,,,,0.0,
205,3.4167,,,,,0.0,
206,3.4333,,,,,0.0,
207,3.45,,,,,0.0,
208,3.4667,,,,,0.0,
209,3.4833,,,,,0.0,
210,3.5,,,,,0.0,
211,3.5167,,,,,0.0,
212,3.5333,,,,,0.0,
213,3.55,,,,,0.0,
214,3.5667,,,,,0.0,
215,3.5833,,,,,0.0,
216,3.6,,,,,0.0,
217,3.6167,,,,,0.0,
218,3.6333,,,,,0.0,
219,3.65,,,,,0.0,
220,3.6667,,,,,0.0,
221,3.6833,,,,,0.0,
222,3.7,,,,,0.0,
223,3.7167,,,,,0.0,
224,3.7333,,,,,0.0,
225,3.75,,,,,0.0,
226,3.7667,,,,,0.0,
227,3.7833,,,,,0.0,
228,3.8,,,,,0.0,
229,3.8167,,,,,0.0,
230,3.8333,,,,,0.0,
231,3.85,,,,,0.0,
232,3.8667,,,,,0.0,
233,3.8833,,,,,0.0,
234,3.9,,,,,0.0,
235,3.9167,,,,,0.0,
236,3.9333,,,,,0.0,
237,3.95,,,,,0.0,
238,3.9667,,,,,0.0,
239,3.9833,,,,,0.0,
240,4.0,,,,,0.0,
241,4.0167,,,,,0.0,
242,4.0333,,,,,0.0,
243,4.05,,,,,0.0,
244,4.0667,,,,,0.0,
245,4.0833,,,,,0.0,
246,4.1,,,,,0.0,
247,4.1167,,,,,0.0,
248,4.1333,,,,,0.0,
249,4.15,,,,,0.0,
250,4.1667,,,,,0.0,
251,4.1833,,,,,0.0,
252,4.2,,,,,0.0,
253,4.2167,,,,,0.0,
254,4.2333,,,,,0.0,
255,4.25,,,,,0.0,
256,4.2667,,,,,0.0,
257,4.2833,,,,,0.0,
258,4.3,,,,,0.0,
259,4.3167,,,,,0.0,
260,4.3333,,,,,0.0,
261,4.35,,,,,0.0,
262,4.3667,,,,,0.0,
263,4.3833,,,,,0.0,
264,4.4,,,,,0.0,
265,4.4167,,,,,0.0,
266,4.4333,,,,,0.0,
267,4.45,,,,,0.0,
268,4.4667,,,,,0.0,
269,4.4833,,,,,0.0,
270,4.5,,,,,0.0,
271,4.5167,,,,,0.0,
272,4.5333,,,,,0.0,
273,4.55,,,,,0.0,
274,4.5667,,,,,0.0,
275,4.5833,,,,,0.0,
276,4.6,,,,,0.0,
277,4.6167,,,,,0.0,
278,4.6333,,,,,0.0,
279,4.65,,,,,0.0,
280,4.6667,,,,,0.0,
281,4.6833,,,,,0.0,
282,4.7,,,,,0.0,
283,4.7167,,,,,0.0,
284,4.7333,,,,,0.0,
285,4.75,,,,,0.0,
286,4.7667,,,,,0.0,
287,4.7833,,,,,0.0,
288,4.8,,,,,0.0,
289,4.8167,,,,,0.0,
290,4.8333,,,,,0.0,
291,4.85,,,,,0.0,
292,4.8667,,,,,0.0,
293,4.8833,,,,,0.0,
294,4.9,,,,,0.0,
295,4.9167,,,,,0.0,
296,4.9333,,,,,0.0,
297,4.95,,,,,0.0,
298,4.9667,,,,,0.0,
299,4.9833,,,,,0.0,
300,5.0,,,,,0.0,
301,5.0167,,,,,0.0,
302,5.0333,,,,,0.0,
303,5.05,,,,,0.0,
304,5.0667,,,,,0.0,
305,5.0833,,,,,0.0,
306,5.1,,,,,0.0,
307,5.1167,,,,,0.0,
308,5.1333,,,,,0.0,
309,5.15,,,,,0.0,
310,5.1667,,,,,0.0,
311,5.1833,,,,,0.0,
312,5.2,,,,,0.0,
313,5.2167,,,,,0.0,
314,5.2333,,,,,0.0,
315,5.25,,,,,0.0,
316,5.2667,,,,,0.0,
317,5.2833,,,,,0.0,
318,5.3,,,,,0.0,
319,5.3167,,,,,0.0,
320,5.3333,,,,,0.0,
321,5.35,,,,,0.0,
322,5.3667,,,,,0.0,
323,5.3833,,,,,0.0,
324,5.4,,,,,0.0,
325,5.4167,,,,,0.0,
326,5.4333,,,,,0.0,
327,5.45,,,,,0.0,
328,5.4667,,,,,0.0,
329,5.4833,,,,,0.0,
330,5.5,,,,,0.0,
331,5.5167,,,,,0.0,
332,5.5333,,,,,0.0,
333,5.55,,,,,0.0,
334,5.5667,,,,,0.0,
335,5.5833,,,,,0.0,
336,5.6,,,,,0.0,
337,5.6167,,,,,0.0,
338,5.6333,,,,,0.0,
339,5.65,,,,,0.0,
340,5.6667,,,,,0.0,
341,5.6833,,,,,0.0,
342,5.7,,,,,0.0,
343,5.7167,,,,,0.0,
344,5.7333,,,,,0.0,
345,5.75,,,,,0.0,
346,5.7667,,,,,0.0,
347,5.7833,,,,,0.0,
348,5.8,,,,,0.0,
349,5.8167,,,,,0.0,
350,5.8333,,,,,0.0,
351,5.85,,,,,0.0,
352,5.8667,,,,,0.0,
353,5.8833,,,,,0.0,
354,5.9,,,,,0.0,
355,5.9167,,,,,0.0,
356,5.9333,,,,,0.0,
357,5.95,,,,,0.0,
358,5.9667,,,,,0.0,
359,5.9833,,,,,0.0,
360,6.0,,,,,0.0,
361,6.0167,,,,,2.79,
362,6.0333,,,,,6.57,
363,6.05,,,,,8.35,
364,6.0667,,,,,9.6,
365,6.0833,,,,,12.47,
366,6.1,,,,,14.04,
367,6.1167,,,,,22.33,
368,6.1333,,,,,15.33,
369,6.15,,,,,23.33,
370,6.1667,,,,,28.8,
371,6.1833,,,,,31.68,
372,6.2,,,,,24.72,
373,6.2167,,,,,29.6,
374,6.2333,,,,,25.0,
375,6.25,,,,,51.59,
376,6.2667,,,,,55.03,
377,6.2833,,,,,58.46,
378,6.3,,,,,49.19,
379,6.3167,,,,,60.75,
380,6.3333,,,,,68.75,
381,6.35,,,,,72.18,
382,6.3667,,,,,75.6,
383,6.3833,,,,,79.03,
384,6.4,,,,,82.45,
385,6.4167,,,,,85.87,
386,6.4333,,,,,89.29,
387,6.45,,,,,72.81,
388,6.4667,,,,,69.46,
389,6.4833,,,,,99.54,
390,6.5,,,,,91.32,
391,6.5167,,,,,88.85,
392,6.5333,,,,,109.77,
393,6.55,,,,,83.02,
394,6.5667,,,,,114.63,
395,6.5833,,,,,117.71,
396,6.6,,,,,79.69,
397,6.6167,,,,,92.68,
398,6.6333,,,,,89.36,
399,6.65,,,,,133.55,
400,6.6667,,,,,136.94,
401,6.6833,,,,,127.98,
402,6.7,,,,,143.71,
403,6.7167,,,,,147.09,
404,6.7333,,,,,150.46,
405,6.75,,,,,92.34,
406,6.7667,,,,,140.92,
407,6.7833,,,,,102.43,
408,6.8,,,,,118.69,
409,6.8167,,,,,122.86,
410,6.8333,,,,,170.65,
411,6.85,,,,,174.01,
412,6.8667,,,,,138.53,
413,6.8833,,,,,180.7,
414,6.9,,,,,184.04,
415,6.9167,,,,,187.38,
416,6.9333,,,,,173.91,
417,6.95,,,,,194.05,
418,6.9667,,,,,157.86,
419,6.9833,,,,,196.39,
420,7.0,,,,,162.08,
421,7.0167,,,,,138.63,
422,7.0333,,,,,163.19,
423,7.05,,,,,162.0,
424,7.0667,,,,,148.53,
425,7.0833,,,,,173.39,
426,7.1,,,,,110.19,
427,7.1167,,,,,147.78,
428,7.1333,,,,,216.71,
429,7.15,,,,,141.32,
430,7.1667,,,,,43.04,
431,7.1833,,,,,20.43,
432,7.2,,,,,28.72,
433,7.2167,,,,,56.31,
434,7.2333,,,,,53.71,
435,7.25,,,,,208.63,
436,7.2667,,,,,190.4,
437,7.2833,,,,,166.94,
438,7.3,,,,,144.84,
439,7.3167,,,,,137.97,
440,7.3333,,,,,164.84,
441,7.35,,,,,159.47,
442,7.3667,,,,,198.37,
443,7.3833,,,,,95.3,
444,7.4,,,,,175.33,
445,7.4167,,,,,185.93,
446,7.4333,,,,,143.21,
447,7.45,,,,,237.06,
448,7.4667,,,,,214.04,
449,7.4833,,,,,148.65,
450,7.5,,,,,44.78,
451,7.5167,,,,,70.49,
452,7.5333,,,,,62.35,
453,7.55,,,,,77.99,
454,7.5667,,,,,52.27,
455,7.5833,,,,,76.35,
456,7.6,,,,,58.73,
457,7.6167,,,,,51.61,
458,7.6333,,,,,79.33,
459,7.65,,,,,104.26,
460,7.6667,,,,,193.95,
461,7.6833,,,,,298.43,
462,7.7,,,,,249.98,
463,7.7167,,,,,236.73,
464,7.7333,,,,,216.74,
465,7.75,,,,,111.19,
466,7.7667,,,,,228.25,
467,7.7833,,,,,107.87,
468,7.8,,,,,236.12,
469,7.8167,,,,,227.56,
470,7.8333,,,,,326.73,
471,7.85,,,,,366.3,
472,7.8667,,,,,362.93,
473,7.8833,,,,,304.22,
474,7.9,,,,,375.32,
475,7.9167,,,,,324.15,
476,7.9333,,,,,295.81,
477,7.95,,,,,384.28,
478,7.9667,,,,,387.25,
479,7.9833,,,,,390.21,
480,8.0,,,,,393.16,
481,8.0167,,,,,267.69,
482,8.0333,,,,,399.04,
483,8.05,,,,,356.7,
484,8.0667,,,,,404.89,
485,8.0833,,,,,315.64,
486,8.1,,,,,341.1,
487,8.1167,,,,,413.61,
488,8.1333,,,,,416.5,
489,8.15,,,,,325.78,
490,8.1667,,,,,148.22,
491,8.1833,,,,,246.8,
492,8.2,,,,,321.92,
493,8.2167,,,,,248.56,
494,8.2333,,,,,302.93,
495,8.25,,,,,74.49,
496,8.2667,,,,,73.88,
497,8.2833,,,,,101.67,
498,8.3,,,,,95.76,
499,8.3167,,,,,59.75,
500,8.3333,,,,,321.14,
501,8.35,,,,,320.5,
502,8.3667,,,,,114.8,
503,8.3833,,,,,309.9,
504,8.4,,,,,301.35,
505,8.4167,,,,,237.55,
506,8.4333,,,,,309.47,
507,8.45,,,,,143.33,
508,8.4667,,,,,294.41,
509,8.4833,,,,,415.7,
510,8.5,,,,,119.54,
511,8.5167,,,,,100.62,
512,8.5333,,,,,89.0,
513,8.55,,,,,134.47,
514,8.5667,,,,,91.68,
515,8.5833,,,,,491.07,
516,8.6,,,,,493.7,
517,8.6167,,,,,496.32,
518,8.6333,,,,,498.92,
519,8.65,,,,,501.52,
520,8.6667,,,,,279.3,
521,8.6833,,,,,407.55,
522,8.7,,,,,343.99,
523,8.7167,,,,,318.76,
524,8.7333,,,,,415.72,
525,8.75,,,,,516.89,
526,8.7667,,,,,511.19,
527,8.7833,,,,,521.94,
528,8.8,,,,,424.59,
529,8.8167,,,,,474.3,
530,8.8333,,,,,529.42,
531,8.85,,,,,505.06,
532,8.8667,,,,,528.54,
533,8.8833,,,,,536.8,
534,8.9,,,,,539.24,
535,8.9167,,,,,541.67,
536,8.9333,,,,,544.09,
537,8.95,,,,,372.21,
538,8.9667,,,,,398.15,
539,8.9833,,,,,551.27,
540,9.0,,,,,553.64,
541,9.0167,,,,,556.01,
542,9.0333,,,,,558.36,
543,9.05,,,,,450.74,
544,9.0667,,,,,563.02,
545,9.0833,,,,,379.03,
546,9.1,,,,,567.64,
547,9.1167,,,,,546.3,
548,9.1333,,,,,364.74,
549,9.15,,,,,508.2,
550,9.1667,,,,,576.74,
551,9.1833,,,,,578.99,
552,9.2,,,,,535.0,
553,9.2167,,,,,583.45,
554,9.2333,,,,,585.66,
555,9.25,,,,,587.86,
556,9.2667,,,,,493.97,
557,9.2833,,,,,436.47,
558,9.3,,,,,594.38,
559,9.3167,,,,,596.53,
560,9.3333,,,,,395.23,
561,9.35,,,,,600.8,
562,9.3667,,,,,463.17,
563,9.3833,,,,,551.47,
564,9.4,,,,,607.1,
565,9.4167,,,,,586.11,
566,9.4333,,,,,365.79,
567,9.45,,,,,613.29,
568,9.4667,,,,,482.81,
569,9.4833,,,,,469.24,
570,9.5,,,,,619.38,
571,9.5167,,,,,621.38,
572,9.5333,,,,,623.37,
573,9.55,,,,,625.34,
574,9.5667,,,,,488.16,
575,9.5833,,,,,629.26,
576,9.6,,,,,631.2,
577,9.6167,,,,,530.9,
578,9.6333,,,,,635.03,
579,9.65,,,,,636.93,
580,9.6667,,,,,628.8,
581,9.6833,,,,,640.69,
582,9.7,,,,,642.55,
583,9.7167,,,,,540.87,
584,9.7333,,,,,646.23,
585,9.75,,,,,408.86,
586,9.7667,,,,,649.86,
587,9.7833,,,,,533.88,
588,9.8,,,,,653.44,
589,9.8167,,,,,655.21,
590,9.8333,,,,,168.84,
591,9.85,,,,,120.1,
592,9.8667,,,,,136.44,
593,9.8833,,,,,90.25,
594,9.9,,,,,102.67,
595,9.9167,,,,,173.24,
596,9.9333,,,,,146.07,
597,9.95,,,,,102.29,
598,9.9667,,,,,175.02,
599,9.9833,,,,,199.98,
600,10.0,,,,,198.36,
601,10.0167,,,,,81.16,
602,10.0333,,,,,131.41,
603,10.05,,,,,121.71,
604,10.0667,,,,,140.0,
605,10.0833,,,,,491.13,
606,10.1,,,,,683.19,
607,10.1167,,,,,410.73,
608,10.1333,,,,,643.21,
609,10.15,,,,,614.77,
610,10.1667,,,,,674.6,
611,10.1833,,,,,496.9,
612,10.2,,,,,662.25,
613,10.2167,,,,,583.01,
614,10.2333,,,,,619.77,
615,10.25,,,,,196.24,
616,10.2667,,,,,175.77,
617,10.2833,,,,,148.0,
618,10.3,,,,,131.43,
619,10.3167,,,,,212.53,
620,10.3333,,,,,170.44,
621,10.35,,,,,115.46,
622,10.3667,,,,,201.23,
623,10.3833,,,,,115.8,
624,10.4,,,,,174.56,
625,10.4167,,,,,709.7,
626,10.4333,,,,,587.56,
627,10.45,,,,,471.81,
628,10.4667,,,,,713.42,
629,10.4833,,,,,714.63,
630,10.5,,,,,474.71,
631,10.5167,,,,,484.14,
632,10.5333,,,,,718.17,
633,10.55,,,,,719.32,
634,10.5667,,,,,689.0,
635,10.5833,,,,,269.98,
636,10.6,,,,,554.02,
637,10.6167,,,,,312.06,
638,10.6333,,,,,304.94,
639,10.65,,,,,496.82,
640,10.6667,,,,,124.83,
641,10.6833,,,,,107.39,
642,10.7,,,,,86.91,
643,10.7167,,,,,147.98,
644,10.7333,,,,,90.51,
645,10.75,,,,,125.98,
646,10.7667,,,,,147.27,
647,10.7833,,,,,117.83,
648,10.8,,,,,171.59,
649,10.8167,,,,,65.22,
650,10.8333,,,,,455.41,
651,10.85,,,,,534.92,
652,10.8667,,,,,407.64,
653,10.8833,,,,,516.38,
654,10.9,,,,,581.78,
655,10.9167,,,,,588.33,
656,10.9333,,,,,458.71,
657,10.95,,,,,674.28,
658,10.9667,,,,,743.26,
659,10.9833,,,,,505.54,
660,11.0,,,,,744.77,
661,11.0167,,,,,745.5,
662,11.0333,,,,,746.22,
663,11.05,,,,,584.58,
664,11.0667,,,,,722.68,
665,11.0833,,,,,189.53,
666,11.1,,,,,173.17,
667,11.1167,,,,,148.87,
668,11.1333,,,,,63.95,
669,11.15,,,,,140.0,
670,11.1667,,,,,455.65,
671,11.1833,,,,,392.18,
672,11.2,,,,,459.69,
673,11.2167,,,,,652.71,
674,11.2333,,,,,408.35,
675,11.25,,,,,752.06,
676,11.2667,,,,,754.66,
677,11.2833,,,,,506.84,
678,11.3,,,,,701.89,
679,11.3167,,,,,720.95,
680,11.3333,,,,,473.2,
681,11.35,,,,,689.28,
682,11.3667,,,,,479.2,
683,11.3833,,,,,757.75,
684,11.4,,,,,758.13,
685,11.4167,,,,,227.42,
686,11.4333,,,,,450.52,
687,11.45,,,,,406.07,
688,11.4667,,,,,512.94,
689,11.4833,,,,,279.81,
690,11.5,,,,,563.53,
691,11.5167,,,,,760.36,
692,11.5333,,,,,738.66,
693,11.55,,,,,760.85,
694,11.5667,,,,,720.19,
695,11.5833,,,,,761.29,
696,11.6,,,,,761.48,
697,11.6167,,,,,698.78,
698,11.6333,,,,,653.66,
699,11.65,,,,,761.97,
700,11.6667,,,,,762.1,
701,11.6833,,,,,600.8,
702,11.7,,,,,762.32,
703,11.7167,,,,,762.41,
704,11.7333,,,,,762.48,
705,11.75,,,,,538.6,
706,11.7667,,,,,762.57,
707,11.7833,,,,,762.59,
708,11.8,,,,,656.31,
709,11.8167,,,,,482.62,
710,11.8333,,,,,762.57,
711,11.85,,,,,762.53,
712,11.8667,,,,,762.48,
713,11.8833,,,,,762.41,
714,11.9,,,,,762.32,
715,11.9167,,,,,605.93,
716,11.9333,,,,,762.1,
717,11.95,,,,,678.89,
718,11.9667,,,,,761.82,
719,11.9833,,,,,733.84,
720,12.0,,,,,666.29,
721,12.0167,,,,,405.49,
722,12.0333,,,,,484.99,
723,12.05,,,,,309.97,
724,12.0667,,,,,659.8,
725,12.0833,,,,,631.06,
726,12.1,,,,,546.59,
727,12.1167,,,,,580.26,
728,12.1333,,,,,495.48,
729,12.15,,,,,505.34,
730,12.1667,,,,,291.24,
731,12.1833,,,,,295.5,
732,12.2,,,,,471.09,
733,12.2167,,,,,493.89,
734,12.2333,,,,,349.58,
735,12.25,,,,,597.26,
736,12.2667,,,,,756.52,
737,12.2833,,,,,756.08,
738,12.3,,,,,451.13,
739,12.3167,,,,,540.77,
740,12.3333,,,,,450.37,
741,12.35,,,,,527.42,
742,12.3667,,,,,482.25,
743,12.3833,,,,,606.79,
744,12.4,,,,,752.55,
745,12.4167,,,,,488.17,
746,12.4333,,,,,508.5,
747,12.45,,,,,750.81,
748,12.4667,,,,,310.48,
749,12.4833,,,,,599.97,
750,12.5,,,,,577.9,
751,12.5167,,,,,595.72,
752,12.5333,,,,,472.43,
753,12.55,,,,,514.79,
754,12.5667,,,,,518.8,
755,12.5833,,,,,418.16,
756,12.6,,,,,515.7,
757,12.6167,,,,,212.67,
758,12.6333,,,,,434.04,
759,12.65,,,,,414.38,
760,12.6667,,,,,578.5,
761,12.6833,,,,,740.88,
762,12.7,,,,,740.06,
763,12.7167,,,,,594.1,
764,12.7333,,,,,602.69,
765,12.75,,,,,561.91,
766,12.7667,,,,,509.13,
767,12.7833,,,,,217.61,
768,12.8,,,,,492.67,
769,12.8167,,,,,295.04,
770,12.8333,,,,,659.53,
771,12.85,,,,,354.55,
772,12.8667,,,,,545.06,
773,12.8833,,,,,583.18,
774,12.9,,,,,377.44,
775,12.9167,,,,,598.77,
776,12.9333,,,,,579.02,
777,12.95,,,,,414.06,
778,12.9667,,,,,473.41,
779,12.9833,,,,,424.02,
780,13.0,,,,,582.86,
781,13.0167,,,,,558.64,
782,13.0333,,,,,398.35,
783,13.05,,,,,255.76,
784,13.0667,,,,,499.79,
785,13.0833,,,,,568.12,
786,13.1,,,,,559.26,
787,13.1167,,,,,497.88,
788,13.1333,,,,,389.35,
789,13.15,,,,,265.31,
790,13.1667,,,,,589.84,
791,13.1833,,,,,540.29,
792,13.2,,,,,433.74,
793,13.2167,,,,,409.85,
794,13.2333,,,,,684.58,
795,13.25,,,,,614.68,
796,13.2667,,,,,455.15,
797,13.2833,,,,,414.54,
798,13.3,,,,,495.28,
799,13.3167,,,,,419.01,
800,13.3333,,,,,666.9,
801,13.35,,,,,633.34,
802,13.3667,,,,,569.09,
803,13.3833,,,,,487.17,
804,13.4,,,,,615.92,
805,13.4167,,,,,690.66,
806,13.4333,,,,,689.2,
807,13.45,,,,,558.4,
808,13.4667,,,,,686.22,
809,13.4833,,,,,684.71,
810,13.5,,,,,50.83,
811,13.5167,,,,,162.75,
812,13.5333,,,,,106.17,
813,13.55,,,,,119.92,
814,13.5667,,,,,99.27,
815,13.5833,,,,,584.12,
816,13.6,,,,,673.77,
817,13.6167,,,,,543.26,
818,13.6333,,,,,670.51,
819,13.65,,,,,668.87,
820,13.6667,,,,,667.21,
821,13.6833,,,,,662.08,
822,13.7,,,,,663.85,
823,13.7167,,,,,545.2,
824,13.7333,,,,,505.61,
825,13.75,,,,,658.7,
826,13.7667,,,,,656.96,
827,13.7833,,,,,466.03,
828,13.8,,,,,626.53,
829,13.8167,,,,,393.55,
830,13.8333,,,,,649.86,
831,13.85,,,,,402.69,
832,13.8667,,,,,617.17,
833,13.8833,,,,,397.19,
834,13.9,,,,,642.55,
835,13.9167,,,,,369.88,
836,13.9333,,,,,334.08,
837,13.95,,,,,354.43,
838,13.9667,,,,,270.14,
839,13.9833,,,,,495.69,
840,14.0,,,,,93.74,
841,14.0167,,,,,117.92,
842,14.0333,,,,,137.72,
843,14.05,,,,,110.72,
844,14.0667,,,,,97.3,
845,14.0833,,,,,283.53,
846,14.1,,,,,314.39,
847,14.1167,,,,,394.26,
848,14.1333,,,,,268.48,
849,14.15,,,,,487.22,
850,14.1667,,,,,611.24,
851,14.1833,,,,,431.24,
852,14.2,,,,,449.98,
853,14.2167,,,,,502.49,
854,14.2333,,,,,370.82,
855,14.25,,,,,583.48,
856,14.2667,,,,,598.67,
857,14.2833,,,,,378.52,
858,14.3,,,,,594.38,
859,14.3167,,,,,592.22,
860,14.3333,,,,,486.75,
861,14.35,,,,,587.86,
862,14.3667,,,,,585.66,
863,14.3833,,,,,583.45,
864,14.4,,,,,533.9,
865,14.4167,,,,,540.81,
866,14.4333,,,,,301.9,
867,14.45,,,,,391.05,
868,14.4667,,,,,481.78,
869,14.4833,,,,,366.42,
870,14.5,,,,,410.89,
871,14.5167,,,,,355.03,
872,14.5333,,,,,419.25,
873,14.55,,,,,290.81,
874,14.5667,,,,,433.74,
875,14.5833,,,,,379.62,
876,14.6,,,,,516.78,
877,14.6167,,,,,277.24,
878,14.6333,,,,,425.04,
879,14.65,,,,,482.4,
880,14.6667,,,,,291.91,
881,14.6833,,,,,408.89,
882,14.7,,,,,347.98,
883,14.7167,,,,,431.14,
884,14.7333,,,,,435.41,
885,14.75,,,,,342.56,
886,14.7667,,,,,529.42,
887,14.7833,,,,,425.92,
888,14.8,,,,,524.44,
889,14.8167,,,,,521.94,
890,14.8333,,,,,409.59,
891,14.85,,,,,422.4,
892,14.8667,,,,,314.01,
893,14.8833,,,,,511.81,
894,14.9,,,,,509.25,
895,14.9167,,,,,465.47,
896,14.9333,,,,,504.11,
897,14.95,,,,,478.45,
898,14.9667,,,,,498.92,
899,14.9833,,,,,433.26,
900,15.0,,,,,493.7,
901,15.0167,,,,,491.07,
902,15.0333,,,,,488.43,
903,15.05,,,,,485.78,
904,15.0667,,,,,483.12,
905,15.0833,,,,,480.45,
906,15.1,,,,,457.41,
907,15.1167,,,,,475.09,
908,15.1333,,,,,472.39,
909,15.15,,,,,469.68,
910,15.1667,,,,,280.69,
911,15.1833,,,,,264.67,
912,15.2,,,,,461.51,
913,15.2167,,,,,335.01,
914,15.2333,,,,,456.01,
915,15.25,,,,,345.95,
916,15.2667,,,,,357.77,
917,15.2833,,,,,284.87,
918,15.3,,,,,271.1,
919,15.3167,,,,,342.16,
920,15.3333,,,,,431.0,
921,15.35,,,,,316.68,
922,15.3667,,,,,433.64,
923,15.3833,,,,,392.55,
924,15.4,,,,,403.51,
925,15.4167,,,,,425.11,
926,15.4333,,,,,298.16,
927,15.45,,,,,419.38,
928,15.4667,,,,,377.62,
929,15.4833,,,,,409.84,
930,15.5,,,,,410.71,
931,15.5167,,,,,377.39,
932,15.5333,,,,,359.59,
933,15.55,,,,,386.16,
934,15.5667,,,,,399.04,
935,15.5833,,,,,394.62,
936,15.6,,,,,393.16,
937,15.6167,,,,,390.21,
938,15.6333,,,,,336.33,
939,15.65,,,,,373.76,
940,15.6667,,,,,381.3,
941,15.6833,,,,,378.32,
942,15.7,,,,,375.32,
943,15.7167,,,,,372.32,
944,15.7333,,,,,360.47,
945,15.75,,,,,282.4,
946,15.7667,,,,,260.76,
947,15.7833,,,,,360.25,
948,15.8,,,,,196.16,
949,15.8167,,,,,292.61,
950,15.8333,,,,,199.14,
951,15.85,,,,,223.99,
952,15.8667,,,,,300.5,
953,15.8833,,,,,261.91,
954,15.9,,,,,338.83,
955,15.9167,,,,,335.74,
956,15.9333,,,,,332.65,
957,15.95,,,,,329.55,
958,15.9667,,,,,326.44,
959,15.9833,,,,,323.33,
960,16.0,,,,,227.12,
961,16.0167,,,,,289.37,
962,16.0333,,,,,313.95,
963,16.05,,,,,237.93,
964,16.0667,,,,,284.69,
965,16.0833,,,,,304.51,
966,16.1,,,,,139.82,
967,16.1167,,,,,226.89,
968,16.1333,,,,,184.16,
969,16.15,,,,,218.92,
970,16.1667,,,,,47.77,
971,16.1833,,,,,79.78,
972,16.2,,,,,46.01,
973,16.2167,,,,,53.34,
974,16.2333,,,,,71.09,
975,16.25,,,,,85.05,
976,16.2667,,,,,27.12,
977,16.2833,,,,,64.39,
978,16.3,,,,,40.67,
979,16.3167,,,,,59.76,
980,16.3333,,,,,189.77,
981,16.35,,,,,253.26,
982,16.3667,,,,,152.41,
983,16.3833,,,,,231.78,
984,16.4,,,,,243.5,
985,16.4167,,,,,144.22,
986,16.4333,,,,,211.79,
987,16.45,,,,,233.69,
988,16.4667,,,,,230.41,
989,16.4833,,,,,227.13,
990,16.5,,,,,223.84,
991,16.5167,,,,,197.41,
992,16.5333,,,,,154.11,
993,16.55,,,,,176.98,
994,16.5667,,,,,210.64,
995,16.5833,,,,,171.23,
996,16.6,,,,,204.02,
997,16.6167,,,,,146.98,
998,16.6333,,,,,197.38,
999,16.65,,,,,161.12,
1000,16.6667,,,,,190.72,
1001,16.6833,,,,,187.38,
1002,16.7,,,,,184.04,
1003,16.7167,,,,,161.51,
1004,16.7333,,,,,177.36,
1005,16.75,,,,,161.14,
1006,16.7667,,,,,149.04,
1007,16.7833,,,,,167.3,
1008,16.8,,,,,128.42,
1009,16.8167,,,,,160.57,
1010,16.8333,,,,,131.97,
1011,16.85,,,,,83.19,
1012,16.8667,,,,,130.58,
1013,16.8833,,,,,82.69,
1014,16.9,,,,,103.64,
1015,16.9167,,,,,126.92,
1016,16.9333,,,,,136.94,
1017,16.95,,,,,133.55,
1018,16.9667,,,,,130.16,
1019,16.9833,,,,,126.77,
1020,17.0,,,,,114.68,
1021,17.0167,,,,,73.43,
1022,17.0333,,,,,116.58,
1023,17.05,,,,,113.17,
1024,17.0667,,,,,109.77,
1025,17.0833,,,,,74.09,
1026,17.1,,,,,71.44,
1027,17.1167,,,,,49.61,
1028,17.1333,,,,,80.44,
1029,17.15,,,,,32.07,
1030,17.1667,,,,,7.5,
1031,17.1833,,,,,16.6,
1032,17.2,,,,,17.96,
1033,17.2167,,,,,12.39,
1034,17.2333,,,,,20.87,
1035,17.25,,,,,26.04,
1036,17.2667,,,,,46.72,
1037,17.2833,,,,,48.99,
1038,17.3,,,,,42.9,
1039,17.3167,,,,,33.32,
1040,17.3333,,,,,15.6,
1041,17.35,,,,,11.95,
1042,17.3667,,,,,8.76,
1043,17.3833,,,,,8.0,
1044,17.4,,,,,9.24,
1045,17.4167,,,,,20.4,
1046,17.4333,,,,,26.97,
1047,17.45,,,,,19.81,
1048,17.4667,,,,,23.72,
1049,17.4833,,,,,20.1,
1050,17.5,,,,,17.41,
1051,17.5167,,,,,7.34,
1052,17.5333,,,,,9.96,
1053,17.55,,,,,10.33,
1054,17.5667,,,,,6.63,
1055,17.5833,,,,,0.42,
1056,17.6,,,,,0.0,
1057,17.6167,,,,,0.0,
1058,17.6333,,,,,0.0,
1059,17.65,,,,,0.0,
1060,17.6667,,,,,0.0,
1061,17.6833,,,,,0.0,
1062,17.7,,,,,0.0,
1063,17.7167,,,,,0.0,
1064,17.7333,,,,,0.0,
1065,17.75,,,,,0.0,
1066,17.7667,,,,,0.0,
1067,17.7833,,,,,0.0,
1068,17.8,,,,,0.0,
1069,17.8167,,,,,0.0,
1070,17.8333,,,,,0.0,
1071,17.85,,,,,0.0,
1072,17.8667,,,,,0.0,
1073,17.8833,,,,,0.0,
1074,17.9,,,,,0.0,
1075,17.9167,,,,,0.0,
1076,17.9333,,,,,0.0,
1077,17.95,,,,,0.0,
1078,17.9667,,,,,0.0,
1079,17.9833,,,,,0.0,
1080,18.0,,,,,0.0,
1081,18.0167,,,,,0.0,
1082,18.0333,,,,,0.0,
1083,18.05,,,,,0.0,
1084,18.0667,,,,,0.0,
1085,18.0833,,,,,0.0,
1086,18.1,,,,,0.0,
1087,18.1167,,,,,0.0,
1088,18.1333,,,,,0.0,
1089,18.15,,,,,0.0,
1090,18.1667,,,,,0.0,
1091,18.1833,,,,,0.0,
1092,18.2,,,,,0.0,
1093,18.2167,,,,,0.0,
1094,18.2333,,,,,0.0,
1095,18.25,,,,,0.0,
1096,18.2667,,,,,0.0,
1097,18.2833,,,,,0.0,
1098,18.3,,,,,0.0,
1099,18.3167,,,,,0.0,
1100,18.3333,,,,,0.0,
1101,18.35,,,,,0.0,
1102,18.3667,,,,,0.0,
1103,18.3833,,,,,0.0,
1104,18.4,,,,,0.0,
1105,18.4167,,,,,0.0,
1106,18.4333,,,,,0.0,
1107,18.45,,,,,0.0,
1108,18.4667,,,,,0.0,
1109,18.4833,,,,,0.0,
1110,18.5,,,,,0.0,
1111,18.5167,,,,,0.0,
1112,18.5333,,,,,0.0,
1113,18.55,,,,,0.0,
1114,18.5667,,,,,0.0,
1115,18.5833,,,,,0.0,
1116,18.6,,,,,0.0,
1117,18.6167,,,,,0.0,
1118,18.6333,,,,,0.0,
1119,18.65,,,,,0.0,
1120,18.6667,,,,,0.0,
1121,18.6833,,,,,0.0,
1122,18.7,,,,,0.0,
1123,18.7167,,,,,0.0,
1124,18.7333,,,,,0.0,
1125,18.75,,,,,0.0,
1126,18.7667,,,,,0.0,
1127,18.7833,,,,,0.0,
1128,18.8,,,,,0.0,
1129,18.8167,,,,,0.0,
1130,18.8333,,,,,0.0,
1131,18.85,,,,,0.0,
1132,18.8667,,,,,0.0,
1133,18.8833,,,,,0.0,
1134,18.9,,,,,0.0,
1135,18.9167,,,,,0.0,
1136,18.9333,,,,,0.0,
1137,18.95,,,,,0.0,
1138,18.9667,,,,,0.0,
1139,18.9833,,,,,0.0,
1140,19.0,,,,,0.0,
1141,19.0167,,,,,0.0,
1142,19.0333,,,,,0.0,
1143,19.05,,,,,0.0,
1144,19.0667,,,,,0.0,
1145,19.0833,,,,,0.0,
1146,19.1,,,,,0.0,
1147,19.1167,,,,,0.0,
1148,19.1333,,,,,0.0,
1149,19.15,,,,,0.0,
1150,19.1667,,,,,0.0,
1151,19.1833,,,,,0.0,
1152,19.2,,,,,0.0,
1153,19.2167,,,,,0.0,
1154,19.2333,,,,,0.0,
1155,19.25,,,,,0.0,
1156,19.2667,,,,,0.0,
1157,19.2833,,,,,0.0,
1158,19.3,,,,,0.0,
1159,19.3167,,,,,0.0,
1160,19.3333,,,,,0.0,
1161,19.35,,,,,0.0,
1162,19.3667,,,,,0.0,
1163,19.3833,,,,,0.0,
1164,19.4,,,,,0.0,
1165,19.4167,,,,,0.0,
1166,19.4333,,,,,0.0,
1167,19.45,,,,,0.0,
1168,19.4667,,,,,0.0,
1169,19.4833,,,,,0.0,
1170,19.5,,,,,0.0,
1171,19.5167,,,,,0.0,
1172,19.5333,,,,,0.0,
1173,19.55,,,,,0.0,
1174,19.5667,,,,,0.0,
1175,19.5833,,,,,0.0,
1176,19.6,,,,,0.0,
1177,19.6167,,,,,0.0,
1178,19.6333,,,,,0.0,
1179,19.65,,,,,0.0,
1180,19.6667,,,,,0.0,
1181,19.6833,,,,,0.0,
1182,19.7,,,,,0.0,
1183,19.7167,,,,,0.0,
1184,19.7333,,,,,0.0,
1185,19.75,,,,,0.0,
1186,19.7667,,,,,0.0,
1187,19.7833,,,,,0.0,
1188,19.8,,,,,0.0,
1189,19.8167,,,,,0.0,
1190,19.8333,,,,,0.0,
1191,19.85,,,,,0.0,
1192,19.8667,,,,,0.0,
1193,19.8833,,,,,0.0,
1194,19.9,,,,,0.0,
1195,19.9167,,,,,0.0,
1196,19.9333,,,,,0.0,
1197,19.95,,,,,0.0,
1198,19.9667,,,,,0.0,
1199,19.9833,,,,,0.0,
1200,20.0,,,,,0.0,
1201,20.0167,,,,,0.0,
1202,20.0333,,,,,0.0,
1203,20.05,,,,,0.0,
1204,20.0667,,,,,0.0,
1205,20.0833,,,,,0.0,
1206,20.1,,,,,0.0,
1207,20.1167,,,,,0.0,
1208,20.1333,,,,,0.0,
1209,20.15,,,,,0.0,
1210,20.1667,,,,,0.0,
1211,20.1833,,,,,0.0,
1212,20.2,,,,,0.0,
1213,20.2167,,,,,0.0,
1214,20.2333,,,,,0.0,
1215,20.25,,,,,0.0,
1216,20.2667,,,,,0.0,
1217,20.2833,,,,,0.0,
1218,20.3,,,,,0.0,
1219,20.3167,,,,,0.0,
1220,20.3333,,,,,0.0,
1221,20.35,,,,,0.0,
1222,20.3667,,,,,0.0,
1223,20.3833,,,,,0.0,
1224,20.4,,,,,0.0,
1225,20.4167,,,,,0.0,
1226,20.4333,,,,,0.0,
1227,20.45,,,,,0.0,
1228,20.4667,,,,,0.0,
1229,20.4833,,,,,0.0,
1230,20.5,,,,,0.0,
1231,20.5167,,,,,0.0,
1232,20.5333,,,,,0.0,
1233,20.55,,,,,0.0,
1234,20.5667,,,,,0.0,
1235,20.5833,,,,,0.0,
1236,20.6,,,,,0.0,
1237,20.6167,,,,,0.0,
1238,20.6333,,,,,0.0,
1239,20.65,,,,,0.0,
1240,20.6667,,,,,0.0,
1241,20.6833,,,,,0.0,
1242,20.7,,,,,0.0,
1243,20.7167,,,,,0.0,
1244,20.7333,,,,,0.0,
1245,20.75,,,,,0.0,
1246,20.7667,,,,,0.0,
1247,20.7833,,,,,0.0,
1248,20.8,,,,,0.0,
1249,20.8167,,,,,0.0,
1250,20.8333,,,,,0.0,
1251,20.85,,,,,0.0,
1252,20.8667,,,,,0.0,
1253,20.8833,,,,,0.0,
1254,20.9,,,,,0.0,
1255,20.9167,,,,,0.0,
1256,20.9333,,,,,0.0,
1257,20.95,,,,,0.0,
1258,20.9667,,,,,0.0,
1259,20.9833,,,,,0.0,
1260,21.0,,,,,0.0,
1261,21.0167,,,,,0.0,
1262,21.0333,,,,,0.0,
1263,21.05,,,,,0.0,
1264,21.0667,,,,,0.0,
1265,21.0833,,,,,0.0,
1266,21.1,,,,,0.0,
1267,21.1167,,,,,0.0,
1268,21.1333,,,,,0.0,
1269,21.15,,,,,0.0,
1270,21.1667,,,,,0.0,
1271,21.1833,,,,,0.0,
1272,21.2,,,,,0.0,
1273,21.2167,,,,,0.0,
1274,21.2333,,,,,0.0,
1275,21.25,,,,,0.0,
1276,21.2667,,,,,0.0,
1277,21.2833,,,,,0.0,
1278,21.3,,,,,0.0,
1279,21.3167,,,,,0.0,
1280,21.3333,,,,,0.0,
1281,21.35,,,,,0.0,
1282,21.3667,,,,,0.0,
1283,21.3833,,,,,0.0,
1284,21.4,,,,,0.0,
1285,21.4167,,,,,0.0,
1286,21.4333,,,,,0.0,
1287,21.45,,,,,0.0,
1288,21.4667,,,,,0.0,
1289,21.4833,,,,,0.0,
1290,21.5,,,,,0.0,
1291,21.5167,,,,,0.0,
1292,21.5333,,,,,0.0,
1293,21.55,,,,,0.0,
1294,21.5667,,,,,0.0,
1295,21.5833,,,,,0.0,
1296,21.6,,,,,0.0,
1297,21.6167,,,,,0.0,
1298,21.6333,,,,,0.0,
1299,21.65,,,,,0.0,
1300,21.6667,,,,,0.0,
1301,21.6833,,,,,0.0,
1302,21.7,,,,,0.0,
1303,21.7167,,,,,0.0,
1304,21.7333,,,,,0.0,
1305,21.75,,,,,0.0,
1306,21.7667,,,,,0.0,
1307,21.7833,,,,,0.0,
1308,21.8,,,,,0.0,
1309,21.8167,,,,,0.0,
1310,21.8333,,,,,0.0,
1311,21.85,,,,,0.0,
1312,21.8667,,,,,0.0,
1313,21.8833,,,,,0.0,
1314,21.9,,,,,0.0,
1315,21.9167,,,,,0.0,
1316,21.9333,,,,,0.0,
1317,21.95,,,,,0.0,
1318,21.9667,,,,,0.0,
1319,21.9833,,,,,0.0,
1320,22.0,,,,,0.0,
1321,22.0167,,,,,0.0,
1322,22.0333,,,,,0.0,
1323,22.05,,,,,0.0,
1324,22.0667,,,,,0.0,
1325,22.0833,,,,,0.0,
1326,22.1,,,,,0.0,
1327,22.1167,,,,,0.0,
1328,22.1333,,,,,0.0,
1329,22.15,,,,,0.0,
1330,22.1667,,,,,0.0,
1331,22.1833,,,,,0.0,
1332,22.2,,,,,0.0,
1333,22.2167,,,,,0.0,
1334,22.2333,,,,,0.0,
1335,22.25,,,,,0.0,
1336,22.2667,,,,,0.0,
1337,22.2833,,,,,0.0,
1338,22.3,,,,,0.0,
1339,22.3167,,,,,0.0,
1340,22.3333,,,,,0.0,
1341,22.35,,,,,0.0,
1342,22.3667,,,,,0.0,
1343,22.3833,,,,,0.0,
1344,22.4,,,,,0.0,
1345,22.4167,,,,,0.0,
1346,22.4333,,,,,0.0,
1347,22.45,,,,,0.0,
1348,22.4667,,,,,0.0,
1349,22.4833,,,,,0.0,
1350,22.5,,,,,0.0,
1351,22.5167,,,,,0.0,
1352,22.5333,,,,,0.0,
1353,22.55,,,,,0.0,
1354,22.5667,,,,,0.0,
1355,22.5833,,,,,0.0,
1356,22.6,,,,,0.0,
1357,22.6167,,,,,0.0,
1358,22.6333,,,,,0.0,
1359,22.65,,,,,0.0,
1360,22.6667,,,,,0.0,
1361,22.6833,,,,,0.0,
1362,22.7,,,,,0.0,
1363,22.7167,,,,,0.0,
1364,22.7333,,,,,0.0,
1365,22.75,,,,,0.0,
1366,22.7667,,,,,0.0,
1367,22.7833,,,,,0.0,
1368,22.8,,,,,0.0,
1369,22.8167,,,,,0.0,
1370,22.8333,,,,,0.0,
1371,22.85,,,,,0.0,
1372,22.8667,,,,,0.0,
1373,22.8833,,,,,0.0,
1374,22.9,,,,,0.0,
1375,22.9167,,,,,0.0,
1376,22.9333,,,,,0.0,
1377,22.95,,,,,0.0,
1378,22.9667,,,,,0.0,
1379,22.9833,,,,,0.0,
1380,23.0,,,,,0.0,
1381,23.0167,,,,,0.0,
1382,23.0333,,,,,0.0,
1383,23.05,,,,,0.0,
1384,23.0667,,,,,0.0,
1385,23.0833,,,,,0.0,
1386,23.1,,,,,0.0,
1387,23.1167,,,,,0.0,
1388,23.1333,,,,,0.0,
1389,23.15,,,,,0.0,
1390,23.1667,,,,,0.0,
1391,23.1833,,,,,0.0,
1392,23.2,,,,,0.0,
1393,23.2167,,,,,0.0,
1394,23.2333,,,,,0.0,
1395,23.25,,,,,0.0,
1396,23.2667,,,,,0.0,
1397,23.2833,,,,,0.0,
1398,23.3,,,,,0.0,
1399,23.3167,,,,,0.0,
1400,23.3333,,,,,0.0,
1401,23.35,,,,,0.0,
1402,23.3667,,,,,0.0,
1403,23.3833,,,,,0.0,
1404,23.4,,,,,0.0,
1405,23.4167,,,,,0.0,
1406,23.4333,,,,,0.0,
1407,23.45,,,,,0.0,
1408,23.4667,,,,,0.0,
1409,23.4833,,,,,0.0,
1410,23.5,,,,,0.0,
1411,23.5167,,,,,0.0,
1412,23.5333,,,,,0.0,
1413,23.55,,,,,0.0,
1414,23.5667,,,,,0.0,
1415,23.5833,,,,,0.0,
1416,23.6,,,,,0.0,
1417,23.6167,,,,,0.0,
1418,23.6333,,,,,0.0,
1419,23.65,,,,,0.0,
1420,23.6667,,,,,0.0,
1421,23.6833,,,,,0.0,
1422,23.7,,,,,0.0,
1423,23.7167,,,,,0.0,
1424,23.7333,,,,,0.0,
1425,23.75,,,,,0.0,
1426,23.7667,,,,,0.0,
1427,23.7833,,,,,0.0,
1428,23.8,,,,,0.0,
1429,23.8167,,,,,0.0,
1430,23.8333,,,,,0.0,
1431,23.85,,,,,0.0,
1432,23.8667,,,,,0.0,
1433,23.8833,,,,,0.0,
1434,23.9,,,,,0.0,
1435,23.9167,,,,,0.0,
1436,23.9333,,,,,0.0,
1437,23.95,,,,,0.0,
1438,23.9667,,,,,0.0,
1439,23.9833,,,,,0.0,
0,0.0,,,,,,0.0
1,0.0167,,,,,,0.0
2,0.0333,,,,,,0.0
3,0.05,,,,,,0.0
4,0.0667,,,,,,0.0
5,0.0833,,,,,,0.0
6,0.1,,,,,,0.0
7,0.1167,,,,,,0.0
8,0.1333,,,,,,0.0
9,0.15,,,,,,0.0
10,0.1667,,,,,,0.0
11,0.1833,,,,,,0.0
12,0.2,,,,,,0.0
13,0.2167,,,,,,0.0
14,0.2333,,,,,,0.0
15,0.25,,,,,,0.0
16,0.2667,,,,,,0.0
17,0.2833,,,,,,0.0
18,0.3,,,,,,0.0
19,0.3167,,,,,,0.0
20,0.3333,,,,,,0.0
21,0.35,,,,,,0.0
22,0.3667,,,,,,0.0
23,0.3833,,,,,,0.0
24,0.4,,,,,,0.0
25,0.4167,,,,,,0.0
26,0.4333,,,,,,0.0
27,0.45,,,,,,0.0
28,0.4667,,,,,,0.0
29,0.4833,,,,,,0.0
30,0.5,,,,,,0.0
31,0.5167,,,,,,0.0
32,0.5333,,,,,,0.0
33,0.55,,,,,,0.0
34,0.5667,,,,,,0.0
35,0.5833,,,,,,0.0
36,0.6,,,,,,0.0
37,0.6167,,,,,,0.0
38,0.6333,,,,,,0.0
39,0.65,,,,,,0.0
40,0.6667,,,,,,0.0
41,0.6833,,,,,,0.0
42,0.7,,,,,,0.0
43,0.7167,,,,,,0.0
44,0.7333,,,,,,0.0
45,0.75,,,,,,0.0
46,0.7667,,,,,,0.0
47,0.7833,,,,,,0.0
48,0.8,,,,,,0.0
49,0.8167,,,,,,0.0
50,0.8333,,,,,,0.0
51,0.85,,,,,,0.0
52,0.8667,,,,,,0.0
53,0.8833,,,,,,0.0
54,0.9,,,,,,0.0
55,0.9167,,,,,,0.0
56,0.9333,,,,,,0.0
57,0.95,,,,,,0.0
58,0.9667,,,,,,0.0
59,0.9833,,,,,,0.0
60,1.0,,,,,,0.0
61,1.0167,,,,,,0.0
62,1.0333,,,,,,0.0
63,1.05,,,,,,0.0
64,1.0667,,,,,,0.0
65,1.0833,,,,,,0.0
66,1.1,,,,,,0.0
67,1.1167,,,,,,0.0
68,1.1333,,,,,,0.0
69,1.15,,,,,,0.0
70,1.1667,,,,,,0.0
71,1.1833,,,,,,0.0
72,1.2,,,,,,0.0
73,1.2167,,,,,,0.0
74,1.2333,,,,,,0.0
75,1.25,,,,,,0.0
76,1.2667,,,,,,0.0
77,1.2833,,,,,,0.0
78,1.3,,,,,,0.0
79,1.3167,,,,,,0.0
80,1.3333,,,,,,0.0
81,1.35,,,,,,0.0
82,1.3667,,,,,,0.0
83,1.3833,,,,,,0.0
84,1.4,,,,,,0.0
85,1.4167,,,,,,0.0
86,1.4333,,,,,,0.0
87,1.45,,,,,,0.0
88,1.4667,,,,,,0.0
89,1.4833,,,,,,0.0
90,1.5,,,,,,0.0
91,1.5167,,,,,,0.0
92,1.5333,,,,,,0.0
93,1.55,,,,,,0.0
94,1.5667,,,,,,0.0
95,1.5833,,,,,,0.0
96,1.6,,,,,,0.0
97,1.6167,,,,,,0.0
98,1.6333,,,,,,0.0
99,1.65,,,,,,0.0
100,1.6667,,,,,,0.0
101,1.6833,,,,,,0.0
102,1.7,,,,,,0.0
103,1.7167,,,,,,0.0
104,1.7333,,,,,,0.0
105,1.75,,,,,,0.0
106,1.7667,,,,,,0.0
107,1.7833,,,,,,0.0
108,1.8,,,,,,0.0
109,1.8167,,,,,,0.0
110,1.8333,,,,,,0.0
111,1.85,,,,,,0.0
112,1.8667,,,,,,0.0
113,1.8833,,,,,,0.0
114,1.9,,,,,,0.0
115,1.9167,,,,,,0.0
116,1.9333,,,,,,0.0
117,1.95,,,,,,0.0
118,1.9667,,,,,,0.0
119,1.9833,,,,,,0.0
120,2.0,,,,,,0.0
121,2.0167,,,,,,0.0
122,2.0333,,,,,,0.0
123,2.05,,,,,,0.0
124,2.0667,,,,,,0.0
125,2.0833,,,,,,0.0
126,2.1,,,,,,0.0
127,2.1167,,,,,,0.0
128,2.1333,,,,,,0.0
129,2.15,,,,,,0.0
130,2.1667,,,,,,0.0
131,2.1833,,,,,,0.0
132,2.2,,,,,,0.0
133,2.2167,,,,,,0.0
134,2.2333,,,,,,0.0
135,2.25,,,,,,0.0
136,2.2667,,,,,,0.0
137,2.2833,,,,,,0.0
138,2.3,,,,,,0.0
139,2.3167,,,,,,0.0
140,2.3333,,,,,,0.0
141,2.35,,,,,,0.0
142,2.3667,,,,,,0.0
143,2.3833,,,,,,0.0
144,2.4,,,,,,0.0
145,2.4167,,,,,,0.0
146,2.4333,,,,,,0.0
147,2.45,,,,,,0.0
148,2.4667,,,,,,0.0
149,2.4833,,,,,,0.0
150,2.5,,,,,,0.0
151,2.5167,,,,,,0.0
152,2.5333,,,,,,0.0
153,2.55,,,,,,0.0
154,2.5667,,,,,,0.0
155,2.5833,,,,,,0.0
156,2.6,,,,,,0.0
157,2.6167,,,,,,0.0
158,2.6333,,,,,,0.0
159,2.65,,,,,,0.0
160,2.6667,,,,,,0.0
161,2.6833,,,,,,0.0
162,2.7,,,,,,0.0
163,2.7167,,,,,,0.0
164,2.7333,,,,,,0.0
165,2.75,,,,,,0.0
166,2.7667,,,,,,0.0
167,2.7833,,,,,,0.0
168,2.8,,,,,,0.0
169,2.8167,,,,,,0.0
170,2.8333,,,,,,0.0
171,2.85,,,,,,0.0
172,2.8667,,,,,,0.0
173,2.8833,,,,,,0.0
174,2.9,,,,,,0.0
175,2.9167,,,,,,0.0
176,2.9333,,,,,,0.0
177,2.95,,,,,,0.0
178,2.9667,,,,,,0.0
179,2.9833,,,,,,0.0
180,3.0,,,,,,0.0
181,3.0167,,,,,,0.0
182,3.0333,,,,,,0.0
183,3.05,,,,,,0.0
184,3.0667,,,,,,0.0
185,3.0833,,,,,,0.0
186,3.1,,,,,,0.0
187,3.1167,,,,,,0.0
188,3.1333,,,,,,0.0
189,3.15,,,,,,0.0
190,3.1667,,,,,,0.0
191,3.1833,,,,,,0.0
192,3.2,,,,,,0.0
193,3.2167,,,,,,0.0
194,3.2333,,,,,,0.0
195,3.25,,,,,,0.0
196,3.2667,,,,,,0.0
197,3.2833,,,,,,0.0
198,3.3,,,,,,0.0
199,3.3167,,,,,,0.0
200,3.3333,,,,,,0.0
201,3.35,,,,,,0.0
202,3.3667,,,,,,0.0
203,3.3833,,,,,,0.0
204,3.4,,,,,,0.0
205,3.4167,,,,,,0.0
206,3.4333,,,,,,0.0
207,3.45,,,,,,0.0
208,3.4667,,,,,,0.0
209,3.4833,,,,,,0.0
210,3.5,,,,,,0.0
211,3.5167,,,,,,0.0
212,3.5333,,,,,,0.0
213,3.55,,,,,,0.0
214,3.5667,,,,,,0.0
215,3.5833,,,,,,0.0
216,3.6,,,,,,0.0
217,3.6167,,,,,,0.0
218,3.6333,,,,,,0.0
219,3.65,,,,,,0.0
220,3.6667,,,,,,0.0
221,3.6833,,,,,,0.0
222,3.7,,,,,,0.0
223,3.7167,,,,,,0.0
224,3.7333,,,,,,0.0
225,3.75,,,,,,0.0
226,3.7667,,,,,,0.0
227,3.7833,,,,,,0.0
228,3.8,,,,,,0.0
229,3.8167,,,,,,0.0
230,3.8333,,,,,,0.0
231,3.85,,,,,,0.0
232,3.8667,,,,,,0.0
233,3.8833,,,,,,0.0
234,3.9,,,,,,0.0
235,3.9167,,,,,,0.0
236,3.9333,,,,,,0.0
237,3.95,,,,,,0.0
238,3.9667,,,,,,0.0
239,3.9833,,,,,,0.0
240,4.0,,,,,,0.0
241,4.0167,,,,,,0.0
242,4.0333,,,,,,0.0
243,4.05,,,,,,0.0
244,4.0667,,,,,,0.0
245,4.0833,,,,,,0.0
246,4.1,,,,,,0.0
247,4.1167,,,,,,0.0
248,4.1333,,,,,,0.0
249,4.15,,,,,,0.0
250,4.1667,,,,,,0.0
251,4.1833,,,,,,0.0
252,4.2,,,,,,0.0
253,4.2167,,,,,,0.0
254,4.2333,,,,,,0.0
255,4.25,,,,,,0.0
256,4.2667,,,,,,0.0
257,4.2833,,,,,,0.0
258,4.3,,,,,,0.0
259,4.3167,,,,,,0.0
260,4.3333,,,,,,0.0
261,4.35,,,,,,0.0
262,4.3667,,,,,,0.0
263,4.3833,,,,,,0.0
264,4.4,,,,,,0.0
265,4.4167,,,,,,0.0
266,4.4333,,,,,,0.0
267,4.45,,,,,,0.0
268,4.4667,,,,,,0.0
269,4.4833,,,,,,0.0
270,4.5,,,,,,0.0
271,4.5167,,,,,,0.0
272,4.5333,,,,,,0.0
273,4.55,,,,,,0.0
274,4.5667,,,,,,0.0
275,4.5833,,,,,,0.0
276,4.6,,,,,,0.0
277,4.6167,,,,,,0.0
278,4.6333,,,,,,0.0
279,4.65,,,,,,0.0
280,4.6667,,,,,,0.0
281,4.6833,,,,,,0.0
282,4.7,,,,,,0.0
283,4.7167,,,,,,0.0
284,4.7333,,,,,,0.0
285,4.75,,,,,,0.0
286,4.7667,,,,,,0.0
287,4.7833,,,,,,0.0
288,4.8,,,,,,0.0
289,4.8167,,,,,,0.0
290,4.8333,,,,,,0.0
291,4.85,,,,,,0.0
292,4.8667,,,,,,0.0
293,4.8833,,,,,,0.0
294,4.9,,,,,,0.0
295,4.9167,,,,,,0.0
296,4.9333,,,,,,0.0
297,4.95,,,,,,0.0
298,4.9667,,,,,,0.0
299,4.9833,,,,,,0.0
300,5.0,,,,,,0.0
301,5.0167,,,,,,0.0
302,5.0333,,,,,,0.0
303,5.05,,,,,,0.0
304,5.0667,,,,,,0.0
305,5.0833,,,,,,0.0
306,5.1,,,,,,0.0
307,5.1167,,,,,,0.0
308,5.1333,,,,,,0.0
309,5.15,,,,,,0.0
310,5.1667,,,,,,0.0
311,5.1833,,,,,,0.0
312,5.2,,,,,,0.0
313,5.2167,,,,,,0.0
314,5.2333,,,,,,0.0
315,5.25,,,,,,0.0
316,5.2667,,,,,,0.0
317,5.2833,,,,,,0.0
318,5.3,,,,,,0.0
319,5.3167,,,,,,0.0
320,5.3333,,,,,,0.0
321,5.35,,,,,,0.0
322,5.3667,,,,,,0.0
323,5.3833,,,,,,0.0
324,5.4,,,,,,0.0
325,5.4167,,,,,,0.0
326,5.4333,,,,,,0.0
327,5.45,,,,,,0.0
328,5.4667,,,,,,0.0
329,5.4833,,,,,,0.0
330,5.5,,,,,,0.0
331,5.5167,,,,,,0.0
332,5.5333,,,,,,0.0
333,5.55,,,,,,0.0
334,5.5667,,,,,,0.0
335,5.5833,,,,,,0.0
336,5.6,,,,,,0.0
337,5.6167,,,,,,0.0
338,5.6333,,,,,,0.0
339,5.65,,,,,,0.0
340,5.6667,,,,,,0.0
341,5.6833,,,,,,0.0
342,5.7,,,,,,0.0
343,5.7167,,,,,,0.0
344,5.7333,,,,,,0.0
345,5.75,,,,,,0.0
346,5.7667,,,,,,0.0
347,5.7833,,,,,,0.0
348,5.8,,,,,,0.0
349,5.8167,,,,,,0.0
350,5.8333,,,,,,0.0
351,5.85,,,,,,0.0
352,5.8667,,,,,,0.0
353,5.8833,,,,,,0.0
354,5.9,,,,,,0.0
355,5.9167,,,,,,0.0
356,5.9333,,,,,,0.0
357,5.95,,,,,,0.0
358,5.9667,,,,,,0.0
359,5.9833,,,,,,0.0
360,6.0,,,,,,0.0
361,6.0167,,,,,,0.0
362,6.0333,,,,,,0.0
363,6.05,,,,,,0.0
364,6.0667,,,,,,0.0
365,6.0833,,,,,,0.0
366,6.1,,,,,,0.0
367,6.1167,,,,,,0.0
368,6.1333,,,,,,0.0
369,6.15,,,,,,0.0
370,6.1667,,,,,,0.0
371,6.1833,,,,,,0.0
372,6.2,,,,,,0.0
373,6.2167,,,,,,0.0
374,6.2333,,,,,,0.0
375,6.25,,,,,,0.0
376,6.2667,,,,,,0.0
377,6.2833,,,,,,0.0
378,6.3,,,,,,0.0
379,6.3167,,,,,,0.0
380,6.3333,,,,,,0.0
381,6.35,,,,,,0.0
382,6.3667,,,,,,0.0
383,6.3833,,,,,,0.0
384,6.4,,,,,,0.0
385,6.4167,,,,,,0.83
386,6.4333,,,,,,5.93
387,6.45,,,,,,9.92
388,6.4667,,,,,,14.56
389,6.4833,,,,,,18.2
390,6.5,,,,,,21.45
391,6.5167,,,,,,25.48
392,6.5333,,,,,,29.12
393,6.55,,,,,,32.76
394,6.5667,,,,,,36.39
395,6.5833,,,,,,37.44
396,6.6,,,,,,43.66
397,6.6167,,,,,,47.3
398,6.6333,,,,,,33.07
399,6.65,,,,,,54.56
400,6.6667,,,,,,58.19
401,6.6833,,,,,,41.73
402,6.7,,,,,,50.99
403,6.7167,,,,,,69.07
404,6.7333,,,,,,42.09
405,6.75,,,,,,61.11
406,6.7667,,,,,,79.94
407,6.7833,,,,,,76.93
408,6.8,,,,,,87.18
409,6.8167,,,,,,87.09
410,6.8333,,,,,,94.4
411,6.85,,,,,,88.93
412,6.8667,,,,,,101.62
413,6.8833,,,,,,105.23
414,6.9,,,,,,108.83
415,6.9167,,,,,,66.71
416,6.9333,,,,,,116.03
417,6.95,,,,,,72.89
418,6.9667,,,,,,72.03
419,6.9833,,,,,,113.99
420,7.0,,,,,,130.39
421,7.0167,,,,,,133.97
422,7.0333,,,,,,137.55
423,7.05,,,,,,141.13
424,7.0667,,,,,,110.28
425,7.0833,,,,,,115.89
426,7.1,,,,,,130.33
427,7.1167,,,,,,155.4
428,7.1333,,,,,,158.96
429,7.15,,,,,,162.51
430,7.1667,,,,,,166.06
431,7.1833,,,,,,169.61
432,7.2,,,,,,129.2
433,7.2167,,,,,,156.18
434,7.2333,,,,,,180.23
435,7.25,,,,,,106.57
436,7.2667,,,,,,187.28
437,7.2833,,,,,,183.19
438,7.3,,,,,,194.32
439,7.3167,,,,,,118.39
440,7.3333,,,,,,194.84
441,7.35,,,,,,204.84
442,7.3667,,,,,,208.34
443,7.3833,,,,,,211.83
444,7.4,,,,,,215.32
445,7.4167,,,,,,131.68
446,7.4333,,,,,,151.61
447,7.45,,,,,,139.01
448,7.4667,,,,,,161.85
449,7.4833,,,,,,157.75
450,7.5,,,,,,56.02
451,7.5167,,,,,,45.59
452,7.5333,,,,,,55.35
453,7.55,,,,,,54.2
454,7.5667,,,,,,57.72
455,7.5833,,,,,,43.81
456,7.6,,,,,,55.42
457,7.6167,,,,,,47.79
458,7.6333,,,,,,81.07
459,7.65,,,,,,65.92
460,7.6667,,,,,,123.83
461,7.6833,,,,,,180.51
462,7.7,,,,,,116.7
463,7.7167,,,,,,233.73
464,7.7333,,,,,,183.3
465,7.75,,,,,,247.53
466,7.7667,,,,,,290.59
467,7.7833,,,,,,255.54
468,7.8,,,,,,294.91
469,7.8167,,,,,,266.71
470,7.8333,,,,,,303.94
471,7.85,,,,,,293.91
472,7.8667,,,,,,295.66
473,7.8833,,,,,,302.52
474,7.9,,,,,,273.66
475,7.9167,,,,,,249.53
476,7.9333,,,,,,323.75
477,7.95,,,,,,327.02
478,7.9667,,,,,,330.29
479,7.9833,,,,,,297.8
480,8.0,,,,,,336.8
481,8.0167,,,,,,340.04
482,8.0333,,,,,,343.27
483,8.05,,,,,,346.5
484,8.0667,,,,,,203.72
485,8.0833,,,,,,289.78
486,8.1,,,,,,356.13
487,8.1167,,,,,,359.32
488,8.1333,,,,,,362.5
489,8.15,,,,,,303.84
490,8.1667,,,,,,368.84
491,8.1833,,,,,,328.39
492,8.2,,,,,,375.15
493,8.2167,,,,,,378.29
494,8.2333,,,,,,381.42
495,8.25,,,,,,255.56
496,8.2667,,,,,,255.51
497,8.2833,,,,,,390.75
498,8.3,,,,,,309.02
499,8.3167,,,,,,226.7
500,8.3333,,,,,,400.01
501,8.35,,,,,,403.07
502,8.3667,,,,,,406.13
503,8.3833,,,,,,357.38
504,8.4,,,,,,383.45
505,8.4167,,,,,,306.86
506,8.4333,,,,,,346.27
507,8.45,,,,,,293.68
508,8.4667,,,,,,256.22
509,8.4833,,,,,,229.44
510,8.5,,,,,,263.2
511,8.5167,,,,,,258.05
512,8.5333,,,,,,272.97
513,8.55,,,,,,195.37
514,8.5667,,,,,,341.85
515,8.5833,,,,,,198.47
516,8.6,,,,,,348.89
517,8.6167,,,,,,328.29
518,8.6333,,,,,,418.09
519,8.65,,,,,,235.99
520,8.6667,,,,,,244.64
521,8.6833,,,,,,366.48
522,8.7,,,,,,411.42
523,8.7167,,,,,,366.81
524,8.7333,,,,,,281.86
525,8.75,,,,,,473.57
526,8.7667,,,,,,476.37
527,8.7833,,,,,,386.57
528,8.8,,,,,,393.59
529,8.8167,,,,,,472.85
530,8.8333,,,,,,430.97
531,8.85,,,,,,432.94
532,8.8667,,,,,,492.94
533,8.8833,,,,,,495.66
534,8.9,,,,,,498.37
535,8.9167,,,,,,501.07
536,8.9333,,,,,,431.41
537,8.95,,,,,,485.32
538,8.9667,,,,,,444.43
539,8.9833,,,,,,412.98
540,9.0,,,,,,514.38
541,9.0167,,,,,,312.34
542,9.0333,,,,,,464.51
543,9.05,,,,,,522.21
544,9.0667,,,,,,524.8
545,9.0833,,,,,,517.57
546,9.1,,,,,,529.93
547,9.1167,,,,,,532.48
548,9.1333,,,,,,463.22
549,9.15,,,,,,315.45
550,9.1667,,,,,,463.65
551,9.1833,,,,,,374.08
552,9.2,,,,,,530.78
553,9.2167,,,,,,385.32
554,9.2333,,,,,,549.97
555,9.25,,,,,,552.41
556,9.2667,,,,,,554.84
557,9.2833,,,,,,383.64
558,9.3,,,,,,559.67
559,9.3167,,,,,,462.54
560,9.3333,,,,,,491.71
561,9.35,,,,,,347.57
562,9.3667,,,,,,399.03
563,9.3833,,,,,,571.49
564,9.4,,,,,,453.39
565,9.4167,,,,,,576.13
566,9.4333,,,,,,578.43
567,9.45,,,,,,580.71
568,9.4667,,,,,,417.52
569,9.4833,,,,,,529.34
570,9.5,,,,,,391.2
571,9.5167,,,,,,589.7
572,9.5333,,,,,,585.31
573,9.55,,,,,,340.9
574,9.5667,,,,,,429.35
575,9.5833,,,,,,465.02
576,9.6,,,,,,521.4
577,9.6167,,,,,,254.59
578,9.6333,,,,,,364.9
579,9.65,,,,,,332.59
580,9.6667,,,,,,609.1
581,9.6833,,,,,,611.18
582,9.7,,,,,,531.72
583,9.7167,,,,,,450.38
584,9.7333,,,,,,617.35
585,9.75,,,,,,613.14
586,9.7667,,,,,,540.67
587,9.7833,,,,,,623.38
588,9.8,,,,,,625.36
589,9.8167,,,,,,627.32
590,9.8333,,,,,,629.27
591,9.85,,,,,,631.2
592,9.8667,,,,,,607.61
593,9.8833,,,,,,635.03
594,9.9,,,,,,571.51
595,9.9167,,,,,,638.79
596,9.9333,,,,,,461.11
597,9.95,,,,,,642.49
598,9.9667,,,,,,614.7
599,9.9833,,,,,,567.08
600,10.0,,,,,,330.2
601,10.0167,,,,,,549.16
602,10.0333,,,,,,391.45
603,10.05,,,,,,207.17
604,10.0667,,,,,,654.97
605,10.0833,,,,,,629.7
606,10.1,,,,,,658.39
607,10.1167,,,,,,636.23
608,10.1333,,,,,,661.75
609,10.15,,,,,,613.52
610,10.1667,,,,,,665.04
611,10.1833,,,,,,480.59
612,10.2,,,,,,668.28
613,10.2167,,,,,,614.61
614,10.2333,,,,,,483.51
615,10.25,,,,,,673.01
616,10.2667,,,,,,674.55
617,10.2833,,,,,,676.08
618,10.3,,,,,,450.0
619,10.3167,,,,,,407.52
620,10.3333,,,,,,448.23
621,10.35,,,,,,663.76
622,10.3667,,,,,,683.47
623,10.3833,,,,,,667.19
624,10.4,,,,,,414.74
625,10.4167,,,,,,687.71
626,10.4333,,,,,,689.1
627,10.45,,,,,,615.15
628,10.4667,,,,,,651.6
629,10.4833,,,,,,693.14
630,10.5,,,,,,641.85
631,10.5167,,,,,,649.63
632,10.5333,,,,,,645.51
633,10.55,,,,,,685.88
634,10.5667,,,,,,545.64
635,10.5833,,,,,,700.78
636,10.6,,,,,,630.02
637,10.6167,,,,,,703.19
638,10.6333,,,,,,498.48
639,10.65,,,,,,499.54
640,10.6667,,,,,,661.36
641,10.6833,,,,,,647.26
642,10.7,,,,,,474.62
643,10.7167,,,,,,710.02
644,10.7333,,,,,,488.05
645,10.75,,,,,,712.16
646,10.7667,,,,,,420.98
647,10.7833,,,,,,413.08
648,10.8,,,,,,573.85
649,10.8167,,,,,,716.24
650,10.8333,,,,,,717.22
651,10.85,,,,,,718.18
652,10.8667,,,,,,588.88
653,10.8833,,,,,,654.26
654,10.9,,,,,,509.24
655,10.9167,,,,,,721.84
656,10.9333,,,,,,722.71
657,10.95,,,,,,533.75
658,10.9667,,,,,,569.32
659,10.9833,,,,,,725.23
660,11.0,,,,,,582.99
661,11.0167,,,,,,425.32
662,11.0333,,,,,,356.6
663,11.05,,,,,,406.86
664,11.0667,,,,,,528.48
665,11.0833,,,,,,645.05
666,11.1,,,,,,686.09
667,11.1167,,,,,,661.67
668,11.1333,,,,,,447.79
669,11.15,,,,,,732.49
670,11.1667,,,,,,733.11
671,11.1833,,,,,,733.73
672,11.2,,,,,,700.48
673,11.2167,,,,,,523.98
674,11.2333,,,,,,735.46
675,11.25,,,,,,736.0
676,11.2667,,,,,,545.08
677,11.2833,,,,,,443.06
678,11.3,,,,,,737.52
679,11.3167,,,,,,737.99
680,11.3333,,,,,,738.44
681,11.35,,,,,,524.55
682,11.3667,,,,,,739.29
683,11.3833,,,,,,739.69
684,11.4,,,,,,521.97
685,11.4167,,,,,,740.44
686,11.4333,,,,,,740.79
687,11.45,,,,,,741.12
688,11.4667,,,,,,516.15
689,11.4833,,,,,,735.96
690,11.5,,,,,,742.0
691,11.5167,,,,,,600.65
692,11.5333,,,,,,742.5
693,11.55,,,,,,742.72
694,11.5667,,,,,,742.92
695,11.5833,,,,,,718.6
696,11.6,,,,,,743.28
697,11.6167,,,,,,743.43
698,11.6333,,,,,,683.2
699,11.65,,,,,,474.62
700,11.6667,,,,,,740.96
701,11.6833,,,,,,426.5
702,11.7,,,,,,743.92
703,11.7167,,,,,,743.96
704,11.7333,,,,,,525.69
705,11.75,,,,,,577.56
706,11.7667,,,,,,458.21
707,11.7833,,,,,,511.76
708,11.8,,,,,,606.17
709,11.8167,,,,,,642.78
710,11.8333,,,,,,489.83
711,11.85,,,,,,401.77
712,11.8667,,,,,,419.37
713,11.8833,,,,,,535.69
714,11.9,,,,,,591.37
715,11.9167,,,,,,743.11
716,11.9333,,,,,,742.92
717,11.95,,,,,,491.8
718,11.9667,,,,,,742.5
719,11.9833,,,,,,499.58
720,12.0,,,,,,742.0
721,12.0167,,,,,,739.84
722,12.0333,,,,,,525.63
723,12.05,,,,,,741.12
724,12.0667,,,,,,601.02
725,12.0833,,,,,,740.44
726,12.1,,,,,,416.31
727,12.1167,,,,,,739.69
728,12.1333,,,,,,739.29
729,12.15,,,,,,738.87
730,12.1667,,,,,,612.6
731,12.1833,,,,,,715.62
732,12.2,,,,,,737.52
733,12.2167,,,,,,605.34
734,12.2333,,,,,,736.52
735,12.25,,,,,,730.65
736,12.2667,,,,,,611.85
737,12.2833,,,,,,734.9
738,12.3,,,,,,734.32
739,12.3167,,,,,,596.2
740,12.3333,,,,,,636.07
741,12.35,,,,,,444.06
742,12.3667,,,,,,731.84
743,12.3833,,,,,,594.33
744,12.4,,,,,,730.49
745,12.4167,,,,,,708.33
746,12.4333,,,,,,729.08
747,12.45,,,,,,524.82
748,12.4667,,,,,,727.59
749,12.4833,,,,,,726.82
750,12.5,,,,,,726.03
751,12.5167,,,,,,725.23
752,12.5333,,,,,,724.41
753,12.55,,,,,,723.57
754,12.5667,,,,,,552.34
755,12.5833,,,,,,691.38
756,12.6,,,,,,720.95
757,12.6167,,,,,,720.04
758,12.6333,,,,,,669.56
759,12.65,,,,,,448.37
760,12.6667,,,,,,717.22
761,12.6833,,,,,,716.24
762,12.7,,,,,,715.25
763,12.7167,,,,,,714.23
764,12.7333,,,,,,590.55
765,12.75,,,,,,623.15
766,12.7667,,,,,,506.42
767,12.7833,,,,,,674.57
768,12.8,,,,,,528.89
769,12.8167,,,,,,707.81
770,12.8333,,,,,,706.68
771,12.85,,,,,,671.99
772,12.8667,,,,,,704.37
773,12.8833,,,,,,430.74
774,12.9,,,,,,413.28
775,12.9167,,,,,,700.78
776,12.9333,,,,,,621.18
777,12.95,,,,,,698.3
778,12.9667,,,,,,697.03
779,12.9833,,,,,,695.75
780,13.0,,,,,,674.55
781,13.0167,,,,,,693.14
782,13.0333,,,,,,691.81
783,13.05,,,,,,433.66
784,13.0667,,,,,,533.8
785,13.0833,,,,,,658.38
786,13.1,,,,,,681.42
787,13.1167,,,,,,684.9
788,13.1333,,,,,,683.47
789,13.15,,,,,,682.03
790,13.1667,,,,,,680.56
791,13.1833,,,,,,498.48
792,13.2,,,,,,677.59
793,13.2167,,,,,,676.08
794,13.2333,,,,,,674.55
795,13.25,,,,,,666.53
796,13.2667,,,,,,475.22
797,13.2833,,,,,,669.87
798,13.3,,,,,,398.46
799,13.3167,,,,,,596.48
800,13.3333,,,,,,389.37
801,13.35,,,,,,593.62
802,13.3667,,,,,,661.75
803,13.3833,,,,,,554.63
804,13.4,,,,,,405.27
805,13.4167,,,,,,607.26
806,13.4333,,,,,,654.97
807,13.45,,,,,,586.37
808,13.4667,,,,,,651.48
809,13.4833,,,,,,649.71
810,13.5,,,,,,535.34
811,13.5167,,,,,,391.28
812,13.5333,,,,,,530.99
813,13.55,,,,,,411.01
814,13.5667,,,,,,440.85
815,13.5833,,,,,,539.89
816,13.6,,,,,,187.06
817,13.6167,,,,,,531.94
818,13.6333,,,,,,488.01
819,13.65,,,,,,259.15
820,13.6667,,,,,,388.63
821,13.6833,,,,,,416.91
822,13.7,,,,,,221.21
823,13.7167,,,,,,402.15
824,13.7333,,,,,,387.05
825,13.75,,,,,,310.79
826,13.7667,,,,,,409.68
827,13.7833,,,,,,567.92
828,13.8,,,,,,432.79
829,13.8167,,,,,,573.28
830,13.8333,,,,,,582.38
831,13.85,,,,,,401.8
832,13.8667,,,,,,313.62
833,13.8833,,,,,,547.42
834,13.9,,,,,,359.68
835,13.9167,,,,,,598.47
836,13.9333,,,,,,596.3
837,13.95,,,,,,594.11
838,13.9667,,,,,,582.85
839,13.9833,,,,,,584.37
840,14.0,,,,,,587.47
841,14.0167,,,,,,585.23
842,14.0333,,,,,,582.98
843,14.05,,,,,,580.71
844,14.0667,,,,,,457.03
845,14.0833,,,,,,576.13
846,14.1,,,,,,573.82
847,14.1167,,,,,,470.79
848,14.1333,,,,,,569.16
849,14.15,,,,,,566.8
850,14.1667,,,,,,564.44
851,14.1833,,,,,,562.06
852,14.2,,,,,,471.82
853,14.2167,,,,,,469.69
854,14.2333,,,,,,554.84
855,14.25,,,,,,552.41
856,14.2667,,,,,,338.18
857,14.2833,,,,,,328.06
858,14.3,,,,,,545.04
859,14.3167,,,,,,337.74
860,14.3333,,,,,,540.05
861,14.35,,,,,,537.54
862,14.3667,,,,,,488.12
863,14.3833,,,,,,532.48
864,14.4,,,,,,529.93
865,14.4167,,,,,,527.37
866,14.4333,,,,,,450.89
867,14.45,,,,,,522.21
868,14.4667,,,,,,519.61
869,14.4833,,,,,,517.0
870,14.5,,,,,,362.16
871,14.5167,,,,,,317.76
872,14.5333,,,,,,304.02
873,14.55,,,,,,506.43
874,14.5667,,,,,,339.67
875,14.5833,,,,,,501.07
876,14.6,,,,,,403.23
877,14.6167,,,,,,458.05
878,14.6333,,,,,,492.94
879,14.65,,,,,,396.61
880,14.6667,,,,,,457.35
881,14.6833,,,,,,376.26
882,14.7,,,,,,481.94
883,14.7167,,,,,,428.45
884,14.7333,,,,,,406.73
885,14.75,,,,,,417.82
886,14.7667,,,,,,397.49
887,14.7833,,,,,,467.93
888,14.8,,,,,,453.82
889,14.8167,,,,,,462.25
890,14.8333,,,,,,210.31
891,14.85,,,,,,432.56
892,14.8667,,,,,,198.78
893,14.8833,,,,,,283.7
894,14.9,,,,,,216.88
895,14.9167,,,,,,279.42
896,14.9333,,,,,,237.6
897,14.95,,,,,,334.61
898,14.9667,,,,,,292.39
899,14.9833,,,,,,255.9
900,15.0,,,,,,204.6
901,15.0167,,,,,,190.12
902,15.0333,,,,,,255.01
903,15.05,,,,,,288.1
904,15.0667,,,,,,344.13
905,15.0833,,,,,,108.49
906,15.1,,,,,,47.29
907,15.1167,,,,,,108.89
908,15.1333,,,,,,83.85
909,15.15,,,,,,113.73
910,15.1667,,,,,,81.66
911,15.1833,,,,,,55.69
912,15.2,,,,,,91.94
913,15.2167,,,,,,103.83
914,15.2333,,,,,,98.37
915,15.25,,,,,,196.71
916,15.2667,,,,,,173.21
917,15.2833,,,,,,262.07
918,15.3,,,,,,267.93
919,15.3167,,,,,,229.45
920,15.3333,,,,,,349.88
921,15.35,,,,,,365.68
922,15.3667,,,,,,362.5
923,15.3833,,,,,,359.32
924,15.4,,,,,,356.13
925,15.4167,,,,,,333.97
926,15.4333,,,,,,288.0
927,15.45,,,,,,301.97
928,15.4667,,,,,,288.22
929,15.4833,,,,,,340.04
930,15.5,,,,,,323.71
931,15.5167,,,,,,220.86
932,15.5333,,,,,,323.91
933,15.55,,,,,,327.02
934,15.5667,,,,,,323.75
935,15.5833,,,,,,193.04
936,15.6,,,,,,214.01
937,15.6167,,,,,,235.67
938,15.6333,,,,,,286.71
939,15.65,,,,,,307.26
940,15.6667,,,,,,303.94
941,15.6833,,,,,,300.62
942,15.7,,,,,,297.28
943,15.7167,,,,,,293.94
944,15.7333,,,,,,290.59
945,15.75,,,,,,219.36
946,15.7667,,,,,,235.4
947,15.7833,,,,,,203.38
948,15.8,,,,,,209.58
949,15.8167,,,,,,168.33
950,15.8333,,,,,,270.36
951,15.85,,,,,,266.97
952,15.8667,,,,,,158.84
953,15.8833,,,,,,260.16
954,15.9,,,,,,256.74
955,15.9167,,,,,,150.49
956,15.9333,,,,,,111.5
957,15.95,,,,,,184.14
958,15.9667,,,,,,106.32
959,15.9833,,,,,,114.18
960,16.0,,,,,,236.13
961,16.0167,,,,,,232.68
962,16.0333,,,,,,229.22
963,16.05,,,,,,218.11
964,16.0667,,,,,,222.28
965,16.0833,,,,,,153.99
966,16.1,,,,,,215.32
967,16.1167,,,,,,211.83
968,16.1333,,,,,,208.34
969,16.15,,,,,,179.27
970,16.1667,,,,,,144.4
971,16.1833,,,,,,115.67
972,16.2,,,,,,194.32
973,16.2167,,,,,,190.8
974,16.2333,,,,,,173.42
975,16.25,,,,,,183.76
976,16.2667,,,,,,180.23
977,16.2833,,,,,,176.69
978,16.3,,,,,,167.67
979,16.3167,,,,,,169.61
980,16.3333,,,,,,96.63
981,16.35,,,,,,162.51
982,16.3667,,,,,,158.96
983,16.3833,,,,,,155.4
984,16.4,,,,,,124.92
985,16.4167,,,,,,107.73
986,16.4333,,,,,,86.77
987,16.45,,,,,,141.13
988,16.4667,,,,,,137.55
989,16.4833,,,,,,133.97
990,16.5,,,,,,130.39
991,16.5167,,,,,,113.11
992,16.5333,,,,,,110.31
993,16.55,,,,,,119.18
994,16.5667,,,,,,116.03
995,16.5833,,,,,,112.43
996,16.6,,,,,,108.83
997,16.6167,,,,,,105.23
998,16.6333,,,,,,61.52
999,16.65,,,,,,92.51
1000,16.6667,,,,,,55.53
1001,16.6833,,,,,,73.32
1002,16.7,,,,,,29.23
1003,16.7167,,,,,,49.32
1004,16.7333,,,,,,23.14
1005,16.75,,,,,,33.18
1006,16.7667,,,,,,45.48
1007,16.7833,,,,,,42.15
1008,16.8,,,,,,37.87
1009,16.8167,,,,,,39.71
1010,16.8333,,,,,,57.33
1011,16.85,,,,,,44.71
1012,16.8667,,,,,,32.57
1013,16.8833,,,,,,37.8
1014,16.9,,,,,,25.69
1015,16.9167,,,,,,17.03
1016,16.9333,,,,,,24.87
1017,16.95,,,,,,21.56
1018,16.9667,,,,,,14.53
1019,16.9833,,,,,,19.58
1020,17.0,,,,,,12.81
1021,17.0167,,,,,,11.2
1022,17.0333,,,,,,6.05
1023,17.05,,,,,,10.92
1024,17.0667,,,,,,2.02
1025,17.0833,,,,,,0.0
1026,17.1,,,,,,0.0
1027,17.1167,,,,,,0.0
1028,17.1333,,,,,,0.0
1029,17.15,,,,,,0.0
1030,17.1667,,,,,,0.0
1031,17.1833,,,,,,0.0
1032,17.2,,,,,,0.0
1033,17.2167,,,,,,0.0
1034,17.2333,,,,,,0.0
1035,17.25,,,,,,0.0
1036,17.2667,,,,,,0.0
1037,17.2833,,,,,,0.0
1038,17.3,,,,,,0.0
1039,17.3167,,,,,,0.0
1040,17.3333,,,,,,0.0
1041,17.35,,,,,,0.0
1042,17.3667,,,,,,0.0
1043,17.3833,,,,,,0.0
1044,17.4,,,,,,0.0
1045,17.4167,,,,,,0.0
1046,17.4333,,,,,,0.0
1047,17.45,,,,,,0.0
1048,17.4667,,,,,,0.0
1049,17.4833,,,,,,0.0
1050,17.5,,,,,,0.0
1051,17.5167,,,,,,0.0
1052,17.5333,,,,,,0.0
1053,17.55,,,,,,0.0
1054,17.5667,,,,,,0.0
1055,17.5833,,,,,,0.0
1056,17.6,,,,,,0.0
1057,17.6167,,,,,,0.0
1058,17.6333,,,,,,0.0
1059,17.65,,,,,,0.0
1060,17.6667,,,,,,0.0
1061,17.6833,,,,,,0.0
1062,17.7,,,,,,0.0
1063,17.7167,,,,,,0.0
1064,17.7333,,,,,,0.0
1065,17.75,,,,,,0.0
1066,17.7667,,,,,,0.0
1067,17.7833,,,,,,0.0
1068,17.8,,,,,,0.0
1069,17.8167,,,,,,0.0
1070,17.8333,,,,,,0.0
1071,17.85,,,,,,0.0
1072,17.8667,,,,,,0.0
1073,17.8833,,,,,,0.0
1074,17.9,,,,,,0.0
1075,17.9167,,,,,,0.0
1076,17.9333,,,,,,0.0
1077,17.95,,,,,,0.0
1078,17.9667,,,,,,0.0
1079,17.9833,,,,,,0.0
1080,18.0,,,,,,0.0
1081,18.0167,,,,,,0.0
1082,18.0333,,,,,,0.0
1083,18.05,,,,,,0.0
1084,18.0667,,,,,,0.0
1085,18.0833,,,,,,0.0
1086,18.1,,,,,,0.0
1087,18.1167,,,,,,0.0
1088,18.1333,,,,,,0.0
1089,18.15,,,,,,0.0
1090,18.1667,,,,,,0.0
1091,18.1833,,,,,,0.0
1092,18.2,,,,,,0.0
1093,18.2167,,,,,,0.0
1094,18.2333,,,,,,0.0
1095,18.25,,,,,,0.0
1096,18.2667,,,,,,0.0
1097,18.2833,,,,,,0.0
1098,18.3,,,,,,0.0
1099,18.3167,,,,,,0.0
1100,18.3333,,,,,,0.0
1101,18.35,,,,,,0.0
1102,18.3667,,,,,,0.0
1103,18.3833,,,,,,0.0
1104,18.4,,,,,,0.0
1105,18.4167,,,,,,0.0
1106,18.4333,,,,,,0.0
1107,18.45,,,,,,0.0
1108,18.4667,,,,,,0.0
1109,18.4833,,,,,,0.0
1110,18.5,,,,,,0.0
1111,18.5167,,,,,,0.0
1112,18.5333,,,,,,0.0
1113,18.55,,,,,,0.0
1114,18.5667,,,,,,0.0
1115,18.5833,,,,,,0.0
1116,18.6,,,,,,0.0
1117,18.6167,,,,,,0.0
1118,18.6333,,,,,,0.0
1119,18.65,,,,,,0.0
1120,18.6667,,,,,,0.0
1121,18.6833,,,,,,0.0
1122,18.7,,,,,,0.0
1123,18.7167,,,,,,0.0
1124,18.7333,,,,,,0.0
1125,18.75,,,,,,0.0
1126,18.7667,,,,,,0.0
1127,18.7833,,,,,,0.0
1128,18.8,,,,,,0.0
1129,18.8167,,,,,,0.0
1130,18.8333,,,,,,0.0
1131,18.85,,,,,,0.0
1132,18.8667,,,,,,0.0
1133,18.8833,,,,,,0.0
1134,18.9,,,,,,0.0
1135,18.9167,,,,,,0.0
1136,18.9333,,,,,,0.0
1137,18.95,,,,,,0.0
1138,18.9667,,,,,,0.0
1139,18.9833,,,,,,0.0
1140,19.0,,,,,,0.0
1141,19.0167,,,,,,0.0
1142,19.0333,,,,,,0.0
1143,19.05,,,,,,0.0
1144,19.0667,,,,,,0.0
1145,19.0833,,,,,,0.0
1146,19.1,,,,,,0.0
1147,19.1167,,,,,,0.0
1148,19.1333,,,,,,0.0
1149,19.15,,,,,,0.0
1150,19.1667,,,,,,0.0
1151,19.1833,,,,,,0.0
1152,19.2,,,,,,0.0
1153,19.2167,,,,,,0.0
1154,19.2333,,,,,,0.0
1155,19.25,,,,,,0.0
1156,19.2667,,,,,,0.0
1157,19.2833,,,,,,0.0
1158,19.3,,,,,,0.0
1159,19.3167,,,,,,0.0
1160,19.3333,,,,,,0.0
1161,19.35,,,,,,0.0
1162,19.3667,,,,,,0.0
1163,19.3833,,,,,,0.0
1164,19.4,,,,,,0.0
1165,19.4167,,,,,,0.0
1166,19.4333,,,,,,0.0
1167,19.45,,,,,,0.0
1168,19.4667,,,,,,0.0
1169,19.4833,,,,,,0.0
1170,19.5,,,,,,0.0
1171,19.5167,,,,,,0.0
1172,19.5333,,,,,,0.0
1173,19.55,,,,,,0.0
1174,19.5667,,,,,,0.0
1175,19.5833,,,,,,0.0
1176,19.6,,,,,,0.0
1177,19.6167,,,,,,0.0
1178,19.6333,,,,,,0.0
1179,19.65,,,,,,0.0
1180,19.6667,,,,,,0.0
1181,19.6833,,,,,,0.0
1182,19.7,,,,,,0.0
1183,19.7167,,,,,,0.0
1184,19.7333,,,,,,0.0
1185,19.75,,,,,,0.0
1186,19.7667,,,,,,0.0
1187,19.7833,,,,,,0.0
1188,19.8,,,,,,0.0
1189,19.8167,,,,,,0.0
1190,19.8333,,,,,,0.0
1191,19.85,,,,,,0.0
1192,19.8667,,,,,,0.0
1193,19.8833,,,,,,0.0
1194,19.9,,,,,,0.0
1195,19.9167,,,,,,0.0
1196,19.9333,,,,,,0.0
1197,19.95,,,,,,0.0
1198,19.9667,,,,,,0.0
1199,19.9833,,,,,,0.0
1200,20.0,,,,,,0.0
1201,20.0167,,,,,,0.0
1202,20.0333,,,,,,0.0
1203,20.05,,,,,,0.0
1204,20.0667,,,,,,0.0
1205,20.0833,,,,,,0.0
1206,20.1,,,,,,0.0
1207,20.1167,,,,,,0.0
1208,20.1333,,,,,,0.0
1209,20.15,,,,,,0.0
1210,20.1667,,,,,,0.0
1211,20.1833,,,,,,0.0
1212,20.2,,,,,,0.0
1213,20.2167,,,,,,0.0
1214,20.2333,,,,,,0.0
1215,20.25,,,,,,0.0
1216,20.2667,,,,,,0.0
1217,20.2833,,,,,,0.0
1218,20.3,,,,,,0.0
1219,20.3167,,,,,,0.0
1220,20.3333,,,,,,0.0
1221,20.35,,,,,,0.0
1222,20.3667,,,,,,0.0
1223,20.3833,,,,,,0.0
1224,20.4,,,,,,0.0
1225,20.4167,,,,,,0.0
1226,20.4333,,,,,,0.0
1227,20.45,,,,,,0.0
1228,20.4667,,,,,,0.0
1229,20.4833,,,,,,0.0
1230,20.5,,,,,,0.0
1231,20.5167,,,,,,0.0
1232,20.5333,,,,,,0.0
1233,20.55,,,,,,0.0
1234,20.5667,,,,,,0.0
1235,20.5833,,,,,,0.0
1236,20.6,,,,,,0.0
1237,20.6167,,,,,,0.0
1238,20.6333,,,,,,0.0
1239,20.65,,,,,,0.0
1240,20.6667,,,,,,0.0
1241,20.6833,,,,,,0.0
1242,20.7,,,,,,0.0
1243,20.7167,,,,,,0.0
1244,20.7333,,,,,,0.0
1245,20.75,,,,,,0.0
1246,20.7667,,,,,,0.0
1247,20.7833,,,,,,0.0
1248,20.8,,,,,,0.0
1249,20.8167,,,,,,0.0
1250,20.8333,,,,,,0.0
1251,20.85,,,,,,0.0
1252,20.8667,,,,,,0.0
1253,20.8833,,,,,,0.0
1254,20.9,,,,,,0.0
1255,20.9167,,,,,,0.0
1256,20.9333,,,,,,0.0
1257,20.95,,,,,,0.0
1258,20.9667,,,,,,0.0
1259,20.9833,,,,,,0.0
1260,21.0,,,,,,0.0
1261,21.0167,,,,,,0.0
1262,21.0333,,,,,,0.0
1263,21.05,,,,,,0.0
1264,21.0667,,,,,,0.0
1265,21.0833,,,,,,0.0
1266,21.1,,,,,,0.0
1267,21.1167,,,,,,0.0
1268,21.1333,,,,,,0.0
1269,21.15,,,,,,0.0
1270,21.1667,,,,,,0.0
1271,21.1833,,,,,,0.0
1272,21.2,,,,,,0.0
1273,21.2167,,,,,,0.0
1274,21.2333,,,,,,0.0
1275,21.25,,,,,,0.0
1276,21.2667,,,,,,0.0
1277,21.2833,,,,,,0.0
1278,21.3,,,,,,0.0
1279,21.3167,,,,,,0.0
1280,21.3333,,,,,,0.0
1281,21.35,,,,,,0.0
1282,21.3667,,,,,,0.0
1283,21.3833,,,,,,0.0
1284,21.4,,,,,,0.0
1285,21.4167,,,,,,0.0
1286,21.4333,,,,,,0.0
1287,21.45,,,,,,0.0
1288,21.4667,,,,,,0.0
1289,21.4833,,,,,,0.0
1290,21.5,,,,,,0.0
1291,21.5167,,,,,,0.0
1292,21.5333,,,,,,0.0
1293,21.55,,,,,,0.0
1294,21.5667,,,,,,0.0
1295,21.5833,,,,,,0.0
1296,21.6,,,,,,0.0
1297,21.6167,,,,,,0.0
1298,21.6333,,,,,,0.0
1299,21.65,,,,,,0.0
1300,21.6667,,,,,,0.0
1301,21.6833,,,,,,0.0
1302,21.7,,,,,,0.0
1303,21.7167,,,,,,0.0
1304,21.7333,,,,,,0.0
1305,21.75,,,,,,0.0
1306,21.7667,,,,,,0.0
1307,21.7833,,,,,,0.0
1308,21.8,,,,,,0.0
1309,21.8167,,,,,,0.0
1310,21.8333,,,,,,0.0
1311,21.85,,,,,,0.0
1312,21.8667,,,,,,0.0
1313,21.8833,,,,,,0.0
1314,21.9,,,,,,0.0
1315,21.9167,,,,,,0.0
1316,21.9333,,,,,,0.0
1317,21.95,,,,,,0.0
1318,21.9667,,,,,,0.0
1319,21.9833,,,,,,0.0
1320,22.0,,,,,,0.0
1321,22.0167,,,,,,0.0
1322,22.0333,,,,,,0.0
1323,22.05,,,,,,0.0
1324,22.0667,,,,,,0.0
1325,22.0833,,,,,,0.0
1326,22.1,,,,,,0.0
1327,22.1167,,,,,,0.0
1328,22.1333,,,,,,0.0
1329,22.15,,,,,,0.0
1330,22.1667,,,,,,0.0
1331,22.1833,,,,,,0.0
1332,22.2,,,,,,0.0
1333,22.2167,,,,,,0.0
1334,22.2333,,,,,,0.0
1335,22.25,,,,,,0.0
1336,22.2667,,,,,,0.0
1337,22.2833,,,,,,0.0
1338,22.3,,,,,,0.0
1339,22.3167,,,,,,0.0
1340,22.3333,,,,,,0.0
1341,22.35,,,,,,0.0
1342,22.3667,,,,,,0.0
1343,22.3833,,,,,,0.0
1344,22.4,,,,,,0.0
1345,22.4167,,,,,,0.0
1346,22.4333,,,,,,0.0
1347,22.45,,,,,,0.0
1348,22.4667,,,,,,0.0
1349,22.4833,,,,,,0.0
1350,22.5,,,,,,0.0
1351,22.5167,,,,,,0.0
1352,22.5333,,,,,,0.0
1353,22.55,,,,,,0.0
1354,22.5667,,,,,,0.0
1355,22.5833,,,,,,0.0
1356,22.6,,,,,,0.0
1357,22.6167,,,,,,0.0
1358,22.6333,,,,,,0.0
1359,22.65,,,,,,0.0
1360,22.6667,,,,,,0.0
1361,22.6833,,,,,,0.0
1362,22.7,,,,,,0.0
1363,22.7167,,,,,,0.0
1364,22.7333,,,,,,0.0
1365,22.75,,,,,,0.0
1366,22.7667,,,,,,0.0
1367,22.7833,,,,,,0.0
1368,22.8,,,,,,0.0
1369,22.8167,,,,,,0.0
1370,22.8333,,,,,,0.0
1371,22.85,,,,,,0.0
1372,22.8667,,,,,,0.0
1373,22.8833,,,,,,0.0
1374,22.9,,,,,,0.0
1375,22.9167,,,,,,0.0
1376,22.9333,,,,,,0.0
1377,22.95,,,,,,0.0
1378,22.9667,,,,,,0.0
1379,22.9833,,,,,,0.0
1380,23.0,,,,,,0.0
1381,23.0167,,,,,,0.0
1382,23.0333,,,,,,0.0
1383,23.05,,,,,,0.0
1384,23.0667,,,,,,0.0
1385,23.0833,,,,,,0.0
1386,23.1,,,,,,0.0
1387,23.1167,,,,,,0.0
1388,23.1333,,,,,,0.0
1389,23.15,,,,,,0.0
1390,23.1667,,,,,,0.0
1391,23.1833,,,,,,0.0
1392,23.2,,,,,,0.0
1393,23.2167,,,,,,0.0
1394,23.2333,,,,,,0.0
1395,23.25,,,,,,0.0
1396,23.2667,,,,,,0.0
1397,23.2833,,,,,,0.0
1398,23.3,,,,,,0.0
1399,23.3167,,,,,,0.0
1400,23.3333,,,,,,0.0
1401,23.35,,,,,,0.0
1402,23.3667,,,,,,0.0
1403,23.3833,,,,,,0.0
1404,23.4,,,,,,0.0
1405,23.4167,,,,,,0.0
1406,23.4333,,,,,,0.0
1407,23.45,,,,,,0.0
1408,23.4667,,,,,,0.0
1409,23.4833,,,,,,0.0
1410,23.5,,,,,,0.0
1411,23.5167,,,,,,0.0
1412,23.5333,,,,,,0.0
1413,23.55,,,,,,0.0
1414,23.5667,,,,,,0.0
1415,23.5833,,,,,,0.0
1416,23.6,,,,,,0.0
1417,23.6167,,,,,,0.0
1418,23.6333,,,,,,0.0
1419,23.65,,,,,,0.0
1420,23.6667,,,,,,0.0
1421,23.6833,,,,,,0.0
1422,23.7,,,,,,0.0
1423,23.7167,,,,,,0.0
1424,23.7333,,,,,,0.0
1425,23.75,,,,,,0.0
1426,23.7667,,,,,,0.0
1427,23.7833,,,,,,0.0
1428,23.8,,,,,,0.0
1429,23.8167,,,,,,0.0
1430,23.8333,,,,,,0.0
1431,23.85,,,,,,0.0
1432,23.8667,,,,,,0.0
1433,23.8833,,,,,,0.0
1434,23.9,,,,,,0.0
1435,23.9167,,,,,,0.0
1436,23.9333,,,,,,0.0
1437,23.95,,,,,,0.0
1438,23.9667,,,,,,0.0
1439,23.9833,,,,,,0.0
